reporting_date,region,state,n_offices,n_credit_accounts,credit_limit_rs,amount_outstanding_rs
2014-03-31,CENTRAL REGION,Chhattisgarh,1361,802491,759570637000,505349599000
2014-03-31,CENTRAL REGION,Madhya Pradesh,4021,3810783,1813920554000,1278279926000
2014-03-31,CENTRAL REGION,Uttar Pradesh,10055,7880338,3213501927000,2381359151000
2014-03-31,CENTRAL REGION,Uttarakhand,1399,779019,339051310000,255807878000
2014-03-31,EASTERN REGION,Andaman & Nicobar Islands,55,36998,12987540000,10137904000
2014-03-31,EASTERN REGION,Bihar,3549,3231896,661855362000,524295107000
2014-03-31,EASTERN REGION,Jharkhand,2000,1658622,484520089000,366067957000
2014-03-31,EASTERN REGION,Odisha,2801,2616738,922378134000,666751556000
2014-03-31,EASTERN REGION,Sikkim,104,40298,18955068000,13640725000
2014-03-31,EASTERN REGION,West Bengal,5586,3754581,4236610233000,2894005361000
2014-03-31,NORTH-EASTERN REGION,Arunachal Pradesh,95,72780,24283044000,17280113000
2014-03-31,NORTH-EASTERN REGION,Assam,1398,1580971,382956674000,278075835000
2014-03-31,NORTH-EASTERN REGION,Manipur,99,95664,23232602000,16451237000
2014-03-31,NORTH-EASTERN REGION,Meghalaya,210,143573,46945479000,35232409000
2014-03-31,NORTH-EASTERN REGION,Mizoram,66,54661,15546053000,11652505000
2014-03-31,NORTH-EASTERN REGION,Nagaland,118,111817,26734866000,20070555000
2014-03-31,NORTH-EASTERN REGION,Tripura,209,200905,40306794000,29000813000
2014-03-31,NORTHERN REGION,Chandigarh,323,188112,896669671000,578970675000
2014-03-31,NORTHERN REGION,Delhi,2948,2371224,13568369740000,8444157242000
2014-03-31,NORTHERN REGION,Haryana,3068,1868699,2480171287000,1450703772000
2014-03-31,NORTHERN REGION,Himachal Pradesh,1120,561405,234433450000,176452039000
2014-03-31,NORTHERN REGION,Jammu & Kashmir,1128,881544,349296327000,254770041000
2014-03-31,NORTHERN REGION,Punjab,4719,2483936,3374428114000,1783137532000
2014-03-31,NORTHERN REGION,Rajasthan,4322,3903287,2228621275000,1649809944000
2014-03-31,SOUTHERN REGION,Andhra Pradesh,7753,14786311,6475052386000,4671328033000
2014-03-31,SOUTHERN REGION,Karnataka,6578,7128406,5866973152000,3632791815000
2014-03-31,SOUTHERN REGION,Kerala,4978,7083820,2348809323000,1816661436000
2014-03-31,SOUTHERN REGION,Lakshadweep,12,6258,887387000,612888000
2014-03-31,SOUTHERN REGION,Puducherry,160,320296,85741151000,70114448000
2014-03-31,SOUTHERN REGION,Tamil Nadu,8154,26339340,8929896685000,6031571266000
2014-03-31,WESTERN REGION,Dadra & Nagar Haveli,47,16313,12475096000,9192377000
2014-03-31,WESTERN REGION,Daman & Diu,40,10748,8730656000,6517444000
2014-03-31,WESTERN REGION,Goa,553,272731,173142695000,129393886000
2014-03-31,WESTERN REGION,Gujarat,5638,3669735,4455249987000,3059860583000
2014-03-31,WESTERN REGION,Maharashtra,9550,18503233,28267470448000,18162501449000
2014-12-31,CENTRAL REGION,Chhattisgarh,1501,846309,811688371000,562115437000
2014-12-31,CENTRAL REGION,Madhya Pradesh,4321,4136291,1955243496000,1373382510000
2014-12-31,CENTRAL REGION,Uttar Pradesh,10904,8214781,3439329395000,2551652027000
2014-12-31,CENTRAL REGION,Uttarakhand,1509,801470,363949579000,278315794000
2014-12-31,EASTERN REGION,Andaman & Nicobar Islands,56,38158,14124197000,11049466000
2014-12-31,EASTERN REGION,Bihar,3858,3405536,687561544000,544959963000
2014-12-31,EASTERN REGION,Jharkhand,2136,1743323,512902432000,383871573000
2014-12-31,EASTERN REGION,Odisha,3142,2666338,927014533000,671778000000
2014-12-31,EASTERN REGION,Sikkim,115,39822,19655698000,14036349000
2014-12-31,EASTERN REGION,West Bengal,5865,3784743,4554527535000,3014040394000
2014-12-31,NORTH-EASTERN REGION,Arunachal Pradesh,98,72750,26548142000,19755214000
2014-12-31,NORTH-EASTERN REGION,Assam,1522,1632013,404642000000,297679680000
2014-12-31,NORTH-EASTERN REGION,Manipur,110,96358,24961791000,17832143000
2014-12-31,NORTH-EASTERN REGION,Meghalaya,216,148428,48333702000,35450830000
2014-12-31,NORTH-EASTERN REGION,Mizoram,74,55675,16673398000,12380323000
2014-12-31,NORTH-EASTERN REGION,Nagaland,126,109995,28489670000,21018543000
2014-12-31,NORTH-EASTERN REGION,Tripura,232,203947,45255853000,31968276000
2014-12-31,NORTHERN REGION,Chandigarh,349,195437,916216858000,591481147000
2014-12-31,NORTHERN REGION,Delhi,3109,2675894,12711026143000,8425237383000
2014-12-31,NORTHERN REGION,Haryana,3425,2120809,2513004747000,1539336687000
2014-12-31,NORTHERN REGION,Himachal Pradesh,1200,577743,236635904000,181511569000
2014-12-31,NORTHERN REGION,Jammu & Kashmir,1230,965962,385466100000,283575430000
2014-12-31,NORTHERN REGION,Punjab,5187,2615319,3782174267000,1870020668000
2014-12-31,NORTHERN REGION,Rajasthan,4681,4119470,2408140000000,1815766938000
2014-12-31,SOUTHERN REGION,Andhra Pradesh,4824,9791776,2265961760000,1768341621000
2014-12-31,SOUTHERN REGION,Karnataka,7076,7548403,5963515405000,3880024048000
2014-12-31,SOUTHERN REGION,Kerala,5274,7466250,2464462569000,1938241706000
2014-12-31,SOUTHERN REGION,Lakshadweep,12,5882,924291000,644383000
2014-12-31,SOUTHERN REGION,Puducherry,175,331627,88687468000,73009602000
2014-12-31,SOUTHERN REGION,Tamil Nadu,8692,26868740,9237050451000,6230645802000
2014-12-31,SOUTHERN REGION,Telangana,3561,5302119,4406164305000,3123438275000
2014-12-31,WESTERN REGION,Dadra & Nagar Haveli,52,21483,12001568000,9070580000
2014-12-31,WESTERN REGION,Daman & Diu,44,11819,10518862000,8321657000
2014-12-31,WESTERN REGION,Goa,604,284994,177201065000,132575784000
2014-12-31,WESTERN REGION,Gujarat,6012,3897655,4726157136000,3269614415000
2014-12-31,WESTERN REGION,Maharashtra,10066,18825862,28528222812000,18537305235000
2015-03-31,CENTRAL REGION,Chhattisgarh,1539,863409,861251460000,587908074000
2015-03-31,CENTRAL REGION,Madhya Pradesh,4423,4286246,1991390420000,1438972546000
2015-03-31,CENTRAL REGION,Uttar Pradesh,11097,8354935,3623919004000,2730804547000
2015-03-31,CENTRAL REGION,Uttarakhand,1534,790532,371107143000,288545983000
2015-03-31,EASTERN REGION,Andaman & Nicobar Islands,58,39193,14984679000,11821160000
2015-03-31,EASTERN REGION,Bihar,3945,3503898,855992419000,612721983000
2015-03-31,EASTERN REGION,Jharkhand,2193,1755849,528827129000,401710217000
2015-03-31,EASTERN REGION,Odisha,3237,2702759,984139028000,727337288000
2015-03-31,EASTERN REGION,Sikkim,117,40322,20408292000,14651160000
2015-03-31,EASTERN REGION,West Bengal,5955,3838574,4604511117000,3123964002000
2015-03-31,NORTH-EASTERN REGION,Arunachal Pradesh,98,74553,27867940000,20456096000
2015-03-31,NORTH-EASTERN REGION,Assam,1545,1663902,419579832000,315681256000
2015-03-31,NORTH-EASTERN REGION,Manipur,112,97167,25902404000,18768667000
2015-03-31,NORTH-EASTERN REGION,Meghalaya,219,151912,50097928000,37472110000
2015-03-31,NORTH-EASTERN REGION,Mizoram,75,56641,17410903000,12919225000
2015-03-31,NORTH-EASTERN REGION,Nagaland,127,112074,30084537000,22486763000
2015-03-31,NORTH-EASTERN REGION,Tripura,235,207875,50214250000,35940354000
2015-03-31,NORTHERN REGION,Chandigarh,355,200453,954013491000,586988448000
2015-03-31,NORTHERN REGION,Delhi,3147,2498679,13731889879000,9073472179000
2015-03-31,NORTHERN REGION,Haryana,3524,2104756,2752520546000,1625714808000
2015-03-31,NORTHERN REGION,Himachal Pradesh,1220,588965,257949969000,200875692000
2015-03-31,NORTHERN REGION,Jammu & Kashmir,1260,1005392,399349739000,297000229000
2015-03-31,NORTHERN REGION,Punjab,5287,2669477,3694546992000,1921786359000
2015-03-31,NORTHERN REGION,Rajasthan,4770,4202241,2533288158000,1912098593000
2015-03-31,SOUTHERN REGION,Andhra Pradesh,4948,9388866,3325976551000,1831074489000
2015-03-31,SOUTHERN REGION,Karnataka,7210,7672902,6266211345000,4074320335000
2015-03-31,SOUTHERN REGION,Kerala,5316,7446208,2591168769000,2016947478000
2015-03-31,SOUTHERN REGION,Lakshadweep,12,5782,969990000,693053000
2015-03-31,SOUTHERN REGION,Puducherry,179,332706,91900308000,75344581000
2015-03-31,SOUTHERN REGION,Tamil Nadu,8825,26898435,9448693278000,6431054912000
2015-03-31,SOUTHERN REGION,Telangana,3639,5296024,5756405698000,3226233854000
2015-03-31,WESTERN REGION,Dadra & Nagar Haveli,52,21313,12424835000,9582246000
2015-03-31,WESTERN REGION,Daman & Diu,46,12199,11070468000,8101234000
2015-03-31,WESTERN REGION,Goa,615,286281,190963750000,137474500000
2015-03-31,WESTERN REGION,Gujarat,6104,3943207,4938593372000,3427545496000
2015-03-31,WESTERN REGION,Maharashtra,10191,18897526,30932742912000,19713950310000
2015-06-30,CENTRAL REGION,Chhattisgarh,1561,898407,835539762000,597250742000
2015-06-30,CENTRAL REGION,Madhya Pradesh,4503,4455113,2129951826000,1481290091000
2015-06-30,CENTRAL REGION,Uttar Pradesh,11259,8674836,3666889162000,2735688975000
2015-06-30,CENTRAL REGION,Uttarakhand,1558,839997,384049112000,288968714000
2015-06-30,EASTERN REGION,Andaman & Nicobar Islands,59,38777,15277802000,11995606000
2015-06-30,EASTERN REGION,Bihar,4000,3577161,783233223000,624989561000
2015-06-30,EASTERN REGION,Jharkhand,2208,1768529,533452415000,398652993000
2015-06-30,EASTERN REGION,Odisha,3291,2775899,939778813000,688728927000
2015-06-30,EASTERN REGION,Sikkim,119,42583,21092652000,15073410000
2015-06-30,EASTERN REGION,West Bengal,6056,4106361,4580321363000,3059500623000
2015-06-30,NORTH-EASTERN REGION,Arunachal Pradesh,101,73180,28216537000,20634599000
2015-06-30,NORTH-EASTERN REGION,Assam,1570,1693900,429808118000,318475985000
2015-06-30,NORTH-EASTERN REGION,Manipur,116,98000,26912724000,19429938000
2015-06-30,NORTH-EASTERN REGION,Meghalaya,219,154709,52389918000,36726583000
2015-06-30,NORTH-EASTERN REGION,Mizoram,75,56477,17739922000,12997611000
2015-06-30,NORTH-EASTERN REGION,Nagaland,131,112216,30906641000,22655359000
2015-06-30,NORTH-EASTERN REGION,Tripura,237,207536,49641610000,35965938000
2015-06-30,NORTHERN REGION,Chandigarh,363,233355,934260154000,601680478000
2015-06-30,NORTHERN REGION,Delhi,3184,3156677,13286405285000,8719085294000
2015-06-30,NORTHERN REGION,Haryana,3603,2444645,2886479938000,1651012347000
2015-06-30,NORTHERN REGION,Himachal Pradesh,1240,615967,262934726000,200644830000
2015-06-30,NORTHERN REGION,Jammu & Kashmir,1296,1056980,412989436000,307641497000
2015-06-30,NORTHERN REGION,Punjab,5404,2886360,3966351409000,1898979915000
2015-06-30,NORTHERN REGION,Rajasthan,4856,4420733,2586155519000,1939922415000
2015-06-30,SOUTHERN REGION,Andhra Pradesh,5039,9146109,3363312116000,1836001617000
2015-06-30,SOUTHERN REGION,Karnataka,7378,8519583,6198473848000,4086037189000
2015-06-30,SOUTHERN REGION,Kerala,5368,7350517,2627436487000,2019449132000
2015-06-30,SOUTHERN REGION,Lakshadweep,12,5553,988308000,707806000
2015-06-30,SOUTHERN REGION,Puducherry,183,339081,94718373000,76261515000
2015-06-30,SOUTHERN REGION,Tamil Nadu,8948,21937039,8766616495000,6223491278000
2015-06-30,SOUTHERN REGION,Telangana,3721,5740134,5692173648000,3298205884000
2015-06-30,WESTERN REGION,Dadra & Nagar Haveli,52,28854,13845925000,10034610000
2015-06-30,WESTERN REGION,Daman & Diu,45,19460,11916851000,8351740000
2015-06-30,WESTERN REGION,Goa,636,313829,193523711000,138965513000
2015-06-30,WESTERN REGION,Gujarat,6232,4408998,5129024487000,3489045130000
2015-06-30,WESTERN REGION,Maharashtra,10339,20846290,31154880108000,19406752960000
2015-09-30,CENTRAL REGION,Chhattisgarh,1589,955478,860851825000,612365532000
2015-09-30,CENTRAL REGION,Madhya Pradesh,4560,4622266,2328951638000,1532916181000
2015-09-30,CENTRAL REGION,Uttar Pradesh,11386,8983073,3852194103000,2826075803000
2015-09-30,CENTRAL REGION,Uttarakhand,1580,845523,393701183000,299380439000
2015-09-30,EASTERN REGION,Andaman & Nicobar Islands,58,39428,16314387000,12734584000
2015-09-30,EASTERN REGION,Bihar,4037,3695463,927847383000,631842129000
2015-09-30,EASTERN REGION,Jharkhand,2240,1835684,580652107000,413357456000
2015-09-30,EASTERN REGION,Odisha,3333,2907791,1020466848000,701291014000
2015-09-30,EASTERN REGION,Sikkim,121,45051,23204836000,16089361000
2015-09-30,EASTERN REGION,West Bengal,6116,4264053,4773726699000,3143824141000
2015-09-30,NORTH-EASTERN REGION,Arunachal Pradesh,102,73427,29222607000,21851450000
2015-09-30,NORTH-EASTERN REGION,Assam,1595,1747479,446690812000,330178478000
2015-09-30,NORTH-EASTERN REGION,Manipur,118,100768,29341727000,20593024000
2015-09-30,NORTH-EASTERN REGION,Meghalaya,222,156092,54522450000,37830488000
2015-09-30,NORTH-EASTERN REGION,Mizoram,79,58032,19063621000,13458391000
2015-09-30,NORTH-EASTERN REGION,Nagaland,134,114663,35617364000,23800792000
2015-09-30,NORTH-EASTERN REGION,Tripura,242,217607,50814376000,35916097000
2015-09-30,NORTHERN REGION,Chandigarh,365,237390,1060237465000,623908213000
2015-09-30,NORTHERN REGION,Delhi,3218,3275116,13201367580000,8699207779000
2015-09-30,NORTHERN REGION,Haryana,3641,2494648,2847384464000,1621237512000
2015-09-30,NORTHERN REGION,Himachal Pradesh,1245,621135,266849160000,205517746000
2015-09-30,NORTHERN REGION,Jammu & Kashmir,1306,1101681,426342448000,320495053000
2015-09-30,NORTHERN REGION,Punjab,5449,3045156,4033943018000,1929522805000
2015-09-30,NORTHERN REGION,Rajasthan,4933,4543246,2706221939000,2003711970000
2015-09-30,SOUTHERN REGION,Andhra Pradesh,5104,9335880,2443597836000,1883221816000
2015-09-30,SOUTHERN REGION,Karnataka,7458,8912613,6369142461000,4162430530000
2015-09-30,SOUTHERN REGION,Kerala,5399,7304541,2720607710000,2075832853000
2015-09-30,SOUTHERN REGION,Lakshadweep,12,5649,1017528000,723242000
2015-09-30,SOUTHERN REGION,Puducherry,188,342713,131082042000,77634629000
2015-09-30,SOUTHERN REGION,Tamil Nadu,9070,22115389,8979191838000,6355017900000
2015-09-30,SOUTHERN REGION,Telangana,3791,5966231,6248596742000,3357741544000
2015-09-30,WESTERN REGION,Dadra & Nagar Haveli,52,30668,16299025000,11498869000
2015-09-30,WESTERN REGION,Daman & Diu,46,20548,12503770000,8673364000
2015-09-30,WESTERN REGION,Goa,638,325345,201848076000,143543219000
2015-09-30,WESTERN REGION,Gujarat,6295,4627154,5305114103000,3549389221000
2015-09-30,WESTERN REGION,Maharashtra,10417,21964907,32239476276000,19678297997000
2015-12-31,CENTRAL REGION,Chhattisgarh,1655,1092483,849332885000,629749664000
2015-12-31,CENTRAL REGION,Madhya Pradesh,4625,4928849,2163646816000,1585340170000
2015-12-31,CENTRAL REGION,Uttar Pradesh,11577,9132215,3867039425000,2944455551000
2015-12-31,CENTRAL REGION,Uttarakhand,1602,925069,401999978000,308914881000
2015-12-31,EASTERN REGION,Andaman & Nicobar Islands,60,40124,17367125000,13535956000
2015-12-31,EASTERN REGION,Bihar,4165,4538382,983366560000,634759879000
2015-12-31,EASTERN REGION,Jharkhand,2276,1975422,555022536000,425904316000
2015-12-31,EASTERN REGION,Odisha,3404,3113362,987467808000,723786225000
2015-12-31,EASTERN REGION,Sikkim,121,55927,23190290000,16510231000
2015-12-31,EASTERN REGION,West Bengal,6365,6848880,4645598260000,3214902918000
2015-12-31,NORTH-EASTERN REGION,Arunachal Pradesh,105,75403,30379859000,23077786000
2015-12-31,NORTH-EASTERN REGION,Assam,1665,2740202,481601992000,362102893000
2015-12-31,NORTH-EASTERN REGION,Manipur,120,105094,30171195000,22386316000
2015-12-31,NORTH-EASTERN REGION,Meghalaya,225,173848,52161467000,37707812000
2015-12-31,NORTH-EASTERN REGION,Mizoram,83,62260,18934964000,14035019000
2015-12-31,NORTH-EASTERN REGION,Nagaland,134,119666,33942021000,25104045000
2015-12-31,NORTH-EASTERN REGION,Tripura,266,491497,53612633000,40746314000
2015-12-31,NORTHERN REGION,Chandigarh,370,201797,906848881000,637454698000
2015-12-31,NORTHERN REGION,Delhi,3256,2768479,15152658747000,9011004202000
2015-12-31,NORTHERN REGION,Haryana,3711,2231382,2862562601000,1702718790000
2015-12-31,NORTHERN REGION,Himachal Pradesh,1261,618394,271446817000,209452022000
2015-12-31,NORTHERN REGION,Jammu & Kashmir,1320,1098080,434674162000,328854883000
2015-12-31,NORTHERN REGION,Punjab,5514,2904308,4253104864000,2015643913000
2015-12-31,NORTHERN REGION,Rajasthan,5041,4727581,2738991269000,2075123487000
2015-12-31,SOUTHERN REGION,Andhra Pradesh,5200,9379167,3507339688000,1962118014000
2015-12-31,SOUTHERN REGION,Karnataka,7542,8330674,6481359563000,4351981252000
2015-12-31,SOUTHERN REGION,Kerala,5441,7065520,2721512014000,2105060602000
2015-12-31,SOUTHERN REGION,Lakshadweep,12,5748,1052126000,755653000
2015-12-31,SOUTHERN REGION,Puducherry,190,333200,102793451000,77808336000
2015-12-31,SOUTHERN REGION,Tamil Nadu,9181,28336371,9770493100000,6544465807000
2015-12-31,SOUTHERN REGION,Telangana,3844,5515193,5833540782000,3444959653000
2015-12-31,WESTERN REGION,Dadra & Nagar Haveli,54,23298,14472099000,10270675000
2015-12-31,WESTERN REGION,Daman & Diu,46,13476,11883219000,8507332000
2015-12-31,WESTERN REGION,Goa,631,298444,203702178000,146795903000
2015-12-31,WESTERN REGION,Gujarat,6379,4465337,5299700436000,3646834471000
2015-12-31,WESTERN REGION,Maharashtra,10580,21681242,32013739604000,20350134853000
2016-03-31,CENTRAL REGION,Chhattisgarh,1677,1143404,876779609000,638590817000
2016-03-31,CENTRAL REGION,Madhya Pradesh,4706,5182017,2219246011000,1625015851000
2016-03-31,CENTRAL REGION,Uttar Pradesh,11650,9425234,3920232837000,2925353234000
2016-03-31,CENTRAL REGION,Uttarakhand,1615,939098,428546169000,317524671000
2016-03-31,EASTERN REGION,Andaman & Nicobar Islands,61,40872,18216066000,14290935000
2016-03-31,EASTERN REGION,Bihar,4209,4754476,851988104000,689738796000
2016-03-31,EASTERN REGION,Jharkhand,2301,2041991,587246894000,450279218000
2016-03-31,EASTERN REGION,Odisha,3452,3170867,1048780474000,780745380000
2016-03-31,EASTERN REGION,Sikkim,127,58786,23925175000,17817006000
2016-03-31,EASTERN REGION,West Bengal,6439,7079262,4702004946000,3271763367000
2016-03-31,NORTH-EASTERN REGION,Arunachal Pradesh,104,76272,31627502000,24118992000
2016-03-31,NORTH-EASTERN REGION,Assam,1680,2777583,508470320000,387565886000
2016-03-31,NORTH-EASTERN REGION,Manipur,122,104612,31723523000,23898568000
2016-03-31,NORTH-EASTERN REGION,Meghalaya,228,174908,51297816000,38746266000
2016-03-31,NORTH-EASTERN REGION,Mizoram,84,63066,19831826000,15048377000
2016-03-31,NORTH-EASTERN REGION,Nagaland,136,120385,35314382000,26152356000
2016-03-31,NORTH-EASTERN REGION,Tripura,276,505827,54043904000,42650239000
2016-03-31,NORTHERN REGION,Chandigarh,369,206826,838136891000,544580198000
2016-03-31,NORTHERN REGION,Delhi,3286,2895801,14178092819000,9705113848000
2016-03-31,NORTHERN REGION,Haryana,3685,2310315,2915071413000,1696082788000
2016-03-31,NORTHERN REGION,Himachal Pradesh,1232,628969,265842823000,206360686000
2016-03-31,NORTHERN REGION,Jammu & Kashmir,1325,1126275,450074111000,337638142000
2016-03-31,NORTHERN REGION,Punjab,5411,2981831,4256732276000,1971273868000
2016-03-31,NORTHERN REGION,Rajasthan,5081,4878791,2586835942000,1739739869000
2016-03-31,SOUTHERN REGION,Andhra Pradesh,5273,9285726,3611290394000,2054883373000
2016-03-31,SOUTHERN REGION,Karnataka,7636,8566001,6921976035000,4631362975000
2016-03-31,SOUTHERN REGION,Kerala,5492,6952295,2809311440000,2154393243000
2016-03-31,SOUTHERN REGION,Lakshadweep,12,5800,1097583000,790709000
2016-03-31,SOUTHERN REGION,Puducherry,190,336234,100140893000,80690489000
2016-03-31,SOUTHERN REGION,Tamil Nadu,9297,28356300,10063856653000,6752904330000
2016-03-31,SOUTHERN REGION,Telangana,3908,5513825,5035053197000,3593889896000
2016-03-31,WESTERN REGION,Dadra & Nagar Haveli,54,24737,14936332000,11034162000
2016-03-31,WESTERN REGION,Daman & Diu,47,14070,11723151000,8521402000
2016-03-31,WESTERN REGION,Goa,640,300520,211911465000,151424262000
2016-03-31,WESTERN REGION,Gujarat,6443,4572619,5430992175000,3854513681000
2016-03-31,WESTERN REGION,Maharashtra,10686,22389400,34148276864000,22373515535000
2016-06-30,CENTRAL REGION,Chhattisgarh,1643,1140534,832751816000,620824695000
2016-06-30,CENTRAL REGION,Madhya Pradesh,4487,5034471,2206031965000,1587450239000
2016-06-30,CENTRAL REGION,Uttar Pradesh,11697,9269343,3972911713000,2861359905000
2016-06-30,CENTRAL REGION,Uttarakhand,1632,908448,424985895000,319222358000
2016-06-30,EASTERN REGION,Andaman & Nicobar Islands,61,40953,18453672000,14376632000
2016-06-30,EASTERN REGION,Bihar,4248,4745962,879598827000,702018854000
2016-06-30,EASTERN REGION,Jharkhand,2307,2004046,576405536000,432614526000
2016-06-30,EASTERN REGION,Odisha,3509,3171706,1078845260000,782777868000
2016-06-30,EASTERN REGION,Sikkim,127,58614,24964514000,17129098000
2016-06-30,EASTERN REGION,West Bengal,6498,7058104,4649058525000,3202148619000
2016-06-30,NORTH-EASTERN REGION,Arunachal Pradesh,106,75591,31883325000,24034068000
2016-06-30,NORTH-EASTERN REGION,Assam,1691,2803484,517397277000,391009045000
2016-06-30,NORTH-EASTERN REGION,Manipur,124,112296,33175033000,24902265000
2016-06-30,NORTH-EASTERN REGION,Meghalaya,228,172355,51814473000,38040058000
2016-06-30,NORTH-EASTERN REGION,Mizoram,84,62571,20378761000,15309482000
2016-06-30,NORTH-EASTERN REGION,Nagaland,132,120191,36000973000,26229045000
2016-06-30,NORTH-EASTERN REGION,Tripura,279,516511,56319284000,43933176000
2016-06-30,NORTHERN REGION,Chandigarh,377,183673,859502861000,586432710000
2016-06-30,NORTHERN REGION,Delhi,3267,2756432,13948609356000,9137463398000
2016-06-30,NORTHERN REGION,Haryana,3794,2241581,2880609660000,1684308431000
2016-06-30,NORTHERN REGION,Himachal Pradesh,1284,636099,279365143000,216345733000
2016-06-30,NORTHERN REGION,Jammu & Kashmir,1356,1131454,461773357000,342278650000
2016-06-30,NORTHERN REGION,Punjab,5594,2899714,4298312746000,1954272127000
2016-06-30,NORTHERN REGION,Rajasthan,5135,4759912,2592996100000,1747882036000
2016-06-30,SOUTHERN REGION,Andhra Pradesh,5329,9171890,2676803562000,2092541823000
2016-06-30,SOUTHERN REGION,Karnataka,7721,8477474,7568647004000,4591334787000
2016-06-30,SOUTHERN REGION,Kerala,5513,6817849,2892929760000,2200658103000
2016-06-30,SOUTHERN REGION,Lakshadweep,12,5741,1096699000,784209000
2016-06-30,SOUTHERN REGION,Puducherry,189,327858,100692660000,80887351000
2016-06-30,SOUTHERN REGION,Tamil Nadu,9356,28927891,10196023337000,6767569955000
2016-06-30,SOUTHERN REGION,Telangana,3949,5437609,5032310882000,3578834061000
2016-06-30,WESTERN REGION,Dadra & Nagar Haveli,54,23517,15676635000,11524554000
2016-06-30,WESTERN REGION,Daman & Diu,47,13037,11908893000,8835362000
2016-06-30,WESTERN REGION,Goa,640,275908,213464058000,148438065000
2016-06-30,WESTERN REGION,Gujarat,6481,4469273,5600348328000,3876958388000
2016-06-30,WESTERN REGION,Maharashtra,10813,22223273,33327087042000,21870639644000
2016-09-30,CENTRAL REGION,Chhattisgarh,1685,1189734,930270356000,648327361000
2016-09-30,CENTRAL REGION,Madhya Pradesh,4808,5436465,2294118197000,1688365818000
2016-09-30,CENTRAL REGION,Uttar Pradesh,11774,9576585,3938420217000,2867917195000
2016-09-30,CENTRAL REGION,Uttarakhand,1641,926554,441587465000,329486482000
2016-09-30,EASTERN REGION,Andaman & Nicobar Islands,61,41200,19173188000,15013151000
2016-09-30,EASTERN REGION,Bihar,4287,4955872,886356322000,714345195000
2016-09-30,EASTERN REGION,Jharkhand,2313,2051244,584848966000,439948516000
2016-09-30,EASTERN REGION,Odisha,3553,3286093,1094162359000,774265615000
2016-09-30,EASTERN REGION,Sikkim,125,59586,25595032000,18214449000
2016-09-30,EASTERN REGION,West Bengal,6590,7525835,4774883853000,3235938581000
2016-09-30,NORTH-EASTERN REGION,Arunachal Pradesh,110,75721,32592506000,24783020000
2016-09-30,NORTH-EASTERN REGION,Assam,1688,2924097,541376634000,409883505000
2016-09-30,NORTH-EASTERN REGION,Manipur,129,110475,35073927000,26637547000
2016-09-30,NORTH-EASTERN REGION,Meghalaya,232,176362,56762179000,42004733000
2016-09-30,NORTH-EASTERN REGION,Mizoram,86,63378,21052891000,15901023000
2016-09-30,NORTH-EASTERN REGION,Nagaland,133,122034,37273064000,27423341000
2016-09-30,NORTH-EASTERN REGION,Tripura,274,547764,58752646000,46407673000
2016-09-30,NORTHERN REGION,Chandigarh,381,193159,882645624000,588693803000
2016-09-30,NORTHERN REGION,Delhi,3345,2877588,14003599441000,9220584927000
2016-09-30,NORTHERN REGION,Haryana,3839,2325104,2905183859000,1667736936000
2016-09-30,NORTHERN REGION,Himachal Pradesh,1298,651245,289686231000,221474720000
2016-09-30,NORTHERN REGION,Jammu & Kashmir,1164,952177,339142239000,254354527000
2016-09-30,NORTHERN REGION,Punjab,5489,2920938,4242210838000,1865233302000
2016-09-30,NORTHERN REGION,Rajasthan,5192,4897389,3634937131000,1823853901000
2016-09-30,SOUTHERN REGION,Andhra Pradesh,5347,9344288,2771912950000,2151601593000
2016-09-30,SOUTHERN REGION,Karnataka,7766,8638112,7818445802000,4688878384000
2016-09-30,SOUTHERN REGION,Kerala,5528,6868701,2940572046000,2272641031000
2016-09-30,SOUTHERN REGION,Lakshadweep,12,5673,1093515000,772352000
2016-09-30,SOUTHERN REGION,Puducherry,191,333775,103801317000,83730938000
2016-09-30,SOUTHERN REGION,Tamil Nadu,9402,29453078,10315715092000,6733809899000
2016-09-30,SOUTHERN REGION,Telangana,3978,5575140,5027332211000,3565743273000
2016-09-30,WESTERN REGION,Dadra & Nagar Haveli,54,24069,15972056000,11761060000
2016-09-30,WESTERN REGION,Daman & Diu,47,13465,12105924000,9175053000
2016-09-30,WESTERN REGION,Goa,640,279573,221940664000,153187000000
2016-09-30,WESTERN REGION,Gujarat,6539,4589863,5681047806000,3928538254000
2016-09-30,WESTERN REGION,Maharashtra,10905,24677351,34833606305000,22128529880000
2016-12-31,CENTRAL REGION,Chhattisgarh,1752,1223047,960574372000,672583214000
2016-12-31,CENTRAL REGION,Madhya Pradesh,4872,5509746,2344374115000,1677681553000
2016-12-31,CENTRAL REGION,Uttar Pradesh,12056,9738884,4006637852000,2872749705000
2016-12-31,CENTRAL REGION,Uttarakhand,1663,919517,463919205000,332591418000
2016-12-31,EASTERN REGION,Andaman & Nicobar Islands,61,41026,19375904000,14876480000
2016-12-31,EASTERN REGION,Bihar,4335,4980331,914524180000,701110659000
2016-12-31,EASTERN REGION,Jharkhand,2371,2084002,599894410000,446179522000
2016-12-31,EASTERN REGION,Odisha,3603,3310883,1119230626000,793373349000
2016-12-31,EASTERN REGION,Sikkim,127,59987,25898037000,18756506000
2016-12-31,EASTERN REGION,West Bengal,6663,7530315,4726074386000,3210928842000
2016-12-31,NORTH-EASTERN REGION,Arunachal Pradesh,116,76390,34081634000,25758563000
2016-12-31,NORTH-EASTERN REGION,Assam,1737,3010434,545757109000,414568756000
2016-12-31,NORTH-EASTERN REGION,Manipur,138,110937,36354783000,27044543000
2016-12-31,NORTH-EASTERN REGION,Meghalaya,235,177761,60297783000,44163126000
2016-12-31,NORTH-EASTERN REGION,Mizoram,94,64212,21336627000,16033292000
2016-12-31,NORTH-EASTERN REGION,Nagaland,138,124713,38241366000,27979381000
2016-12-31,NORTH-EASTERN REGION,Tripura,290,570781,62113420000,48285318000
2016-12-31,NORTHERN REGION,Chandigarh,379,190510,897483177000,599775284000
2016-12-31,NORTHERN REGION,Delhi,3380,2938833,13754150950000,9106454011000
2016-12-31,NORTHERN REGION,Haryana,3906,2318330,2946995079000,1745425589000
2016-12-31,NORTHERN REGION,Himachal Pradesh,1309,639054,292336682000,218267842000
2016-12-31,NORTHERN REGION,Jammu & Kashmir,1362,1136595,468026460000,337098321000
2016-12-31,NORTHERN REGION,Punjab,5691,2949228,4337525478000,1946458978000
2016-12-31,NORTHERN REGION,Rajasthan,5259,4926604,3670689008000,1828031629000
2016-12-31,SOUTHERN REGION,Andhra Pradesh,5443,9182781,2781946816000,2153587944000
2016-12-31,SOUTHERN REGION,Karnataka,7935,8604032,8126893714000,4801389140000
2016-12-31,SOUTHERN REGION,Kerala,5603,6959255,3022387648000,2299523540000
2016-12-31,SOUTHERN REGION,Lakshadweep,12,5509,1103942000,772930000
2016-12-31,SOUTHERN REGION,Puducherry,192,334321,105451767000,83605410000
2016-12-31,SOUTHERN REGION,Tamil Nadu,9549,29739747,10473580032000,6684890789000
2016-12-31,SOUTHERN REGION,Telangana,4029,5520154,5371535270000,3783000539000
2016-12-31,WESTERN REGION,Dadra & Nagar Haveli,55,24241,16110914000,12013208000
2016-12-31,WESTERN REGION,Daman & Diu,47,13494,12489602000,9581386000
2016-12-31,WESTERN REGION,Goa,650,277502,225800632000,154402751000
2016-12-31,WESTERN REGION,Gujarat,6682,4597687,5820131994000,3988930302000
2016-12-31,WESTERN REGION,Maharashtra,11005,25070435,34425275117000,22272119587000
2017-03-31,CENTRAL REGION,Chhattisgarh,1770,1256677,969561224000,715403686000
2017-03-31,CENTRAL REGION,Madhya Pradesh,4910,5668024,2476640865000,1796970777000
2017-03-31,CENTRAL REGION,Uttar Pradesh,12172,10111026,4987027873000,3120065968000
2017-03-31,CENTRAL REGION,Uttarakhand,1681,934378,489188106000,371055049000
2017-03-31,EASTERN REGION,Andaman & Nicobar Islands,62,41869,20471698000,15785449000
2017-03-31,EASTERN REGION,Bihar,4374,5039220,1014582839000,766727025000
2017-03-31,EASTERN REGION,Jharkhand,2391,2127357,644408543000,476371143000
2017-03-31,EASTERN REGION,Odisha,3647,3403515,1191698445000,859134539000
2017-03-31,EASTERN REGION,Sikkim,128,60388,27067256000,19053184000
2017-03-31,EASTERN REGION,West Bengal,6711,7863579,4879181868000,3338834269000
2017-03-31,NORTH-EASTERN REGION,Arunachal Pradesh,118,77086,35614210000,27074710000
2017-03-31,NORTH-EASTERN REGION,Assam,1762,3115203,579023823000,442390170000
2017-03-31,NORTH-EASTERN REGION,Manipur,137,115013,38683539000,28959140000
2017-03-31,NORTH-EASTERN REGION,Meghalaya,237,181209,62872089000,46335467000
2017-03-31,NORTH-EASTERN REGION,Mizoram,96,65856,22968785000,16518458000
2017-03-31,NORTH-EASTERN REGION,Nagaland,139,127670,40098353000,29464564000
2017-03-31,NORTH-EASTERN REGION,Tripura,293,577385,67526655000,53662666000
2017-03-31,NORTHERN REGION,Chandigarh,380,194363,900057290000,600254635000
2017-03-31,NORTHERN REGION,Delhi,3412,3007422,14619696868000,9650473394000
2017-03-31,NORTHERN REGION,Haryana,3944,2386710,3882576545000,1753984975000
2017-03-31,NORTHERN REGION,Himachal Pradesh,1330,657256,294532580000,220492545000
2017-03-31,NORTHERN REGION,Jammu & Kashmir,1364,1203778,497927795000,354789355000
2017-03-31,NORTHERN REGION,Punjab,5742,3026283,3661236986000,2224625540000
2017-03-31,NORTHERN REGION,Rajasthan,5306,5075068,3759008465000,1975739943000
2017-03-31,SOUTHERN REGION,Andhra Pradesh,5503,9267834,3005449150000,2316398539000
2017-03-31,SOUTHERN REGION,Karnataka,7988,8727191,8604110368000,4970030001000
2017-03-31,SOUTHERN REGION,Kerala,5645,7074479,3123035435000,2320860709000
2017-03-31,SOUTHERN REGION,Lakshadweep,12,5498,1137306000,804949000
2017-03-31,SOUTHERN REGION,Puducherry,195,350464,112451761000,88726662000
2017-03-31,SOUTHERN REGION,Tamil Nadu,9629,30243046,10746416937000,6996992771000
2017-03-31,SOUTHERN REGION,Telangana,4080,5542196,5643502528000,3811418232000
2017-03-31,WESTERN REGION,Dadra & Nagar Haveli,58,26967,17233182000,13100701000
2017-03-31,WESTERN REGION,Daman & Diu,46,13685,13552792000,10062728000
2017-03-31,WESTERN REGION,Goa,657,281880,233602829000,158560863000
2017-03-31,WESTERN REGION,Gujarat,6737,4659308,5842303501000,4094957109000
2017-03-31,WESTERN REGION,Maharashtra,11099,25754721,37679957850000,23195563630000
2017-06-30,CENTRAL REGION,Chhattisgarh,1793,1281806,1001374110000,704189451000
2017-06-30,CENTRAL REGION,Madhya Pradesh,4952,5640177,2511384968000,1907441826000
2017-06-30,CENTRAL REGION,Uttar Pradesh,12262,10319419,5232702151000,3155239894000
2017-06-30,CENTRAL REGION,Uttarakhand,1699,934264,498261719000,372860799000
2017-06-30,EASTERN REGION,Andaman & Nicobar Islands,63,42129,20964732000,16195281000
2017-06-30,EASTERN REGION,Bihar,4404,4965254,1014069133000,765895768000
2017-06-30,EASTERN REGION,Jharkhand,2406,2138026,631717750000,464730303000
2017-06-30,EASTERN REGION,Odisha,3676,3438524,1175937877000,848365363000
2017-06-30,EASTERN REGION,Sikkim,130,59930,27804505000,19832795000
2017-06-30,EASTERN REGION,West Bengal,6757,7860744,4855197557000,3339848577000
2017-06-30,NORTH-EASTERN REGION,Arunachal Pradesh,119,76783,36505837000,27505975000
2017-06-30,NORTH-EASTERN REGION,Assam,1779,3129117,583074749000,449214922000
2017-06-30,NORTH-EASTERN REGION,Manipur,141,120799,41343454000,32068958000
2017-06-30,NORTH-EASTERN REGION,Meghalaya,244,179390,66608888000,48832517000
2017-06-30,NORTH-EASTERN REGION,Mizoram,102,68829,23458348000,17493290000
2017-06-30,NORTH-EASTERN REGION,Nagaland,143,128004,40995080000,30160345000
2017-06-30,NORTH-EASTERN REGION,Tripura,296,564458,66076599000,53444897000
2017-06-30,NORTHERN REGION,Chandigarh,388,189551,946517695000,638976111000
2017-06-30,NORTHERN REGION,Delhi,3435,3077453,14297182437000,9226961608000
2017-06-30,NORTHERN REGION,Haryana,3996,2504987,2720993023000,1788616635000
2017-06-30,NORTHERN REGION,Himachal Pradesh,1335,664721,301717575000,225061156000
2017-06-30,NORTHERN REGION,Jammu & Kashmir,1396,1252594,506601427000,367229539000
2017-06-30,NORTHERN REGION,Punjab,5789,3059109,3938474390000,1987998451000
2017-06-30,NORTHERN REGION,Rajasthan,5366,5140826,3762778181000,1985600720000
2017-06-30,SOUTHERN REGION,Andhra Pradesh,5565,9300793,3079456755000,2379079811000
2017-06-30,SOUTHERN REGION,Karnataka,8061,8743883,8996561795000,5000056605000
2017-06-30,SOUTHERN REGION,Kerala,5669,7138338,3233963193000,2396594293000
2017-06-30,SOUTHERN REGION,Lakshadweep,12,5418,1145216000,802844000
2017-06-30,SOUTHERN REGION,Puducherry,194,345176,112804055000,89784553000
2017-06-30,SOUTHERN REGION,Tamil Nadu,9722,31424794,11533519077000,7179976727000
2017-06-30,SOUTHERN REGION,Telangana,4122,5538881,5700526765000,3955305629000
2017-06-30,WESTERN REGION,Dadra & Nagar Haveli,58,28521,18871985000,14079772000
2017-06-30,WESTERN REGION,Daman & Diu,47,15544,14751551000,11272123000
2017-06-30,WESTERN REGION,Goa,665,286709,238168598000,160587141000
2017-06-30,WESTERN REGION,Gujarat,6819,4804150,5969857736000,4165043815000
2017-06-30,WESTERN REGION,Maharashtra,11185,26466643,34565924235000,22362015818000
2017-09-30,CENTRAL REGION,Chhattisgarh,1816,1353255,1046500672000,741930610000
2017-09-30,CENTRAL REGION,Madhya Pradesh,5007,5813519,2599921687000,1953446576000
2017-09-30,CENTRAL REGION,Uttar Pradesh,12304,10476988,4708382661000,3186076670000
2017-09-30,CENTRAL REGION,Uttarakhand,1699,942177,529497755000,390726869000
2017-09-30,EASTERN REGION,Andaman & Nicobar Islands,63,43012,21957326000,16965624000
2017-09-30,EASTERN REGION,Bihar,4419,4993069,1049541373000,765333711000
2017-09-30,EASTERN REGION,Jharkhand,2407,2170906,674203775000,479178862000
2017-09-30,EASTERN REGION,Odisha,3682,3555817,1206066216000,857783570000
2017-09-30,EASTERN REGION,Sikkim,130,61082,28911556000,20708788000
2017-09-30,EASTERN REGION,West Bengal,6760,8050674,5001854040000,3354967964000
2017-09-30,NORTH-EASTERN REGION,Arunachal Pradesh,118,77557,38326269000,29143260000
2017-09-30,NORTH-EASTERN REGION,Assam,1793,3171485,617630556000,466770958000
2017-09-30,NORTH-EASTERN REGION,Manipur,144,125399,44180667000,34004712000
2017-09-30,NORTH-EASTERN REGION,Meghalaya,241,179837,68011983000,50340472000
2017-09-30,NORTH-EASTERN REGION,Mizoram,102,69949,24550306000,18392578000
2017-09-30,NORTH-EASTERN REGION,Nagaland,145,128967,43207116000,31543019000
2017-09-30,NORTH-EASTERN REGION,Tripura,296,557188,68869580000,56635440000
2017-09-30,NORTHERN REGION,Chandigarh,394,199686,993941689000,634672783000
2017-09-30,NORTHERN REGION,Delhi,3436,3191832,15947593862000,9277892668000
2017-09-30,NORTHERN REGION,Haryana,4020,2594829,2981406591000,1864665018000
2017-09-30,NORTHERN REGION,Himachal Pradesh,1328,671454,312756483000,234859605000
2017-09-30,NORTHERN REGION,Jammu & Kashmir,1401,1335300,529753498000,390944570000
2017-09-30,NORTHERN REGION,Punjab,5895,3173757,3467469341000,2044872261000
2017-09-30,NORTHERN REGION,Rajasthan,5345,5369526,3909572390000,2076065875000
2017-09-30,SOUTHERN REGION,Andhra Pradesh,5541,9617410,3210063036000,2469404241000
2017-09-30,SOUTHERN REGION,Karnataka,8075,9170741,10073082008000,5172502724000
2017-09-30,SOUTHERN REGION,Kerala,5664,7246348,3332190681000,2497237305000
2017-09-30,SOUTHERN REGION,Lakshadweep,12,5371,1142432000,790835000
2017-09-30,SOUTHERN REGION,Puducherry,193,369699,117681470000,92657881000
2017-09-30,SOUTHERN REGION,Tamil Nadu,9824,34905363,12226172834000,7369135767000
2017-09-30,SOUTHERN REGION,Telangana,4087,5665037,6184870139000,4018294532000
2017-09-30,WESTERN REGION,Dadra & Nagar Haveli,59,29720,19958368000,14477176000
2017-09-30,WESTERN REGION,Daman & Diu,47,16111,15176137000,11679462000
2017-09-30,WESTERN REGION,Goa,661,294711,249611909000,167013221000
2017-09-30,WESTERN REGION,Gujarat,6846,5008282,6453651564000,4234432396000
2017-09-30,WESTERN REGION,Maharashtra,11104,28113490,37602917258000,22930438544000
2017-12-31,CENTRAL REGION,Chhattisgarh,1822,1450480,1100202615000,794349201000
2017-12-31,CENTRAL REGION,Madhya Pradesh,5020,5876753,2804372095000,2022813941000
2017-12-31,CENTRAL REGION,Uttar Pradesh,12372,10727489,5109798529000,3307217001000
2017-12-31,CENTRAL REGION,Uttarakhand,1697,980823,546007124000,413097414000
2017-12-31,EASTERN REGION,Andaman & Nicobar Islands,63,43382,22900470000,17886058000
2017-12-31,EASTERN REGION,Bihar,4441,5326930,1078726748000,804132573000
2017-12-31,EASTERN REGION,Jharkhand,2423,2323435,693641205000,513019154000
2017-12-31,EASTERN REGION,Odisha,3701,3800641,1247167075000,896351709000
2017-12-31,EASTERN REGION,Sikkim,133,62351,29880279000,21235496000
2017-12-31,EASTERN REGION,West Bengal,6793,8864867,5085420807000,3427623363000
2017-12-31,NORTH-EASTERN REGION,Arunachal Pradesh,122,78848,40383166000,30764887000
2017-12-31,NORTH-EASTERN REGION,Assam,1805,3413888,644829554000,497304802000
2017-12-31,NORTH-EASTERN REGION,Manipur,145,131427,47623159000,36962398000
2017-12-31,NORTH-EASTERN REGION,Meghalaya,243,179584,66680958000,49774570000
2017-12-31,NORTH-EASTERN REGION,Mizoram,101,70351,24602977000,18447849000
2017-12-31,NORTH-EASTERN REGION,Nagaland,144,131321,45457130000,32954544000
2017-12-31,NORTH-EASTERN REGION,Tripura,299,619496,74055276000,61172282000
2017-12-31,NORTHERN REGION,Chandigarh,389,210482,997759370000,683702524000
2017-12-31,NORTHERN REGION,Delhi,3440,3337574,15304240099000,9729431195000
2017-12-31,NORTHERN REGION,Haryana,4025,2805169,3026934803000,1978539078000
2017-12-31,NORTHERN REGION,Himachal Pradesh,1312,687407,319343007000,245168946000
2017-12-31,NORTHERN REGION,Jammu & Kashmir,1401,1377436,551143905000,406940852000
2017-12-31,NORTHERN REGION,Punjab,5894,3316214,3905128821000,2170791012000
2017-12-31,NORTHERN REGION,Rajasthan,5347,5533469,3992742843000,2187227380000
2017-12-31,SOUTHERN REGION,Andhra Pradesh,5535,9872825,3477327697000,2684725305000
2017-12-31,SOUTHERN REGION,Karnataka,7971,9861925,9374074211000,5301168135000
2017-12-31,SOUTHERN REGION,Kerala,5583,7443683,3425353384000,2582838181000
2017-12-31,SOUTHERN REGION,Lakshadweep,13,5290,1153066000,804192000
2017-12-31,SOUTHERN REGION,Puducherry,196,407455,119112708000,95024405000
2017-12-31,SOUTHERN REGION,Tamil Nadu,9864,37916435,12752034610000,7609709276000
2017-12-31,SOUTHERN REGION,Telangana,4091,5758053,6042607937000,4189910317000
2017-12-31,WESTERN REGION,Dadra & Nagar Haveli,58,30479,20669037000,15830122000
2017-12-31,WESTERN REGION,Daman & Diu,47,16526,15504634000,11880394000
2017-12-31,WESTERN REGION,Goa,658,301621,256465465000,176060399000
2017-12-31,WESTERN REGION,Gujarat,6887,5273892,6459094733000,4446634728000
2017-12-31,WESTERN REGION,Maharashtra,11128,28831533,36244482683000,23167270312000
2018-03-31,CENTRAL REGION,Chhattisgarh,1836,1504076,1102819677000,808207555000
2018-03-31,CENTRAL REGION,Madhya Pradesh,5077,6056046,2878205701000,2105033223000
2018-03-31,CENTRAL REGION,Uttar Pradesh,12426,11057943,5619454923000,3479932161000
2018-03-31,CENTRAL REGION,Uttarakhand,1712,1003057,569417947000,424728010000
2018-03-31,EASTERN REGION,Andaman & Nicobar Islands,66,43648,23745406000,18429808000
2018-03-31,EASTERN REGION,Bihar,4482,5656263,1135652663000,851585958000
2018-03-31,EASTERN REGION,Jharkhand,2441,2437205,698055228000,517248334000
2018-03-31,EASTERN REGION,Odisha,3731,4060703,1285852868000,932685251000
2018-03-31,EASTERN REGION,Sikkim,135,64373,30765126000,22721698000
2018-03-31,EASTERN REGION,West Bengal,6814,9204830,5233332126000,3574314778000
2018-03-31,NORTH-EASTERN REGION,Arunachal Pradesh,122,79804,42071669000,31835390000
2018-03-31,NORTH-EASTERN REGION,Assam,1817,3503630,681398805000,528425959000
2018-03-31,NORTH-EASTERN REGION,Manipur,150,135676,50239398000,38932592000
2018-03-31,NORTH-EASTERN REGION,Meghalaya,241,191417,69506911000,51812080000
2018-03-31,NORTH-EASTERN REGION,Mizoram,102,70238,25606702000,19389456000
2018-03-31,NORTH-EASTERN REGION,Nagaland,147,131527,46901721000,34532275000
2018-03-31,NORTH-EASTERN REGION,Tripura,303,636230,79261106000,65864861000
2018-03-31,NORTHERN REGION,Chandigarh,392,230698,1042498709000,696731373000
2018-03-31,NORTHERN REGION,Delhi,3456,3488712,17916381520000,10769975999000
2018-03-31,NORTHERN REGION,Haryana,4051,2918829,3307499209000,2060903722000
2018-03-31,NORTHERN REGION,Himachal Pradesh,1324,702750,330335818000,250022155000
2018-03-31,NORTHERN REGION,Jammu & Kashmir,1402,1407164,575882718000,425605837000
2018-03-31,NORTHERN REGION,Punjab,5932,3438412,3869746670000,2145227103000
2018-03-31,NORTHERN REGION,Rajasthan,5555,5784112,3256145904000,2384580163000
2018-03-31,SOUTHERN REGION,Andhra Pradesh,5557,10020013,3674246432000,2846449544000
2018-03-31,SOUTHERN REGION,Karnataka,7976,10079603,10054672496000,5514056301000
2018-03-31,SOUTHERN REGION,Kerala,5589,7562074,3496457301000,2657142800000
2018-03-31,SOUTHERN REGION,Lakshadweep,13,5301,1183870000,823505000
2018-03-31,SOUTHERN REGION,Puducherry,198,418645,122937195000,98320699000
2018-03-31,SOUTHERN REGION,Tamil Nadu,9905,38552759,12681618728000,8043029493000
2018-03-31,SOUTHERN REGION,Telangana,4087,5829719,6129056801000,4321496061000
2018-03-31,WESTERN REGION,Dadra & Nagar Haveli,58,31443,23533971000,16845950000
2018-03-31,WESTERN REGION,Daman & Diu,47,16935,16771926000,12617094000
2018-03-31,WESTERN REGION,Goa,659,308465,259774855000,174266031000
2018-03-31,WESTERN REGION,Gujarat,6967,5410386,6899249815000,4764037081000
2018-03-31,WESTERN REGION,Maharashtra,11197,29949044,38524702902000,24429394237000
2018-06-30,CENTRAL REGION,Chhattisgarh,1843,1517384,1076807648000,730463423000
2018-06-30,CENTRAL REGION,Madhya Pradesh,5110,6111856,3105378731000,2153992835000
2018-06-30,CENTRAL REGION,Uttar Pradesh,12459,11230471,5786395781000,3508004791000
2018-06-30,CENTRAL REGION,Uttarakhand,1716,1002852,578307537000,434478173000
2018-06-30,EASTERN REGION,Andaman & Nicobar Islands,66,43533,24657355000,19090345000
2018-06-30,EASTERN REGION,Bihar,4533,5845572,1140029589000,882545851000
2018-06-30,EASTERN REGION,Jharkhand,2451,2441767,701824160000,516019342000
2018-06-30,EASTERN REGION,Odisha,3746,4371758,1357233845000,987990685000
2018-06-30,EASTERN REGION,Sikkim,136,65704,32374731000,24751649000
2018-06-30,EASTERN REGION,West Bengal,6828,9345748,5189189102000,3531043818000
2018-06-30,NORTH-EASTERN REGION,Arunachal Pradesh,123,79479,41872190000,31367967000
2018-06-30,NORTH-EASTERN REGION,Assam,1821,3548128,717869623000,558470193000
2018-06-30,NORTH-EASTERN REGION,Manipur,149,140138,60544133000,48452565000
2018-06-30,NORTH-EASTERN REGION,Meghalaya,244,190647,72418757000,53320100000
2018-06-30,NORTH-EASTERN REGION,Mizoram,102,70306,25570152000,19103437000
2018-06-30,NORTH-EASTERN REGION,Nagaland,147,131297,48052502000,34798266000
2018-06-30,NORTH-EASTERN REGION,Tripura,304,644099,168639581000,147599874000
2018-06-30,NORTHERN REGION,Chandigarh,392,246551,1071488707000,750110878000
2018-06-30,NORTHERN REGION,Delhi,3465,3438967,16802977440000,10500495234000
2018-06-30,NORTHERN REGION,Haryana,4086,2916604,3090674572000,2026436435000
2018-06-30,NORTHERN REGION,Himachal Pradesh,1330,704491,336843432000,253420975000
2018-06-30,NORTHERN REGION,Jammu & Kashmir,1408,1429875,594723192000,441057339000
2018-06-30,NORTHERN REGION,Punjab,5948,3459047,3912042670000,2114593665000
2018-06-30,NORTHERN REGION,Rajasthan,5586,5868342,3303000655000,2431250570000
2018-06-30,SOUTHERN REGION,Andhra Pradesh,5589,10017794,3718657277000,2904113743000
2018-06-30,SOUTHERN REGION,Karnataka,8031,10166742,9919491671000,5592946235000
2018-06-30,SOUTHERN REGION,Kerala,5608,7743000,3563498687000,2699523012000
2018-06-30,SOUTHERN REGION,Lakshadweep,13,5182,1195501000,828555000
2018-06-30,SOUTHERN REGION,Puducherry,198,426894,124310432000,100124056000
2018-06-30,SOUTHERN REGION,Tamil Nadu,9953,40085959,13457225987000,8168922108000
2018-06-30,SOUTHERN REGION,Telangana,4105,5848559,6105571222000,4310979010000
2018-06-30,WESTERN REGION,Dadra & Nagar Haveli,58,31953,22475751000,17369720000
2018-06-30,WESTERN REGION,Daman & Diu,47,17171,16493173000,12557015000
2018-06-30,WESTERN REGION,Goa,662,309709,258128502000,177438069000
2018-06-30,WESTERN REGION,Gujarat,7007,5498140,6982071217000,4778408104000
2018-06-30,WESTERN REGION,Maharashtra,11241,31014378,37880057388000,24206000398000
2018-09-30,CENTRAL REGION,Chhattisgarh,1859,1611670,1077574861000,774437625000
2018-09-30,CENTRAL REGION,Madhya Pradesh,5138,6550462,3171711017000,2251734331000
2018-09-30,CENTRAL REGION,Uttar Pradesh,12534,12428031,5035319685000,3638062198000
2018-09-30,CENTRAL REGION,Uttarakhand,1729,1095754,606619537000,454809284000
2018-09-30,EASTERN REGION,Andaman & Nicobar Islands,66,47007,25978237000,20042727000
2018-09-30,EASTERN REGION,Bihar,4590,6297728,1195077566000,909188216000
2018-09-30,EASTERN REGION,Jharkhand,2472,2572424,734976917000,540568230000
2018-09-30,EASTERN REGION,Odisha,3767,4998187,1363889611000,994327078000
2018-09-30,EASTERN REGION,Sikkim,137,73774,35880985000,25582066000
2018-09-30,EASTERN REGION,West Bengal,6859,10135021,5190706359000,3628186482000
2018-09-30,NORTH-EASTERN REGION,Arunachal Pradesh,123,81380,43993333000,32948139000
2018-09-30,NORTH-EASTERN REGION,Assam,1835,3718270,732477471000,560441028000
2018-09-30,NORTH-EASTERN REGION,Manipur,151,159315,55898776000,43595145000
2018-09-30,NORTH-EASTERN REGION,Meghalaya,243,196703,73441035000,53306130000
2018-09-30,NORTH-EASTERN REGION,Mizoram,102,73735,27059390000,20410979000
2018-09-30,NORTH-EASTERN REGION,Nagaland,147,135997,49977534000,36207465000
2018-09-30,NORTH-EASTERN REGION,Tripura,304,652017,83747630000,68660674000
2018-09-30,NORTHERN REGION,Chandigarh,392,343169,1062241952000,754694731000
2018-09-30,NORTHERN REGION,Delhi,3445,4628037,17075852551000,11396953913000
2018-09-30,NORTHERN REGION,Haryana,4110,3846443,3195755731000,2221641436000
2018-09-30,NORTHERN REGION,Himachal Pradesh,1328,759733,353925018000,260843930000
2018-09-30,NORTHERN REGION,Jammu & Kashmir,1406,1532124,640386187000,474195876000
2018-09-30,NORTHERN REGION,Punjab,5951,4144747,3677990408000,2138022313000
2018-09-30,NORTHERN REGION,Rajasthan,5598,6348585,3387731196000,2509882534000
2018-09-30,SOUTHERN REGION,Andhra Pradesh,5594,10732948,3897244368000,3022385303000
2018-09-30,SOUTHERN REGION,Karnataka,8060,11960097,8126197484000,5831851011000
2018-09-30,SOUTHERN REGION,Kerala,5612,8359773,3648643901000,2825434975000
2018-09-30,SOUTHERN REGION,Lakshadweep,13,5100,1198420000,829386000
2018-09-30,SOUTHERN REGION,Puducherry,198,454617,131183798000,104170343000
2018-09-30,SOUTHERN REGION,Tamil Nadu,9980,29990430,11341418533000,8111548942000
2018-09-30,SOUTHERN REGION,Telangana,4109,7115710,6550546454000,4442327983000
2018-09-30,WESTERN REGION,Dadra & Nagar Haveli,59,50386,26281129000,19297516000
2018-09-30,WESTERN REGION,Daman & Diu,46,31369,19208005000,14128261000
2018-09-30,WESTERN REGION,Goa,664,378677,270138301000,186192170000
2018-09-30,WESTERN REGION,Gujarat,7036,6632063,7258246234000,5025250207000
2018-09-30,WESTERN REGION,Maharashtra,11286,34631131,38837012801000,25321665108000
2018-12-31,CENTRAL REGION,Chhattisgarh,1873,1687976,1213887390000,823972523000
2018-12-31,CENTRAL REGION,Madhya Pradesh,5169,6812481,3296862565000,2328627539000
2018-12-31,CENTRAL REGION,Uttar Pradesh,12559,12764673,5264879687000,3770168342000
2018-12-31,CENTRAL REGION,Uttarakhand,1735,1172635,636703105000,474759203000
2018-12-31,EASTERN REGION,Andaman & Nicobar Islands,66,46002,26602529000,20718608000
2018-12-31,EASTERN REGION,Bihar,4618,6459137,1237543358000,934209930000
2018-12-31,EASTERN REGION,Jharkhand,2488,2623209,750676903000,547316025000
2018-12-31,EASTERN REGION,Odisha,3768,5479328,1422769768000,1046239184000
2018-12-31,EASTERN REGION,Sikkim,137,76799,38986721000,27816734000
2018-12-31,EASTERN REGION,West Bengal,6872,10826302,5194563107000,3641779042000
2018-12-31,NORTH-EASTERN REGION,Arunachal Pradesh,123,83234,45904417000,34468955000
2018-12-31,NORTH-EASTERN REGION,Assam,1838,3791415,754308587000,580416348000
2018-12-31,NORTH-EASTERN REGION,Manipur,154,166662,59063735000,46027667000
2018-12-31,NORTH-EASTERN REGION,Meghalaya,243,198401,75117925000,54321716000
2018-12-31,NORTH-EASTERN REGION,Mizoram,102,76011,28009570000,21078228000
2018-12-31,NORTH-EASTERN REGION,Nagaland,146,138885,51705118000,37729461000
2018-12-31,NORTH-EASTERN REGION,Tripura,305,657473,85860195000,70479720000
2018-12-31,NORTHERN REGION,Chandigarh,385,444670,1110631734000,784023745000
2018-12-31,NORTHERN REGION,Delhi,3443,5258926,18181964388000,12014595227000
2018-12-31,NORTHERN REGION,Haryana,4128,4040714,3273419189000,2304872837000
2018-12-31,NORTHERN REGION,Himachal Pradesh,1330,773410,361088981000,267985653000
2018-12-31,NORTHERN REGION,Jammu & Kashmir,1407,1560422,661799530000,490043929000
2018-12-31,NORTHERN REGION,Punjab,5940,4397345,4159538867000,2262585043000
2018-12-31,NORTHERN REGION,Rajasthan,5621,6674005,3593718314000,2686191654000
2018-12-31,SOUTHERN REGION,Andhra Pradesh,5582,11275215,4165126519000,3203921750000
2018-12-31,SOUTHERN REGION,Karnataka,8074,12638018,8311547533000,5992894974000
2018-12-31,SOUTHERN REGION,Kerala,5609,8625373,3773341453000,2909073234000
2018-12-31,SOUTHERN REGION,Lakshadweep,13,4987,1203389000,838361000
2018-12-31,SOUTHERN REGION,Puducherry,197,465274,135628932000,108698242000
2018-12-31,SOUTHERN REGION,Tamil Nadu,9995,31036747,11701551417000,8335685504000
2018-12-31,SOUTHERN REGION,Telangana,4120,7800200,6752881719000,4602790006000
2018-12-31,WESTERN REGION,Dadra & Nagar Haveli,59,52840,29554173000,21692506000
2018-12-31,WESTERN REGION,Daman & Diu,45,33640,20174889000,14385735000
2018-12-31,WESTERN REGION,Goa,662,391063,282763329000,194025379000
2018-12-31,WESTERN REGION,Gujarat,7050,8115802,7649923325000,5193756332000
2018-12-31,WESTERN REGION,Maharashtra,11360,37190068,40839447689000,26242678990000
2019-03-31,CENTRAL REGION,Chhattisgarh,1881,1778344,1221987802000,872062351000
2019-03-31,CENTRAL REGION,Madhya Pradesh,5167,7179708,3275783987000,2387889189000
2019-03-31,CENTRAL REGION,Uttar Pradesh,12592,13593958,5488296993000,3932856834000
2019-03-31,CENTRAL REGION,Uttarakhand,1744,1204160,658155444000,491720743000
2019-03-31,EASTERN REGION,Andaman & Nicobar Islands,67,46881,28140761000,21731822000
2019-03-31,EASTERN REGION,Bihar,4641,7164536,1374712561000,1047611922000
2019-03-31,EASTERN REGION,Jharkhand,2496,2820073,787978573000,577593077000
2019-03-31,EASTERN REGION,Odisha,3784,5776171,1547215426000,1121643020000
2019-03-31,EASTERN REGION,Sikkim,138,79993,39339970000,27312178000
2019-03-31,EASTERN REGION,West Bengal,6899,11397748,5668914113000,3747103995000
2019-03-31,NORTH-EASTERN REGION,Arunachal Pradesh,123,84161,48148982000,36361948000
2019-03-31,NORTH-EASTERN REGION,Assam,1841,3937536,799159729000,610171923000
2019-03-31,NORTH-EASTERN REGION,Manipur,153,173280,60617770000,47600773000
2019-03-31,NORTH-EASTERN REGION,Meghalaya,243,201633,78222443000,57791590000
2019-03-31,NORTH-EASTERN REGION,Mizoram,102,77890,29242025000,21737824000
2019-03-31,NORTH-EASTERN REGION,Nagaland,146,144338,53946869000,39292198000
2019-03-31,NORTH-EASTERN REGION,Tripura,305,691026,93027838000,77945648000
2019-03-31,NORTHERN REGION,Chandigarh,383,454062,1104205725000,761109325000
2019-03-31,NORTHERN REGION,Delhi,3453,5480599,19319329405000,13000255191000
2019-03-31,NORTHERN REGION,Haryana,4148,4266885,3552067116000,2409058083000
2019-03-31,NORTHERN REGION,Himachal Pradesh,1332,794894,372018725000,275853830000
2019-03-31,NORTHERN REGION,Jammu & Kashmir,1427,1608218,692593602000,513922874000
2019-03-31,NORTHERN REGION,Punjab,5959,4689693,4166640855000,2221522334000
2019-03-31,NORTHERN REGION,Rajasthan,5642,7069195,4006520236000,2886882383000
2019-03-31,SOUTHERN REGION,Andhra Pradesh,5603,11571487,4359488550000,3362599986000
2019-03-31,SOUTHERN REGION,Karnataka,8133,12927241,8932010246000,6183913382000
2019-03-31,SOUTHERN REGION,Kerala,5710,11598492,4076419400000,3089510745000
2019-03-31,SOUTHERN REGION,Lakshadweep,13,5033,1265654000,889274000
2019-03-31,SOUTHERN REGION,Puducherry,198,486822,139466053000,112642024000
2019-03-31,SOUTHERN REGION,Tamil Nadu,10040,31777338,12254372236000,8697177170000
2019-03-31,SOUTHERN REGION,Telangana,4129,7959457,6835676032000,4682138041000
2019-03-31,WESTERN REGION,Dadra & Nagar Haveli,59,55543,31388884000,22422407000
2019-03-31,WESTERN REGION,Daman & Diu,45,35033,19313533000,13432186000
2019-03-31,WESTERN REGION,Goa,658,400388,279682383000,188028204000
2019-03-31,WESTERN REGION,Gujarat,7080,7596644,7732089885000,5235361129000
2019-03-31,WESTERN REGION,Maharashtra,11391,41547151,42287455389000,27355863891000
2019-06-30,CENTRAL REGION,Chhattisgarh,1953,2248283,1257886755000,884749809000
2019-06-30,CENTRAL REGION,Madhya Pradesh,5402,7969112,3374680630000,2419171434000
2019-06-30,CENTRAL REGION,Uttar Pradesh,12887,14825360,5834259135000,4134231944000
2019-06-30,CENTRAL REGION,Uttarakhand,1775,1244862,668092329000,496388102000
2019-06-30,EASTERN REGION,Andaman & Nicobar Islands,67,46895,28694699000,21966507000
2019-06-30,EASTERN REGION,Bihar,5030,8757877,1427679552000,1083240977000
2019-06-30,EASTERN REGION,Jharkhand,2588,3349301,817492692000,583679055000
2019-06-30,EASTERN REGION,Odisha,3927,6242500,1574352499000,1126297369000
2019-06-30,EASTERN REGION,Sikkim,144,80646,41346362000,29248343000
2019-06-30,EASTERN REGION,West Bengal,7848,12945854,5678591265000,3723966493000
2019-06-30,NORTH-EASTERN REGION,Arunachal Pradesh,123,84025,48208756000,35385161000
2019-06-30,NORTH-EASTERN REGION,Assam,2193,3998475,808005324000,618097754000
2019-06-30,NORTH-EASTERN REGION,Manipur,161,177302,64320424000,50006640000
2019-06-30,NORTH-EASTERN REGION,Meghalaya,251,206835,84007272000,61502984000
2019-06-30,NORTH-EASTERN REGION,Mizoram,107,80812,30427485000,22805887000
2019-06-30,NORTH-EASTERN REGION,Nagaland,155,149404,56369088000,40859679000
2019-06-30,NORTH-EASTERN REGION,Tripura,395,711440,93088249000,77723001000
2019-06-30,NORTHERN REGION,Chandigarh,383,452868,1136647123000,776443244000
2019-06-30,NORTHERN REGION,Delhi,3495,5340230,18660435254000,12286853658000
2019-06-30,NORTHERN REGION,Haryana,4209,4526428,3519208694000,2324708219000
2019-06-30,NORTHERN REGION,Himachal Pradesh,1335,813059,379757281000,281640695000
2019-06-30,NORTHERN REGION,Jammu & Kashmir,1437,1647513,726912924000,540733379000
2019-06-30,NORTHERN REGION,Punjab,6005,5091537,4453444474000,2238228397000
2019-06-30,NORTHERN REGION,Rajasthan,5763,7956132,3920582736000,2908053710000
2019-06-30,SOUTHERN REGION,Andhra Pradesh,5633,11497713,4409567059000,3402559336000
2019-06-30,SOUTHERN REGION,Karnataka,8295,14466473,8817970860000,6176567690000
2019-06-30,SOUTHERN REGION,Kerala,5750,10595034,4071262927000,3141872671000
2019-06-30,SOUTHERN REGION,Lakshadweep,13,4961,1277328000,887147000
2019-06-30,SOUTHERN REGION,Puducherry,205,505896,138414303000,111641658000
2019-06-30,SOUTHERN REGION,Tamil Nadu,10253,33519491,13470306655000,8757444677000
2019-06-30,SOUTHERN REGION,Telangana,4167,7996712,6993406326000,4749861814000
2019-06-30,WESTERN REGION,Dadra & Nagar Haveli,59,56072,30623259000,21041864000
2019-06-30,WESTERN REGION,Daman & Diu,46,35360,18895270000,12935637000
2019-06-30,WESTERN REGION,Goa,666,402037,288932247000,191681883000
2019-06-30,WESTERN REGION,Gujarat,7256,8095239,7868807810000,5223103033000
2019-06-30,WESTERN REGION,Maharashtra,11668,44695366,42203582126000,26819983848000
2019-09-30,CENTRAL REGION,Chhattisgarh,2007,2122064,1245035677000,882052606000
2019-09-30,CENTRAL REGION,Madhya Pradesh,5514,8650176,3442391847000,2462288591000
2019-09-30,CENTRAL REGION,Uttar Pradesh,12939,15118825,5908575337000,4158501901000
2019-09-30,CENTRAL REGION,Uttarakhand,1799,1265532,672499334000,498557737000
2019-09-30,EASTERN REGION,Andaman & Nicobar Islands,67,47659,29790461000,22869285000
2019-09-30,EASTERN REGION,Bihar,5058,9221031,1442670448000,1080619697000
2019-09-30,EASTERN REGION,Jharkhand,2597,3557422,842165218000,600046039000
2019-09-30,EASTERN REGION,Odisha,3982,6502743,1616913662000,1140389908000
2019-09-30,EASTERN REGION,Sikkim,148,86529,42935159000,31798917000
2019-09-30,EASTERN REGION,West Bengal,7887,13696147,5862763000000,3816773818000
2019-09-30,NORTH-EASTERN REGION,Arunachal Pradesh,124,85572,50251894000,37229069000
2019-09-30,NORTH-EASTERN REGION,Assam,2202,4137737,820423467000,629349155000
2019-09-30,NORTH-EASTERN REGION,Manipur,166,187274,67853828000,52816113000
2019-09-30,NORTH-EASTERN REGION,Meghalaya,251,209991,85033054000,63640787000
2019-09-30,NORTH-EASTERN REGION,Mizoram,108,84236,31685615000,23856266000
2019-09-30,NORTH-EASTERN REGION,Nagaland,156,155086,58079065000,42412701000
2019-09-30,NORTH-EASTERN REGION,Tripura,399,733463,93308978000,76593981000
2019-09-30,NORTHERN REGION,Chandigarh,385,510141,1146856245000,805361605000
2019-09-30,NORTHERN REGION,Delhi,3539,5510276,18726612795000,12105303413000
2019-09-30,NORTHERN REGION,Haryana,4259,4854584,3746408329000,2415412211000
2019-09-30,NORTHERN REGION,Himachal Pradesh,1338,818149,386112563000,286556008000
2019-09-30,NORTHERN REGION,Jammu & Kashmir,1442,1666688,745176279000,554179883000
2019-09-30,NORTHERN REGION,Punjab,6004,5003178,4304939404000,2234174112000
2019-09-30,NORTHERN REGION,Rajasthan,5812,8223089,4002944766000,2939325607000
2019-09-30,SOUTHERN REGION,Andhra Pradesh,5675,11739355,4381772714000,3492810563000
2019-09-30,SOUTHERN REGION,Karnataka,8415,15655774,9093935884000,6307463765000
2019-09-30,SOUTHERN REGION,Kerala,5783,10719012,4221971643000,3219014990000
2019-09-30,SOUTHERN REGION,Lakshadweep,13,4943,1307002000,902695000
2019-09-30,SOUTHERN REGION,Puducherry,208,583516,144870825000,116403818000
2019-09-30,SOUTHERN REGION,Tamil Nadu,10425,34782463,12965372453000,9078191222000
2019-09-30,SOUTHERN REGION,Telangana,4198,8483955,6984397144000,4695380701000
2019-09-30,WESTERN REGION,Dadra & Nagar Haveli,59,58052,29680476000,20596513000
2019-09-30,WESTERN REGION,Daman & Diu,48,36757,18820615000,12767504000
2019-09-30,WESTERN REGION,Goa,664,416439,287386156000,196400453000
2019-09-30,WESTERN REGION,Gujarat,7351,8967590,7875176431000,5239129138000
2019-09-30,WESTERN REGION,Maharashtra,11825,47180246,43182255961000,27197231488000
2019-12-31,CENTRAL REGION,Chhattisgarh,2062,2214457,1321619675000,958985987000
2019-12-31,CENTRAL REGION,Madhya Pradesh,5605,9118483,3618805441000,2580250275000
2019-12-31,CENTRAL REGION,Uttar Pradesh,13029,15538011,5833992339000,4169174159000
2019-12-31,CENTRAL REGION,Uttarakhand,1812,1294944,704943194000,519912371000
2019-12-31,EASTERN REGION,Andaman & Nicobar Islands,70,48384,30636601000,23407877000
2019-12-31,EASTERN REGION,Bihar,5099,9602725,1497154294000,1135225489000
2019-12-31,EASTERN REGION,Jharkhand,2624,3701576,870504219000,616239462000
2019-12-31,EASTERN REGION,Odisha,4056,7082271,1707809340000,1199866744000
2019-12-31,EASTERN REGION,Sikkim,156,100554,44860431000,33514526000
2019-12-31,EASTERN REGION,West Bengal,7949,14058320,5788380001000,3859706408000
2019-12-31,NORTH-EASTERN REGION,Arunachal Pradesh,128,96291,53128676000,39758504000
2019-12-31,NORTH-EASTERN REGION,Assam,2379,4720469,875677361000,656704642000
2019-12-31,NORTH-EASTERN REGION,Manipur,172,207022,71418847000,55252797000
2019-12-31,NORTH-EASTERN REGION,Meghalaya,260,220041,93195695000,69070135000
2019-12-31,NORTH-EASTERN REGION,Mizoram,111,90762,33408339000,24877945000
2019-12-31,NORTH-EASTERN REGION,Nagaland,160,160322,60371258000,44079102000
2019-12-31,NORTH-EASTERN REGION,Tripura,410,741530,96891954000,80479461000
2019-12-31,NORTHERN REGION,Chandigarh,389,533240,1154939730000,803373961000
2019-12-31,NORTHERN REGION,Delhi,3553,6152969,19539284265000,12558416081000
2019-12-31,NORTHERN REGION,Haryana,4291,5196338,3874896463000,2491339436000
2019-12-31,NORTHERN REGION,Himachal Pradesh,1343,832590,400942206000,291304863000
2019-12-31,NORTHERN REGION,Jammu & Kashmir,1388,1621229,733267601000,543916283000
2019-12-31,NORTHERN REGION,Ladakh,62,56643,24120246000,18022913000
2019-12-31,NORTHERN REGION,Punjab,6042,5407453,4372368397000,2347899033000
2019-12-31,NORTHERN REGION,Rajasthan,5889,8861453,4194234696000,3059646303000
2019-12-31,SOUTHERN REGION,Andhra Pradesh,5731,12023164,4546602706000,3619498927000
2019-12-31,SOUTHERN REGION,Karnataka,8508,15883487,9346865333000,6454848591000
2019-12-31,SOUTHERN REGION,Kerala,5820,11124927,4328363187000,3309334512000
2019-12-31,SOUTHERN REGION,Lakshadweep,13,4936,1330383000,930142000
2019-12-31,SOUTHERN REGION,Puducherry,212,604427,149888953000,118604310000
2019-12-31,SOUTHERN REGION,Tamil Nadu,10540,35981808,13101100499000,9234785322000
2019-12-31,SOUTHERN REGION,Telangana,4256,8848229,7313352136000,4856290417000
2019-12-31,WESTERN REGION,Dadra & Nagar Haveli,61,64334,36570165000,21997886000
2019-12-31,WESTERN REGION,Daman & Diu,48,38247,19779272000,13300673000
2019-12-31,WESTERN REGION,Goa,667,436281,298150249000,198028372000
2019-12-31,WESTERN REGION,Gujarat,7500,9194339,8097012024000,5360481962000
2019-12-31,WESTERN REGION,Maharashtra,11964,49550540,44451844304000,27549352435000
2020-03-31,CENTRAL REGION,Chhattisgarh,2093,2217453,1366687638000,966527039000
2020-03-31,CENTRAL REGION,Madhya Pradesh,5641,9355399,3684282940000,2622438990000
2020-03-31,CENTRAL REGION,Uttar Pradesh,13114,15904239,5972295420000,4225331980000
2020-03-31,CENTRAL REGION,Uttarakhand,1815,1317075,716495544000,522006089000
2020-03-31,EASTERN REGION,Andaman & Nicobar Islands,69,48807,31718266000,23813400000
2020-03-31,EASTERN REGION,Bihar,5148,9903993,1569535378000,1167954850000
2020-03-31,EASTERN REGION,Jharkhand,2625,3825875,895640753000,636029419000
2020-03-31,EASTERN REGION,Odisha,4081,7253754,1761093155000,1268442928000
2020-03-31,EASTERN REGION,Sikkim,160,102013,44836337000,31587149000
2020-03-31,EASTERN REGION,West Bengal,7966,14348369,5836524140000,3968970752000
2020-03-31,NORTH-EASTERN REGION,Arunachal Pradesh,130,97683,55446451000,41156130000
2020-03-31,NORTH-EASTERN REGION,Assam,2389,4711540,906283472000,665818354000
2020-03-31,NORTH-EASTERN REGION,Manipur,172,216015,74860887000,57673136000
2020-03-31,NORTH-EASTERN REGION,Meghalaya,262,223344,99662827000,76178834000
2020-03-31,NORTH-EASTERN REGION,Mizoram,112,94839,34448132000,25512283000
2020-03-31,NORTH-EASTERN REGION,Nagaland,161,164355,62682947000,45617808000
2020-03-31,NORTH-EASTERN REGION,Tripura,409,737881,102780472000,84985144000
2020-03-31,NORTHERN REGION,Chandigarh,392,551633,1168519622000,786899836000
2020-03-31,NORTHERN REGION,Delhi,3555,6265103,20499613295000,13651098536000
2020-03-31,NORTHERN REGION,Haryana,4311,5365664,3935254340000,2504664527000
2020-03-31,NORTHERN REGION,Himachal Pradesh,1346,845151,408967422000,291896536000
2020-03-31,NORTHERN REGION,Jammu & Kashmir,1396,2319046,770775843000,560418545000
2020-03-31,NORTHERN REGION,Ladakh,65,69562,24512601000,17703333000
2020-03-31,NORTHERN REGION,Punjab,6049,5531327,4491327493000,2278926160000
2020-03-31,NORTHERN REGION,Rajasthan,5947,9121408,4338388145000,3129199761000
2020-03-31,SOUTHERN REGION,Andhra Pradesh,5773,11979845,4711607487000,3752337685000
2020-03-31,SOUTHERN REGION,Karnataka,8549,16034297,9742563639000,6590941659000
2020-03-31,SOUTHERN REGION,Kerala,5844,11832389,4440922640000,3364740195000
2020-03-31,SOUTHERN REGION,Lakshadweep,13,4971,1369749000,965768000
2020-03-31,SOUTHERN REGION,Puducherry,214,600588,154496381000,121400135000
2020-03-31,SOUTHERN REGION,Tamil Nadu,10594,35820637,13686542343000,9542766661000
2020-03-31,SOUTHERN REGION,Telangana,4288,8951513,7363092092000,4932959513000
2020-03-31,WESTERN REGION,Dadra & Nagar Haveli and Daman & Diu,109,101785,69460628000,44578753000
2020-03-31,WESTERN REGION,Goa,667,442171,291507676000,192417067000
2020-03-31,WESTERN REGION,Gujarat,7517,9699503,8122731097000,5430388289000
2020-03-31,WESTERN REGION,Maharashtra,12008,51034142,46236833297000,28553256755000
2020-06-30,CENTRAL REGION,Chhattisgarh,2106,2301691,1397236197000,964430811000
2020-06-30,CENTRAL REGION,Madhya Pradesh,5675,9432787,4390294943000,2666670577000
2020-06-30,CENTRAL REGION,Uttar Pradesh,13141,16107010,6015733930000,4197580307000
2020-06-30,CENTRAL REGION,Uttarakhand,1825,1339048,723215975000,528619739000
2020-06-30,EASTERN REGION,Andaman & Nicobar Islands,71,50594,32350792000,24495232000
2020-06-30,EASTERN REGION,Bihar,5192,10154524,1607876911000,1185818273000
2020-06-30,EASTERN REGION,Jharkhand,2628,3999152,924663240000,635666584000
2020-06-30,EASTERN REGION,Odisha,4098,7342976,1759157078000,1206957582000
2020-06-30,EASTERN REGION,Sikkim,159,104407,45226508000,31903507000
2020-06-30,EASTERN REGION,West Bengal,8001,14754469,5704160535000,3887977427000
2020-06-30,NORTH-EASTERN REGION,Arunachal Pradesh,130,99106,56376134000,40950138000
2020-06-30,NORTH-EASTERN REGION,Assam,2396,4813215,904866515000,669477756000
2020-06-30,NORTH-EASTERN REGION,Manipur,172,222307,75693162000,58015553000
2020-06-30,NORTH-EASTERN REGION,Meghalaya,264,226143,102891633000,77554693000
2020-06-30,NORTH-EASTERN REGION,Mizoram,111,97519,35274674000,25918319000
2020-06-30,NORTH-EASTERN REGION,Nagaland,162,169147,63209227000,45033870000
2020-06-30,NORTH-EASTERN REGION,Tripura,416,779519,97668457000,79402784000
2020-06-30,NORTHERN REGION,Chandigarh,394,542158,1226525736000,809762818000
2020-06-30,NORTHERN REGION,Delhi,3559,6245117,23762959647000,13192306080000
2020-06-30,NORTHERN REGION,Haryana,4329,5416063,4006741641000,2485730335000
2020-06-30,NORTHERN REGION,Himachal Pradesh,1348,865085,409472145000,291236132000
2020-06-30,NORTHERN REGION,Jammu & Kashmir,1401,2363687,786770394000,573605199000
2020-06-30,NORTHERN REGION,Ladakh,65,69546,24751831000,18051555000
2020-06-30,NORTHERN REGION,Punjab,6052,5551298,4764044680000,2249013414000
2020-06-30,NORTHERN REGION,Rajasthan,5963,9230901,4363633470000,3118214207000
2020-06-30,SOUTHERN REGION,Andhra Pradesh,5796,12016769,4812611352000,3819155918000
2020-06-30,SOUTHERN REGION,Karnataka,8609,16089168,9751155547000,6593909242000
2020-06-30,SOUTHERN REGION,Kerala,5882,11073264,4375749967000,3330316987000
2020-06-30,SOUTHERN REGION,Lakshadweep,13,5668,1355062000,953322000
2020-06-30,SOUTHERN REGION,Puducherry,218,617237,156925923000,122487538000
2020-06-30,SOUTHERN REGION,Tamil Nadu,10784,36050247,13601000247000,9515770807000
2020-06-30,SOUTHERN REGION,Telangana,4310,8990308,7469283805000,5022635004000
2020-06-30,WESTERN REGION,Dadra & Nagar Haveli and Daman & Diu,109,102093,63476451000,41773786000
2020-06-30,WESTERN REGION,Goa,666,446817,288559930000,190434884000
2020-06-30,WESTERN REGION,Gujarat,7543,9536371,8083280647000,5329286998000
2020-06-30,WESTERN REGION,Maharashtra,12098,50636358,45552047372000,27748418511000
2020-09-30,CENTRAL REGION,Chhattisgarh,2133,2670443,1503712500000,963779386000
2020-09-30,CENTRAL REGION,Madhya Pradesh,5733,9815444,3931468008000,2740971256000
2020-09-30,CENTRAL REGION,Uttar Pradesh,13210,16863935,6252602110000,4335339072000
2020-09-30,CENTRAL REGION,Uttarakhand,1838,1404563,733055011000,534998929000
2020-09-30,EASTERN REGION,Andaman & Nicobar Islands,71,53684,34002688000,25917606000
2020-09-30,EASTERN REGION,Bihar,5271,10363254,1681956778000,1258963104000
2020-09-30,EASTERN REGION,Jharkhand,2644,4148763,966219539000,663748803000
2020-09-30,EASTERN REGION,Odisha,4124,7591383,1815784825000,1266001324000
2020-09-30,EASTERN REGION,Sikkim,161,108344,50104291000,34034429000
2020-09-30,EASTERN REGION,West Bengal,8052,15547815,5866793754000,3958790985000
2020-09-30,NORTH-EASTERN REGION,Arunachal Pradesh,131,103204,58365220000,42749437000
2020-09-30,NORTH-EASTERN REGION,Assam,2409,5032483,972561405000,708777777000
2020-09-30,NORTH-EASTERN REGION,Manipur,174,233919,80841691000,60458638000
2020-09-30,NORTH-EASTERN REGION,Meghalaya,262,234057,119429903000,82345672000
2020-09-30,NORTH-EASTERN REGION,Mizoram,113,101750,36618127000,27272520000
2020-09-30,NORTH-EASTERN REGION,Nagaland,163,173230,65508025000,47015376000
2020-09-30,NORTH-EASTERN REGION,Tripura,417,829823,104560792000,84802689000
2020-09-30,NORTHERN REGION,Chandigarh,390,557445,1180757487000,790002422000
2020-09-30,NORTHERN REGION,Delhi,3547,6096389,20232303144000,13061977882000
2020-09-30,NORTHERN REGION,Haryana,4370,5641932,4067882497000,2542449484000
2020-09-30,NORTHERN REGION,Himachal Pradesh,1358,947480,414531241000,302749495000
2020-09-30,NORTHERN REGION,Jammu & Kashmir,1416,2303164,827695344000,616305201000
2020-09-30,NORTHERN REGION,Ladakh,67,62909,26532762000,19797869000
2020-09-30,NORTHERN REGION,Punjab,6092,6027478,4908009672000,2316475509000
2020-09-30,NORTHERN REGION,Rajasthan,6061,9654058,4505184482000,3228157801000
2020-09-30,SOUTHERN REGION,Andhra Pradesh,5834,12312374,4949410037000,3993436940000
2020-09-30,SOUTHERN REGION,Karnataka,8658,16245554,9947399304000,6742866118000
2020-09-30,SOUTHERN REGION,Kerala,5929,11114175,4486269168000,3439758724000
2020-09-30,SOUTHERN REGION,Lakshadweep,12,5803,1378345000,965694000
2020-09-30,SOUTHERN REGION,Puducherry,219,606711,160789575000,126764244000
2020-09-30,SOUTHERN REGION,Tamil Nadu,10841,36255167,13858524077000,9762127263000
2020-09-30,SOUTHERN REGION,Telangana,4366,9400806,7491210711000,5038009928000
2020-09-30,WESTERN REGION,Dadra & Nagar Haveli and Daman & Diu,111,106050,56675387000,38896031000
2020-09-30,WESTERN REGION,Goa,669,459223,294676039000,195884484000
2020-09-30,WESTERN REGION,Gujarat,7606,9847640,8283129870000,5414668727000
2020-09-30,WESTERN REGION,Maharashtra,12128,52218242,45647382444000,27322533763000
2020-12-31,CENTRAL REGION,Chhattisgarh,2132,2804830,1543596515000,1024318666000
2020-12-31,CENTRAL REGION,Madhya Pradesh,5747,10223489,4082465108000,2845712052000
2020-12-31,CENTRAL REGION,Uttar Pradesh,13264,17633382,6498546224000,4525563207000
2020-12-31,CENTRAL REGION,Uttarakhand,1839,1449368,762115413000,555361847000
2020-12-31,EASTERN REGION,Andaman & Nicobar Islands,69,55554,35498395000,27137942000
2020-12-31,EASTERN REGION,Bihar,5282,10667623,1754755446000,1298490151000
2020-12-31,EASTERN REGION,Jharkhand,2666,4291892,1008481775000,710824702000
2020-12-31,EASTERN REGION,Odisha,4153,7995318,1887759279000,1341011898000
2020-12-31,EASTERN REGION,Sikkim,160,113366,52766736000,35993524000
2020-12-31,EASTERN REGION,West Bengal,8066,17031436,5882001049000,3977326402000
2020-12-31,NORTH-EASTERN REGION,Arunachal Pradesh,132,106008,61040021000,45570852000
2020-12-31,NORTH-EASTERN REGION,Assam,2420,5449585,1007031258000,743043586000
2020-12-31,NORTH-EASTERN REGION,Manipur,175,245542,85822483000,64511355000
2020-12-31,NORTH-EASTERN REGION,Meghalaya,264,245023,119910417000,85825795000
2020-12-31,NORTH-EASTERN REGION,Mizoram,115,104929,38300155000,28491875000
2020-12-31,NORTH-EASTERN REGION,Nagaland,163,182902,69987143000,51009401000
2020-12-31,NORTH-EASTERN REGION,Tripura,417,889683,108368900000,88181123000
2020-12-31,NORTHERN REGION,Chandigarh,388,565493,1266046737000,816645310000
2020-12-31,NORTHERN REGION,Delhi,3525,6258974,20059774701000,12894528185000
2020-12-31,NORTHERN REGION,Haryana,4370,5806680,4216527549000,2646912272000
2020-12-31,NORTHERN REGION,Himachal Pradesh,1364,951823,434525044000,313827012000
2020-12-31,NORTHERN REGION,Jammu & Kashmir,1417,2346150,860711444000,638716931000
2020-12-31,NORTHERN REGION,Ladakh,67,63828,27701308000,20915701000
2020-12-31,NORTHERN REGION,Punjab,6080,6105231,4974383986000,2443479261000
2020-12-31,NORTHERN REGION,Rajasthan,6093,9906145,4766670708000,3322886056000
2020-12-31,SOUTHERN REGION,Andhra Pradesh,5885,12784144,5181271638000,4194389561000
2020-12-31,SOUTHERN REGION,Karnataka,8678,16692786,10246479793000,6963515893000
2020-12-31,SOUTHERN REGION,Kerala,5958,11288224,4590576260000,3508058093000
2020-12-31,SOUTHERN REGION,Lakshadweep,12,5677,1373613000,942406000
2020-12-31,SOUTHERN REGION,Puducherry,217,617208,166958531000,131234263000
2020-12-31,SOUTHERN REGION,Tamil Nadu,10881,36857481,14192033580000,9862924884000
2020-12-31,SOUTHERN REGION,Telangana,4432,9890641,7800078976000,5265209593000
2020-12-31,WESTERN REGION,Dadra & Nagar Haveli and Daman & Diu,105,110505,58288629000,39803168000
2020-12-31,WESTERN REGION,Goa,665,469726,298497569000,204162653000
2020-12-31,WESTERN REGION,Gujarat,7517,10194503,8440478403000,5547130347000
2020-12-31,WESTERN REGION,Maharashtra,12144,54396812,46778145342000,27947452298000
2021-03-31,CENTRAL REGION,Chhattisgarh,2145,2860184,1786011703000,1041364390000
2021-03-31,CENTRAL REGION,Madhya Pradesh,5743,10637955,4270477219000,2942518729000
2021-03-31,CENTRAL REGION,Uttar Pradesh,13230,18056326,6784901829000,4725048698000
2021-03-31,CENTRAL REGION,Uttarakhand,1838,1472045,770333301000,557414332000
2021-03-31,EASTERN REGION,Andaman & Nicobar Islands,69,57035,36964734000,27952096000
2021-03-31,EASTERN REGION,Bihar,5263,10796631,1853125526000,1389273961000
2021-03-31,EASTERN REGION,Jharkhand,2659,4318552,1033582654000,729207850000
2021-03-31,EASTERN REGION,Odisha,4150,8108425,1903625107000,1350706597000
2021-03-31,EASTERN REGION,Sikkim,163,114686,55595833000,37995892000
2021-03-31,EASTERN REGION,West Bengal,8096,16566328,6112041596000,4012276850000
2021-03-31,NORTH-EASTERN REGION,Arunachal Pradesh,132,109693,64739830000,47202966000
2021-03-31,NORTH-EASTERN REGION,Assam,2428,5378910,1038170174000,764667008000
2021-03-31,NORTH-EASTERN REGION,Manipur,178,255299,92013566000,69257856000
2021-03-31,NORTH-EASTERN REGION,Meghalaya,264,243519,122628973000,88769412000
2021-03-31,NORTH-EASTERN REGION,Mizoram,115,106317,40138582000,29884660000
2021-03-31,NORTH-EASTERN REGION,Nagaland,164,187122,74028699000,53991531000
2021-03-31,NORTH-EASTERN REGION,Tripura,420,860733,113815202000,92473363000
2021-03-31,NORTHERN REGION,Chandigarh,384,576544,1193630371000,781528793000
2021-03-31,NORTHERN REGION,Delhi,3510,6369108,20759596218000,13156634217000
2021-03-31,NORTHERN REGION,Haryana,4347,5944910,4463276349000,2768036931000
2021-03-31,NORTHERN REGION,Himachal Pradesh,1361,953588,450368566000,323282784000
2021-03-31,NORTHERN REGION,Jammu & Kashmir,1407,2383985,897458269000,662229396000
2021-03-31,NORTHERN REGION,Ladakh,69,64315,28808657000,21313937000
2021-03-31,NORTHERN REGION,Punjab,5998,6168376,4918693027000,2450586383000
2021-03-31,NORTHERN REGION,Rajasthan,6079,10184102,4825437640000,3441433092000
2021-03-31,SOUTHERN REGION,Andhra Pradesh,5930,13169442,5442234642000,4348882180000
2021-03-31,SOUTHERN REGION,Karnataka,8659,17322557,10739424463000,7141131023000
2021-03-31,SOUTHERN REGION,Kerala,5969,11686495,4719984715000,3603058833000
2021-03-31,SOUTHERN REGION,Lakshadweep,12,5355,1396494000,972256000
2021-03-31,SOUTHERN REGION,Puducherry,217,629170,172647840000,135013082000
2021-03-31,SOUTHERN REGION,Tamil Nadu,10906,37847074,14695304890000,10101223929000
2021-03-31,SOUTHERN REGION,Telangana,4469,10256008,8179237977000,5380794063000
2021-03-31,WESTERN REGION,Dadra & Nagar Haveli and Daman & Diu,104,111737,59969912000,40894123000
2021-03-31,WESTERN REGION,Goa,659,474863,341139785000,210377284000
2021-03-31,WESTERN REGION,Gujarat,7541,10445820,8736836521000,5698046558000
2021-03-31,WESTERN REGION,Maharashtra,12158,56772651,49480389104000,29158966242000
2021-06-30,CENTRAL REGION,Chhattisgarh,2134,2803680,1629703029000,1078154257000
2021-06-30,CENTRAL REGION,Madhya Pradesh,5730,10351772,4589245770000,2978113451000
2021-06-30,CENTRAL REGION,Uttar Pradesh,13184,17476770,6807080658000,4699565124000
2021-06-30,CENTRAL REGION,Uttarakhand,1823,1426848,769653132000,543526356000
2021-06-30,EASTERN REGION,Andaman & Nicobar Islands,68,56042,36399965000,27650617000
2021-06-30,EASTERN REGION,Bihar,5269,10735475,1891536288000,1411630794000
2021-06-30,EASTERN REGION,Jharkhand,2634,4222281,1032584263000,729102068000
2021-06-30,EASTERN REGION,Odisha,4147,7953852,2001820775000,1350329806000
2021-06-30,EASTERN REGION,Sikkim,161,111685,56087954000,39891145000
2021-06-30,EASTERN REGION,West Bengal,8305,15894733,7066342886000,3892794550000
2021-06-30,NORTH-EASTERN REGION,Arunachal Pradesh,132,108896,65513952000,47937457000
2021-06-30,NORTH-EASTERN REGION,Assam,2456,5083452,1051851196000,763709485000
2021-06-30,NORTH-EASTERN REGION,Manipur,178,254254,93669025000,69746237000
2021-06-30,NORTH-EASTERN REGION,Meghalaya,266,238378,124376006000,88301128000
2021-06-30,NORTH-EASTERN REGION,Mizoram,117,104146,40806532000,30064258000
2021-06-30,NORTH-EASTERN REGION,Nagaland,165,185207,75306704000,54315004000
2021-06-30,NORTH-EASTERN REGION,Tripura,419,830248,114596608000,91689640000
2021-06-30,NORTHERN REGION,Chandigarh,379,548119,1217396418000,839087097000
2021-06-30,NORTHERN REGION,Delhi,3462,6303118,20658030128000,13006242247000
2021-06-30,NORTHERN REGION,Haryana,4310,5851767,4458956973000,2710837741000
2021-06-30,NORTHERN REGION,Himachal Pradesh,1350,927197,455068754000,325357071000
2021-06-30,NORTHERN REGION,Jammu & Kashmir,1408,2356978,916677737000,677059792000
2021-06-30,NORTHERN REGION,Ladakh,72,64920,30628905000,23110869000
2021-06-30,NORTHERN REGION,Punjab,5948,6026213,5285235515000,2463094608000
2021-06-30,NORTHERN REGION,Rajasthan,6089,9960241,4823137480000,3388472252000
2021-06-30,SOUTHERN REGION,Andhra Pradesh,5891,13154977,5539630737000,4377989194000
2021-06-30,SOUTHERN REGION,Karnataka,8534,17165771,10713494925000,7124020666000
2021-06-30,SOUTHERN REGION,Kerala,5914,11588322,4687782085000,3525441128000
2021-06-30,SOUTHERN REGION,Lakshadweep,12,5286,1426105000,962878000
2021-06-30,SOUTHERN REGION,Puducherry,215,624005,171552355000,133268109000
2021-06-30,SOUTHERN REGION,Tamil Nadu,10844,37556362,14801851112000,10081096176000
2021-06-30,SOUTHERN REGION,Telangana,4465,10258852,8151108548000,5474714685000
2021-06-30,WESTERN REGION,Dadra & Nagar Haveli and Daman & Diu,105,111179,59653251000,40460288000
2021-06-30,WESTERN REGION,Goa,652,468484,313996403000,206671733000
2021-06-30,WESTERN REGION,Gujarat,7542,10320951,8876657034000,5721902357000
2021-06-30,WESTERN REGION,Maharashtra,12147,58088437,49105458440000,28593995137000
2021-09-30,CENTRAL REGION,Chhattisgarh,2131,2844948,1655141808000,1047578196000
2021-09-30,CENTRAL REGION,Madhya Pradesh,5711,10517928,4633840037000,3010748299000
2021-09-30,CENTRAL REGION,Uttar Pradesh,13156,17953467,7018629690000,4803952901000
2021-09-30,CENTRAL REGION,Uttarakhand,1812,1447571,778731100000,556938622000
2021-09-30,EASTERN REGION,Andaman & Nicobar Islands,69,57646,37504808000,28814654000
2021-09-30,EASTERN REGION,Bihar,5282,10758710,1984440532000,1474216105000
2021-09-30,EASTERN REGION,Jharkhand,2649,4325458,1058677862000,742207407000
2021-09-30,EASTERN REGION,Odisha,4155,8143597,2110428352000,1383170164000
2021-09-30,EASTERN REGION,Sikkim,157,110972,56827715000,41533955000
2021-09-30,EASTERN REGION,West Bengal,8330,15516371,7200951540000,4047175064000
2021-09-30,NORTH-EASTERN REGION,Arunachal Pradesh,131,110380,67908758000,51079210000
2021-09-30,NORTH-EASTERN REGION,Assam,2439,4990770,1097309147000,792835734000
2021-09-30,NORTH-EASTERN REGION,Manipur,179,254974,96980735000,71977619000
2021-09-30,NORTH-EASTERN REGION,Meghalaya,262,236093,112908381000,80445063000
2021-09-30,NORTH-EASTERN REGION,Mizoram,117,100909,41885978000,30922381000
2021-09-30,NORTH-EASTERN REGION,Nagaland,166,185859,78140554000,56737914000
2021-09-30,NORTH-EASTERN REGION,Tripura,418,803537,117483546000,94102040000
2021-09-30,NORTHERN REGION,Chandigarh,375,553702,1347985316000,818736568000
2021-09-30,NORTHERN REGION,Delhi,3456,6314018,20450711412000,12748411784000
2021-09-30,NORTHERN REGION,Haryana,4265,5961771,4613738584000,2862543201000
2021-09-30,NORTHERN REGION,Himachal Pradesh,1342,939367,458410561000,333033341000
2021-09-30,NORTHERN REGION,Jammu & Kashmir,1424,2382362,949196233000,703132031000
2021-09-30,NORTHERN REGION,Ladakh,72,67033,33066402000,25437164000
2021-09-30,NORTHERN REGION,Punjab,5897,6153067,4808007470000,2472160318000
2021-09-30,NORTHERN REGION,Rajasthan,6067,10166648,5188504286000,3477691447000
2021-09-30,SOUTHERN REGION,Andhra Pradesh,5888,13453813,5683788455000,4552647036000
2021-09-30,SOUTHERN REGION,Karnataka,8474,17337511,11155674639000,7215493317000
2021-09-30,SOUTHERN REGION,Kerala,5892,11390921,4801619663000,3649109908000
2021-09-30,SOUTHERN REGION,Lakshadweep,12,5391,1458924000,1000204000
2021-09-30,SOUTHERN REGION,Puducherry,214,625160,172488013000,135075535000
2021-09-30,SOUTHERN REGION,Tamil Nadu,10671,38202080,15012642516000,10343487123000
2021-09-30,SOUTHERN REGION,Telangana,4463,10543340,8296819119000,5474883328000
2021-09-30,WESTERN REGION,Dadra & Nagar Haveli and Daman & Diu,102,113426,60157012000,42001472000
2021-09-30,WESTERN REGION,Goa,649,471002,315158414000,209741606000
2021-09-30,WESTERN REGION,Gujarat,7496,10573535,9198327570000,5817748307000
2021-09-30,WESTERN REGION,Maharashtra,12050,62074695,51197607876000,28502257695000
2021-12-31,CENTRAL REGION,Chhattisgarh,2164,2891034,1823481575000,1164151020000
2021-12-31,CENTRAL REGION,Madhya Pradesh,5774,10854100,4890977845000,3155871435000
2021-12-31,CENTRAL REGION,Uttar Pradesh,13183,18385140,7439959404000,5159497055000
2021-12-31,CENTRAL REGION,Uttarakhand,1815,1473849,824687155000,587807924000
2021-12-31,EASTERN REGION,Andaman & Nicobar Islands,69,59113,39274419000,30218166000
2021-12-31,EASTERN REGION,Bihar,5285,10932894,2077399218000,1538750291000
2021-12-31,EASTERN REGION,Jharkhand,2656,4414755,1139873111000,786729582000
2021-12-31,EASTERN REGION,Odisha,4196,8232733,2295044256000,1539048883000
2021-12-31,EASTERN REGION,Sikkim,159,113251,62901801000,45205901000
2021-12-31,EASTERN REGION,West Bengal,8321,14918635,6385361004000,4125438719000
2021-12-31,NORTH-EASTERN REGION,Arunachal Pradesh,132,113116,71755564000,54280570000
2021-12-31,NORTH-EASTERN REGION,Assam,2434,4830375,1143901443000,830177043000
2021-12-31,NORTH-EASTERN REGION,Manipur,182,259178,102653933000,76611995000
2021-12-31,NORTH-EASTERN REGION,Meghalaya,266,238435,120240324000,80695701000
2021-12-31,NORTH-EASTERN REGION,Mizoram,118,101502,43585859000,32493710000
2021-12-31,NORTH-EASTERN REGION,Nagaland,166,186417,81970644000,59521730000
2021-12-31,NORTH-EASTERN REGION,Tripura,419,767304,121405510000,97175400000
2021-12-31,NORTHERN REGION,Chandigarh,380,551984,1365457475000,836663519000
2021-12-31,NORTHERN REGION,Delhi,3475,6509721,21393717004000,13197635601000
2021-12-31,NORTHERN REGION,Haryana,4294,6147899,4928415114000,3071693126000
2021-12-31,NORTHERN REGION,Himachal Pradesh,1354,963711,486256285000,350260190000
2021-12-31,NORTHERN REGION,Jammu & Kashmir,1425,2406613,982809194000,721626647000
2021-12-31,NORTHERN REGION,Ladakh,75,67316,34198862000,26023923000
2021-12-31,NORTHERN REGION,Punjab,5902,6249732,5352239693000,2681555017000
2021-12-31,NORTHERN REGION,Rajasthan,6129,10487058,5596905898000,3656909996000
2021-12-31,SOUTHERN REGION,Andhra Pradesh,5937,13871255,5933611129000,4727441994000
2021-12-31,SOUTHERN REGION,Karnataka,8570,17981390,11647283550000,7590581278000
2021-12-31,SOUTHERN REGION,Kerala,5900,11856759,5051284651000,3810757920000
2021-12-31,SOUTHERN REGION,Lakshadweep,12,5737,1543443000,1069763000
2021-12-31,SOUTHERN REGION,Puducherry,215,660012,181522862000,141065591000
2021-12-31,SOUTHERN REGION,Tamil Nadu,10926,37989464,15419749312000,10494896467000
2021-12-31,SOUTHERN REGION,Telangana,4497,10762538,8567478578000,5690386818000
2021-12-31,WESTERN REGION,Dadra & Nagar Haveli and Daman & Diu,102,116126,63704515000,44736619000
2021-12-31,WESTERN REGION,Goa,642,476392,338233317000,218509738000
2021-12-31,WESTERN REGION,Gujarat,7547,11328681,9703916354000,6143212239000
2021-12-31,WESTERN REGION,Maharashtra,12165,66946696,52573131121000,29840015313000
2022-03-31,CENTRAL REGION,Chhattisgarh,2170,2859690,2077185141000,1257165619000
2022-03-31,CENTRAL REGION,Madhya Pradesh,5787,11167181,5180644695000,3292166846000
2022-03-31,CENTRAL REGION,Uttar Pradesh,13158,19021514,7864722510000,5510272597000
2022-03-31,CENTRAL REGION,Uttarakhand,1802,1514188,888366495000,617557516000
2022-03-31,EASTERN REGION,Andaman & Nicobar Islands,68,61020,40813046000,31462971000
2022-03-31,EASTERN REGION,Bihar,5305,11469178,2241678459000,1671048212000
2022-03-31,EASTERN REGION,Jharkhand,2653,4546715,1200301673000,833042417000
2022-03-31,EASTERN REGION,Odisha,4211,8459533,2360062719000,1623698743000
2022-03-31,EASTERN REGION,Sikkim,159,115104,66297174000,48781011000
2022-03-31,EASTERN REGION,West Bengal,8293,15082207,6828645135000,4400850649000
2022-03-31,NORTH-EASTERN REGION,Arunachal Pradesh,133,118293,75726300000,56473434000
2022-03-31,NORTH-EASTERN REGION,Assam,2434,4820670,1272620977000,875596612000
2022-03-31,NORTH-EASTERN REGION,Manipur,186,265209,108345424000,80965808000
2022-03-31,NORTH-EASTERN REGION,Meghalaya,264,240653,122060124000,84694170000
2022-03-31,NORTH-EASTERN REGION,Mizoram,118,101864,45917054000,34340657000
2022-03-31,NORTH-EASTERN REGION,Nagaland,165,188369,85699519000,62205993000
2022-03-31,NORTH-EASTERN REGION,Tripura,420,764151,128174173000,103073605000
2022-03-31,NORTHERN REGION,Chandigarh,380,541374,1331218552000,804759462000
2022-03-31,NORTHERN REGION,Delhi,3459,6573243,22366095362000,13881684266000
2022-03-31,NORTHERN REGION,Haryana,4297,6329300,5199786434000,3250736230000
2022-03-31,NORTHERN REGION,Himachal Pradesh,1353,988494,513152060000,368104535000
2022-03-31,NORTHERN REGION,Jammu & Kashmir,1426,2443379,1031630717000,754820669000
2022-03-31,NORTHERN REGION,Ladakh,74,68175,35600007000,26719032000
2022-03-31,NORTHERN REGION,Punjab,5867,6303778,5678266250000,2676277115000
2022-03-31,NORTHERN REGION,Rajasthan,6159,10926226,5532200629000,3892048119000
2022-03-31,SOUTHERN REGION,Andhra Pradesh,5935,14392242,6165732896000,4931437953000
2022-03-31,SOUTHERN REGION,Karnataka,8573,18304964,11994473046000,7979461328000
2022-03-31,SOUTHERN REGION,Kerala,5882,11533174,5214982673000,3944120393000
2022-03-31,SOUTHERN REGION,Lakshadweep,12,6016,1645756000,1175588000
2022-03-31,SOUTHERN REGION,Puducherry,215,656663,187379560000,146762824000
2022-03-31,SOUTHERN REGION,Tamil Nadu,10942,38123038,16062625975000,11096831736000
2022-03-31,SOUTHERN REGION,Telangana,4479,10945772,8971783466000,5896883931000
2022-03-31,WESTERN REGION,Dadra & Nagar Haveli and Daman & Diu,103,117759,67860301000,47212839000
2022-03-31,WESTERN REGION,Goa,640,480978,349210583000,226054458000
2022-03-31,WESTERN REGION,Gujarat,7538,11335070,9930274377000,6375856221000
2022-03-31,WESTERN REGION,Maharashtra,12164,72371088,55489366170000,31982478300000
2022-06-30,CENTRAL REGION,Chhattisgarh,2196,2920525,1938480794000,1298212059000
2022-06-30,CENTRAL REGION,Madhya Pradesh,5851,11245645,5150278270000,3348869021000
2022-06-30,CENTRAL REGION,Uttar Pradesh,13266,19390413,8048597999000,5631177996000
2022-06-30,CENTRAL REGION,Uttarakhand,1811,1530928,883106777000,627464342000
2022-06-30,EASTERN REGION,Andaman & Nicobar Islands,69,62537,41815943000,32319885000
2022-06-30,EASTERN REGION,Bihar,5329,11644826,2301123204000,1726610223000
2022-06-30,EASTERN REGION,Jharkhand,2659,4637687,1591473241000,851592819000
2022-06-30,EASTERN REGION,Odisha,4266,8709595,2447213729000,1635034579000
2022-06-30,EASTERN REGION,Sikkim,161,115975,68253650000,50469789000
2022-06-30,EASTERN REGION,West Bengal,8354,15110727,6808144721000,4399366095000
2022-06-30,NORTH-EASTERN REGION,Arunachal Pradesh,136,118893,77620583000,57772337000
2022-06-30,NORTH-EASTERN REGION,Assam,2434,4565278,1287186296000,884903997000
2022-06-30,NORTH-EASTERN REGION,Manipur,190,269784,113713217000,84837557000
2022-06-30,NORTH-EASTERN REGION,Meghalaya,267,238303,129362002000,89101775000
2022-06-30,NORTH-EASTERN REGION,Mizoram,119,101577,47541858000,35662303000
2022-06-30,NORTH-EASTERN REGION,Nagaland,170,187268,88383527000,64248501000
2022-06-30,NORTH-EASTERN REGION,Tripura,422,745532,128250148000,102476616000
2022-06-30,NORTHERN REGION,Chandigarh,378,546823,1244114976000,774636289000
2022-06-30,NORTHERN REGION,Delhi,3478,6715639,22570177797000,14132629406000
2022-06-30,NORTHERN REGION,Haryana,4318,6489392,5204162061000,3359667038000
2022-06-30,NORTHERN REGION,Himachal Pradesh,1369,1001417,522279865000,378136619000
2022-06-30,NORTHERN REGION,Jammu & Kashmir,1444,2459788,1060204484000,775813157000
2022-06-30,NORTHERN REGION,Ladakh,75,70077,38707176000,29694882000
2022-06-30,NORTHERN REGION,Punjab,5893,6369878,5493467545000,2668366486000
2022-06-30,NORTHERN REGION,Rajasthan,6253,11037745,5568143958000,3984925210000
2022-06-30,SOUTHERN REGION,Andhra Pradesh,6023,14563969,6321815312000,5063281029000
2022-06-30,SOUTHERN REGION,Karnataka,8643,18843001,12260603100000,8144727258000
2022-06-30,SOUTHERN REGION,Kerala,5925,11757642,5346655815000,4018753518000
2022-06-30,SOUTHERN REGION,Lakshadweep,12,6036,1779297000,1235751000
2022-06-30,SOUTHERN REGION,Puducherry,217,651532,193293687000,151841397000
2022-06-30,SOUTHERN REGION,Tamil Nadu,11033,38490244,16324729200000,11277549341000
2022-06-30,SOUTHERN REGION,Telangana,4550,11207066,9267931537000,6158516723000
2022-06-30,WESTERN REGION,Dadra & Nagar Haveli and Daman & Diu,103,119830,68152820000,47717041000
2022-06-30,WESTERN REGION,Goa,641,482350,343663737000,223192624000
2022-06-30,WESTERN REGION,Gujarat,7607,11624526,10238887740000,6455880113000
2022-06-30,WESTERN REGION,Maharashtra,12253,77902303,57028734743000,32964273854000
2022-09-30,CENTRAL REGION,Chhattisgarh,2234,3080192,1965044932000,1291902537000
2022-09-30,CENTRAL REGION,Madhya Pradesh,5869,11596791,5261117684000,3427546455000
2022-09-30,CENTRAL REGION,Uttar Pradesh,13320,19899095,8362269932000,5909283085000
2022-09-30,CENTRAL REGION,Uttarakhand,1818,1570487,918877577000,648546488000
2022-09-30,EASTERN REGION,Andaman & Nicobar Islands,69,65265,43927892000,34196658000
2022-09-30,EASTERN REGION,Bihar,5391,12045868,2409710985000,1777039905000
2022-09-30,EASTERN REGION,Jharkhand,2676,4766155,1276762991000,892012964000
2022-09-30,EASTERN REGION,Odisha,4304,8773615,2477304838000,1727133427000
2022-09-30,EASTERN REGION,Sikkim,161,118888,74365654000,55403215000
2022-09-30,EASTERN REGION,West Bengal,8382,15506704,6979363670000,4597342820000
2022-09-30,NORTH-EASTERN REGION,Arunachal Pradesh,139,122046,81407248000,61894757000
2022-09-30,NORTH-EASTERN REGION,Assam,2450,4610322,1351112012000,924183038000
2022-09-30,NORTH-EASTERN REGION,Manipur,194,280549,119611932000,90547699000
2022-09-30,NORTH-EASTERN REGION,Meghalaya,268,242669,133816700000,95023440000
2022-09-30,NORTH-EASTERN REGION,Mizoram,119,104133,49494479000,37204713000
2022-09-30,NORTH-EASTERN REGION,Nagaland,170,189251,92896620000,68163246000
2022-09-30,NORTH-EASTERN REGION,Tripura,425,757448,133310400000,106154791000
2022-09-30,NORTHERN REGION,Chandigarh,378,560002,1253136028000,776624485000
2022-09-30,NORTHERN REGION,Delhi,3487,6924339,23386851751000,14495651695000
2022-09-30,NORTHERN REGION,Haryana,4345,6747223,5411825485000,3530117073000
2022-09-30,NORTHERN REGION,Himachal Pradesh,1388,1011072,544860505000,392926495000
2022-09-30,NORTHERN REGION,Jammu & Kashmir,1453,2537925,1110108335000,815007230000
2022-09-30,NORTHERN REGION,Ladakh,76,72730,41460187000,31649426000
2022-09-30,NORTHERN REGION,Punjab,5909,6545821,5007567722000,2736660106000
2022-09-30,NORTHERN REGION,Rajasthan,6289,11406679,5826124013000,4128154953000
2022-09-30,SOUTHERN REGION,Andhra Pradesh,6066,15064064,6619759874000,5312052823000
2022-09-30,SOUTHERN REGION,Karnataka,8725,19404733,12709856258000,8449323126000
2022-09-30,SOUTHERN REGION,Kerala,5944,11860197,5555960774000,4230786319000
2022-09-30,SOUTHERN REGION,Lakshadweep,12,6102,1824311000,1269455000
2022-09-30,SOUTHERN REGION,Puducherry,219,649459,199346806000,156389830000
2022-09-30,SOUTHERN REGION,Tamil Nadu,11106,39502134,17030154310000,11827029858000
2022-09-30,SOUTHERN REGION,Telangana,4597,11523473,9623505380000,6284203176000
2022-09-30,WESTERN REGION,Dadra & Nagar Haveli and Daman & Diu,102,121248,72458153000,49823726000
2022-09-30,WESTERN REGION,Goa,646,493143,354189919000,231697043000
2022-09-30,WESTERN REGION,Gujarat,7653,12073940,10658329625000,6689705254000
2022-09-30,WESTERN REGION,Maharashtra,12411,84143825,61268187708000,35231471315000
2022-12-31,CENTRAL REGION,Chhattisgarh,2245,3071456,2045145452000,1400159447000
2022-12-31,CENTRAL REGION,Madhya Pradesh,5904,11750533,5448005315000,3620549131000
2022-12-31,CENTRAL REGION,Uttar Pradesh,13359,20437279,8753946160000,6145531039000
2022-12-31,CENTRAL REGION,Uttarakhand,1815,1620552,949705482000,667708495000
2022-12-31,EASTERN REGION,Andaman & Nicobar Islands,70,68111,45609286000,35393782000
2022-12-31,EASTERN REGION,Bihar,5429,12528436,2495269284000,1842602370000
2022-12-31,EASTERN REGION,Jharkhand,2696,4877709,1360796986000,937971343000
2022-12-31,EASTERN REGION,Odisha,4322,8867020,2623547992000,1812653366000
2022-12-31,EASTERN REGION,Sikkim,162,121449,75250077000,54936183000
2022-12-31,EASTERN REGION,West Bengal,8422,15620035,7271482516000,4654532774000
2022-12-31,NORTH-EASTERN REGION,Arunachal Pradesh,145,125655,86038492000,65983247000
2022-12-31,NORTH-EASTERN REGION,Assam,2464,4534418,1405147717000,964164504000
2022-12-31,NORTH-EASTERN REGION,Manipur,198,295421,127757178000,97636399000
2022-12-31,NORTH-EASTERN REGION,Meghalaya,272,248225,133481753000,94525621000
2022-12-31,NORTH-EASTERN REGION,Mizoram,120,108083,51595360000,38674740000
2022-12-31,NORTH-EASTERN REGION,Nagaland,171,195753,97556222000,71979774000
2022-12-31,NORTH-EASTERN REGION,Tripura,430,741713,134939735000,106970915000
2022-12-31,NORTHERN REGION,Chandigarh,385,561174,1295990005000,809632991000
2022-12-31,NORTHERN REGION,Delhi,3500,7177914,24388908384000,14643091053000
2022-12-31,NORTHERN REGION,Haryana,4369,6908342,5753624757000,3718492657000
2022-12-31,NORTHERN REGION,Himachal Pradesh,1394,1020787,564122461000,399796379000
2022-12-31,NORTHERN REGION,Jammu & Kashmir,1468,2588719,1141209229000,832500409000
2022-12-31,NORTHERN REGION,Ladakh,85,73985,42819175000,32392290000
2022-12-31,NORTHERN REGION,Punjab,5914,6629113,5605616380000,2860275320000
2022-12-31,NORTHERN REGION,Rajasthan,6359,11712298,6123788721000,4312593159000
2022-12-31,SOUTHERN REGION,Andhra Pradesh,6117,15576271,6883507860000,5526826691000
2022-12-31,SOUTHERN REGION,Karnataka,8761,19894660,13253999912000,8741288424000
2022-12-31,SOUTHERN REGION,Kerala,5961,11849854,5709277482000,4320636095000
2022-12-31,SOUTHERN REGION,Lakshadweep,13,6305,1821111000,1339285000
2022-12-31,SOUTHERN REGION,Puducherry,217,646017,201417510000,156964422000
2022-12-31,SOUTHERN REGION,Tamil Nadu,11184,40184259,17629585672000,12037582824000
2022-12-31,SOUTHERN REGION,Telangana,4645,11875910,9957733020000,6577253448000
2022-12-31,WESTERN REGION,Dadra & Nagar Haveli and Daman & Diu,103,122491,75334194000,51733708000
2022-12-31,WESTERN REGION,Goa,647,499139,400117979000,244086566000
2022-12-31,WESTERN REGION,Gujarat,7676,12771838,11034319353000,6931480865000
2022-12-31,WESTERN REGION,Maharashtra,12463,85753704,63565074985000,36717646324000
2023-03-31,CENTRAL REGION,Chhattisgarh,2260,3091736,2176106493000,1503934311000
2023-03-31,CENTRAL REGION,Madhya Pradesh,5978,11734183,5694969090000,3754566829000
2023-03-31,CENTRAL REGION,Uttar Pradesh,13423,21177443,9091086196000,6441258247000
2023-03-31,CENTRAL REGION,Uttarakhand,1828,1676856,995998324000,698922810000
2023-03-31,EASTERN REGION,Andaman & Nicobar Islands,70,70739,47243549000,36747137000
2023-03-31,EASTERN REGION,Bihar,5467,12949890,2642110596000,1973755904000
2023-03-31,EASTERN REGION,Jharkhand,2724,4963601,1429741396000,991919032000
2023-03-31,EASTERN REGION,Odisha,4376,8934020,2773004369000,1922279310000
2023-03-31,EASTERN REGION,Sikkim,164,123613,77951925000,58036072000
2023-03-31,EASTERN REGION,West Bengal,8477,15954201,7598868453000,4890303749000
2023-03-31,NORTH-EASTERN REGION,Arunachal Pradesh,147,129805,90528076000,69126701000
2023-03-31,NORTH-EASTERN REGION,Assam,2473,4477590,1468923940000,1018918632000
2023-03-31,NORTH-EASTERN REGION,Manipur,200,312948,136499547000,104773222000
2023-03-31,NORTH-EASTERN REGION,Meghalaya,269,252439,144321434000,106524008000
2023-03-31,NORTH-EASTERN REGION,Mizoram,121,111899,54055016000,40219384000
2023-03-31,NORTH-EASTERN REGION,Nagaland,176,199446,102300134000,75749572000
2023-03-31,NORTH-EASTERN REGION,Tripura,433,727859,138561698000,108782872000
2023-03-31,NORTHERN REGION,Chandigarh,387,572289,1250742385000,755872819000
2023-03-31,NORTHERN REGION,Delhi,3524,7270725,25011876372000,14962514732000
2023-03-31,NORTHERN REGION,Haryana,4426,7128432,6061944227000,3975005764000
2023-03-31,NORTHERN REGION,Himachal Pradesh,1398,1043441,588510850000,420649254000
2023-03-31,NORTHERN REGION,Jammu & Kashmir,1486,2646924,1186795534000,866020591000
2023-03-31,NORTHERN REGION,Ladakh,85,75532,44348115000,33047034000
2023-03-31,NORTHERN REGION,Punjab,5950,6728426,5951726970000,2910553242000
2023-03-31,NORTHERN REGION,Rajasthan,6475,11966012,6397123408000,4524589363000
2023-03-31,SOUTHERN REGION,Andhra Pradesh,6123,15940925,7153342936000,5745440818000
2023-03-31,SOUTHERN REGION,Karnataka,8830,19888746,13768131157000,9164948504000
2023-03-31,SOUTHERN REGION,Kerala,6004,12250096,6022516663000,4545907984000
2023-03-31,SOUTHERN REGION,Lakshadweep,13,6808,1929149000,1448379000
2023-03-31,SOUTHERN REGION,Puducherry,218,673567,211578797000,164951835000
2023-03-31,SOUTHERN REGION,Tamil Nadu,11299,39869393,18293727500000,12606939827000
2023-03-31,SOUTHERN REGION,Telangana,4668,12154235,10323014997000,6869261631000
2023-03-31,WESTERN REGION,Dadra & Nagar Haveli and Daman & Diu,103,123391,79522579000,54071938000
2023-03-31,WESTERN REGION,Goa,647,508433,689588196000,255659100000
2023-03-31,WESTERN REGION,Gujarat,7817,12606273,11494436927000,7212700599000
2023-03-31,WESTERN REGION,Maharashtra,12561,93269579,66063792942000,38918789035000
2023-06-30,CENTRAL REGION,Chhattisgarh,2294,3136122,2178229374000,1502920215000
2023-06-30,CENTRAL REGION,Madhya Pradesh,6011,12080080,6057944837000,3765139897000
2023-06-30,CENTRAL REGION,Uttar Pradesh,13513,21782728,9269396344000,6483325796000
2023-06-30,CENTRAL REGION,Uttarakhand,1841,1699298,1011115130000,717061549000
2023-06-30,EASTERN REGION,Andaman & Nicobar Islands,70,72363,48646297000,37544217000
2023-06-30,EASTERN REGION,Bihar,5508,13658076,2728719065000,2021844460000
2023-06-30,EASTERN REGION,Jharkhand,2754,5022595,1469810628000,1010824323000
2023-06-30,EASTERN REGION,Odisha,4420,9069961,2969775515000,2011097846000
2023-06-30,EASTERN REGION,Sikkim,170,125324,79488624000,59352146000
2023-06-30,EASTERN REGION,West Bengal,8522,16420117,7717770609000,4820844711000
2023-06-30,NORTH-EASTERN REGION,Arunachal Pradesh,151,134653,93976681000,71838504000
2023-06-30,NORTH-EASTERN REGION,Assam,2500,4600262,1508297900000,1054522505000
2023-06-30,NORTH-EASTERN REGION,Manipur,202,314426,137913946000,103518732000
2023-06-30,NORTH-EASTERN REGION,Meghalaya,274,257639,150331089000,110867619000
2023-06-30,NORTH-EASTERN REGION,Mizoram,122,114832,55596125000,41457964000
2023-06-30,NORTH-EASTERN REGION,Nagaland,176,203463,105150212000,77158902000
2023-06-30,NORTH-EASTERN REGION,Tripura,439,725640,141553825000,110182040000
2023-06-30,NORTHERN REGION,Chandigarh,379,587220,1262441863000,803117462000
2023-06-30,NORTHERN REGION,Delhi,3450,7354042,25048612893000,15280740341000
2023-06-30,NORTHERN REGION,Haryana,4407,7364527,6187010463000,4008007517000
2023-06-30,NORTHERN REGION,Himachal Pradesh,1423,1066720,609071618000,436421588000
2023-06-30,NORTHERN REGION,Jammu & Kashmir,1524,2714297,1221101086000,890771948000
2023-06-30,NORTHERN REGION,Ladakh,85,78034,47706840000,35729422000
2023-06-30,NORTHERN REGION,Punjab,5933,6858134,5945922858000,2894083876000
2023-06-30,NORTHERN REGION,Rajasthan,6471,12311140,6438274882000,4524721605000
2023-06-30,SOUTHERN REGION,Andhra Pradesh,6111,16173539,7309411476000,5836297566000
2023-06-30,SOUTHERN REGION,Karnataka,8746,21369683,14135230030000,9293732931000
2023-06-30,SOUTHERN REGION,Kerala,6087,12479786,6106746109000,4632066411000
2023-06-30,SOUTHERN REGION,Lakshadweep,13,7021,1991974000,1467434000
2023-06-30,SOUTHERN REGION,Puducherry,220,675870,216250277000,168029885000
2023-06-30,SOUTHERN REGION,Tamil Nadu,11227,40451885,18607377760000,12710957531000
2023-06-30,SOUTHERN REGION,Telangana,4673,12479848,10259854126000,6886140909000
2023-06-30,WESTERN REGION,Dadra & Nagar Haveli and Daman & Diu,102,125508,77501902000,52856596000
2023-06-30,WESTERN REGION,Goa,638,516063,686169076000,255313575000
2023-06-30,WESTERN REGION,Gujarat,7784,12973604,11538019379000,7085527902000
2023-06-30,WESTERN REGION,Maharashtra,12363,97375273,69913277776000,40717712948000
2023-09-30,CENTRAL REGION,Chhattisgarh,2350,3247400,2440296771000,1610580746000
2023-09-30,CENTRAL REGION,Madhya Pradesh,6086,12511027,6379473114000,4085966163000
2023-09-30,CENTRAL REGION,Uttar Pradesh,13708,22895426,10235124090000,7244944111000
2023-09-30,CENTRAL REGION,Uttarakhand,1874,1819888,1148948261000,814714512000
2023-09-30,EASTERN REGION,Andaman & Nicobar Islands,69,75225,50122766000,38581406000
2023-09-30,EASTERN REGION,Bihar,5576,14239457,2865773622000,2131090811000
2023-09-30,EASTERN REGION,Jharkhand,2786,5152000,1547252672000,1072718852000
2023-09-30,EASTERN REGION,Odisha,4497,9321146,3024569478000,2133516151000
2023-09-30,EASTERN REGION,Sikkim,166,127041,79752581000,61718108000
2023-09-30,EASTERN REGION,West Bengal,8612,16813968,8097003642000,5130283011000
2023-09-30,NORTH-EASTERN REGION,Arunachal Pradesh,154,140422,100062898000,76295192000
2023-09-30,NORTH-EASTERN REGION,Assam,2537,4611969,1603573834000,1122925567000
2023-09-30,NORTH-EASTERN REGION,Manipur,203,308608,139494406000,104113630000
2023-09-30,NORTH-EASTERN REGION,Meghalaya,275,266223,160339715000,118291209000
2023-09-30,NORTH-EASTERN REGION,Mizoram,123,118499,57756947000,43115894000
2023-09-30,NORTH-EASTERN REGION,Nagaland,179,209124,109909103000,80727983000
2023-09-30,NORTH-EASTERN REGION,Tripura,441,725813,149012800000,115979058000
2023-09-30,NORTHERN REGION,Chandigarh,387,589834,1360542107000,851796514000
2023-09-30,NORTHERN REGION,Delhi,3590,7528258,25580899452000,15640359124000
2023-09-30,NORTHERN REGION,Haryana,4516,7746663,6993524107000,4655308420000
2023-09-30,NORTHERN REGION,Himachal Pradesh,1430,1082389,633813033000,456116755000
2023-09-30,NORTHERN REGION,Jammu & Kashmir,1534,2791177,1276348834000,932158059000
2023-09-30,NORTHERN REGION,Ladakh,86,80395,50903216000,37963252000
2023-09-30,NORTHERN REGION,Punjab,6039,7137111,6543219311000,3234848124000
2023-09-30,NORTHERN REGION,Rajasthan,6623,12865385,7379908201000,5033205593000
2023-09-30,SOUTHERN REGION,Andhra Pradesh,6264,16777728,7819866103000,6264167256000
2023-09-30,SOUTHERN REGION,Karnataka,8959,22096941,15458818737000,10322384237000
2023-09-30,SOUTHERN REGION,Kerala,6156,13043112,6685268620000,5083354093000
2023-09-30,SOUTHERN REGION,Lakshadweep,13,7190,2042835000,1506748000
2023-09-30,SOUTHERN REGION,Puducherry,222,690187,234516255000,182856544000
2023-09-30,SOUTHERN REGION,Tamil Nadu,11522,41600612,20180903129000,14011399740000
2023-09-30,SOUTHERN REGION,Telangana,4816,13056433,11277161716000,7744908923000
2023-09-30,WESTERN REGION,Dadra & Nagar Haveli and Daman & Diu,105,139468,93645893000,64197937000
2023-09-30,WESTERN REGION,Goa,647,526652,712861094000,276542374000
2023-09-30,WESTERN REGION,Gujarat,8030,14321821,12959693082000,8080023773000
2023-09-30,WESTERN REGION,Maharashtra,12821,103584821,73675419139000,43450987507000
2023-12-31,CENTRAL REGION,Chhattisgarh,2373,3332473,2476370347000,1726775603000
2023-12-31,CENTRAL REGION,Madhya Pradesh,6106,12831873,6455860655000,4256878144000
2023-12-31,CENTRAL REGION,Uttar Pradesh,13840,23780485,10817887703000,7635396298000
2023-12-31,CENTRAL REGION,Uttarakhand,1887,1870624,1197984426000,847533930000
2023-12-31,EASTERN REGION,Andaman & Nicobar Islands,69,77071,52502656000,40216531000
2023-12-31,EASTERN REGION,Bihar,5637,14911512,3020286644000,2223988165000
2023-12-31,EASTERN REGION,Jharkhand,2810,5275648,1619913096000,1135341657000
2023-12-31,EASTERN REGION,Odisha,4541,9668846,3266637948000,2286953387000
2023-12-31,EASTERN REGION,Sikkim,170,126996,85605968000,63155618000
2023-12-31,EASTERN REGION,West Bengal,8629,17167047,8387971787000,5284834822000
2023-12-31,NORTH-EASTERN REGION,Arunachal Pradesh,158,143807,105337188000,80766900000
2023-12-31,NORTH-EASTERN REGION,Assam,2562,4426045,1650135552000,1170680511000
2023-12-31,NORTH-EASTERN REGION,Manipur,207,300982,144148380000,108007961000
2023-12-31,NORTH-EASTERN REGION,Meghalaya,278,274893,164340843000,121561271000
2023-12-31,NORTH-EASTERN REGION,Mizoram,125,120420,60357895000,45141596000
2023-12-31,NORTH-EASTERN REGION,Nagaland,182,213404,114777643000,84285696000
2023-12-31,NORTH-EASTERN REGION,Tripura,455,729492,158579411000,122529213000
2023-12-31,NORTHERN REGION,Chandigarh,400,586811,1352268579000,855225775000
2023-12-31,NORTHERN REGION,Delhi,3638,7531115,26301790567000,16291760603000
2023-12-31,NORTHERN REGION,Haryana,4569,7950292,7260964207000,4834647925000
2023-12-31,NORTHERN REGION,Himachal Pradesh,1435,1114488,670315075000,478856296000
2023-12-31,NORTHERN REGION,Jammu & Kashmir,1544,2853833,1324643528000,959133453000
2023-12-31,NORTHERN REGION,Ladakh,87,81001,52158325000,38212488000
2023-12-31,NORTHERN REGION,Punjab,6085,7231573,7253504175000,3418209463000
2023-12-31,NORTHERN REGION,Rajasthan,6707,13201832,7416881533000,5225288164000
2023-12-31,SOUTHERN REGION,Andhra Pradesh,6336,17387975,8177556471000,6560671688000
2023-12-31,SOUTHERN REGION,Karnataka,9036,22405369,16036358578000,10658466993000
2023-12-31,SOUTHERN REGION,Kerala,6190,13590865,6884105325000,5217305249000
2023-12-31,SOUTHERN REGION,Lakshadweep,13,7356,2117217000,1585729000
2023-12-31,SOUTHERN REGION,Puducherry,225,698442,243367542000,188432034000
2023-12-31,SOUTHERN REGION,Tamil Nadu,11596,42161342,20769718662000,14482412944000
2023-12-31,SOUTHERN REGION,Telangana,4871,13502895,11603846667000,8073139420000
2023-12-31,WESTERN REGION,Dadra & Nagar Haveli and Daman & Diu,104,142681,96555819000,66399403000
2023-12-31,WESTERN REGION,Goa,645,541515,703332565000,288224578000
2023-12-31,WESTERN REGION,Gujarat,8058,14330757,13290281585000,8363581094000
2023-12-31,WESTERN REGION,Maharashtra,12879,107581273,76585302687000,44927513616000
2024-03-31,CENTRAL REGION,Chhattisgarh,2381,3393720,2604613510000,1774130398000
2024-03-31,CENTRAL REGION,Madhya Pradesh,6150,13050471,6582661315000,4485277543000
2024-03-31,CENTRAL REGION,Uttar Pradesh,13884,24262301,11371350031000,7955406663000
2024-03-31,CENTRAL REGION,Uttarakhand,1895,1905531,1212836023000,862399694000
2024-03-31,EASTERN REGION,Andaman & Nicobar Islands,70,78959,54623922000,41098492000
2024-03-31,EASTERN REGION,Bihar,5649,15350386,3175957954000,2381714005000
2024-03-31,EASTERN REGION,Jharkhand,2820,5387084,1713730312000,1191355387000
2024-03-31,EASTERN REGION,Odisha,4556,9799522,3331548354000,2373877806000
2024-03-31,EASTERN REGION,Sikkim,169,127886,88999035000,65196746000
2024-03-31,EASTERN REGION,West Bengal,8640,17615241,9669364679000,5497503074000
2024-03-31,NORTH-EASTERN REGION,Arunachal Pradesh,163,144146,109001188000,82821737000
2024-03-31,NORTH-EASTERN REGION,Assam,2570,4449117,1692430453000,1208207597000
2024-03-31,NORTH-EASTERN REGION,Manipur,210,299875,149102566000,112877569000
2024-03-31,NORTH-EASTERN REGION,Meghalaya,280,278421,175160152000,128744916000
2024-03-31,NORTH-EASTERN REGION,Mizoram,126,120819,62688196000,46973308000
2024-03-31,NORTH-EASTERN REGION,Nagaland,186,216487,118583341000,87566871000
2024-03-31,NORTH-EASTERN REGION,Tripura,453,749511,165222359000,128703308000
2024-03-31,NORTHERN REGION,Chandigarh,402,596069,1346434635000,830077182000
2024-03-31,NORTHERN REGION,Delhi,3659,7800281,27254183586000,16800852096000
2024-03-31,NORTHERN REGION,Haryana,4598,8082106,7662065259000,5100366344000
2024-03-31,NORTHERN REGION,Himachal Pradesh,1438,1139391,700167066000,498075373000
2024-03-31,NORTHERN REGION,Jammu & Kashmir,1546,3065573,1361348580000,982799529000
2024-03-31,NORTHERN REGION,Ladakh,90,81309,53011937000,38238264000
2024-03-31,NORTHERN REGION,Punjab,6110,7325044,6738582535000,3490487224000
2024-03-31,NORTHERN REGION,Rajasthan,6759,13444342,7680226816000,5443871998000
2024-03-31,SOUTHERN REGION,Andhra Pradesh,6344,17805519,8526419921000,6808898161000
2024-03-31,SOUTHERN REGION,Karnataka,9052,23078693,16618903758000,11148875003000
2024-03-31,SOUTHERN REGION,Kerala,6214,13883973,7117145762000,5405503440000
2024-03-31,SOUTHERN REGION,Lakshadweep,14,7618,2221926000,1674480000
2024-03-31,SOUTHERN REGION,Puducherry,227,700664,255640220000,198010275000
2024-03-31,SOUTHERN REGION,Tamil Nadu,11641,40418857,20881573626000,14937122964000
2024-03-31,SOUTHERN REGION,Telangana,4886,13826552,11916632503000,8332137938000
2024-03-31,WESTERN REGION,Dadra & Nagar Haveli and Daman & Diu,105,143940,99518784000,68996149000
2024-03-31,WESTERN REGION,Goa,649,548631,720543425000,298104135000
2024-03-31,WESTERN REGION,Gujarat,8068,14625279,13722379694000,8737017537000
2024-03-31,WESTERN REGION,Maharashtra,12910,109356920,79368661132000,46796677751000
2024-06-30,CENTRAL REGION,Chhattisgarh,2387,3413663,2673079324000,1839557052000
2024-06-30,CENTRAL REGION,Madhya Pradesh,6191,13072160,6906015724000,4587548396000
2024-06-30,CENTRAL REGION,Uttar Pradesh,14058,24550049,11772246881000,8110789788000
2024-06-30,CENTRAL REGION,Uttarakhand,1914,1918169,1286677585000,892475002000
2024-06-30,EASTERN REGION,Andaman & Nicobar Islands,71,79615,55301096000,41494103000
2024-06-30,EASTERN REGION,Bihar,5695,15518473,3319337848000,2414984735000
2024-06-30,EASTERN REGION,Jharkhand,2850,5343691,1783104509000,1228681398000
2024-06-30,EASTERN REGION,Odisha,4602,9800938,3477545929000,2396675176000
2024-06-30,EASTERN REGION,Sikkim,171,126391,89045524000,66083621000
2024-06-30,EASTERN REGION,West Bengal,8703,17768097,9033611268000,5563460361000
2024-06-30,NORTH-EASTERN REGION,Arunachal Pradesh,169,144780,111547458000,84577173000
2024-06-30,NORTH-EASTERN REGION,Assam,2615,4320090,1759769304000,1227298518000
2024-06-30,NORTH-EASTERN REGION,Manipur,213,298550,151397006000,114766418000
2024-06-30,NORTH-EASTERN REGION,Meghalaya,282,277746,177001072000,128790812000
2024-06-30,NORTH-EASTERN REGION,Mizoram,127,121804,64323828000,48056095000
2024-06-30,NORTH-EASTERN REGION,Nagaland,193,217030,121168267000,88455380000
2024-06-30,NORTH-EASTERN REGION,Tripura,463,773572,168973783000,130313051000
2024-06-30,NORTHERN REGION,Chandigarh,411,605833,1655815979000,927748394000
2024-06-30,NORTHERN REGION,Delhi,3689,7915108,28568253418000,17287613627000
2024-06-30,NORTHERN REGION,Haryana,4677,8245546,8087655005000,5184326770000
2024-06-30,NORTHERN REGION,Himachal Pradesh,1452,1172352,728752599000,511302541000
2024-06-30,NORTHERN REGION,Jammu & Kashmir,1570,3108467,1389260098000,997111883000
2024-06-30,NORTHERN REGION,Ladakh,92,83000,55789253000,40362201000
2024-06-30,NORTHERN REGION,Punjab,6173,7398680,7295006580000,3517207313000
2024-06-30,NORTHERN REGION,Rajasthan,6792,13665641,8005456080000,5546721534000
2024-06-30,SOUTHERN REGION,Andhra Pradesh,6406,18077130,8716056710000,6905347918000
2024-06-30,SOUTHERN REGION,Karnataka,9132,24198903,16999253315000,11315116366000
2024-06-30,SOUTHERN REGION,Kerala,6293,13992827,7263285572000,5478722731000
2024-06-30,SOUTHERN REGION,Lakshadweep,15,7632,2237066000,1679803000
2024-06-30,SOUTHERN REGION,Puducherry,231,710987,261357671000,202360641000
2024-06-30,SOUTHERN REGION,Tamil Nadu,11802,42508757,21845168951000,15393447302000
2024-06-30,SOUTHERN REGION,Telangana,4943,14246640,12215632067000,8507702424000
2024-06-30,WESTERN REGION,Dadra & Nagar Haveli and Daman & Diu,107,146784,103489309000,68873937000
2024-06-30,WESTERN REGION,Goa,653,552708,432282630000,293413935000
2024-06-30,WESTERN REGION,Gujarat,8177,14844607,14160722840000,8969359548000
2024-06-30,WESTERN REGION,Maharashtra,13000,106804471,80201946352000,46846240688000
2024-09-30,CENTRAL REGION,Chhattisgarh,2394,3422320,2716903196000,1882688093000
2024-09-30,CENTRAL REGION,Madhya Pradesh,6225,12980160,7137360458000,4683347268000
2024-09-30,CENTRAL REGION,Uttar Pradesh,14155,24785581,12047774304000,8277021293000
2024-09-30,CENTRAL REGION,Uttarakhand,1931,1913563,1316487221000,922235393000
2024-09-30,EASTERN REGION,Andaman & Nicobar Islands,72,80694,56106494000,42663586000
2024-09-30,EASTERN REGION,Bihar,5723,15358588,3429464063000,2468643546000
2024-09-30,EASTERN REGION,Jharkhand,2873,5276979,1840724358000,1288786394000
2024-09-30,EASTERN REGION,Odisha,4637,9834230,3527678785000,2400075005000
2024-09-30,EASTERN REGION,Sikkim,175,126299,91954719000,69744375000
2024-09-30,EASTERN REGION,West Bengal,8750,17778187,9433966337000,5794095911000
2024-09-30,NORTH-EASTERN REGION,Arunachal Pradesh,174,148259,116505178000,88570495000
2024-09-30,NORTH-EASTERN REGION,Assam,2625,4750917,1823099698000,1278682197000
2024-09-30,NORTH-EASTERN REGION,Manipur,215,296539,155538834000,117651689000
2024-09-30,NORTH-EASTERN REGION,Meghalaya,286,281862,179955536000,128663101000
2024-09-30,NORTH-EASTERN REGION,Mizoram,128,123358,66018016000,49325208000
2024-09-30,NORTH-EASTERN REGION,Nagaland,199,220245,123706816000,90517184000
2024-09-30,NORTH-EASTERN REGION,Tripura,470,777667,174225874000,133926144000
2024-09-30,NORTHERN REGION,Chandigarh,412,579295,1599267314000,852617032000
2024-09-30,NORTHERN REGION,Delhi,3714,7874511,29202427053000,17312193336000
2024-09-30,NORTHERN REGION,Haryana,4695,8421316,8366207958000,5430786374000
2024-09-30,NORTHERN REGION,Himachal Pradesh,1463,1182380,751730306000,528791348000
2024-09-30,NORTHERN REGION,Jammu & Kashmir,1585,3132989,1421945058000,1018051513000
2024-09-30,NORTHERN REGION,Ladakh,95,84254,58185970000,42157328000
2024-09-30,NORTHERN REGION,Punjab,6199,7397431,7277920062000,3545084728000
2024-09-30,NORTHERN REGION,Rajasthan,6820,13597721,8143530498000,5725617496000
2024-09-30,SOUTHERN REGION,Andhra Pradesh,6447,18468281,9035925532000,7069288754000
2024-09-30,SOUTHERN REGION,Karnataka,9208,24384545,17719991984000,11818562858000
2024-09-30,SOUTHERN REGION,Kerala,6319,13977626,7495257401000,5643472730000
2024-09-30,SOUTHERN REGION,Lakshadweep,16,7842,2313125000,1747994000
2024-09-30,SOUTHERN REGION,Puducherry,234,710567,265558516000,208893266000
2024-09-30,SOUTHERN REGION,Tamil Nadu,11843,40606993,22156370962000,15780874997000
2024-09-30,SOUTHERN REGION,Telangana,4989,14499920,12530971954000,8709890884000
2024-09-30,WESTERN REGION,Dadra & Nagar Haveli and Daman & Diu,107,148393,105940767000,71716090000
2024-09-30,WESTERN REGION,Goa,655,559760,445957255000,304415197000
2024-09-30,WESTERN REGION,Gujarat,8249,14891978,14707065505000,9316381421000
2024-09-30,WESTERN REGION,Maharashtra,13072,107583060,83177752065000,48420303646000
2024-12-31,CENTRAL REGION,Chhattisgarh,2418,3417010,2877168227000,1987886685000
2024-12-31,CENTRAL REGION,Madhya Pradesh,6287,12908665,7339777489000,4889595139000
2024-12-31,CENTRAL REGION,Uttar Pradesh,14272,24688735,12500523307000,8620709214000
2024-12-31,CENTRAL REGION,Uttarakhand,1938,1914630,1359401469000,954712412000
2024-12-31,EASTERN REGION,Andaman & Nicobar Islands,71,81762,57599975000,43696316000
2024-12-31,EASTERN REGION,Bihar,5758,15028609,3535115188000,2536740971000
2024-12-31,EASTERN REGION,Jharkhand,2889,5214840,1922113518000,1347818178000
2024-12-31,EASTERN REGION,Odisha,4680,9684230,3816310133000,2522232284000
2024-12-31,EASTERN REGION,Sikkim,176,126915,95148302000,71420479000
2024-12-31,EASTERN REGION,West Bengal,8811,17665494,9707530010000,5972181505000
2024-12-31,NORTH-EASTERN REGION,Arunachal Pradesh,181,152649,122822719000,93606797000
2024-12-31,NORTH-EASTERN REGION,Assam,2639,11889722,1907333046000,1338933902000
2024-12-31,NORTH-EASTERN REGION,Manipur,217,293713,160051211000,121137846000
2024-12-31,NORTH-EASTERN REGION,Meghalaya,291,284708,185594021000,131315701000
2024-12-31,NORTH-EASTERN REGION,Mizoram,130,123264,67896205000,50762080000
2024-12-31,NORTH-EASTERN REGION,Nagaland,205,224233,128215502000,94214461000
2024-12-31,NORTH-EASTERN REGION,Tripura,472,778595,178585115000,137159700000
2024-12-31,NORTHERN REGION,Chandigarh,407,579002,1632525902000,909444152000
2024-12-31,NORTHERN REGION,Delhi,3730,8078939,30620714147000,18418401884000
2024-12-31,NORTHERN REGION,Haryana,4726,8416185,8658639521000,5706318127000
2024-12-31,NORTHERN REGION,Himachal Pradesh,1473,1197635,783226767000,549027730000
2024-12-31,NORTHERN REGION,Jammu & Kashmir,1601,3145825,1446864007000,1030562000000
2024-12-31,NORTHERN REGION,Ladakh,96,84088,58651119000,41909087000
2024-12-31,NORTHERN REGION,Punjab,6230,7372255,8074791281000,3749975417000
2024-12-31,NORTHERN REGION,Rajasthan,6874,13604630,8446909072000,5927771804000
2024-12-31,SOUTHERN REGION,Andhra Pradesh,6531,18743472,9239912923000,7235909365000
2024-12-31,SOUTHERN REGION,Karnataka,9255,24115898,17997404300000,12010289173000
2024-12-31,SOUTHERN REGION,Kerala,6392,13886037,7652038781000,5720632775000
2024-12-31,SOUTHERN REGION,Lakshadweep,16,8204,2443345000,1849688000
2024-12-31,SOUTHERN REGION,Puducherry,234,706605,272555555000,214299168000
2024-12-31,SOUTHERN REGION,Tamil Nadu,11963,40336811,22570630317000,16094641869000
2024-12-31,SOUTHERN REGION,Telangana,5067,14665093,12924103516000,8996837603000
2024-12-31,WESTERN REGION,Dadra & Nagar Haveli and Daman & Diu,108,149595,107935577000,75001107000
2024-12-31,WESTERN REGION,Goa,659,563122,455272325000,314357963000
2024-12-31,WESTERN REGION,Gujarat,8320,15079508,15243892358000,9670116073000
2024-12-31,WESTERN REGION,Maharashtra,13183,108405127,84198773472000,49201818845000
2025-03-31,CENTRAL REGION,Chhattisgarh,2434,3378029,2947029918000,2033192884000
2025-03-31,CENTRAL REGION,Madhya Pradesh,6374,12770946,7763398881000,5057764347000
2025-03-31,CENTRAL REGION,Uttar Pradesh,14378,24755536,12948824174000,8897965741000
2025-03-31,CENTRAL REGION,Uttarakhand,1953,1926969,1420663219000,975079937000
2025-03-31,EASTERN REGION,Andaman & Nicobar Islands,73,83309,59319711000,44626513000
2025-03-31,EASTERN REGION,Bihar,5820,14702331,3640160884000,2617804413000
2025-03-31,EASTERN REGION,Jharkhand,2912,5298761,2061788007000,1376281859000
2025-03-31,EASTERN REGION,Odisha,4722,9462689,4025894541000,2648382775000
2025-03-31,EASTERN REGION,Sikkim,177,127266,96940159000,70665954000
2025-03-31,EASTERN REGION,West Bengal,8835,17320228,9993238356000,6136814136000
2025-03-31,NORTH-EASTERN REGION,Arunachal Pradesh,189,154944,128266957000,97582446000
2025-03-31,NORTH-EASTERN REGION,Assam,2644,12157079,1971523486000,1387600067000
2025-03-31,NORTH-EASTERN REGION,Manipur,220,286950,164751613000,125467677000
2025-03-31,NORTH-EASTERN REGION,Meghalaya,292,286794,198919377000,137225388000
2025-03-31,NORTH-EASTERN REGION,Mizoram,131,122984,69845182000,52526643000
2025-03-31,NORTH-EASTERN REGION,Nagaland,205,227242,132072438000,97135514000
2025-03-31,NORTH-EASTERN REGION,Tripura,472,770110,185735042000,142051340000
2025-03-31,NORTHERN REGION,Chandigarh,406,559527,1626223757000,910350248000
2025-03-31,NORTHERN REGION,Delhi,3748,8106612,31540174193000,19005676874000
2025-03-31,NORTHERN REGION,Haryana,4759,8474134,9042131513000,5905294607000
2025-03-31,NORTHERN REGION,Himachal Pradesh,1471,1219765,821809545000,570812020000
2025-03-31,NORTHERN REGION,Jammu & Kashmir,1604,3223338,1474036715000,1042089315000
2025-03-31,NORTHERN REGION,Ladakh,94,84736,59632552000,42218931000
2025-03-31,NORTHERN REGION,Punjab,6264,7378485,8419237760000,3790582293000
2025-03-31,NORTHERN REGION,Rajasthan,6919,13514064,8758125450000,6141705137000
2025-03-31,SOUTHERN REGION,Andhra Pradesh,6539,18866339,9513696118000,7376655625000
2025-03-31,SOUTHERN REGION,Karnataka,9276,23592874,18580805523000,12302069002000
2025-03-31,SOUTHERN REGION,Kerala,6421,14660762,8058720848000,5880535597000
2025-03-31,SOUTHERN REGION,Lakshadweep,17,8583,2585053000,1953731000
2025-03-31,SOUTHERN REGION,Puducherry,234,704742,280717428000,220510400000
2025-03-31,SOUTHERN REGION,Tamil Nadu,12047,39759476,23777990029000,16602959923000
2025-03-31,SOUTHERN REGION,Telangana,5091,14814516,13537314455000,9266696206000
2025-03-31,WESTERN REGION,Dadra & Nagar Haveli and Daman & Diu,109,150583,110883516000,76249613000
2025-03-31,WESTERN REGION,Goa,661,563948,480844916000,322440251000
2025-03-31,WESTERN REGION,Gujarat,8361,15036270,15919284949000,9969285702000
2025-03-31,WESTERN REGION,Maharashtra,13237,104746408,88838224715000,51187646689000
2025-06-30,CENTRAL REGION,Chhattisgarh,2462,3337239,3029432267000,2098179825000
2025-06-30,CENTRAL REGION,Madhya Pradesh,6438,12614034,7872405114000,5155007190000
2025-06-30,CENTRAL REGION,Uttar Pradesh,14598,24714666,13165102686000,9052184720000
2025-06-30,CENTRAL REGION,Uttarakhand,1993,1915403,1452867180000,1013390990000
2025-06-30,EASTERN REGION,Andaman & Nicobar Islands,74,84174,61159407000,46128183000
2025-06-30,EASTERN REGION,Bihar,5889,14233728,3710833492000,2668429832000
2025-06-30,EASTERN REGION,Jharkhand,2966,5212484,2109295917000,1383416872000
2025-06-30,EASTERN REGION,Odisha,4775,9187008,4020820812000,2695811704000
2025-06-30,EASTERN REGION,Sikkim,181,126432,99148990000,72646691000
2025-06-30,EASTERN REGION,West Bengal,8917,16983823,10171930234000,6217247258000
2025-06-30,NORTH-EASTERN REGION,Arunachal Pradesh,191,155543,131159432000,98969650000
2025-06-30,NORTH-EASTERN REGION,Assam,2663,13025855,2004224620000,1407163145000
2025-06-30,NORTH-EASTERN REGION,Manipur,223,281310,167728834000,127032837000
2025-06-30,NORTH-EASTERN REGION,Meghalaya,294,288439,203044499000,143064849000
2025-06-30,NORTH-EASTERN REGION,Mizoram,131,122362,71201428000,53149694000
2025-06-30,NORTH-EASTERN REGION,Nagaland,206,228511,134885565000,98364701000
2025-06-30,NORTH-EASTERN REGION,Tripura,473,757819,187672321000,143602369000
2025-06-30,NORTHERN REGION,Chandigarh,410,567042,1725881082000,1015144156000
2025-06-30,NORTHERN REGION,Delhi,3783,7901283,30069157657000,17680861600000
2025-06-30,NORTHERN REGION,Haryana,4824,8495186,9216583520000,6036104149000
2025-06-30,NORTHERN REGION,Himachal Pradesh,1489,1221709,830421374000,579955972000
2025-06-30,NORTHERN REGION,Jammu & Kashmir,1611,3286509,1508572683000,1060366499000
2025-06-30,NORTHERN REGION,Ladakh,96,87308,62149436000,44400528000
2025-06-30,NORTHERN REGION,Punjab,6312,7282463,7867750176000,3810313056000
2025-06-30,NORTHERN REGION,Rajasthan,7015,13378818,8941181970000,6236760894000
2025-06-30,SOUTHERN REGION,Andhra Pradesh,6588,18701637,9725706623000,7522044473000
2025-06-30,SOUTHERN REGION,Karnataka,9375,23192878,18846281904000,12437229752000
2025-06-30,SOUTHERN REGION,Kerala,6484,14485397,8329068474000,6011233558000
2025-06-30,SOUTHERN REGION,Lakshadweep,17,8663,2664579000,2003283000
2025-06-30,SOUTHERN REGION,Puducherry,235,695651,290491503000,229669061000
2025-06-30,SOUTHERN REGION,Tamil Nadu,12143,38967404,23791809144000,16973257762000
2025-06-30,SOUTHERN REGION,Telangana,5179,14869678,13695908340000,9332068715000
2025-06-30,WESTERN REGION,Dadra & Nagar Haveli and Daman & Diu,110,149753,112105933000,75766922000
2025-06-30,WESTERN REGION,Goa,671,559803,479965007000,321670561000
2025-06-30,WESTERN REGION,Gujarat,8458,15065975,16340081537000,10274685212000
2025-06-30,WESTERN REGION,Maharashtra,13412,104320284,90153302422000,51287083944000
2025-09-30,CENTRAL REGION,Chhattisgarh,2487,3272074,3194038146000,2180406648000
2025-09-30,CENTRAL REGION,Madhya Pradesh,6493,12339051,8141280388000,5293829727000
2025-09-30,CENTRAL REGION,Uttar Pradesh,14708,24467700,13648413719000,9341719541000
2025-09-30,CENTRAL REGION,Uttarakhand,2002,1903792,1516195018000,1044742133000
2025-09-30,EASTERN REGION,Andaman & Nicobar Islands,73,85331,63606048000,48000450000
2025-09-30,EASTERN REGION,Bihar,5932,13554458,3809281618000,2746725716000
2025-09-30,EASTERN REGION,Jharkhand,2998,5047427,2163154837000,1422992854000
2025-09-30,EASTERN REGION,Odisha,4821,8878323,4220362158000,2706758983000
2025-09-30,EASTERN REGION,Sikkim,183,126949,104328446000,78146704000
2025-09-30,EASTERN REGION,West Bengal,8958,16727826,10618841741000,6475186222000
2025-09-30,NORTH-EASTERN REGION,Arunachal Pradesh,194,159581,138267800000,104404869000
2025-09-30,NORTH-EASTERN REGION,Assam,2673,13343211,2077291362000,1441042232000
2025-09-30,NORTH-EASTERN REGION,Manipur,223,280412,174056261000,132606120000
2025-09-30,NORTH-EASTERN REGION,Meghalaya,293,289839,204794933000,145015413000
2025-09-30,NORTH-EASTERN REGION,Mizoram,136,123128,73281905000,54854793000
2025-09-30,NORTH-EASTERN REGION,Nagaland,211,229069,138589366000,101158582000
2025-09-30,NORTH-EASTERN REGION,Tripura,476,745004,193163551000,147338325000
2025-09-30,NORTHERN REGION,Chandigarh,413,544956,1834090659000,1039775683000
2025-09-30,NORTHERN REGION,Delhi,3801,7670341,30950872620000,18132018568000
2025-09-30,NORTHERN REGION,Haryana,4883,8460493,9625830892000,6312022535000
2025-09-30,NORTHERN REGION,Himachal Pradesh,1501,1230885,857028120000,601994514000
2025-09-30,NORTHERN REGION,Jammu & Kashmir,1624,3275438,1541132850000,1095524301000
2025-09-30,NORTHERN REGION,Ladakh,95,87969,64076223000,46495468000
2025-09-30,NORTHERN REGION,Punjab,6344,7200347,8215620580000,3924739034000
2025-09-30,NORTHERN REGION,Rajasthan,7100,13193515,9319634761000,6497671397000
2025-09-30,SOUTHERN REGION,Andhra Pradesh,6653,18653699,10027165119000,7740537419000
2025-09-30,SOUTHERN REGION,Karnataka,9443,22673998,19473458211000,12858537763000
2025-09-30,SOUTHERN REGION,Kerala,6536,14464425,8595196903000,6166571562000
2025-09-30,SOUTHERN REGION,Lakshadweep,17,8911,2793964000,2097575000
2025-09-30,SOUTHERN REGION,Puducherry,237,685650,299506256000,236268314000
2025-09-30,SOUTHERN REGION,Tamil Nadu,12230,38257744,24882908546000,17657336387000
2025-09-30,SOUTHERN REGION,Telangana,5216,14889555,14075587110000,9674860620000
2025-09-30,WESTERN REGION,Dadra & Nagar Haveli and Daman & Diu,111,150082,115022816000,76516908000
2025-09-30,WESTERN REGION,Goa,676,560736,498831077000,332986706000
2025-09-30,WESTERN REGION,Gujarat,8539,14858199,17058369838000,10636902779000
2025-09-30,WESTERN REGION,Maharashtra,13523,102689837,92482406387000,53307379485000
2025-12-31,CENTRAL REGION,Chhattisgarh,2503,3289124,3344931634000,2323401485000
2025-12-31,CENTRAL REGION,Madhya Pradesh,6530,12372992,8378812921000,5500716180000
2025-12-31,CENTRAL REGION,Uttar Pradesh,14851,24441851,14228927398000,9765253316000
2025-12-31,CENTRAL REGION,Uttarakhand,2013,1908185,1558063625000,1084335139000
2025-12-31,EASTERN REGION,Andaman & Nicobar Islands,73,86074,65808679000,49943722000
2025-12-31,EASTERN REGION,Bihar,6016,12889774,3933390153000,2799631772000
2025-12-31,EASTERN REGION,Jharkhand,3021,4925061,2260325785000,1532701647000
2025-12-31,EASTERN REGION,Odisha,4883,8648117,4382300391000,2785209086000
2025-12-31,EASTERN REGION,Sikkim,186,126421,107287432000,78419424000
2025-12-31,EASTERN REGION,West Bengal,9028,16489100,11145186394000,6758988983000
2025-12-31,NORTH-EASTERN REGION,Arunachal Pradesh,199,162387,145308636000,110340408000
2025-12-31,NORTH-EASTERN REGION,Assam,2683,13690206,2181572713000,1498757021000
2025-12-31,NORTH-EASTERN REGION,Manipur,229,278711,182388219000,140414398000
2025-12-31,NORTH-EASTERN REGION,Meghalaya,293,292520,209827688000,151055081000
2025-12-31,NORTH-EASTERN REGION,Mizoram,137,124097,76317715000,57047793000
2025-12-31,NORTH-EASTERN REGION,Nagaland,214,231161,142791946000,105414738000
2025-12-31,NORTH-EASTERN REGION,Tripura,479,723173,199773517000,152246492000
2025-12-31,NORTHERN REGION,Chandigarh,413,551897,1900294741000,1091085337000
2025-12-31,NORTHERN REGION,Delhi,3823,7857705,32589148345000,18964129760000
2025-12-31,NORTHERN REGION,Haryana,4936,8521427,10069822716000,6570654478000
2025-12-31,NORTHERN REGION,Himachal Pradesh,1505,1243406,887736390000,626959704000
2025-12-31,NORTHERN REGION,Jammu & Kashmir,1636,3330272,1580760549000,1128778616000
2025-12-31,NORTHERN REGION,Ladakh,96,89203,65685241000,47505392000
2025-12-31,NORTHERN REGION,Punjab,6366,7178793,8231068315000,4189748042000
2025-12-31,NORTHERN REGION,Rajasthan,7159,13248552,9790760123000,6768694914000
2025-12-31,SOUTHERN REGION,Andhra Pradesh,6713,18885285,10464374132000,8131325840000
2025-12-31,SOUTHERN REGION,Karnataka,9528,21844051,19965078635000,13214041794000
2025-12-31,SOUTHERN REGION,Kerala,6579,14517868,8998556659000,6416781050000
2025-12-31,SOUTHERN REGION,Lakshadweep,17,9225,2951169000,2225138000
2025-12-31,SOUTHERN REGION,Puducherry,238,680178,312556877000,248988092000
2025-12-31,SOUTHERN REGION,Tamil Nadu,12345,38586269,25981818501000,18640197497000
2025-12-31,SOUTHERN REGION,Telangana,5295,15089141,14804818231000,10179085162000
2025-12-31,WESTERN REGION,Dadra & Nagar Haveli and Daman & Diu,112,149621,117725584000,79639088000
2025-12-31,WESTERN REGION,Goa,686,559116,520326062000,347428127000
2025-12-31,WESTERN REGION,Gujarat,8649,15040459,17716081116000,11147184400000
2025-12-31,WESTERN REGION,Maharashtra,13703,102715450,95984715956000,55630961867000
2026-03-31,CENTRAL REGION,Chhattisgarh,2524,3291056,3446810440000,2377473582000
2026-03-31,CENTRAL REGION,Madhya Pradesh,6574,12405878,8656867888000,5718554908000
2026-03-31,CENTRAL REGION,Uttar Pradesh,14935,24455369,14806181153000,10156719397000
2026-03-31,CENTRAL REGION,Uttarakhand,2024,1911936,1615522413000,1118380650000
2026-03-31,EASTERN REGION,Andaman & Nicobar Islands,73,86062,67910958000,51304385000
2026-03-31,EASTERN REGION,Bihar,6068,12136592,4090878517000,2916808835000
2026-03-31,EASTERN REGION,Jharkhand,3042,4782528,2351810688000,1590101310000
2026-03-31,EASTERN REGION,Odisha,4927,8292977,4492790582000,2968817700000
2026-03-31,EASTERN REGION,Sikkim,183,126569,108099459000,77038970000
2026-03-31,EASTERN REGION,West Bengal,9048,16446632,11758011678000,7073179636000
2026-03-31,NORTH-EASTERN REGION,Arunachal Pradesh,196,165169,152351793000,114499131000
2026-03-31,NORTH-EASTERN REGION,Assam,2691,14003200,2260574950000,1535213924000
2026-03-31,NORTH-EASTERN REGION,Manipur,233,283223,191806748000,148780212000
2026-03-31,NORTH-EASTERN REGION,Meghalaya,295,292700,202660127000,148139753000
2026-03-31,NORTH-EASTERN REGION,Mizoram,140,125643,78809975000,58884140000
2026-03-31,NORTH-EASTERN REGION,Nagaland,218,231523,147608893000,109174143000
2026-03-31,NORTH-EASTERN REGION,Tripura,477,710786,207719587000,157243571000
2026-03-31,NORTHERN REGION,Chandigarh,414,551985,1833351747000,1057282104000
2026-03-31,NORTHERN REGION,Delhi,3862,7751690,34674999768000,19881421414000
2026-03-31,NORTHERN REGION,Haryana,4990,8547338,10534937080000,6852021817000
2026-03-31,NORTHERN REGION,Himachal Pradesh,1507,1258391,924787077000,648867951000
2026-03-31,NORTHERN REGION,Jammu & Kashmir,1652,3357929,1618884739000,1156766995000
2026-03-31,NORTHERN REGION,Ladakh,98,89635,66457012000,47656980000
2026-03-31,NORTHERN REGION,Punjab,6389,7227962,7962945677000,4279991487000
2026-03-31,NORTHERN REGION,Rajasthan,7209,13296400,10141657532000,7084208741000
2026-03-31,SOUTHERN REGION,Andhra Pradesh,6736,18966485,10917424215000,8466931772000
2026-03-31,SOUTHERN REGION,Karnataka,9570,21528077,20871002400000,13893110084000
2026-03-31,SOUTHERN REGION,Kerala,6615,14590248,9389773262000,6686227116000
2026-03-31,SOUTHERN REGION,Lakshadweep,18,9722,3125367000,2357339000
2026-03-31,SOUTHERN REGION,Puducherry,237,678786,332404636000,265923067000
2026-03-31,SOUTHERN REGION,Tamil Nadu,12446,38657560,27350153062000,19710348362000
2026-03-31,SOUTHERN REGION,Telangana,5355,15127192,15368785246000,10568821903000
2026-03-31,WESTERN REGION,Dadra & Nagar Haveli and Daman & Diu,113,149441,123024244000,82003702000
2026-03-31,WESTERN REGION,Goa,684,555897,537593850000,359822580000
2026-03-31,WESTERN REGION,Gujarat,8694,15089226,18577059117000,11588596470000
2026-03-31,WESTERN REGION,Maharashtra,13800,104807184,100482442261000,59409078137000
2026-06-30,CENTRAL REGION,Chhattisgarh,2569,3361117,3761696988000,2597570955000
2026-06-30,CENTRAL REGION,Madhya Pradesh,6658,12572340,9238470120000,6101105421000
2026-06-30,CENTRAL REGION,Uttar Pradesh,15128,25108206,16035646885000,10915007930000
2026-06-30,CENTRAL REGION,Uttarakhand,2038,1960415,1721089143000,1201893167000
2026-06-30,EASTERN REGION,Andaman & Nicobar Islands,73,87736,70945946000,53730329000
2026-06-30,EASTERN REGION,Bihar,6133,11896653,4299904764000,3108193046000
2026-06-30,EASTERN REGION,Jharkhand,3085,4784557,2486369728000,1695414242000
2026-06-30,EASTERN REGION,Odisha,4967,8287610,5100879747000,3214552076000
2026-06-30,EASTERN REGION,Sikkim,184,128797,116305666000,84840110000
2026-06-30,EASTERN REGION,West Bengal,9117,16304556,12494224114000,7594005160000
2026-06-30,NORTH-EASTERN REGION,Arunachal Pradesh,205,168678,161006994000,120509930000
2026-06-30,NORTH-EASTERN REGION,Assam,2719,14510358,2414950432000,1644402174000
2026-06-30,NORTH-EASTERN REGION,Manipur,239,288091,203368583000,156791078000
2026-06-30,NORTH-EASTERN REGION,Meghalaya,294,295665,208716278000,153788162000
2026-06-30,NORTH-EASTERN REGION,Mizoram,142,126756,80969209000,60303780000
2026-06-30,NORTH-EASTERN REGION,Nagaland,225,234682,153997120000,113729595000
2026-06-30,NORTH-EASTERN REGION,Tripura,481,703024,216101978000,163486914000
2026-06-30,NORTHERN REGION,Chandigarh,413,573733,1865403026000,1178663643000
2026-06-30,NORTHERN REGION,Delhi,3878,7993576,35711551915000,20816451445000
2026-06-30,NORTHERN REGION,Haryana,5043,8842961,11595339704000,7627991389000
2026-06-30,NORTHERN REGION,Himachal Pradesh,1519,1287292,977560753000,684449459000
2026-06-30,NORTHERN REGION,Jammu & Kashmir,1662,3394765,1675680734000,1204076654000
2026-06-30,NORTHERN REGION,Ladakh,98,93145,70374319000,50368099000
2026-06-30,NORTHERN REGION,Punjab,6427,7389021,8692455560000,4613925617000
2026-06-30,NORTHERN REGION,Rajasthan,7290,13696400,10969417821000,7640847456000
2026-06-30,SOUTHERN REGION,Andhra Pradesh,6792,19052860,11601727462000,8954162436000
2026-06-30,SOUTHERN REGION,Karnataka,9686,21624387,22674820792000,15077521791000
2026-06-30,SOUTHERN REGION,Kerala,6680,15196433,9883791438000,6937162004000
2026-06-30,SOUTHERN REGION,Lakshadweep,18,9964,3225670000,2409918000
2026-06-30,SOUTHERN REGION,Puducherry,238,689766,362521015000,290984601000
2026-06-30,SOUTHERN REGION,Tamil Nadu,12579,39357859,29226483570000,20963382294000
2026-06-30,SOUTHERN REGION,Telangana,5418,15450805,16892359275000,11483580830000
2026-06-30,WESTERN REGION,Dadra & Nagar Haveli and Daman & Diu,114,160805,143849482000,96084231000
2026-06-30,WESTERN REGION,Goa,687,570581,592475370000,390399273000
2026-06-30,WESTERN REGION,Gujarat,8807,15819874,20626697206000,13059614501000
2026-06-30,WESTERN REGION,Maharashtra,14000,93071391,93060454160000,53547065877000
