state_key,fy_end,branches,credit_accounts,deposits_rs_crore,credit_rs_crore,nsdp_pc_rs,deposit_accounts,pop_18plus_000,pop_total_000,branches_per_lakh_adults,deposit_accts_per_adult,credit_accts_per_adult,deposits_per_capita,credit_per_capita,norm_deposit_accts_per_adult,norm_credit_accts_per_adult,norm_deposits_per_capita,norm_credit_per_capita,Access,Usage,AUG,ln_nsdp_pc
ANDAMAN AND NICOBAR ISLANDS,2012,46.0,33057.0,2012.0,774.0,89100.0,366000.0,243.7,383.0,18.87566680344686,1.5018465326220762,0.13564628641772672,52532.63707571801,20208.8772845953,0.14137436402757997,0.10304735511865201,0.04934027716484214,0.022798715366293257,0.12221085957311599,0.0360694962655677,0.08614136330754829,11.3975146134589
ANDAMAN AND NICOBAR ISLANDS,2013,53.0,36909.0,2329.0,898.0,98777.0,405000.0,247.3,385.0,21.431459765467046,1.637687019813991,0.1492478770723817,60493.506493506495,23324.675324675325,0.15935167033071782,0.11975814279584615,0.059309438272262906,0.02715510041697717,0.13955490656328198,0.04323226934462004,0.09632263721866194,11.500620063113073
ANDAMAN AND NICOBAR ISLANDS,2014,59.0,37901.0,2591.0,1014.0,111087.0,440000.0,251.0,387.0,23.50597609561753,1.752988047808765,0.151,66950.90439276486,26201.5503875969,0.17461075795751846,0.12191078471627863,0.06739584650408016,0.03117743285174402,0.14826077133689855,0.049286639677912095,0.09897413165898646,11.618068957080148
ANDAMAN AND NICOBAR ISLANDS,2015,61.0,39865.0,2949.0,1182.0,126344.0,523000.0,255.4,390.0,23.884103367267034,2.047768206734534,0.15608848864526234,75615.38461538461,30307.69230769231,0.21362234661303695,0.1281624545031275,0.07824611859350138,0.03691847737600039,0.17089240055808222,0.05758229798475088,0.11331010257333134,11.74676362454989
ANDAMAN AND NICOBAR ISLANDS,2016,63.0,41595.0,3232.0,1429.0,137064.0,555000.0,259.1,392.0,24.31493631802393,2.14203010420687,0.16053647240447702,82448.97959183673,36454.08163265306,0.22609708841207857,0.13362720594868036,0.08680362728858024,0.0455121147769195,0.17986214718037946,0.06615787103274987,0.1137042761476296,11.828203249012809
ANDAMAN AND NICOBAR ISLANDS,2017,67.0,43141.0,4102.0,1579.0,153904.0,586000.0,262.8,394.0,25.494672754946727,2.2298325722983257,0.16415905631659056,104111.67512690356,40076.142131979694,0.23771698094692761,0.1380778788247554,0.11393117962947504,0.050576335887840405,0.18789742988584152,0.08225375775865772,0.1056436721271838,11.944084310392396
ANDAMAN AND NICOBAR ISLANDS,2018,69.0,45326.0,4683.0,1843.0,178709.0,601404.0,265.8,395.0,25.959367945823928,2.2626185101580134,0.17052671181339352,118556.96202531646,46658.22784810127,0.24205591449702998,0.14590112109915623,0.13202058479060097,0.05977914667569739,0.1939785177980931,0.09589986573314918,0.09807865206494393,12.093514063617418
ANDAMAN AND NICOBAR ISLANDS,2019,69.0,47929.0,5186.0,2181.0,204254.0,615681.0,269.5,397.0,25.60296846011132,2.284530612244898,0.17784415584415583,130629.72292191436,54937.027707808564,0.24495579051414867,0.1548912647259218,0.14713894587320098,0.07135423578047986,0.19992352762003524,0.10924659082684042,0.09067693679319482,12.227119596373818
ANDAMAN AND NICOBAR ISLANDS,2020,71.0,50461.0,5811.0,2561.0,219653.0,624585.0,273.2,399.0,25.98828696925329,2.2861822840409958,0.18470351390922402,145639.09774436092,64185.46365914787,0.24517437490238597,0.16331860819901584,0.16593474164298036,0.08428503155169338,0.2042464915507009,0.12510988659733688,0.07913660495336403,12.299804307403074
ANDAMAN AND NICOBAR ISLANDS,2021,72.0,58904.0,6043.0,2812.0,205368.0,583380.0,276.3,400.0,26.058631921824105,2.111400651465798,0.21318856315598986,151075.0,70300.0,0.2220435469002184,0.19831507456997038,0.17274196111948223,0.09283413337552902,0.21017931073509438,0.13278804724750562,0.07739126348758876,12.232558770766001
ANDAMAN AND NICOBAR ISLANDS,2022,72.0,94580.0,6773.0,3462.0,229570.0,608150.0,279.6,402.0,25.751072961373392,2.1750715307582262,0.3382689556509299,168482.58706467663,86119.40298507463,0.23046983366708618,0.3519876805638661,0.19454096708627322,0.11495219423455488,0.29122875711547613,0.15474658066041405,0.13648217645506208,12.343963272869617
ANDAMAN AND NICOBAR ISLANDS,2023,70.0,74253.0,7122.0,3705.0,263984.0,643072.0,282.3,403.0,24.79631597591215,2.2779737867516827,0.263028692879915,176724.5657568238,91935.48387096774,0.24408805172209602,0.25954819404598445,0.20486215301633584,0.12308400749682345,0.25181812288404026,0.16397308025657964,0.08784504262746062,12.483643774231226
ANDHRA PRADESH AND TELANGANA,2012,8333.0,15784568.0,345177.0,384212.0,160121.0,79129000.0,58683.100000000006,85231.0,14.199999659186373,1.3484120641206752,0.2689797914561432,40498.99684387136,45078.90321596602,0.12106864741297538,0.2668596583650027,0.034270905732626686,0.057570997710614226,0.19396415288898905,0.04592095172162046,0.14804320116736858,11.98368505840302
ANDHRA PRADESH AND TELANGANA,2013,9095.0,18004029.0,393440.0,440659.0,175694.0,95331000.0,59706.5,85882.0,15.232847344928942,1.5966603301148117,0.30154219389848674,45811.695116555275,51309.820451316926,0.15392214499131046,0.3068655229207871,0.04092384050846365,0.06628281867813567,0.2303938339560488,0.05360332959329966,0.17679050436274912,12.07649912447428
ANDHRA PRADESH AND TELANGANA,2014,9900.0,19834064.0,440999.0,490843.0,195032.0,117330000.0,60738.0,86532.0,16.299515953768644,1.9317396028845204,0.3265511541374428,50963.68973327786,56723.87093791892,0.1982669706536574,0.33759129869154647,0.04737553085322752,0.0738525290059832,0.26792913467260193,0.060614029929605365,0.20731510474299658,12.180918926646633
ANDHRA PRADESH AND TELANGANA,2015,11011.0,19862776.0,516865.0,532161.0,218007.0,135319000.0,61778.3,87182.0,17.823410485558846,2.1903969516804445,0.32151703753583377,59285.74705787892,61040.23766373793,0.23249801975386009,0.33140642989144503,0.05779699688415587,0.0798875015028349,0.2819522248226526,0.06884224919349538,0.2131099756291572,12.292282451347452
ANDHRA PRADESH AND TELANGANA,2016,11485.0,20349470.0,566023.0,594832.0,248842.0,143789000.0,62828.0,87833.0,18.28006621251671,2.288613357101929,0.32389173616858724,64443.09086561998,67723.0653626769,0.24549610626514207,0.334323962528386,0.06425538586248085,0.08923116572928982,0.289910034396764,0.07674327579588533,0.21316675860087866,12.424573435889696
ANDHRA PRADESH AND TELANGANA,2017,12038.0,20556011.0,656883.0,647399.0,280071.0,159727000.0,63708.0,88369.0,18.89558611163433,2.5071733534250016,0.3226598072455579,74334.09906188822,73260.87202525773,0.27442061972011456,0.3328104261201209,0.07664160262457034,0.09697390702641998,0.30361552292011773,0.08680775482549516,0.21680776809462257,12.542798421436157
ANDHRA PRADESH AND TELANGANA,2018,12122.0,22311427.0,692383.0,757814.0,317657.0,158852565.0,64594.100000000006,88905.0,18.76641984329838,2.4592426398076603,0.34540967363892366,77878.97193633654,85238.62549912828,0.26807740689867077,0.36076070021941986,0.08108074198687862,0.11372072614085998,0.3144190535590453,0.0974007340638693,0.21701831949517603,12.668727463284863
ANDHRA PRADESH AND TELANGANA,2019,12314.0,25602199.0,759033.0,892090.0,363879.0,159730743.0,65486.200000000004,89441.0,18.803961750719996,2.4391511952136478,0.3909556364547034,84864.10035665969,99740.61112912423,0.2654184790561285,0.4167180462014057,0.08982801152789437,0.13399682638583113,0.3410682626287671,0.11191241895686274,0.22915584367190436,12.804576673773488
ANDHRA PRADESH AND TELANGANA,2020,12640.0,27710019.0,823057.0,969241.0,391667.0,161754002.0,66384.4,89977.0,19.040617976512557,2.4366267074794683,0.41741763125071557,91474.15450615158,107720.97313757961,0.2650843850743266,0.4492290067043846,0.09810558666281799,0.14515465154185053,0.3571566958893556,0.12163011910233426,0.23552657678702135,12.878167267955755
ANDHRA PRADESH AND TELANGANA,2021,13010.0,30857244.0,965238.0,1088013.0,393797.0,167242590.0,67288.0,90512.0,19.334799667102605,2.485474230174771,0.45858465105219354,106641.99222202582,120206.4919568676,0.2715489295985397,0.49980642405739895,0.11709982082308253,0.1626114079922724,0.38567767682796933,0.13985561440767746,0.24582206242029186,12.883590827077901
ANDHRA PRADESH AND TELANGANA,2022,13051.0,33417677.0,1024830.0,1211417.0,462703.0,173095114.0,67960.8,90879.0,19.203717437110807,2.5469846440889454,0.49171988852397264,112768.62641534347,133299.99229745046,0.2796892975744411,0.5405160683985043,0.1247720234575008,0.18091822005489722,0.4101026829864727,0.15284512175619902,0.25725756123027366,13.044840658556804
ANDHRA PRADESH AND TELANGANA,2023,13482.0,36932373.0,1123606.0,1417610.0,531963.0,181304426.0,68636.8,91246.0,19.642524126998925,2.6415046447386823,0.5380841327101497,123140.3020406374,155361.33090765623,0.2921981970828216,0.5974787472557471,0.13776016581183018,0.21176350735635138,0.44483847216928435,0.17476183658409078,0.27007663558519357,13.184329217032966
ARUNACHAL PRADESH,2012,96.0,71401.0,5753.0,1375.0,73540.0,727000.0,866.2,1399.0,11.082890787347033,0.839298083583468,0.08243015469868391,41122.23016440315,9828.44889206576,0.05369184274651001,0.037666511014644695,0.03505136237044203,0.008285212729983423,0.04567917688057735,0.021668287550212724,0.024010889330364625,11.205584754855263
ARUNACHAL PRADESH,2013,106.0,75548.0,7011.0,1531.0,82626.0,749000.0,890.1,1414.0,11.908774295023031,0.8414784855634199,0.08487585664532075,49582.74398868458,10827.439886845827,0.05398039997320918,0.040671277662136886,0.045646213377212204,0.009681962255930217,0.047325838817673035,0.02766408781657121,0.019661751001101825,11.32207967995518
ARUNACHAL PRADESH,2014,128.0,78680.0,7525.0,1784.0,94135.0,859000.0,914.3,1429.0,13.999781253417915,0.9395165700535929,0.08605490539210325,52659.2022393282,12484.254723582924,0.0669548872611026,0.04211984597806404,0.049498770972540795,0.011998454946941541,0.05453736661958332,0.03074861295974117,0.02378875365984215,11.452485201158812
ARUNACHAL PRADESH,2015,135.0,81682.0,8009.0,2146.0,114789.0,1060000.0,938.9,1444.0,14.378528064756631,1.1289807221216317,0.08699755032484822,55463.98891966759,14861.495844875346,0.09202881894083344,0.04327797076846811,0.05301112230263193,0.015322219051499284,0.06765339485465077,0.03416667067706561,0.033486724177585164,11.650850939461357
ARUNACHAL PRADESH,2016,143.0,83359.0,8732.0,2533.0,116985.0,1229000.0,963.7,1459.0,14.838642731140396,1.2752931410189894,0.08649891044930995,59849.21178889651,17361.20630568883,0.11139199427128357,0.042665346458630425,0.058502607086643565,0.018817214921721462,0.077028670364957,0.038659911004182514,0.03836875936077449,11.669801000432708
ARUNACHAL PRADESH,2017,152.0,89020.0,11866.0,2843.0,124129.0,1424000.0,986.9,1474.0,15.401763096565002,1.442902016415037,0.09020164150369844,80502.03527815468,19287.652645861603,0.1335735702830233,0.04721448736770955,0.08436552655966953,0.02151069567025478,0.09039402882536643,0.052938111114962154,0.037455917710404275,11.729076626407295
ARUNACHAL PRADESH,2018,154.0,104518.0,13449.0,3362.0,138836.0,1546379.0,1010.4,1489.0,15.24148851939826,1.5304621931908156,0.1034422011084719,90322.36400268637,22578.912021490934,0.14516139767082697,0.06348171565743013,0.09666323351161761,0.02611240379044688,0.10432155666412855,0.061387818651032246,0.04293373801309631,11.841048659419533
ARUNACHAL PRADESH,2019,155.0,91622.0,16659.0,3869.0,155103.0,1548936.0,1034.1,1504.0,14.988879218644232,1.4978590078328984,0.08860071559810465,110764.62765957447,25724.73404255319,0.14084664982389686,0.04524760470122217,0.12226247513973905,0.030510767178696482,0.09304712726255951,0.07638662115921777,0.016660506103341743,11.951844691337337
ARUNACHAL PRADESH,2020,164.0,114234.0,17171.0,4338.0,182171.0,1668551.0,1058.1,1519.0,15.499480200359136,1.5769312919383802,0.10796144031755033,113041.47465437787,28558.262014483214,0.15131117848422687,0.06903401088545293,0.12511370323015628,0.03447249343271698,0.11017259468483989,0.07979309833143663,0.030379496353403257,12.112701085387862
ARUNACHAL PRADESH,2021,169.0,130083.0,19525.0,5897.0,181537.0,1603533.0,1081.7,1533.0,15.623555514467967,1.4824193399278913,0.12025792733659979,127364.64448793216,38467.05805609915,0.1388033441432061,0.08414136038360776,0.14305018480597373,0.04832657845064801,0.11147235226340693,0.09568838162831086,0.015783970635096067,12.10921476866039
ARUNACHAL PRADESH,2022,172.0,135606.0,24121.0,6053.0,190851.0,1946181.0,1103.9,1548.0,15.581121478394783,1.7630048011595254,0.12284264879065132,155820.4134366925,39102.06718346253,0.17593638809086154,0.08731692510394151,0.1786845018884588,0.04921442298803741,0.13162665659740153,0.1139494624382481,0.01767719415915342,12.159248297876704
ARUNACHAL PRADESH,2023,187.0,148780.0,26656.0,7510.0,204469.0,2093419.0,1125.5,1562.0,16.614837849844513,1.8599902265659707,0.1321901377165704,170653.00896286813,48079.38540332906,0.18877156510998203,0.09880116299361055,0.19725892217869023,0.061766152716724955,0.1437863640517963,0.1295125374477076,0.014273826604088685,12.22817165373213
ASSAM,2012,1639.0,1787055.0,66571.0,25124.0,41142.0,16631000.0,19483.8,31598.0,8.412116732875518,0.8535809236391259,0.09172004434453238,21068.105576302296,7951.136147857459,0.05558205232884556,0.04907998296494254,0.009938175808137665,0.005660428623592054,0.052331017646894046,0.00779930221586486,0.044531715431029184,10.624784776512419
ASSAM,2013,1749.0,1945415.0,76680.0,28525.0,44599.0,18523000.0,19932.4,31991.0,8.774658345206799,0.9292910035921415,0.09760064016375349,23969.241349129443,8916.570285392767,0.06560162252979393,0.05630482825292861,0.013571182254542853,0.007010260284719456,0.06095322539136127,0.010290721269631155,0.050662504121730116,10.705466716232126
ASSAM,2014,1945.0,2238367.0,83840.0,31630.0,49734.0,21659000.0,20385.3,32383.0,9.541188994030012,1.062481297797923,0.10980299529562969,25890.127536052867,9767.4705864188,0.08322819885500675,0.07129652819066473,0.01597665116270873,0.008199955285271239,0.07726236352283575,0.012088303223989984,0.06517406029884576,10.81444408281958
ASSAM,2015,2103.0,2307482.0,97381.0,35715.0,52895.0,27150000.0,20843.9,32776.0,10.089282715806544,1.302539352040645,0.11070298744476802,29711.06907493288,10896.692701977056,0.11499779318485952,0.07240225016813398,0.020761503141063734,0.00977878879111467,0.09370002167649674,0.015270145966089202,0.07842987571040753,10.876064095420874
ASSAM,2016,2209.0,3443425.0,102304.0,43202.0,60817.0,33015000.0,21307.0,33168.0,10.36748486412916,1.5494907776786973,0.16161003426104098,30844.18716835504,13025.205016883743,0.1476796652280575,0.13494617405313766,0.022180473385923882,0.012754790158847073,0.14131291964059758,0.01746763177238548,0.12384528786821211,11.015624634135149
ASSAM,2017,2314.0,3817425.0,120976.0,48754.0,66330.0,40279000.0,21767.4,33543.0,10.630575998970938,1.8504277038139603,0.17537349430800186,36065.94520466267,14534.776257341324,0.18750604844335858,0.15185583295906818,0.028719526395837598,0.01486541270250297,0.16968094070121337,0.021792469549170284,0.1478884711520431,11.102397562519602
ASSAM,2018,2374.0,4115926.0,134287.0,57186.0,75151.0,42720628.0,22232.7,33918.0,10.6779653393425,1.9215222622533477,0.18512938149662433,39591.6622442361,16860.07429683354,0.19691479453939928,0.16384182515299836,0.03313467747319948,0.018116552053424547,0.18037830984619882,0.025625614763312016,0.1547526950828868,11.22725470181248
ASSAM,2019,2404.0,4565307.0,147091.0,67360.0,81034.0,41005351.0,22702.9,34293.0,10.58895559598113,1.8061723832638121,0.2010891560109061,42892.42702592366,19642.492636981307,0.18164924190857665,0.18344985557058643,0.03726812749724033,0.022006818850516807,0.18254954873958154,0.02963747317387857,0.15291207556570297,11.302624098669314
ASSAM,2020,2957.0,5328692.0,164299.0,72954.0,90123.0,44199128.0,23178.0,34668.0,12.757787557166278,1.9069431357321598,0.22990301147640002,47392.11953386408,21043.61370716511,0.19498537402183808,0.21885029020140223,0.042902959221182084,0.02396581067406587,0.20691783211162015,0.03343438494762398,0.17348344716399616,11.408930682940186
ASSAM,2021,3020.0,6014883.0,173014.0,83235.0,86947.0,47975276.0,23658.0,35043.0,12.765237974469523,2.027866937188266,0.25424308901851383,49371.91450503667,23752.24723910624,0.21098858678303054,0.24875428291665883,0.0453821978559949,0.027752914483280162,0.22987143484984468,0.03656755616963753,0.19330387868020715,11.373054016599507
ASSAM,2022,3043.0,5531837.0,189483.0,95992.0,103371.0,51977238.0,24096.3,35378.0,12.628494831156651,2.1570630345737727,0.2295720504807792,53559.5567867036,27133.24665046074,0.22808656591930912,0.2184436746027068,0.050626258319152455,0.03248009355667657,0.22326512026100798,0.04155317593791451,0.18171194432309346,11.546079737502387
ASSAM,2023,3085.0,5233473.0,207312.0,112374.0,121573.0,56882605.0,24538.6,35713.0,12.572029374128924,2.3180868101684693,0.21327512572029375,58049.44978019209,31465.852770699745,0.24939666128037677,0.19842142453076564,0.05624881840123967,0.038537771329728264,0.2239090429055712,0.047393294865483965,0.17651574804008724,11.708270184386105
BIHAR,2012,4650.0,4863478.0,139350.0,41413.0,21750.0,40073000.0,57360.1,106115.0,8.106680427684053,0.6986215156528667,0.08478852024316555,13131.979456250294,3902.6527823587617,0.03507452324448511,0.04056397697136024,0.0,0.0,0.03781925010792267,0.0,0.03781925010792267,9.98736903651683
BIHAR,2013,4990.0,5397248.0,163491.0,49832.0,24487.0,46564000.0,58961.8,108130.0,8.463106621575324,0.789731656767602,0.09153804666750337,15119.855729214834,4608.526773328401,0.04713215751833509,0.04885638231294575,0.0024893586098172554,0.0009869249747161868,0.04799426991564042,0.001738141792266721,0.046256128123373694,10.105897643463425
BIHAR,2014,5696.0,5474477.0,190434.0,62462.0,26948.0,54656000.0,60582.6,110145.0,9.40203952950187,0.9021732312578199,0.09036385034646911,17289.391256979437,5670.888374415543,0.062012821358725455,0.04741377564212739,0.005206203726787761,0.0024722767651286937,0.05471329850042642,0.003839240245958227,0.050874058254468196,10.20166436208055
BIHAR,2015,6210.0,5919120.0,216810.0,72862.0,28671.0,66634000.0,62223.0,112161.0,9.980232389952269,1.0708901853012551,0.0951275251916494,19330.248482092706,6496.1974304794,0.0843410419361896,0.05326638221750279,0.0077619088145933395,0.003626191103536293,0.0688037120768462,0.005694049959064816,0.06310966211778138,10.26364143793429
BIHAR,2016,6445.0,7295681.0,243073.0,81270.0,30404.0,87936000.0,63882.0,114176.0,10.088913935067781,1.3765379919226073,0.11420558216712062,21289.325252242154,7117.958239910314,0.12479086918652456,0.07670550544250614,0.010215202659582806,0.004495512369055925,0.10074818731451535,0.007355357514319366,0.09339282980019598,10.322329457685932
BIHAR,2017,6675.0,7825246.0,295173.0,91294.0,34045.0,104583000.0,65742.1,115957.0,10.15331119632625,1.5908071083826039,0.11902944992630292,25455.384323499227,7873.0908871391985,0.1531475220337866,0.08263206447175979,0.015432235107268785,0.00555130884025044,0.11788979325277318,0.010491771973759612,0.10739802127901357,10.435438457917067
BIHAR,2018,6729.0,8348492.0,314811.0,101253.0,36850.0,114165114.0,67629.3,117739.0,9.949829437832419,1.688101370264072,0.12344489740393587,26738.039222347736,8599.784268594094,0.1660235708726704,0.0880568421446031,0.01703846586684774,0.006567342659733726,0.12704020650863673,0.011802904263290732,0.11523730224534601,10.514610897617482
BIHAR,2019,6917.0,10079827.0,353169.0,124996.0,40715.0,125866480.0,69542.5,119520.0,9.946435632886365,1.8099217025559908,0.1449448466764928,29548.94578313253,10458.165997322623,0.18214543168775887,0.11447147970327595,0.020558480942054716,0.009165658172278676,0.14830845569551743,0.014862069557166697,0.13344638613835072,10.614351853901232
BIHAR,2020,7463.0,12646671.0,375707.0,139590.0,44175.0,134966208.0,71482.8,121302.0,10.440273744173425,1.8880934714364854,0.17691907703671372,30972.86112347694,11507.642083395163,0.19249078499496047,0.15375472151356256,0.022341607970806397,0.010632993947449536,0.17312275325426152,0.016487300959127968,0.15663545229513354,10.695914297187898
BIHAR,2021,7584.0,13722593.0,397492.0,163964.0,42128.0,142163767.0,73449.0,123083.0,10.325532001797166,1.9355439420550313,0.18683158382006562,32294.6304526214,13321.417255023032,0.19877044183491632,0.16593313508379082,0.023996820573546098,0.013168942343764192,0.18235178845935357,0.018582881458655144,0.16376890700069843,10.64846788173609
BIHAR,2022,7640.0,14316914.0,442417.0,195592.0,47296.0,153926494.0,75318.8,124919.0,10.143549817575426,2.0436663090755562,0.190084202085004,35416.309768730134,15657.506063929426,0.21307949615538668,0.16992927160931898,0.027906007170483933,0.016435168919838553,0.19150438388235283,0.02217058804516124,0.1693337958371916,10.764181004307874
BIHAR,2023,7832.0,16096444.0,478429.0,231859.0,54637.0,158631066.0,77212.0,126756.0,10.143501010205668,2.054487204061545,0.20847075584106098,37744.09100949857,18291.757392155007,0.21451154743596237,0.19251882041533527,0.030821018709323984,0.02011827448650468,0.20351518392564882,0.02546964659791433,0.17804553732773448,10.908466587905721
CHANDIGARH,2012,363.0,271135.0,39384.0,45486.0,158967.0,2593000.0,682.1,1072.0,53.21800322533353,3.801495381908811,0.39750036651517373,367388.05970149254,424309.70149253734,0.4457128761155045,0.42475884063655067,0.4436244022991752,0.5877964356624746,0.4352358583760276,0.5157104189808249,-0.08047456060479735,11.976451912491664
CHANDIGARH,2013,383.0,293881.0,45392.0,57852.0,180457.0,2899000.0,699.0,1088.0,54.79256080114449,4.147353361945637,0.42043061516452074,417205.8823529412,531727.9411764706,0.4914841698809808,0.45293073069658313,0.5060097868557245,0.7379843514100077,0.47220745028878197,0.6219970691328661,-0.14978961884408415,12.103247801227663
CHANDIGARH,2014,408.0,309567.0,48262.0,57897.0,203356.0,3173000.0,716.1,1104.0,56.9752827817344,4.430945398687334,0.4322957687473816,437155.7971014493,524429.3478260869,0.5290151079321193,0.4675081479498093,0.5309924745208159,0.7277797481097837,0.4982616279409643,0.6293861113152999,-0.13112448337433558,12.222713416678298
CHANDIGARH,2015,439.0,321737.0,55433.0,58699.0,212594.0,3477000.0,733.4,1120.0,59.85819470957186,4.740932642487047,0.43869239160076356,494937.5,524098.21428571426,0.5700392219282635,0.4753669792488802,0.6033507905572061,0.727316770347264,0.5227031005885718,0.665333780452235,-0.14263067986366318,12.267139522478566
CHANDIGARH,2016,433.0,352283.0,55681.0,54458.0,230009.0,3884000.0,750.9,1136.0,57.6641363696897,5.172459715008657,0.46914768943933943,490149.6478873239,479383.8028169014,0.6271480745331377,0.5127840747010195,0.5973551050906014,0.6647988564237215,0.5699660746170786,0.6310769807571615,-0.061110906140082855,12.34587371757454
CHANDIGARH,2017,446.0,343967.0,59618.0,60025.0,252236.0,4187000.0,767.7,1151.0,58.09561026442621,5.45395336720073,0.448048716946724,517966.98523023457,521503.0408340573,0.6644013096507091,0.4868620734819643,0.6321899331724801,0.7236883019153243,0.5756316915663366,0.6779391175439022,-0.10230742597756559,12.438120436180105
CHANDIGARH,2018,442.0,388232.0,61928.0,69673.0,280512.0,4254424.0,783.9,1165.0,56.38474295190713,5.4272534762087,0.49525704809286897,531570.8154506438,598051.5021459227,0.6608678114386042,0.5448617897216169,0.6492256070452633,0.8307153197843326,0.6028648005801105,0.7399704634147979,-0.1371056628346874,12.54437178377848
CHANDIGARH,2019,442.0,573780.0,68300.0,77956.0,307812.0,4185926.0,800.3,1179.0,55.229289016618765,5.230446082718981,0.7169561414469574,579304.4953350297,661204.4105173877,0.6348220656626169,0.8172392322818883,0.7090010813111994,0.9190132076440971,0.7260306489722526,0.8140071444776482,-0.08797649550539566,12.637244485981743
CHANDIGARH,2020,454.0,689948.0,72552.0,78002.0,330703.0,4354455.0,816.9,1193.0,55.57595788958257,5.330462724935733,0.8445929734361611,608147.5272422464,653830.6789606035,0.6480583978468621,0.9740526560435657,0.7451203563324696,0.9087035490884016,0.811055526945214,0.8269119527104356,-0.015856425765221616,12.7089759705949
CHANDIGARH,2021,442.0,722264.0,81320.0,80793.0,290417.0,4275328.0,834.3,1208.0,52.97854488793,5.124449238882896,0.8657125734148388,673178.8079470198,668816.2251655629,0.6207943058378524,1.0,0.8265571040473804,0.9296557445207927,0.8103971529189262,0.8781064242840866,-0.06770927136516036,12.579073100164287
CHANDIGARH,2022,438.0,688165.0,89738.0,82007.0,337406.0,4526153.0,847.9,1219.0,51.65703502771554,5.338074065337894,0.8116110390376223,736160.787530763,672739.9507793273,0.6490656925100047,0.9335313584313264,0.9054275726335922,0.9351417418116664,0.7912985254706655,0.9202846572226293,-0.12898613175196383,12.729042231982717
CHANDIGARH,2023,449.0,719278.0,99918.0,77839.0,408512.0,6633819.0,862.4,1231.0,52.06400742115027,7.6922762059369205,0.8340422077922078,811681.5597075549,632323.314378554,0.9606238579431048,0.9610900835779992,1.0,0.8786328062675854,0.960856970760552,0.9393164031337927,0.021540567626759266,12.92027656861573
CHHATTISGARH,2012,1597.0,1085975.0,68292.0,36634.0,55177.0,12661000.0,16131.9,25950.0,9.89963984403573,0.784842455011499,0.06731848077411837,26316.763005780347,14117.148362235068,0.04648511421508834,0.019100449087616996,0.016510914131819824,0.014281501969013084,0.032792781651352666,0.015396208050416454,0.017396573600936212,10.918301478768845
CHHATTISGARH,2013,1818.0,1406657.0,82869.0,44597.0,60849.0,14593000.0,16513.5,26356.0,11.009174311926605,0.8837012141581131,0.08518224482998758,31442.17635453028,16921.00470481105,0.05956821065169028,0.04104770333401343,0.022929317541583005,0.018201742529517943,0.05030795699285186,0.020565530035550474,0.029742426957301383,11.016150664426897
CHHATTISGARH,2014,2062.0,1267642.0,88500.0,52617.0,69880.0,17369000.0,16898.3,26761.0,12.202410893403478,1.027854872975388,0.07501594834983401,33070.51306005007,19661.821307126043,0.07864569287254634,0.028557486104522658,0.02496843539448746,0.022033843429319726,0.0536015894885345,0.023501139411903592,0.03010045007663091,11.154534764247993
CHHATTISGARH,2015,2253.0,1302035.0,99166.0,61062.0,72936.0,24701000.0,17287.2,27166.0,13.032764126058586,1.4288606599102225,0.07531786524133463,36503.71788264743,22477.361407641907,0.13171531894708705,0.028928418387233187,0.0292677361611561,0.0259704197560618,0.08032186866716012,0.02761907795860895,0.052702790708551175,11.197337623264739
CHHATTISGARH,2016,2346.0,1552423.0,104612.0,66405.0,72991.0,30018000.0,17680.0,27571.0,13.269230769230768,1.6978506787330316,0.08780673076923078,37942.76594972979,24085.0894055348,0.16731380700339515,0.04427212233073312,0.03106981345562978,0.0282182811788794,0.10579296466706414,0.02964404731725459,0.07614891734980955,11.198091424858745
CHHATTISGARH,2017,2451.0,1670512.0,118872.0,74179.0,83285.0,35306000.0,18066.7,27956.0,13.566395633956395,1.9542030365257628,0.09246359324060288,42521.10459293175,26534.196594648733,0.2012398106039315,0.04999350021783781,0.03680313140660929,0.03164252556472682,0.12561665541088465,0.03422282848566806,0.0913938269252166,11.330023739911208
CHHATTISGARH,2018,2521.0,2003350.0,132429.0,83656.0,88793.0,36974712.0,18456.6,28340.0,13.65907046801686,2.003332791521732,0.10854382714042674,46728.65208186309,29518.701482004235,0.20774170611695958,0.06974952591528899,0.04207211857157308,0.03581534174463386,0.13874561601612428,0.03894373015810347,0.09980188585802081,11.394063097044278
CHHATTISGARH,2019,2634.0,2196361.0,142656.0,94404.0,102024.0,39671833.0,18850.3,28724.0,13.973252415080928,2.104573030667947,0.11651597056810767,49664.39214594068,32865.89611474725,0.22113997070624297,0.07954402712728668,0.04574845894752532,0.04049525631940411,0.15034199891676484,0.04312185763346471,0.10722014128330012,11.532963358706736
CHHATTISGARH,2020,2823.0,2621265.0,160542.0,104647.0,106611.0,40993071.0,19248.6,29109.0,14.666001683239301,2.1296650665502947,0.1361795143542907,55152.0148407709,35950.04981277268,0.2244606832872351,0.10370247399832655,0.052620446398953524,0.044807397508036605,0.16408157864278083,0.04871392195349507,0.11536765668928577,11.576941974883646
CHHATTISGARH,2021,2844.0,3269960.0,173217.0,115659.0,106117.0,42380082.0,19650.0,29493.0,14.473282442748092,2.156747175572519,0.16641017811704834,58731.563421828905,39215.74610924626,0.22804476472931398,0.14084358611576833,0.05710300912214914,0.04937336434639623,0.18444417542254116,0.053238186734272684,0.13120598868826847,11.572297537968923
CHHATTISGARH,2022,2897.0,3314286.0,197250.0,138103.0,123493.0,44757758.0,20009.0,29836.0,14.478484681893148,2.236881303413464,0.16563976210705184,66111.40903606382,46287.37096125486,0.23864981916714303,0.13989706017677778,0.06634457132034412,0.05926062930807,0.18927343967196042,0.06280260031420706,0.12647083935775336,11.723939753281844
CHHATTISGARH,2023,2979.0,3583952.0,216407.0,165326.0,134996.0,45493127.0,20371.7,30180.0,14.623227320253095,2.2331531978185426,0.1759279785192203,71705.43406229292,54779.98674618953,0.23815643683617674,0.15253706709993364,0.07334980326157016,0.07113466734608781,0.19534675196805518,0.07224223530382898,0.1231045166642262,11.813000427351971
DELHI,2012,2876.0,3739905.0,684133.0,653735.0,185001.0,30318000.0,11584.9,17166.0,24.82541929580747,2.617027337309774,0.32282583362825745,398539.5549341722,380831.29441920074,0.28895883846285525,0.3330144045885624,0.48263449760581384,0.5270066539868407,0.31098662152570883,0.5048205757963272,-0.1938339542706184,12.128116509451258
DELHI,2013,3045.0,3751657.0,752187.0,734637.0,205568.0,33740000.0,11965.3,17544.0,25.448588836050913,2.819820648040584,0.3135447502360994,428743.16005471954,418739.74008207937,0.31579676829215997,0.32161175191958163,0.5204575781852842,0.5800087368741469,0.31870426010587083,0.5502331575297155,-0.23152889742384464,12.233532158426325
DELHI,2014,3255.0,4174527.0,814665.0,844416.0,227900.0,37101000.0,12350.3,17921.0,26.35563508578739,3.0040565816214992,0.33801016979344634,454586.7976117404,471187.9917415323,0.3401787907546487,0.35166973866809315,0.552820800452445,0.6533397989406343,0.34592426471137094,0.6030802996965396,-0.2571560349851687,12.336662215233776
DELHI,2015,3447.0,4259716.0,884383.0,907347.0,247209.0,41271000.0,12741.5,18299.0,27.0533296707609,3.2391005768551584,0.33431825138327514,483295.80851412646,495845.12814907916,0.37128481801041857,0.3471338820730573,0.5887722449367703,0.6878144276093628,0.35920935004173793,0.6382933362730665,-0.2790839862313286,12.417989411669916
DELHI,2016,3511.0,4790275.0,967059.0,970511.0,270261.0,45466000.0,13138.0,18677.0,26.72400669812757,3.460648500532806,0.3646121936367788,517780.6928307544,519628.95539968944,0.4006047576477842,0.38435273755524507,0.6319566447153984,0.7210680301053533,0.39247874760151463,0.6765123374103759,-0.28403358980886123,12.507143437725837
DELHI,2017,3638.0,5032784.0,1092455.0,965047.0,295558.0,49127000.0,13517.4,19056.0,26.913459688993445,3.634352760146182,0.3723189370736976,573286.6288832914,506426.84718723764,0.4235930047144901,0.3938211708088869,0.7014650852997252,0.7026093668305156,0.4087070877616885,0.7020372260651204,-0.2933301383034319,12.596620374064152
DELHI,2018,3627.0,5860623.0,1144642.0,1076998.0,318323.0,49891675.0,13901.2,19435.0,26.09127269588237,3.58901929329842,0.4215911575979052,588959.0944172884,554153.8461538461,0.4175935148999846,0.4543565623281229,0.7210912499382,0.7693393609243558,0.43597503861405373,0.7452153054312779,-0.30924026681722416,12.670821869534912
DELHI,2019,3716.0,5882615.0,1210108.0,1314165.0,338730.0,50850314.0,14289.6,19814.0,26.004926659948495,3.5585540532975033,0.41167107546747284,610733.8245684869,663250.7318057939,0.4135617055151925,0.44216884175698146,0.7483590999123317,0.9218742927834537,0.42786527363608695,0.8351166963478927,-0.4072514227118057,12.732958608842678
DELHI,2020,3825.0,6713375.0,1238245.0,1370412.0,355798.0,53149594.0,14682.4,20193.0,26.051599193592327,3.619952732523293,0.4572396202255762,613205.0710642302,678656.9603327886,0.4216872863774778,0.4981539317031175,0.7514537687429954,0.9434146695277359,0.45992060904029763,0.8474342191353657,-0.387513610095068,12.782118433062603
DELHI,2021,3747.0,7113677.0,1400864.0,1353058.0,322311.0,52543234.0,15079.0,20571.0,24.849127926255058,3.4845304065256317,0.4717605278864646,680989.7428418647,657750.2309075884,0.403765320069275,0.5159941836973357,0.8363385065902091,0.9141837109241748,0.4598797518833054,0.875261108757192,-0.4153813568738866,12.683272196913958
DELHI,2022,3712.0,7372252.0,1489930.0,1425079.0,370824.0,57770996.0,15448.5,20965.0,24.028222804803054,3.739586108683691,0.47721474576819756,710674.9344145004,679741.9508704984,0.4375197225809456,0.5226951850199716,0.8735123932301516,0.9449316601984441,0.4801074538004586,0.9092220267142979,-0.42911457291383925,12.823482835498364
DELHI,2023,3775.0,8354710.0,1658866.0,1535986.0,417217.0,126406800.0,15821.0,21359.0,23.86069148599962,7.989811010682005,0.5280772391125719,776659.0196170233,719128.2363406527,1.0,0.5851843709240961,0.9561423098118592,1.0,0.7925921854620481,0.9780711549059296,-0.18547896944388143,12.941361749121345
GOA,2012,521.0,245460.0,36476.0,10241.0,259444.0,3869000.0,934.7,1469.0,55.73980956456617,4.139296030812026,0.2626083235262651,248304.96936691628,69714.091218516,0.49041785222584683,0.25903173217081116,0.29450017347283153,0.09201493899133338,0.374724792198329,0.19325755623208246,0.18146723596624653,12.46629615868535
GOA,2013,570.0,278894.0,39781.0,11470.0,234354.0,4400000.0,950.8,1480.0,59.94951619688684,4.627681952040387,0.29332562053007993,268790.54054054053,77500.0,0.5550514786325179,0.29677071735872274,0.32015364782213546,0.10290088736967383,0.4259110979956203,0.21152726759590465,0.21438383039971567,12.364588071692493
GOA,2014,632.0,391668.0,45125.0,12939.0,215776.0,4832000.0,967.1,1491.0,65.3500155102885,4.996380932685348,0.4049922448557543,302649.2287055667,86780.68410462777,0.6038455800504909,0.4339632926327563,0.36255388069730743,0.11587677122782074,0.5189044363416236,0.2392153259625641,0.2796891103790595,12.281996111534308
GOA,2015,670.0,404398.0,51544.0,13747.0,289185.0,5197000.0,982.9,1501.0,68.1656323125445,5.287414792959609,0.41143351307355785,343397.73484343773,91585.60959360427,0.6423613786823322,0.44187697481100474,0.41358202866157967,0.12259482718028217,0.5421191767466684,0.2680884279209309,0.2740307488257375,12.574821900701679
GOA,2016,670.0,358530.0,55948.0,15142.0,334576.0,5486000.0,999.5,1512.0,67.03351675837919,5.488744372186093,0.35870935467733867,370026.45502645505,100145.50264550265,0.6690055963854309,0.37710056455222096,0.4469283866605874,0.1345629296205114,0.5230530804688259,0.29074565814054937,0.23230742232827656,12.72061933752658
GOA,2017,688.0,353578.0,61693.0,15856.0,378953.0,5769000.0,1014.4,1521.0,67.82334384858044,5.687105678233438,0.34855875394321767,405608.1525312294,104247.20578566732,0.6952569889652114,0.36462963097021267,0.49148629312592756,0.1402977680189904,0.529943309967712,0.31589203057245896,0.21405127939525304,12.845167465820529
GOA,2018,686.0,391693.0,65275.0,17427.0,411740.0,5757458.0,1030.2,1531.0,66.5890118423607,5.588679867986799,0.3802106387109299,426355.32331809273,113827.56368386676,0.682231189547704,0.4035168419858769,0.5174673609267949,0.1536926438713565,0.5428740157667904,0.3355800023990757,0.2072940133677147,12.9281473611633
GOA,2019,697.0,439323.0,71135.0,19416.0,423716.0,5782595.0,1045.3,1540.0,66.67942217545203,5.531995599349469,0.42028412895819384,461915.5844155844,126077.92207792208,0.67472951989878,0.45275075910695667,0.561998423213874,0.17082060835650395,0.5637401395028684,0.366409515785189,0.1973306237176794,12.956818698469517
GOA,2020,697.0,491872.0,76533.0,20146.0,435949.0,5976224.0,1060.6,1549.0,65.71751838581935,5.6347576843296245,0.46376767867244956,494080.05164622335,130058.10200129116,0.6883291875400435,0.5061742435489736,0.6022770333666924,0.17638553782053043,0.5972517155445085,0.3893312855936114,0.2079204299508971,12.985280543012294
GOA,2021,687.0,529515.0,85771.0,22166.0,423047.0,5868775.0,1076.7,1559.0,63.806074115352466,5.450705860499675,0.49179437169127893,550166.7735728031,142180.8851828095,0.6639715304008462,0.5406075777245812,0.672512774908162,0.19333513171118338,0.6022895540627138,0.4329239533096727,0.16936560075304108,12.955238562967144
GOA,2022,663.0,545107.0,92900.0,24092.0,459094.0,6013367.0,1090.0,1567.0,60.825688073394495,5.516850458715596,0.5000981651376146,592852.5845564774,153746.01148691768,0.6727251923392464,0.5508095410625605,0.725966952381076,0.20950503190766534,0.6117673667009035,0.46773599214437067,0.1440313745565328,13.037010261103775
GOA,2023,668.0,576839.0,102038.0,27004.0,532854.0,6320770.0,1103.3,1575.0,60.54563581981329,5.728967642526965,0.5228305991117557,647860.3174603175,171453.96825396825,0.7007970556280505,0.5787383978538577,0.7948515079105262,0.23426359364556115,0.6397677267409541,0.5145575507780437,0.1252101759629104,13.186002744423966
GUJARAT,2012,5548.0,3945108.0,303091.0,213421.0,87481.0,47453000.0,40285.0,61383.0,13.771875387861487,1.1779322328410078,0.09792994911257291,49377.02621246925,34768.74704722806,0.09850712537505783,0.05670941416230077,0.045388599095891574,0.04315574690618374,0.0776082697686793,0.044272173001037654,0.03333609676764164,11.37917690590964
GUJARAT,2013,6084.0,4729076.0,358772.0,261277.0,102826.0,53779000.0,41240.9,62327.0,14.752345365886777,1.3040210082709156,0.11466956346733462,57562.85397981613,41920.355544146194,0.11519387749255121,0.07727554854929608,0.055639468885054555,0.05315484182297687,0.09623471302092365,0.05439715535401571,0.04183755766690794,11.540793518312702
GUJARAT,2014,6743.0,5032853.0,414792.0,309819.0,113139.0,64689000.0,42207.0,63271.0,15.97602293458431,1.5326604591655413,0.1192421399293956,65557.99655450364,48966.98329408418,0.14545231904176978,0.08289337342987986,0.06565154925227662,0.06300715682949629,0.11417284623582483,0.06432935304088645,0.049843493194938374,11.63637243025105
GUJARAT,2015,7241.0,5213519.0,477758.0,347117.0,127017.0,75386000.0,43182.6,64214.0,16.7683279839565,1.7457494453784625,0.12073193832701135,74400.90945899648,54056.280561871245,0.173652791921131,0.0847237258744199,0.07672526730709041,0.0701228101069804,0.12918825889777547,0.0734240387070354,0.055764220190740066,11.752076214750227
GUJARAT,2016,7432.0,6080715.0,518453.0,390758.0,139254.0,83014000.0,44169.0,65158.0,16.82628087572732,1.8794629717675293,0.13766929294301433,79568.58712667669,59970.840111728416,0.19134861347227775,0.1055328021058461,0.08319659707230541,0.07839231232533206,0.14844070778906193,0.08079445469881874,0.06764625309024319,11.84405488269115
GUJARAT,2017,7755.0,6453806.0,603973.0,415846.0,156295.0,92387000.0,45099.8,66084.0,17.19519820487009,2.0485013237309255,0.14310054590042529,91394.74002784335,62926.88093941045,0.21371936826742446,0.1122055889362133,0.098006138262528,0.0825253311876825,0.1629624786018189,0.09026573472510525,0.07269674387671364,11.959500526134608
GUJARAT,2018,7959.0,7689200.0,640358.0,483921.0,176961.0,94293480.0,46039.1,67010.0,17.28747955542137,2.0481173611126193,0.16701455936367132,95561.55797642143,72216.23638262946,0.21366855415639663,0.1415861232898994,0.10322412102981815,0.09551333896699579,0.177627338723148,0.09936872999840697,0.07825860872474104,12.083684648294716
GUJARAT,2019,8150.0,9404949.0,674922.0,591533.0,197457.0,98768872.0,46986.9,67936.0,17.345260061847025,2.1020512525831667,0.2001610874520345,99346.73810645314,87072.09726801695,0.22080623532295782,0.182309639177449,0.10796419005451227,0.11628421353705606,0.2015579372502034,0.11212420179578417,0.08943373545441924,12.193276118099556
GUJARAT,2020,8626.0,11538101.0,738912.0,611499.0,212428.0,103155310.0,47943.2,68862.0,17.992124013415875,2.1516150361260826,0.24066188740009012,107303.30225668728,88800.64476779646,0.22736557073696137,0.23206854501960103,0.11792795980282296,0.11870099998809418,0.2297170578782812,0.11831447989545857,0.11140257798282263,12.266358386403535
GUJARAT,2021,8582.0,12769737.0,830161.0,659772.0,207324.0,105125462.0,48908.0,69788.0,17.5472315367629,2.1494533000736076,0.2610971006788256,118954.69135094859,94539.46237175446,0.2270794837833201,0.25717505784663247,0.1325186494511659,0.12672478679869317,0.2421272708149763,0.12962171812492954,0.11250555269004675,12.242038065962783
GUJARAT,2022,8599.0,14327974.0,928468.0,758868.0,241584.0,108522063.0,49774.1,70648.0,17.27605320839553,2.1802918184356925,0.28786003162287216,131421.6962971351,107415.35499943381,0.23116069331068947,0.2900557457000279,0.14813071068631564,0.1447273484011752,0.2606082195053587,0.14642902954374543,0.11417918996161325,12.39497251768425
GUJARAT,2023,8862.0,15470786.0,1027453.0,828364.0,272451.0,115748971.0,50645.8,71507.0,17.497995885147436,2.285460413301794,0.3054702660437786,143685.65315283817,115843.76354762471,0.24507884159226492,0.3116915157967165,0.16348850080855654,0.15651161443128422,0.2783851786944907,0.16000005761992037,0.11838512107457033,12.515214060402746
HARYANA,2012,3022.0,2042622.0,145844.0,115775.0,106085.0,23581000.0,16646.6,25772.0,18.153857244121927,1.4165655449160792,0.12270505688849376,56590.09778053702,44922.784417196955,0.13008816747810165,0.08714788097363095,0.0544213150930596,0.0573527186076879,0.1086180242258663,0.05588701685037375,0.05273100737549256,11.571995938547216
HARYANA,2013,3412.0,2372581.0,169393.0,129660.0,121269.0,26782000.0,17085.6,26193.0,19.970033244369528,1.5675188462799081,0.13886436531348037,64671.09533081358,49501.775283472685,0.15006552321485986,0.1070010568966859,0.0645409091046593,0.06375488174549813,0.12853329005577288,0.06414789542507872,0.06438539463069416,11.705766497554333
HARYANA,2014,3962.0,2974862.0,193315.0,150886.0,137770.0,31334000.0,17529.9,26614.0,22.601383921186088,1.787460282146504,0.16970216601349694,72636.58224994363,56694.221086646125,0.17917285817118705,0.14488809180412462,0.07451585257231888,0.07381107376171567,0.16203047498765583,0.07416346316701727,0.08786701182063855,11.833340907038645
HARYANA,2015,4407.0,3237503.0,222685.0,168893.0,147382.0,36329000.0,17978.9,27034.0,24.51206692289295,2.0206464244197364,0.18007236260282888,82372.19797292298,62474.29163275875,0.21003301475595007,0.15762881880988705,0.08670747594016981,0.08189253879734318,0.18383091678291857,0.0843000073687565,0.09953090941416208,11.900783134591242
HARYANA,2016,4567.0,3431747.0,252602.0,176542.0,164963.0,43253000.0,18434.0,27455.0,24.77487251817294,2.346370836497776,0.18616399045242488,92005.82771808414,64302.31287561464,0.25313980601814257,0.16511293608614422,0.09877138528707528,0.08444840548455165,0.20912637105214338,0.09160989538581346,0.11751647566632992,12.013476485312383
HARYANA,2017,4779.0,3688455.0,309629.0,183071.0,184982.0,47939000.0,18855.0,27861.0,25.346062052505964,2.5425086184036063,0.19562211614956246,111133.48408169125,65708.69674455332,0.27909693452841955,0.1767331012831455,0.12272438311795213,0.08641475554426545,0.22791501790578253,0.10456956933110878,0.12334544857467375,12.128013802029475
HARYANA,2018,4849.0,4489417.0,366393.0,214888.0,208437.0,50062029.0,19279.7,28266.0,25.150806288479593,2.5966186714523567,0.232857202134888,129623.22224580769,76023.49112007358,0.2862579291467775,0.2224797813473549,0.14587853487180777,0.10083649130517527,0.2543688552470662,0.12335751308849152,0.13101134215857468,12.247392116288603
HARYANA,2019,5008.0,5471358.0,409974.0,278875.0,223022.0,51270033.0,19709.4,28672.0,25.409195612245934,2.6012985174586745,0.27760144905476575,142987.58370535713,97263.88113839286,0.2868772660384969,0.2774521466418603,0.16261432910432577,0.13053396089602373,0.2821647063401786,0.14657414500017474,0.13559056134000386,12.31502570028472
HARYANA,2020,5224.0,7052823.0,475352.0,308058.0,232530.0,54161437.0,20142.7,29077.0,25.934954102478816,2.6888866437965118,0.35014288054729503,163480.41407297863,105945.59273652715,0.29846879230760287,0.3665758741712218,0.18827689392737956,0.14267238518859757,0.3325223332394123,0.16547463955798858,0.16704769368142375,12.356774527943667
HARYANA,2021,5225.0,7643585.0,538565.0,321936.0,225137.0,54791434.0,20581.0,29483.0,25.387493319080704,2.6622338078810555,0.3713903600408143,182669.67404945224,109193.77268256283,0.29494152142537694,0.3926803297093115,0.2123070361390062,0.14721386136157755,0.3438109255673442,0.17976044875029187,0.16405047681705234,12.32446438477782
HARYANA,2022,5190.0,8122278.0,614014.0,372955.0,265163.0,60376428.0,20968.5,29846.0,24.75141283353602,2.879387080620931,0.3873561771228271,205727.4006567044,124959.79360718354,0.32367986725638287,0.4122957839693708,0.24118154459469393,0.1692572855441742,0.3679878256128768,0.20521941506943409,0.1627684105434427,12.488100010214994
HARYANA,2023,5326.0,9017016.0,702370.0,453537.0,289213.0,66351754.0,21359.3,30209.0,24.935274096061203,3.1064573277214143,0.4221587786116586,232503.5585421563,150133.07292528715,0.35373063833973,0.45505393622230783,0.2747125344638833,0.2044535647276801,0.40439228728101895,0.2395830495957817,0.16480923768523725,12.57491871984705
HIMACHAL PRADESH,2012,1164.0,590547.0,37996.0,14782.0,87721.0,7442000.0,4786.1,6923.0,24.32042790581058,1.5549194542529408,0.12338793589770376,54883.72093023256,21352.015022389136,0.14839810332860676,0.0879868597682336,0.052284469877052514,0.024397005142375725,0.11819248154842019,0.03834073750971412,0.07985174403870607,11.381916602375647
HIMACHAL PRADESH,2013,1264.0,635997.0,45019.0,15796.0,99730.0,8267000.0,4872.6,6982.0,25.940976070270494,1.6966301358617575,0.13052518162787835,64478.6594099112,22623.890002864508,0.16715227877637984,0.09675561344014988,0.06429992729756621,0.02617529021734146,0.13195394610826486,0.045237608757453834,0.08671633735081102,11.510221813395914
HIMACHAL PRADESH,2014,1386.0,672831.0,51993.0,18598.0,114095.0,9333000.0,4959.8,7041.0,27.944675188515667,1.8817291019799185,0.1356568813258599,73843.20409032807,26413.861667376794,0.1916485160844743,0.10306037192416898,0.07602686938357901,0.03147427804948378,0.14735444400432163,0.0537505737165314,0.09360387028779023,11.644786713680524
HIMACHAL PRADESH,2015,1466.0,701741.0,59876.0,21115.0,123299.0,10497000.0,5047.9,7100.0,29.041779749995047,2.0794785950593315,0.1390164226708136,84332.39436619719,29739.436619718308,0.21781894054236337,0.10718787315058348,0.08916217185605436,0.03612396484591598,0.1625034068464734,0.06264306835098517,0.09986033849548824,11.722367578819465
HIMACHAL PRADESH,2016,1510.0,755070.0,66350.0,21800.0,135512.0,11558000.0,5136.0,7158.0,29.40031152647975,2.2503894080996885,0.14701518691588786,92693.48980162057,30455.43447890472,0.24043749926561048,0.11701508045104891,0.09963252415752591,0.03712504461102208,0.1787262898583297,0.068378784384274,0.1103475054740557,11.816815476266218
HIMACHAL PRADESH,2017,1558.0,820019.0,78523.0,23339.0,150290.0,12631000.0,5212.9,7206.0,29.887394732298723,2.423027489497209,0.15730572234264997,108968.91479322787,32388.287538162644,0.26328464692405906,0.12965793649394958,0.12001375707544368,0.03982748297968593,0.19647129170900432,0.07992062002756481,0.11655067168143951,11.92032203992814
HIMACHAL PRADESH,2018,1533.0,838395.0,84896.0,26373.0,165497.0,13232267.0,5289.6,7253.0,28.981397459165155,2.5015628781004233,0.15849875226860255,117049.49675996139,36361.505583896316,0.2736781221370954,0.13112368195647084,0.13013283066407488,0.045382678622949486,0.20240090204678313,0.08775775464351218,0.11464314740327095,12.016708346746743
HIMACHAL PRADESH,2019,1635.0,939105.0,95529.0,30332.0,174804.0,13464595.0,5366.8,7300.0,30.465081612879185,2.5088684132071255,0.1749841618841768,130861.64383561644,41550.68493150685,0.2746449461307105,0.15137750276699158,0.14742937356790856,0.05263798305682338,0.21301122444885104,0.10003367831236597,0.11297754613648507,12.071420625236948
HIMACHAL PRADESH,2020,1652.0,1002960.0,103545.0,32327.0,186559.0,14095312.0,5444.6,7347.0,30.341990228850605,2.588860889688866,0.1842118796605811,140935.07554103716,44000.272219953724,0.2852312542438957,0.16271459093717472,0.1600440338902527,0.056062898698487115,0.22397292259053522,0.1080534662943699,0.11591945629616532,12.136502821924067
HIMACHAL PRADESH,2021,1683.0,1134908.0,112344.0,35899.0,173565.0,13811004.0,5523.0,7394.0,30.47256925583922,2.5006344378055405,0.20548759732029695,151939.4103327022,48551.52826616175,0.2735552511439893,0.1888537396234178,0.17382443659011007,0.06242628411258994,0.23120449538370358,0.11812536035135,0.11307913503235358,12.064307447978548
HIMACHAL PRADESH,2022,1674.0,1205487.0,123672.0,40942.0,193016.0,15319423.0,5587.9,7431.0,29.957586928899946,2.741534923674368,0.21573167021600242,166427.12959224868,55096.21854393756,0.3054363339681416,0.201439512233127,0.19196697854096448,0.0715768100840122,0.2534379231006343,0.13177189431248834,0.12166602878814595,12.170528366005282
HIMACHAL PRADESH,2023,1734.0,1284705.0,136486.0,46720.0,214952.0,16594860.0,5653.1,7468.0,30.673435813978173,2.935532716562594,0.22725672639790556,182761.11408677022,62560.257096946974,0.33111025355558493,0.21559908898510083,0.2124215437908532,0.08201273229456196,0.27335467127034285,0.14721713804270758,0.12613753322763527,12.278170026370557
JAMMU AND KASHMIR,2012,1198.0,686911.0,50027.0,16914.0,51775.0,10146000.0,7703.799999999999,12670.0,15.550767153872116,1.3170123834990526,0.08916521716555467,39484.609313338595,13349.644830307814,0.1169131729441735,0.04594114607271405,0.0330006182569091,0.0132084090182424,0.08142715950844377,0.02310451363757575,0.05832264587086802,10.854662686263785
JAMMU AND KASHMIR,2013,1364.0,973852.0,59381.0,21926.0,57279.0,11420000.0,7909.599999999999,12798.0,17.244866997066858,1.443815110751492,0.12312278749873573,46398.65604000625,17132.36443194249,0.13369441037208246,0.08766110091321422,0.041658874297181264,0.01849725730414319,0.11067775564264834,0.030078065800662225,0.08059968984198612,10.955689343381573
JAMMU AND KASHMIR,2014,1535.0,1028685.0,66557.0,26716.0,61907.0,12879000.0,8118.700000000001,12927.0,18.90696786431325,1.5863377141660608,0.1267056302117334,51486.81055155875,20666.821381604394,0.15255603660494868,0.0920629481219593,0.04803061956809012,0.02343899461180178,0.12230949236345398,0.03573480708994595,0.08657468527350803,11.033388537900962
JAMMU AND KASHMIR,2015,1634.0,1174993.0,73720.0,31096.0,62327.0,15395000.0,8330.4,13056.0,19.61490444636512,1.848050513780851,0.14104880918083165,56464.46078431373,23817.401960784315,0.18719144803040808,0.1096848442997102,0.05426398360190315,0.02784401122698713,0.14843814616505913,0.04105399741444514,0.10738414875061399,11.040149997728475
JAMMU AND KASHMIR,2016,1706.0,1319752.0,80314.0,35485.0,74950.0,17277000.0,8544.0,13184.0,19.967228464419478,2.022120786516854,0.15446535580524345,60917.779126213594,26915.200242718445,0.21022813374859747,0.12616828860370352,0.05984074233052011,0.032175229730836474,0.1681982111761505,0.046007986030678294,0.1221902251454722,11.224576503530743
JAMMU AND KASHMIR,2017,1751.0,1411420.0,93346.0,37194.0,78960.0,19260000.0,8753.9,13288.0,20.002513165560494,2.20016221341345,0.16123327888141287,70248.34437086093,27990.668272125225,0.23379036716024515,0.13448329590049665,0.07152513297500707,0.03367890640869838,0.18413683153037091,0.05260201969185273,0.13153481183851817,11.276696674107363
JAMMU AND KASHMIR,2018,1799.0,1646922.0,103991.0,44585.0,87710.0,20578048.0,8966.0,13392.0,20.064688824447916,2.2951202319875086,0.18368525540932412,77651.58303464756,33292.26403823178,0.24635723452897842,0.1620675852838025,0.08079598959665456,0.04109138701339204,0.20421240990639045,0.060943688305023294,0.14326872160136717,11.381791196945427
JAMMU AND KASHMIR,2019,1830.0,1805158.0,118122.0,54282.0,98738.0,21661174.0,9180.3,13496.0,19.93398908532401,2.3595279021382742,0.1966338790671329,87523.71072910492,40220.80616478957,0.25488102915388977,0.17797614378636858,0.09315856286524307,0.05077859939202067,0.2164285864701292,0.07196858112863187,0.14446000534149733,11.500225156391997
JAMMU AND KASHMIR,2020,1835.0,2607118.0,132981.0,61014.0,101868.0,22158550.0,9396.9,13600.0,19.527716587385203,2.3580702146452555,0.27744447636986663,97780.14705882352,44863.23529411765,0.25468811689998105,0.27725929146226624,0.10600239446113584,0.05726945938927034,0.26597370418112365,0.08163592692520309,0.18433777725592054,11.531433136525967
JAMMU AND KASHMIR,2021,1875.0,2712271.0,149058.0,72089.0,101645.0,22646991.0,9616.4,13705.0,19.49794101742856,2.355038371947922,0.28204639990017055,108761.7657789128,52600.51076249544,0.2542868789041552,0.2829131718777362,0.11975435049701948,0.06808741060108849,0.2686000253909457,0.09392088054905398,0.1746791448418917,11.529241629455164
JAMMU AND KASHMIR,2022,1897.0,2810884.0,160684.0,82715.0,112898.0,23707551.0,9829.8,13804.0,19.29845978555006,2.411804004150644,0.2859553602311339,116403.9408866995,59921.03738046943,0.2617993163128774,0.2877156841564708,0.12932442015428697,0.07832268012480141,0.2747575002346741,0.1038235501395442,0.1709339500951299,11.634240035188993
JAMMU AND KASHMIR,2023,1967.0,3072153.0,171157.0,95578.0,310584.0,25126764.0,10045.3,13903.0,19.58129672583198,2.501345305764885,0.30582989059560195,123107.96231029274,68746.31374523485,0.27364932833195,0.3121333471737672,0.13771966772486796,0.09066183097125056,0.2928913377528586,0.11419074934805926,0.17870058840479933,12.646209675169615
JHARKHAND,2012,2180.0,1708681.0,87938.0,29773.0,41254.0,17957000.0,19537.2,33551.0,11.15820076571873,0.9191183997706939,0.08745782404848187,26210.247086524992,8873.953086346159,0.0642553669429727,0.04384345878118088,0.016377527399311826,0.006950674609896997,0.05404941286207679,0.011664101004604412,0.04238531185747238,10.62750335675854
JHARKHAND,2013,2368.0,1959909.0,104079.0,33433.0,47360.0,20794000.0,20094.4,34113.0,11.784377737080979,1.0348156700374234,0.09753508440162434,30510.069474980213,9800.66250403072,0.07956689378609577,0.056224287053757774,0.021762067689348748,0.008246362905992507,0.06789559041992677,0.015004215297670627,0.05289137512225614,10.765533269557887
JHARKHAND,2014,2582.0,2164228.0,120341.0,38248.0,50006.0,24693000.0,20659.1,34675.0,12.498124313256627,1.1952602001055226,0.10475906501251264,34705.40735400144,11030.42537851478,0.10080033104270851,0.06509960239280653,0.027015765121261432,0.009965768507181866,0.08294996671775752,0.018490766814221647,0.06445919990353588,10.819898277210859
JHARKHAND,2015,2763.0,2270563.0,142111.0,42029.0,57301.0,29200000.0,21232.1,35238.0,13.013314745126483,1.3752761149391723,0.10694010484125452,40328.90629434134,11927.18088427266,0.12462387074948245,0.06777920762567947,0.03405790637261638,0.011219576433481796,0.09620153918758095,0.022638741403049088,0.07356279778453187,10.956073354557526
JHARKHAND,2016,2840.0,2589127.0,159622.0,47180.0,52754.0,35891000.0,21812.0,35800.0,13.020355767467448,1.6454703832752613,0.11870195305336512,44587.150837988826,13178.77094972067,0.1603817307486713,0.08222970486194932,0.03939037995842356,0.012969499946034671,0.1213057178053103,0.026179939952229114,0.09512577785308118,10.873394877847296
JHARKHAND,2017,2926.0,2692060.0,184172.0,49963.0,60018.0,41430000.0,22406.3,36334.0,13.058827204848637,1.8490335307480485,0.1201474585272892,50688.61121814279,13751.032091154291,0.18732154177113153,0.0840056394327122,0.04703105817183371,0.013769612742037555,0.13566359060192187,0.030400335456935632,0.10526325514498625,11.002399796213236
JHARKHAND,2018,2960.0,2929862.0,195691.0,54268.0,67484.0,44821510.0,23009.1,36869.0,12.864475359748969,1.9479905776410202,0.12733492400832713,53077.38208250834,14719.140741544386,0.20041764573559678,0.09283609262310294,0.050022445210837346,0.015123183800798752,0.14662686917934986,0.032572814505818046,0.11405405467353182,11.119645811725865
JHARKHAND,2019,3051.0,3328128.0,218585.0,63245.0,75421.0,45663953.0,23619.1,37403.0,12.917511674873301,1.9333485611221426,0.14090833266297192,58440.4994251798,16909.07146485576,0.19847990227415305,0.10951225615739744,0.05673851829547122,0.01818505794743697,0.15399607921577524,0.03746178812145409,0.11653429109432115,11.23084102980692
JHARKHAND,2020,3169.0,4414091.0,234106.0,71055.0,75016.0,47965103.0,24237.1,37937.0,13.074996596127423,1.9789951355566466,0.18212125212999905,61709.14937923399,18729.736141497746,0.20452082915288777,0.16014606541227983,0.060831751871557434,0.020730638975990312,0.1823334472825838,0.04078119542377387,0.14155225185880993,11.22545670309946
JHARKHAND,2021,3190.0,4959862.0,256070.0,80679.0,69963.0,50250909.0,24863.0,38471.0,12.830310099344407,2.021112054056228,0.1994876724449986,66561.82579085545,20971.381040264096,0.21009463678611254,0.18148228776782824,0.06690861488874707,0.02386481782850566,0.1957884622769704,0.045386716358626365,0.15040174591834402,11.155721809859802
JHARKHAND,2022,3206.0,5248065.0,282989.0,92188.0,88500.0,52988029.0,25436.2,38969.0,12.604083943356319,2.083173941076104,0.20632268184713126,72619.00485000898,23656.752803510484,0.21830798742825788,0.1898797167002726,0.07449384091472197,0.027619397956759027,0.20409385206426522,0.0510566194357405,0.15303723262852473,11.390757830996021
JHARKHAND,2023,3298.0,5736948.0,304044.0,109382.0,95839.0,54789800.0,26015.1,39466.0,12.677252826243219,2.106076855364769,0.22052377273199028,77039.47701819288,27715.50195104647,0.2213389888175576,0.20732704478025704,0.08002946735233499,0.033294179789007596,0.21433301679890732,0.05666182357067129,0.15767119322823603,11.47042497923808
KARNATAKA,2012,7137.0,8839088.0,410074.0,292796.0,90263.0,59908000.0,42319.0,61722.0,16.864765235473428,1.4156289137266949,0.20886807344218908,66438.87106704255,47437.86656297593,0.12996421249139103,0.19300696112192178,0.06675464232792723,0.06086920655721883,0.16148558680665642,0.06381192444257303,0.0976736623640834,11.41048291014307
KARNATAKA,2013,7797.0,9373307.0,462223.0,332328.0,102319.0,70028000.0,43089.9,62349.0,18.094727534758725,1.6251604204233474,0.21752909614550045,74134.78965179874,53301.25583409517,0.15769388391639094,0.2036478129999969,0.07639201335044317,0.06906716452447792,0.18067084845819392,0.07272958893746054,0.10794125952073338,11.535850662944606
KARNATAKA,2014,8625.0,10977122.0,536909.0,381438.0,118829.0,81076000.0,43867.0,62975.0,19.661704698292567,1.8482230378188615,0.2502364419723254,85257.48312822549,60569.749900754265,0.1872142800854167,0.24383175364884874,0.09032063312747245,0.07922968420183323,0.2155230168671327,0.08477515866465284,0.13074785820247986,11.685440763865342
KARNATAKA,2015,9365.0,11625909.0,634292.0,429225.0,130024.0,96769000.0,44651.5,63602.0,20.973539522748396,2.1672060289128026,0.2603699539769101,99728.31043048961,67486.0853432282,0.22942890294881432,0.25628169217680746,0.10844202178027236,0.08889982967966235,0.24285529756281088,0.09867092572996736,0.14418437183284352,11.775474327783012
KARNATAKA,2016,9640.0,12858101.0,696063.0,488117.0,148108.0,103585000.0,45443.0,64229.0,21.213388200602953,2.2794489800409306,0.2829500913231961,108372.07491942892,75996.35678587554,0.24428328071578825,0.2840234387486711,0.11926635216965045,0.1007985531569577,0.26415335973222964,0.11003245266330408,0.15412090706892556,11.9056970163527
KARNATAKA,2017,10137.0,13336076.0,783250.0,524756.0,169898.0,112887000.0,46127.5,64752.0,21.97604465882608,2.447281990136036,0.28911334886997997,120961.51470224858,81040.8944897455,0.26649451900437504,0.29159555960417716,0.135031734926295,0.10785162539015865,0.2790450393042761,0.12144168015822682,0.15760335914604928,12.042953535960367
KARNATAKA,2018,10068.0,15318334.0,835662.0,582491.0,185840.0,117549212.0,46817.1,65275.0,21.5049629302114,2.5108178849181173,0.3271952769394089,128021.75411719647,89236.46112600536,0.27490294174602575,0.33838266197066497,0.1438730637423793,0.11931034110819322,0.30664280185834536,0.13159170242528626,0.1750510994330591,12.132641367444291
KARNATAKA,2019,10285.0,17637535.0,934364.0,701678.0,205245.0,125117732.0,47511.7,65798.0,21.647299507279257,2.633408865605735,0.37122508771523643,142004.92416182862,106641.23529590564,0.2911267911695762,0.39247727766843105,0.16138377364749457,0.14364500498208654,0.3418020344190036,0.15251438931479055,0.18928764510421303,12.23195966648202
KARNATAKA,2020,10778.0,21089978.0,1061242.0,741838.0,222141.0,132963226.0,48212.2,66322.0,22.355337445708763,2.757875102152567,0.4374406892861143,160013.57015771538,111853.98510298242,0.30759881438633624,0.4738291494357181,0.18393546792077867,0.15093326469609594,0.39071398191102713,0.1674343663084373,0.22327961560258983,12.311067594376595
KARNATAKA,2021,10875.0,22558957.0,1256023.0,793376.0,221683.0,131364488.0,48917.0,66845.0,22.23153504916491,2.6854567532759575,0.4611680397407854,187900.8153190216,118688.9071733114,0.2980148761464578,0.5029803513544941,0.2188578394941631,0.16048958123097826,0.400497613750476,0.1896737103625707,0.2108239033879053,12.30900371246586
KARNATAKA,2022,10780.0,23427263.0,1382552.0,888922.0,268963.0,133941008.0,49507.4,67268.0,21.774522596621917,2.7054744947220013,0.47320729830288,205528.92905987988,132146.340013082,0.30066405001878155,0.5177716723646696,0.2409330044893168,0.1793052292574638,0.40921786119172554,0.2101191168733903,0.19909874431833524,12.502329102655192
KARNATAKA,2023,11034.0,25215292.0,1485253.0,1027656.0,310325.0,143759011.0,50102.1,67692.0,22.02302897483339,2.869321066382447,0.5032781460258153,219413.3723335106,151813.5082432193,0.32234771787325145,0.5547164359831241,0.2583200817817014,0.2068030826372211,0.4385320769281878,0.23256158220946127,0.20597049471872653,12.645375414384148
KERALA,2012,5006.0,7083494.0,200560.0,153168.0,97912.0,36109000.0,24246.6,33641.0,20.646193693136357,1.4892397284567733,0.2921438057294631,59617.72836717101,45530.15665408281,0.13970596320932363,0.2953187506948006,0.058212727250187266,0.05820192234263281,0.2175123569520621,0.05820732479641004,0.15930503215565206,11.491824395062174
KERALA,2013,5430.0,7733483.0,236698.0,173089.0,110314.0,43351000.0,24539.2,33875.0,22.12786072895612,1.7666020082154268,0.31514813033839734,69873.9483394834,51096.383763837635,0.17641244713935703,0.3235816497892965,0.071056287908105,0.06598439998005523,0.24999704846432674,0.06852034394408012,0.1814767045202466,11.611086123751015
KERALA,2014,5858.0,8544964.0,281593.0,190557.0,123388.0,52617000.0,24833.5,34109.0,23.589103428836047,2.118791149052691,0.3440902007369078,82556.80318977396,55867.07320648509,0.22302161493868525,0.35913960809341533,0.08693865158839052,0.07265458845249907,0.2910806115160503,0.0797966200204448,0.2112839914956055,11.723089140992272
KERALA,2015,6190.0,9073113.0,328399.0,212161.0,135537.0,57584000.0,25130.3,34344.0,24.631619996577836,2.291417133898123,0.3610427651082558,95620.4868390403,61775.27370137433,0.24586716172373738,0.37996737088868876,0.10329791590001308,0.08091519969279554,0.3129172663062131,0.09210655779640431,0.22081070850980877,11.816999944757677
KERALA,2016,6299.0,8687294.0,366137.0,227364.0,148133.0,61844000.0,25428.0,34578.0,24.77190498662891,2.43212207015888,0.34164283467044204,105887.2693620221,65753.94759673781,0.2644882355273778,0.35613279692379063,0.11615470372745246,0.08647802348828859,0.31031051622558425,0.10131636360787052,0.20899415261771373,11.905865797851948
KERALA,2017,6478.0,8998265.0,411408.0,245827.0,166246.0,64583000.0,25682.1,34761.0,25.223794004384374,2.5147086881524485,0.35037107557403796,118353.32700440148,70719.19680101263,0.27541785569366195,0.36685623245708066,0.13176557868208746,0.09342023769093549,0.3211370440753713,0.11259290818651148,0.20854413588885984,12.021223898078274
KERALA,2018,6393.0,9818152.0,441923.0,282034.0,183252.0,69198441.0,25936.7,34943.0,24.648471085373235,2.6679739905230813,0.3785428369838877,126469.67919182668,80712.5890736342,0.29570118464305856,0.40146779630762586,0.14192944625919016,0.10739260179863952,0.34858449047534223,0.12466102402891484,0.2239234664464274,12.118617533741181
KERALA,2019,6622.0,13756280.0,495762.0,334847.0,205437.0,73495187.0,26192.5,35125.0,25.282046387324616,2.805963042855779,0.525199198243772,141142.20640569396,95330.10676156584,0.31396283484429754,0.581648436700966,0.16030341774039714,0.1278302343777323,0.44780563577263177,0.14406682605906473,0.30373880971356704,12.232894696573373
KERALA,2020,6801.0,14049449.0,545024.0,360892.0,208879.0,76371710.0,26449.6,35307.0,25.71305426169016,2.8874429102897587,0.531178127457504,154367.12266689326,102215.42470331662,0.3247459862057195,0.5889940934821789,0.17686458887899748,0.1374570124181596,0.4568700398439492,0.15716080064857854,0.2997092391953706,12.249510415923787
KERALA,2021,6869.0,13702398.0,607649.0,388732.0,194432.0,76629780.0,26708.0,35489.0,25.71888572712296,2.869169537217313,0.5130447057061555,171221.78703260166,109535.91253627885,0.3223276643069563,0.566715540301041,0.19797118611796188,0.14769222771420973,0.4445216023039986,0.1728317069160858,0.2716898953879128,12.17783776651539
KERALA,2022,6814.0,13611613.0,670289.0,424247.0,230280.0,83172705.0,26913.1,35633.0,25.318525179187834,3.0904171202871464,0.5057616179481368,188109.05621193838,119060.14088064435,0.35160785647864684,0.5577676064711864,0.21911861339983746,0.1610086254540415,0.4546877314749166,0.19006361942693947,0.2646241120479771,12.347051238789746
KERALA,2023,6921.0,14497035.0,724013.0,489203.0,257307.0,90843196.0,27118.3,35776.0,25.521511304174673,3.349885354170431,0.5345849481715299,202373.9378354204,136740.5523255814,0.38594621916328575,0.5931796817013678,0.23698210237567893,0.18572867441674198,0.4895629504323268,0.21135538839621046,0.2782075620361163,12.45802520349635
MADHYA PRADESH,2012,4805.0,3989941.0,166865.0,94522.0,38497.0,40580000.0,44757.6,73863.0,10.735606913686167,0.9066616619300409,0.08914555293402684,22591.148477586885,12796.934865900383,0.06260682609680415,0.04591698678089003,0.01184543734699576,0.012435631901325435,0.054261906438847096,0.012140534624160598,0.0421213718146865,10.558335595161871
MADHYA PRADESH,2013,5085.0,3964279.0,198621.0,115667.0,44773.0,45553000.0,45857.8,75099.0,11.088626144298244,0.9933533662757481,0.08644721290598328,26447.88878680142,15401.936111000146,0.07407971871652824,0.042601831338090555,0.016675119065694823,0.016077841163667134,0.0583407750273094,0.01637648011468098,0.04196429491262842,10.709360558147916
MADHYA PRADESH,2014,5601.0,4998287.0,224910.0,135788.0,51849.0,57111000.0,46968.9,76334.0,11.92491201624905,1.215932244527762,0.10641694823596039,29463.934812796393,17788.66560117379,0.10353609621974029,0.06713646228986099,0.020452024220470332,0.019414871528687788,0.08533627925480064,0.019933447874579062,0.06540283138022157,10.856090927068603
MADHYA PRADESH,2015,5997.0,5532161.0,279342.0,153034.0,55678.0,70968000.0,48092.2,77570.0,12.469797597115539,1.4756654925330928,0.11503239610581342,36011.602423617376,19728.50328735336,0.1379095312170981,0.07772132135175139,0.02865147453983613,0.0221270755252629,0.10781542628442474,0.025389275032549515,0.08242615125187522,10.927340374822949
MADHYA PRADESH,2016,6209.0,6549391.0,282590.0,172929.0,62080.0,85714000.0,49227.0,78806.0,12.612996932577651,1.7411989355435025,0.1330446909216487,35858.944750399714,21943.63373347207,0.17305057154611905,0.099851059107345,0.02846030585476886,0.025224182923320855,0.13645081532673203,0.02684224438904486,0.10960857093768717,11.0361791548571
MADHYA PRADESH,2017,6439.0,7135986.0,313014.0,190639.0,74324.0,95452000.0,50348.1,79948.0,12.78896323793748,1.895841153886641,0.14173297502785606,39152.198929304046,23845.374493420724,0.19351612334161347,0.11052540409127398,0.03258435057327957,0.02788312131096545,0.15202076371644374,0.03023373594212251,0.12178702777432124,11.216189193352646
MADHYA PRADESH,2018,6589.0,7725514.0,341433.0,222153.0,81966.0,100452566.0,51480.9,81090.0,12.79892154177569,1.9512589329246381,0.15006563599315476,42105.438401775806,27395.856455789864,0.20085018411392333,0.12076283379435764,0.03628260494033136,0.032847264154829144,0.16080650895414048,0.03456493454758025,0.12624157440656023,11.314059806115543
MADHYA PRADESH,2019,6747.0,8708168.0,368951.0,262105.0,92337.0,105532190.0,52625.3,82232.0,12.820829524962328,2.005350848356209,0.16547493315952594,44867.083373869056,31873.84473197782,0.20800877837649348,0.13969455286604512,0.03974093118630365,0.03910820948330813,0.1738516656212693,0.03942457033480589,0.1344270952864634,11.433200206904234
MADHYA PRADESH,2020,7234.0,10955380.0,396779.0,285989.0,101909.0,110583441.0,53781.3,83374.0,13.450771922582756,2.0561689843867663,0.20370240213605845,47590.25595509391,34301.940652961355,0.2147341164260042,0.18666046543633225,0.043151079596084135,0.042503076748686974,0.20069729093116823,0.042827078172385555,0.15787021275878266,11.531835537194869
MADHYA PRADESH,2021,7248.0,12471562.0,453372.0,320452.0,101958.0,112592643.0,54949.0,84516.0,13.190412928351744,2.049038981601121,0.22696613223170575,53643.3338066165,37916.134223105684,0.2137905226074788,0.21524206769730503,0.05073116980115027,0.04755629863172349,0.2145162951523919,0.04914373421643688,0.16537256093595504,11.53231624276216
MADHYA PRADESH,2022,7338.0,13117402.0,510313.0,359322.0,117402.0,119624584.0,55981.4,85548.0,13.107925132276078,2.136863029506229,0.2343171481956507,59652.242016178054,42002.38462617478,0.2254132710428624,0.22427345748869737,0.058255947671136184,0.05326953162702511,0.2248433642657799,0.05576273964908064,0.16908062461669926,11.673359222006154
MADHYA PRADESH,2023,7541.0,14029167.0,547367.0,411420.0,127947.0,129791040.0,57021.8,86579.0,13.224766668186554,2.2761652560950374,0.24603164053046378,63221.68193210825,47519.606371059956,0.2438487084287582,0.23866577373489933,0.06272585161223761,0.060983491909928626,0.24125724108182878,0.06185467176108311,0.17940256932074566,11.759371394654206
MAHARASHTRA,2012,9608.0,24180287.0,1529867.0,1404674.0,99597.0,100366000.0,77465.3,113645.0,12.402972685834818,1.2956252670550557,0.31214346294405365,134618.06502705795,123601.91825421268,0.11408277420810732,0.3198901433954997,0.15213342862515292,0.16735875816458112,0.2169864588018035,0.159746093394867,0.0572403654069365,11.50888732263713
MAHARASHTRA,2013,10272.0,11775717.0,1778883.0,1590860.0,112092.0,117322000.0,79072.3,114915.0,12.990642740883976,1.4837307122721863,0.14892341565883374,154799.89557499022,138437.9758952269,0.1389768928605156,0.11935951252318854,0.17740653758049293,0.1881019446250037,0.12916820269185206,0.18275424110274832,-0.053586038410896264,11.62707524166085
MAHARASHTRA,2014,11203.0,15179082.0,2028845.0,1821186.0,125261.0,136072000.0,80696.4,116186.0,13.882899361061956,1.686221442344392,0.18810110488200218,174620.4361971322,156747.45666431412,0.16577477877291769,0.16749285684401652,0.20222721385697964,0.21370153332818786,0.1666338178084671,0.20796437359258374,-0.04133055578411665,11.738154839442076
MAHARASHTRA,2015,11810.0,15596704.0,2150010.0,1977298.0,132836.0,154375000.0,82336.1,117456.0,14.343647561640642,1.8749369960442626,0.18942728645150791,183048.12014711893,168343.72020160742,0.19074963997343583,0.16912219117645608,0.21278095298402863,0.22991496836724384,0.17993591557494595,0.22134796067563622,-0.04141204510069027,11.7968705636251
MAHARASHTRA,2016,12058.0,18683752.0,2181769.0,2244286.0,146815.0,171561000.0,83993.0,118727.0,14.355958234614791,2.042563070732085,0.2224441560606241,183763.50787942085,189029.11721849284,0.21293349216176194,0.2096864098632402,0.21367681186366988,0.2588364687894942,0.21130995101250105,0.23625664032658203,-0.024946689314080978,11.89692856977906
MAHARASHTRA,2017,12478.0,21140993.0,2195511.0,2327351.0,163726.0,186955000.0,85456.4,119869.0,14.60159800787302,2.187723798334589,0.24738923006351776,183159.19879201462,194157.8723439755,0.2321442511721426,0.24033369559901469,0.2129200534827863,0.2660072904762224,0.23623897338557864,0.23946367197950436,-0.0032246985939257122,12.00594957787032
MAHARASHTRA,2018,12545.0,25291457.0,2292825.0,2450160.0,172663.0,197698212.0,86932.3,121011.0,14.4307696908974,2.2741629060774877,0.2909327948299999,189472.4446537918,202474.15524208543,0.24358371482975316,0.2938309139755878,0.220825944385378,0.27763478687635934,0.2687073144026705,0.24923036563086867,0.01947694877180181,12.059096996826797
MAHARASHTRA,2019,12943.0,32407969.0,2607845.0,2426920.0,182865.0,197887425.0,88420.7,122153.0,14.637975044305236,2.238021470085625,0.36652015874110927,213490.0493643218,198678.70621270046,0.2388007103036943,0.38669684572343566,0.2509024797746667,0.2723281408102296,0.312748778013565,0.2616153102924481,0.051133467721116876,12.116503454667356
MAHARASHTRA,2020,13578.0,39746027.0,2807751.0,2511092.0,189843.0,211184851.0,89921.6,123295.0,15.099820287895232,2.3485441873810076,0.44200755991886265,227726.2662719494,203665.355448315,0.2534274300935543,0.47943996418751716,0.2687300727754011,0.2793002756866215,0.36643369714053575,0.2740151742310113,0.09241852290952446,12.153952693766072
MAHARASHTRA,2021,13648.0,43477791.0,3163108.0,2504795.0,182454.0,220073570.0,91435.0,124437.0,14.926450483950347,2.4068854377426585,0.47550490512385846,254193.52764852898,201290.21111084323,0.2611483868535053,0.5205944907192201,0.30187424069074875,0.2759794432219112,0.3908714387863627,0.28892684195633,0.10194459683003271,12.114253365439014
MAHARASHTRA,2022,13590.0,55676170.0,3491988.0,2717399.0,219620.0,233188807.0,92754.5,125411.0,14.65158024678048,2.5140430599054495,0.6002530335455423,278443.5177137572,216679.47787674126,0.2753297655879233,0.6738588801653664,0.3322417853804557,0.2974961047056006,0.4745943228766449,0.31486894504302815,0.15972537783361673,12.299654059151704
MAHARASHTRA,2023,13972.0,73146443.0,3922908.0,3332739.0,252289.0,258512123.0,94083.4,126385.0,14.850653781644796,2.747691122982375,0.777463856535797,310393.4802389524,263697.35332515725,0.30625105337110475,0.8915784478453052,0.3722517776405988,0.3632346304648429,0.598914750608205,0.3677432040527209,0.2311715465554841,12.438330534788479
MANIPUR,2012,94.0,92537.0,4071.0,1274.0,39762.0,775000.0,1787.4,2887.0,5.259035470515833,0.43359069038827347,0.051771847376076985,14101.143055074472,4412.885348112227,0.0,0.0,0.0012136548847964841,0.0007133869054502007,0.0,0.0009635208951233425,-0.0009635208951233425,10.590666961316282
MANIPUR,2013,111.0,103461.0,5136.0,1466.0,41230.0,1016000.0,1836.8,2918.0,6.043118466898955,0.5531358885017421,0.05632676393728223,17601.0966415353,5023.989033584647,0.01582076660634236,0.0055961280907675486,0.005596543152497267,0.0015678078035843799,0.010708447348554955,0.0035821754780408234,0.007126271870514131,10.626921425700946
MANIPUR,2014,134.0,108061.0,5063.0,1701.0,47798.0,1293000.0,1886.8,2949.0,7.101971592113632,0.6852872588509646,0.05727210091159635,17168.531705662936,5768.056968463886,0.03330985040056469,0.006757560298386437,0.005054854888462071,0.0026081340334955815,0.020033705349475562,0.0038314944609788267,0.016202210888496736,10.774739076600005
MANIPUR,2015,138.0,111642.0,5730.0,1947.0,52717.0,1799000.0,1937.5,2980.0,7.122580645161291,0.9285161290322581,0.05762167741935484,19228.187919463086,6533.557046979866,0.06549907462528111,0.007187046742024396,0.007634101393296466,0.0036784258352898732,0.036343060683652756,0.005656263614293169,0.030686797069359586,10.872693263156664
MANIPUR,2016,150.0,124605.0,6036.0,2480.0,55447.0,2087000.0,1989.5,3012.0,7.539582809751194,1.0490072882633827,0.06263131440060317,20039.840637450197,8233.731739707835,0.08144503095314541,0.013341840108402477,0.00865051006479271,0.006055542554562538,0.04739343553077394,0.007353026309677624,0.04004040922109632,10.923182888519593
MANIPUR,2017,162.0,137421.0,7774.0,3005.0,59345.0,2519000.0,2036.8,3042.0,7.953652788688139,1.236743912018853,0.06746906912804398,25555.555555555555,9878.36949375411,0.10629033929483923,0.019285460537601187,0.015557676575818306,0.008355009732266242,0.0627878999162202,0.011956343154042273,0.05083155676217793,10.991123150490605
MANIPUR,2018,179.0,165976.0,9019.0,4021.0,71507.0,2785256.0,2085.2,3073.0,8.584308459620182,1.3357260694417803,0.07959716094379436,29349.170191994792,13084.93328994468,0.11938976641941514,0.03418592125637447,0.0203083078832011,0.012838299857652566,0.0767878438378948,0.016573303870426832,0.06021453996746797,11.177550625987903
MANIPUR,2019,192.0,202376.0,9927.0,4946.0,73795.0,2743213.0,2133.6,3103.0,8.998875140607424,1.285720378702662,0.09485189351331083,31991.621011923944,15939.413470834676,0.1127719484337725,0.052927743703025214,0.023617370820905693,0.016829320657955556,0.08284984606839886,0.020223345739430625,0.06262650032896824,11.209046257615876
MANIPUR,2020,203.0,251916.0,10369.0,6129.0,78574.0,2896180.0,2183.1,3134.0,9.298703678255691,1.3266364344281067,0.1153937061976089,33085.513720485,19556.477345245694,0.11818683232956845,0.07816522356752313,0.024987220277487728,0.021886555686400553,0.0981760279485458,0.02343688798194414,0.07473913996660166,11.271796134890542
MANIPUR,2021,210.0,309117.0,12323.0,7405.0,75784.0,3069499.0,2233.3,3165.0,9.403125419782386,1.3744230510903148,0.1384126628755653,38935.22906793049,23396.52448657188,0.12451097517303049,0.10644609948582703,0.03231264563880916,0.027255557061074128,0.11547853732942875,0.029784101349941645,0.08569443597948712,11.23564246755537
MANIPUR,2022,225.0,353300.0,13813.0,9163.0,98826.0,3471552.0,2277.6,3194.0,9.87881981032666,1.5242149631190727,0.1551194239550404,43246.71258609893,28688.165309956166,0.1443346311384954,0.12697187064459747,0.03771178881638319,0.03465411906029405,0.13565325089154645,0.03618295393833862,0.09947029695320783,11.501116007010731
MANIPUR,2023,240.0,368547.0,14851.0,11313.0,107133.0,3598482.0,2322.4,3223.0,10.334137099552187,1.5494669307612814,0.15869230106786084,46078.188023580515,35100.83772882407,0.14767650929606968,0.1313614742097228,0.04125756168698005,0.043620062905541365,0.13951899175289623,0.0424388122962607,0.09708017945663552,11.58182633222492
MEGHALAYA,2012,237.0,143681.0,11054.0,2856.0,59794.0,1391000.0,1856.8,2999.0,12.763894872899611,0.749138302455838,0.07738097802671262,36858.95298432811,9523.174391463821,0.04175998034627163,0.03146313955227259,0.029712586563017052,0.007858390049671598,0.03661155994927211,0.018785488306344324,0.017826071642927783,10.998660600456725
MEGHALAYA,2013,256.0,128653.0,13653.0,3274.0,64477.0,1569000.0,1908.6,3032.0,13.41297285968773,0.822068531908205,0.06740699989521115,45029.683377308706,10798.15303430079,0.05141166152561712,0.01920920285587182,0.039944550357186547,0.00964101454206443,0.035310432190744465,0.02479278244962549,0.010517649741118976,11.074063850043549
MEGHALAYA,2014,286.0,177816.0,14583.0,3997.0,66281.0,1752000.0,1960.4,3064.0,14.588859416445624,0.8936951642521934,0.09070393797184248,47594.64751958224,13045.039164490861,0.060890822972461234,0.04783160413318777,0.04315657902229002,0.012782521476158796,0.0543612135528245,0.027969550249224408,0.026391663303600092,11.101658558934227
MEGHALAYA,2015,294.0,191486.0,16644.0,4308.0,66485.0,2033000.0,2012.9,3096.0,14.6057926374882,1.0099855929256296,0.09512941527149883,53759.68992248062,13914.728682170542,0.07628084916864229,0.053268704352013294,0.050876879120573495,0.01399848681307099,0.06477477676032779,0.03243768296682224,0.03233709379350555,11.104731637290806
MEGHALAYA,2016,319.0,220070.0,18168.0,4499.0,71594.0,2331000.0,2066.8,3129.0,15.434488097542092,1.127830462550803,0.10647861428294947,58063.27900287632,14378.395653563439,0.09187659209697879,0.0672122246212155,0.05626613632742264,0.014646767554212998,0.07954440835909715,0.03545645194081782,0.04408795641827933,11.178766550554732
MEGHALAYA,2017,342.0,231735.0,20450.0,5290.0,77585.0,2660000.0,2116.4,3161.0,16.15951615951616,1.2568512568512569,0.10949489699489699,64694.71686175261,16735.210376463143,0.10895137139555784,0.07091800148610711,0.06457048964858945,0.017941972279936592,0.08993468644083247,0.04125623096426302,0.048678455476569446,11.259129388517584
MEGHALAYA,2018,345.0,254285.0,21503.0,5844.0,82457.0,2745651.0,2166.0,3192.0,15.92797783933518,1.2676135734072023,0.11739843028624192,67365.28822055137,18308.27067669173,0.11037567033070682,0.08062820892321297,0.06791476710467219,0.02014136270498614,0.0955019396269599,0.04402806490482916,0.05147387472213073,11.320032224323306
MEGHALAYA,2019,346.0,278005.0,24063.0,7448.0,88954.0,2840817.0,2216.8,3224.0,15.608083724287262,1.2814944965716348,0.1254082461205341,74637.09677419355,23101.736972704715,0.11221268971024405,0.09046899410332539,0.07702103769009247,0.02684339686903992,0.10134084190678472,0.05193221727956619,0.049408624627218525,11.395874661166657
MEGHALAYA,2020,364.0,277395.0,23756.0,8435.0,95422.0,2995065.0,2268.1,3256.0,16.048675102508707,1.320517172964155,0.12230280851814294,72960.68796068797,25906.019656019656,0.11737700132880775,0.08665368236987211,0.07492172055942914,0.030764233522230445,0.10201534184933994,0.05284297704082979,0.04917236480851015,11.466064438816906
MEGHALAYA,2021,367.0,309950.0,25821.0,9785.0,90751.0,3175652.0,2320.1,3288.0,15.818283694668333,1.3687565191155553,0.13359337959570708,78531.02189781022,29759.732360097325,0.12376105898020312,0.10052517290519944,0.0818972848510906,0.0361523415439055,0.11214311594270128,0.059024813197498055,0.053118302745203225,11.415874771350133
MEGHALAYA,2022,368.0,310794.0,29441.0,9512.0,107971.0,3338442.0,2366.0,3318.0,15.553677092138631,1.411006762468301,0.13135841081994928,88731.16335141652,28667.87221217601,0.12935251099746023,0.09777931106998348,0.09467062004011706,0.034625746057081276,0.11356591103372185,0.06464818304859916,0.048917727985122686,11.589617951530286
MEGHALAYA,2023,374.0,327485.0,31275.0,11874.0,124673.0,3506501.0,2413.2,3349.0,15.498093817337974,1.4530503066467761,0.13570570197248466,93386.08539862646,35455.35980889818,0.1349166081778401,0.10312035251619851,0.10049984112084824,0.044115741595207834,0.11901848034701931,0.07230779135802803,0.04671068898899128,11.733449588577212
MIZORAM,2012,111.0,82112.0,3356.0,1307.0,57654.0,490000.0,686.6,1109.0,16.16661811826391,0.7136615205359743,0.11959219341683659,30261.496844003606,11785.392245266006,0.0370649370023681,0.0833234458863161,0.021450787542036692,0.011021333190697823,0.0601941914443421,0.01623606036636726,0.04395813107797484,10.962214907505324
MIZORAM,2013,122.0,96022.0,4148.0,1463.0,65013.0,603000.0,705.6,1121.0,17.290249433106577,0.8545918367346939,0.13608560090702948,37002.67618198037,13050.847457627118,0.05571583787938768,0.10358709281115057,0.02989256686881977,0.012790642400898876,0.07965146534526912,0.02134160463485932,0.058309860710409805,11.08234252888044
MIZORAM,2014,141.0,111702.0,4715.0,1784.0,77584.0,741000.0,724.9,1133.0,19.450958752931438,1.022209959994482,0.15409297834184024,41615.18093556928,15745.807590467784,0.07789863776541223,0.12571078911818756,0.03566867002842239,0.016558628606639817,0.1018047134417999,0.0261136493175311,0.07569106412426879,11.259116499345133
MIZORAM,2015,151.0,115037.0,5315.0,2008.0,103049.0,893000.0,744.5,1145.0,20.28206850235057,1.1994627266621893,0.1545157824042982,46419.213973799124,17537.11790393013,0.10135649885922653,0.1262302422539406,0.04168461838909651,0.0190631675306398,0.11379337055658356,0.030373892959868157,0.0834194775967154,11.54295988224435
MIZORAM,2016,167.0,127972.0,5913.0,2370.0,114055.0,1086000.0,764.2,1157.0,21.85291808427113,1.4210939544621828,0.16745878042397278,51106.309420916165,20484.01037165082,0.1306874630722152,0.14213188914985747,0.04755412926610681,0.02318339551949292,0.13640967611103633,0.03536876239279987,0.10104091371823645,11.644436067172439
MIZORAM,2017,187.0,131781.0,7166.0,2607.0,127107.0,1281000.0,782.7,1169.0,23.891657084451257,1.6366423917209658,0.16836719049444232,61300.25662959795,22301.112061591102,0.15921342289367316,0.14324795330712176,0.060319707585581646,0.02572399492157259,0.15123068810039747,0.04302185125357712,0.10820883684682035,11.752784530405282
MIZORAM,2018,191.0,137842.0,8468.0,3029.0,155222.0,1373929.0,801.4,1181.0,23.833291739455955,1.7144110306962814,0.17200149737958573,71701.94750211685,25647.756138865367,0.1695054254662361,0.14771302891874602,0.07334543714547381,0.030403139731556162,0.15860922719249104,0.051874288438514986,0.10673493875397605,11.952611629262627
MIZORAM,2019,192.0,143572.0,9255.0,3837.0,164708.0,1416119.0,819.6,1192.0,23.42606149341142,1.7278172279160566,0.17517325524646168,77642.61744966442,32189.59731543624,0.17127961899838742,0.15160982111184843,0.0807847622599871,0.03954968220284863,0.16144472005511792,0.06016722223141786,0.10127749782370006,12.011929488149422
MIZORAM,2020,203.0,161832.0,11332.0,4174.0,195365.0,1490844.0,838.7,1204.0,24.204125432216525,1.77756527959938,0.1929557648742101,94119.60132890365,34667.77408637874,0.17786334069714663,0.17345724692415698,0.10141840140616748,0.04301457052327672,0.1756602938106518,0.0722164859647221,0.10344380784592969,12.182624882792611
MIZORAM,2021,210.0,172990.0,12000.0,5063.0,173521.0,1558558.0,858.0,1216.0,24.475524475524477,1.8165011655011656,0.20162004662004662,98684.21052631579,41636.51315789474,0.18301616634957177,0.1841021028315439,0.10713452637861522,0.05275798467360125,0.18355913459055784,0.07994625552610823,0.1036128790644496,12.064053908508585
MIZORAM,2022,220.0,174667.0,13102.0,5982.0,190965.0,1587447.0,875.0,1227.0,25.142857142857142,1.8142251428571428,0.19961942857142856,106780.76609616952,48753.056234718824,0.18271495456013914,0.1816441621183982,0.11727360323756959,0.0627080525129238,0.1821795583392687,0.0899908278752467,0.09218873046402198,12.159845444163855
MIZORAM,2023,227.0,184844.0,14682.0,6954.0,213665.0,1664672.0,892.1,1238.0,25.445577850016814,1.8660150207375854,0.20720098643649815,118594.50726978999,56171.24394184168,0.18956889418672082,0.19095879354367049,0.13206760158880868,0.07307986789208976,0.19026384386519565,0.10257373474044922,0.08769010912474644,12.272164646892262
NAGALAND,2012,108.0,136529.0,5742.0,1563.0,53010.0,715000.0,1238.2,2000.0,8.72233887901793,0.5774511387497981,0.11026409303828137,28710.0,7815.0,0.01903867836875519,0.07186302858547325,0.019507893973029558,0.005470088469398782,0.04545085347711422,0.01248899122121417,0.03296186225590005,10.878235853981852
NAGALAND,2013,124.0,116463.0,6344.0,1802.0,61225.0,797000.0,1272.8,2022.0,9.742300439974859,0.6261785040854808,0.09150141420490257,31374.876360039565,8911.968348170129,0.025487321112114013,0.048811376010362666,0.022845039750754373,0.007003826038897679,0.03714934856123834,0.014924432894826025,0.022224915666412312,11.022310881820369
NAGALAND,2014,141.0,115229.0,6544.0,2031.0,71510.0,858000.0,1307.2,2043.0,10.786413708690331,0.6563647490820074,0.08814947980416157,32031.326480665688,9941.262848751836,0.029482207936080144,0.044693220604803845,0.023667092804015685,0.008442944722909093,0.037087714270441996,0.016055018763462388,0.021032695506979608,11.177592579042441
NAGALAND,2015,145.0,115642.0,6938.0,2269.0,78367.0,1062000.0,1342.6,2065.0,10.799940414121853,0.7910025323998212,0.08613287650826754,33598.062953995155,10987.893462469734,0.04730034684823141,0.042215640565642615,0.025629070509691033,0.009906302071664493,0.04475799370693701,0.017767686290677764,0.026990307416259247,11.26915819936015
NAGALAND,2016,150.0,123843.0,7728.0,2637.0,82466.0,1175000.0,1377.9,2086.0,10.886131069018072,0.8527469337397489,0.08987807533202699,37046.97986577181,12641.418983700863,0.05547168102361282,0.046816956980888676,0.02994804706051619,0.012218195772396969,0.05114431900225075,0.02108312141645658,0.030061197585794168,11.320141366165364
NAGALAND,2017,158.0,137978.0,9422.0,2970.0,91347.0,1350000.0,1411.4,2108.0,11.194558594303528,0.9564970950828964,0.09775967124840584,44696.39468690702,14089.184060721063,0.06920211197260273,0.05650021236330029,0.03952718279649382,0.014242403393463143,0.0628511621679515,0.026884793094978484,0.035966369072973015,11.42242072054439
NAGALAND,2018,161.0,136659.0,10014.0,3479.0,102003.0,1433284.0,1444.7,2129.0,11.144182183152212,0.9920980134283934,0.09459334117809926,47036.167214654764,16341.005166744952,0.07391358369211887,0.05261008871054206,0.04245721066904171,0.017390810214736135,0.06326183620133047,0.029924010441888922,0.033337825759441546,11.532757503598596
NAGALAND,2019,164.0,148940.0,11183.0,3991.0,109198.0,1479138.0,1478.3,2150.0,11.093823987012108,1.0005668673476291,0.10075086247716972,52013.95348837209,18562.79069767442,0.07503436280657784,0.060175162065499395,0.0486907450629247,0.02049722248801632,0.06760476243603862,0.03459398377547051,0.03301077866056811,11.600918027106905
NAGALAND,2020,176.0,172471.0,12242.0,4644.0,122759.0,1571267.0,1512.3,2171.0,11.63790253256629,1.0389916021953316,0.11404549361899094,56388.76093965914,21391.064025794563,0.0801195420653807,0.0765088221423489,0.05416918692737386,0.024451601907792248,0.0783141821038648,0.03931039441758305,0.03900378768628175,11.717978362724606
NAGALAND,2021,180.0,198130.0,12579.0,7208.0,119781.0,1639343.0,1546.7,2192.0,11.637680222409,1.0598972004913687,0.1280985323592164,57385.948905109486,32883.211678832115,0.08288621606506424,0.0937742547354788,0.05541793589689498,0.040519466253280796,0.08833023540027152,0.04796870107508789,0.04036153432518363,11.693420354422775
NAGALAND,2022,182.0,198538.0,14579.0,6381.0,127225.0,1717794.0,1578.1,2213.0,11.532855966035106,1.088520372599962,0.12580825042772956,65878.8974243109,28834.161771351108,0.08667424379524041,0.09096043567197888,0.06605340391195383,0.034858245513193845,0.08881733973360964,0.05045582471257384,0.038361515021035804,11.753712451457034
NAGALAND,2023,192.0,210762.0,15579.0,7805.0,138889.0,1832801.0,1609.0,2233.0,11.932877563704164,1.1390932256059665,0.1309894344313238,69767.12942230183,34952.978056426335,0.09336712077107198,0.09732599011328287,0.07092252174026363,0.043413331385029855,0.09534655544217743,0.05716792656264674,0.03817862887953069,11.841430331941945
ODISHA,2012,3319.0,3670610.0,124468.0,58830.0,48387.0,26530000.0,27841.1,42205.0,11.921224376910395,0.9529077514897041,0.13184141431193452,29491.29250088852,13939.106740907475,0.06872709358496355,0.09837272466452851,0.02048628344340239,0.014032571246426477,0.08354990912474602,0.01725942734491443,0.0662904817798316,10.786986461585292
ODISHA,2013,3558.0,3674345.0,142761.0,66158.0,54762.0,33480000.0,28251.1,42436.0,12.594199871863395,1.1850865983979384,0.13006024544177042,33641.48364596098,15590.06503911773,0.09945394339434138,0.09618439716943855,0.025683444956863317,0.016340875557909057,0.09781917028188997,0.021012160257386187,0.07680701002450378,10.910751801744933
ODISHA,2014,3995.0,3868965.0,164629.0,73343.0,60687.0,35469000.0,28663.8,42667.0,13.937440255653474,1.2374144391183304,0.13497739308814602,38584.62043265287,17189.63133100523,0.1063790777210702,0.10222555899986578,0.03187358882386814,0.01857732560759765,0.104302318360468,0.025225457215732897,0.0790768611447351,11.013484786070801
ODISHA,2015,4410.0,3924190.0,190074.0,79696.0,63345.0,43451000.0,29078.7,42897.0,15.1657398714523,1.49425524524824,0.13495066835862676,44309.39226519337,18578.455369839383,0.14036972320822105,0.10219272524592732,0.039042551120159,0.020519124210389046,0.12128122422707419,0.029780837665274024,0.09150038656180016,11.056351256036153
ODISHA,2016,4567.0,4419277.0,209215.0,85436.0,64835.0,49536000.0,29497.0,43128.0,15.482930467505168,1.679357222768417,0.1498212360579042,48510.24856241885,19809.86829901688,0.1648663590491651,0.12046256630873865,0.04430315910382793,0.02224083685250559,0.1426644626789519,0.03327199797816676,0.10939246470078512,11.079600859982985
ODISHA,2017,4770.0,4669104.0,245281.0,93366.0,77507.0,56786000.0,29867.3,43309.0,15.970643479658355,1.9012766470353866,0.15632829214559066,56635.11048511857,21558.105705511556,0.19423546355647553,0.12845707485158378,0.05447768317050243,0.024685152948969984,0.16134626920402967,0.03958141805973621,0.12176485114429346,11.258123533843245
ODISHA,2018,4858.0,5508448.0,268905.0,101019.0,87055.0,60007175.0,30239.6,43490.0,16.065027315176128,1.9843905011971057,0.1821600814825593,61831.45550701311,23228.098413428375,0.20523485884124512,0.16019377079341884,0.06098491221476446,0.027020070415999752,0.18271431481733197,0.04400249131538211,0.13871182350194985,11.3742953818007
ODISHA,2019,4914.0,7126096.0,309554.0,127646.0,98005.0,62128831.0,30614.0,43671.0,16.051479715162998,2.029425458940354,0.23277245704579605,70883.19479746284,29229.007808385428,0.21119484357359844,0.2223756643196883,0.0723201373708545,0.035410303557692105,0.21678525394664339,0.053865220464273306,0.16292003348237008,11.492773776759375
ODISHA,2020,5223.0,8509070.0,341140.0,143879.0,104633.0,65762478.0,30990.5,43852.0,16.853551894935546,2.1220205546861135,0.27457027153482516,77793.48718416491,32810.13408738484,0.2234489986697749,0.27372807015450656,0.08097369196232695,0.040417292067782974,0.24858853441214074,0.06069549201505496,0.18789304239708576,11.558214268428921
ODISHA,2021,5289.0,9429978.0,363567.0,155954.0,103211.0,68638037.0,31369.0,44033.0,16.86059485479295,2.1880849564857026,0.30061455577162166,82566.93843253923,35417.52776326846,0.23219204731039753,0.3057258353524065,0.08695134365287334,0.044062846331812046,0.268958941331402,0.0655070949923427,0.20345184633905933,11.544530715496666
ODISHA,2022,5367.0,9970819.0,421413.0,183405.0,133768.0,73806889.0,31662.4,44162.0,16.950704937086257,2.3310579425438376,0.3149103984536864,95424.34672342738,41530.04845795027,0.25111327776660225,0.3232895746085055,0.10305229543953874,0.05260912995923995,0.28720142618755384,0.07783071269938935,0.2093707134881645,11.803862235142505
ODISHA,2023,5548.0,10502404.0,463318.0,216311.0,134612.0,79578034.0,31957.0,44291.0,17.36082861344932,2.490159714616516,0.32864173733454327,104607.70811225758,48838.59023277867,0.2721690126881184,0.34015976974873857,0.11455234705304053,0.06282764275134103,0.3061643912184285,0.08868999490219079,0.2174743963162377,11.81015184526493
PUDUCHERRY,2012,171.0,305956.0,7712.0,5517.0,119649.0,1517000.0,813.8,1279.0,21.012533792086508,1.8640943720815926,0.3759596952568199,60297.10711493354,43135.26192337764,0.18931471305189673,0.39829417242516046,0.059063493144458634,0.054853475662649115,0.29380444273852857,0.056958484403553875,0.23684595833497468,11.692317735591606
PUDUCHERRY,2013,187.0,354144.0,8231.0,6859.0,130548.0,1735000.0,841.6,1310.0,22.21958174904943,2.0615494296577945,0.4207984790874525,62832.06106870229,52358.7786259542,0.21544617153331466,0.45338268488828704,0.06223794093888487,0.06774943033011076,0.33441442821080086,0.06499368563449781,0.26942074257630305,11.779496254209082
PUDUCHERRY,2014,205.0,403220.0,9394.0,7314.0,148147.0,2064000.0,869.2,1340.0,23.58490566037736,2.374597330878969,0.46389783709157845,70104.4776119403,54582.08955223881,0.2568753369032579,0.5063341549712246,0.0713449728916778,0.07085797535058316,0.38160474593724125,0.07110147412113048,0.31050327181611076,11.905960303049804
PUDUCHERRY,2015,228.0,420825.0,11064.0,7910.0,146921.0,2285000.0,897.8,1371.0,25.395411004678103,2.5451102695477834,0.4687291156159501,80700.21881838074,57695.11305616338,0.27944124041600593,0.5122698187976118,0.0846137059402957,0.07521048115502753,0.39585552960680886,0.07991209354766161,0.31594343605914726,11.897650306335706
PUDUCHERRY,2016,234.0,433761.0,12676.0,8502.0,172727.0,2474000.0,926.8,1402.0,25.248165731549417,2.6694000863185154,0.46802006905481225,90413.69472182596,60641.94008559201,0.2958899160107245,0.5113986907922734,0.09677760426754593,0.07933061765066009,0.4036443034014989,0.08805411095910301,0.31559019244239594,12.059467592389684
PUDUCHERRY,2017,242.0,466415.0,14606.0,9336.0,187356.0,2657000.0,957.7,1436.0,25.268873342382793,2.774355226062441,0.487015766941631,101713.09192200557,65013.92757660167,0.30977981536451227,0.5347366284075417,0.11092750488689593,0.08544335689197573,0.42225822188602696,0.09818543088943582,0.32407279099659114,12.14076582932952
PUDUCHERRY,2018,245.0,577191.0,16242.0,10358.0,198357.0,2742377.0,989.1,1470.0,24.769992922859164,2.772598321706602,0.5835517136791022,110489.79591836735,70462.58503401361,0.3095473043627988,0.653339794030285,0.12191831148603,0.09306145331171578,0.48144354919654186,0.10748988239887289,0.37395366679766895,12.197823716471762
PUDUCHERRY,2019,253.0,632880.0,17818.0,12363.0,204140.0,2830751.0,1020.9,1504.0,24.78205504946616,2.7727994906455087,0.6199235968263297,118470.74468085106,82200.79787234042,0.3095739273211536,0.698025951122141,0.13191261736240664,0.1094733562248197,0.5037999392216473,0.12069298679361318,0.38310695242803416,12.22656131195749
PUDUCHERRY,2020,267.0,759321.0,20043.0,13322.0,217937.0,3034786.0,1052.4,1537.0,25.37058152793615,2.883681109844166,0.7215136830102623,130403.38321405335,86675.34157449577,0.3242481446545024,0.8228385854258025,0.14685550735734856,0.11572948548671523,0.5735433650401525,0.1312924964220319,0.4422508686181206,12.291961309179642
PUDUCHERRY,2021,268.0,793865.0,22138.0,14885.0,208862.0,3075824.0,1085.0,1571.0,24.70046082949309,2.8348608294930875,0.7316728110599078,140916.6136218969,94748.56779121578,0.3177872054174659,0.8353199955882934,0.1600209145754389,0.127017149689882,0.5765536005028796,0.14351903213266046,0.43303456837021914,12.249429025780088
PUDUCHERRY,2022,265.0,796548.0,24552.0,16156.0,231557.0,3245201.0,1118.5,1608.0,23.69244523915959,2.901386678587394,0.7121573535985695,152686.5671641791,100472.6368159204,0.3265913225917148,0.8113434861975973,0.1747600789721921,0.13502031562282724,0.5689674043946561,0.15489019729750966,0.41407720709714646,12.352581342503557
PUDUCHERRY,2023,272.0,824586.0,26469.0,18315.0,231231.0,3518046.0,1153.1,1646.0,23.588587286445232,3.0509461451738793,0.7151036336831151,160808.01944106925,111269.74483596598,0.3463842164257939,0.8149632584860347,0.1849303332403545,0.15011640316255037,0.5806737374559143,0.16752336820145242,0.4131503692544619,12.351172489837014
PUNJAB,2012,4346.0,2370707.0,172902.0,139917.0,85577.0,32420000.0,19394.2,28023.0,22.408761382268924,1.6716337874209815,0.12223793711522002,61700.032116475755,49929.34375334546,0.16384422959554223,0.08657398196805215,0.060820334593302314,0.06435269099575677,0.1252091057817972,0.06258651279452954,0.06262259298726766,11.357171834436997
PUNJAB,2013,4854.0,2651772.0,199810.0,162996.0,94318.0,36506000.0,19790.7,28302.0,24.52667161848747,1.8446037785424467,0.13399081386711942,70599.25093632958,57591.68963324147,0.18673530261744978,0.10101345695181121,0.07196456287910673,0.0750658786333904,0.1438743797846305,0.07351522075624856,0.07035915902838194,11.454427330575918
PUNJAB,2014,5547.0,2983608.0,230021.0,182003.0,103831.0,40729000.0,20191.2,28581.0,27.47236419826459,2.0171658940528547,0.1477677404017592,80480.38906966166,63679.71729470627,0.20957239685184606,0.1179396606591604,0.08433841965356333,0.0835779170747119,0.1637560287555032,0.08395816836413761,0.0797978603913656,11.550519856378926
PUNJAB,2015,6024.0,3176828.0,261972.0,196644.0,108970.0,45964000.0,20596.5,28861.0,29.247687713931978,2.231641298278834,0.15424115747821232,90770.24358130348,68134.85326218772,0.23795635008967886,0.12589284062591002,0.09722409984940487,0.08980691121292052,0.18192459535779443,0.0935155055311627,0.08840908982663173,11.598827893970931
PUNJAB,2016,6168.0,3583132.0,290178.0,202471.0,118858.0,52575000.0,21005.0,29140.0,29.364437038800283,2.5029754820280887,0.17058471792430374,99580.64516129032,69482.1551132464,0.2738650679734776,0.14597238686711028,0.10825710493496787,0.09169065514215155,0.20991872742029394,0.09997388003855971,0.10994484738173423,11.685684782260491
PUNJAB,2017,6396.0,3793379.0,330956.0,228314.0,128780.0,58042000.0,21346.3,29380.0,29.96303809091037,2.719066067655753,0.1777066283149773,112646.69843430906,77710.68754254594,0.3024627764134115,0.1547222996836541,0.12461933665626793,0.10319546232251284,0.2285925380485328,0.11390739948939038,0.11468513855914242,11.765860801092174
PUNJAB,2018,6490.0,4411352.0,347797.0,220941.0,139835.0,60450968.0,21689.5,29619.0,29.922312639756562,2.7871074944097374,0.20338652343299754,117423.61322124313,74594.3482224248,0.31146746710132667,0.18627237980189273,0.13060132563362206,0.09883832047557672,0.2488699234516097,0.11471982305459939,0.1341501003970103,11.84821843510139
PUNJAB,2019,6614.0,5210584.0,379577.0,236211.0,149974.0,59582908.0,22036.3,29859.0,30.014113077059218,2.703852643138821,0.23645457722031377,127123.145450283,79108.81141364413,0.30044941207620796,0.22689948289360048,0.14274776271018708,0.10515026358135823,0.2636744474849042,0.12394901314577265,0.13972543433913154,11.9182172247211
PUNJAB,2020,6735.0,6192224.0,410987.0,244057.0,154385.0,62079607.0,22385.8,30099.0,30.0860366839693,2.773169017859536,0.2766139248988198,136545.06794245655,81084.75364630054,0.3096228310320518,0.2762388836555591,0.15454655733131561,0.10791294752063509,0.2929308573438054,0.13122975242597534,0.16170110491783007,11.947204761594353
PUNJAB,2021,6700.0,6988155.0,459027.0,263532.0,150620.0,60968084.0,22738.0,30339.0,29.46609200457384,2.6813301081889347,0.307333758466004,151299.31770987838,86862.45426678532,0.2974687505820748,0.31398098524161644,0.17302286754711793,0.11599109902039037,0.3057248679118456,0.14450698328375416,0.16121788462809145,11.922515387655343
PUNJAB,2022,6550.0,7237221.0,510138.0,288331.0,170276.0,67768161.0,23017.5,30535.0,28.45660910177039,2.9442016291951774,0.31442254806125775,167066.64483379727,94426.39593908629,0.3322575086997079,0.3226902061571898,0.1927678245464778,0.12656670180387844,0.3274738574284488,0.15966726317517813,0.16780659425327069,12.045175928945012
PUNJAB,2023,6612.0,7781977.0,560275.0,314823.0,185802.0,71320660.0,23298.0,30730.0,28.380118465104303,3.0612352991673104,0.33401910035196153,182321.83534005858,102448.09632281159,0.347745896413578,0.3467663479004284,0.21187144802025196,0.1377823246341145,0.3472561221570032,0.17482688632718324,0.17242923582981995,12.13243686956659
RAJASTHAN,2012,4936.0,4324623.0,150631.0,136945.0,57192.0,36020000.0,41297.9,69687.0,11.952181587925779,0.8721993127979873,0.10471774593865547,21615.365850158567,19651.441445319786,0.05804603410408021,0.06504883816325598,0.010623493648620466,0.022019330718861838,0.061547436133668094,0.01632141218374115,0.04522602394992695,10.954169307446687
RAJASTHAN,2013,5359.0,4816902.0,176271.0,163166.0,63658.0,40886000.0,42415.4,70825.0,12.634561975131675,0.9639423416966479,0.11356493160503024,24888.245675961876,23037.91034239322,0.07018742556831088,0.07591840812498,0.014722024167881813,0.026754157009925887,0.07305291684664544,0.02073809058890385,0.052314826257741594,11.061280283440269
RAJASTHAN,2014,5907.0,5043578.0,201257.0,175331.0,69480.0,47719000.0,43547.1,71963.0,13.564623132194797,1.095802016667011,0.11581891790727741,27966.73290440921,24364.04819143171,0.0876379060176736,0.07868763471622915,0.018577122592050455,0.02860831027223072,0.08316277036695138,0.023592716432140587,0.059570053934810796,11.148794220355041
RAJASTHAN,2015,6426.0,5324722.0,235479.0,202956.0,76429.0,58874000.0,44693.8,73102.0,14.377833167016455,1.317274431800384,0.11913782224827604,32212.38816995431,27763.399086208312,0.11694785275633138,0.08276520969782625,0.0238938309975686,0.033361147660771286,0.09985653122707881,0.02862748932916994,0.07122904189790888,11.244117484283745
RAJASTHAN,2016,6805.0,6070894.0,258998.0,187559.0,83426.0,74291000.0,45854.0,74240.0,14.840580974396998,1.6201639987787324,0.1323961704540498,34886.58405172414,25263.873922413793,0.15703265099400035,0.09905429289716276,0.02724264733647176,0.029866410865480465,0.12804347194558155,0.02855452910097611,0.09948894284460544,11.331715290362238
RAJASTHAN,2017,7055.0,6426032.0,313673.0,212779.0,91924.0,82019000.0,46959.0,75248.0,15.02374411720863,1.746608743797781,0.13684345918780214,41685.22751435254,28277.030618753986,0.17376651258872594,0.10451819044090176,0.03575638728545384,0.03407928686657307,0.13914235151481386,0.03491783707601345,0.1042245144388004,11.428717427676796
RAJASTHAN,2018,7276.0,7412895.0,334008.0,255728.0,98698.0,87727566.0,48077.0,76256.0,15.134055785510744,1.824730453231275,0.15418796929924913,43800.88124213176,33535.45950482585,0.1841052409637685,0.1258274941243017,0.03840575781935785,0.041431413254321724,0.1549663675440351,0.03991858553683979,0.1150477820071953,11.499819961791749
RAJASTHAN,2019,7391.0,8598702.0,379008.0,325240.0,106604.0,91436253.0,49207.8,77264.0,15.019976507789416,1.8581658395620206,0.17474266274858863,49053.63429281425,42094.636570718576,0.18853012336707115,0.1510807991768377,0.04498362496823224,0.05339851463135897,0.16980546127195442,0.04919106979979561,0.12061439147215881,11.576876313462051
RAJASTHAN,2020,7775.0,11063138.0,420150.0,352425.0,115534.0,96474388.0,50352.3,78273.0,15.441201295670703,1.9159877105911747,0.2197146505720692,53677.51331876892,45025.1044421448,0.19618234479235994,0.2063329648257389,0.05077397179240755,0.057495778402108,0.20125765480904942,0.05413487509725777,0.14712277971179166,11.657320137919335
RAJASTHAN,2021,7871.0,12332401.0,474438.0,388631.0,114925.0,99425466.0,51509.0,79281.0,15.280824710244811,1.930254246830651,0.23942225630472344,59842.58523479774,49019.43719176095,0.19807039670651078,0.23054554579409275,0.05849430884911061,0.0630804957855999,0.21430797125030177,0.06078740231735526,0.15352056893294652,11.652035020674429
RAJASTHAN,2022,7969.0,13315280.0,530634.0,442730.0,134143.0,107916435.0,52510.3,80153.0,15.176070218604732,2.0551479424036807,0.25357463202457425,66202.63745586565,55235.61189225606,0.21459899040534763,0.24793302287577995,0.06645881396984012,0.07177170432650422,0.2312660066405638,0.06911525914817217,0.1621507474923916,11.806661674097246
RAJASTHAN,2023,8304.0,14524532.0,594426.0,515018.0,150020.0,117782931.0,53521.1,81025.0,15.51537617874072,2.2006821795516163,0.27137954937398523,73363.28293736502,63562.85097192225,0.2338591801535309,0.2698079786063562,0.07542587833076045,0.08341451922448036,0.25183357937994355,0.07942019877762041,0.17241338060232314,11.918523897523627
SIKKIM,2012,89.0,38468.0,4010.0,1326.0,158667.0,442000.0,382.0,617.0,23.298429319371728,1.1570680628272252,0.10070157068062827,64991.89627228525,21491.085899513775,0.09574593404799348,0.06011460262306758,0.06494263862704001,0.024591448518454014,0.07793026833553053,0.044767043572747016,0.033163224762783515,11.974562945383576
SIKKIM,2013,98.0,40917.0,4942.0,1345.0,174183.0,541000.0,392.8,624.0,24.94908350305499,1.3772912423625254,0.10416751527494908,79198.71794871795,21554.48717948718,0.12489055532694786,0.06437282989127256,0.08273342084993192,0.02468009366962154,0.09463169260911021,0.05370675725977673,0.04092493534933348,12.067861749660239
SIKKIM,2014,113.0,43603.0,5152.0,1364.0,194624.0,627000.0,403.7,631.0,27.991082486995293,1.553133514986376,0.10800842209561555,81648.17749603803,21616.48177496038,0.1481617498091404,0.06909173226068607,0.08580080653004113,0.024766772050398653,0.10862674103491324,0.05528378929021989,0.05334295174469335,12.178824771037036
SIKKIM,2015,122.0,42768.0,5714.0,1465.0,214148.0,729000.0,414.2,637.0,29.454369869628195,1.7600193143408982,0.1032544664413327,89701.72684458399,22998.430141287285,0.17554128489216186,0.06325106659278282,0.09588602797115878,0.026698957361012993,0.11939617574247234,0.061292492666085885,0.058103683076386456,12.274422643751716
SIKKIM,2016,128.0,62025.0,6354.0,1782.0,245987.0,870000.0,425.4,644.0,30.089327691584394,2.0451339915373765,0.14580394922425952,98664.59627329193,27670.80745341615,0.21327373115643322,0.11552696509709295,0.10710996403019135,0.03323168971782199,0.16440034812676307,0.07017082687400666,0.09422952125275641,12.413033967989671
SIKKIM,2017,131.0,64872.0,6954.0,1905.0,280729.0,973000.0,435.2,650.0,30.101102941176467,2.2357536764705883,0.1490625,106984.61538461539,29307.69230769231,0.23850058755463338,0.11953039025017381,0.1175288776669691,0.03552031709903583,0.1790154889024036,0.07652459738300246,0.10249089151940113,12.545145070159245
SIKKIM,2018,138.0,71078.0,8533.0,2272.0,349163.0,1004464.0,445.8,657.0,30.95558546433378,2.253171825930911,0.15943921040825482,129878.23439878234,34581.43074581431,0.24080572805107212,0.13227912007323547,0.14619787904188974,0.042893848694319114,0.1865424240621538,0.09454586386810443,0.09199656019404936,12.763294140861865
SIKKIM,2019,143.0,82480.0,9632.0,2921.0,375773.0,1030769.0,456.6,664.0,31.31844064826982,2.2574879544459043,0.1806395094174332,145060.2409638554,43990.96385542169,0.24137693009813282,0.15832561010741122,0.16520985643256755,0.05604988411295492,0.19985127010277204,0.11062987027276124,0.0892213998300108,12.83674051665342
SIKKIM,2020,162.0,105024.0,10130.0,3216.0,412627.0,1094265.0,466.7,670.0,34.711806299550034,2.3446860938504392,0.22503535461752733,151194.02985074627,48000.0,0.25291684499054895,0.21286993229184986,0.17289101867794818,0.06165515919921945,0.2328933886411994,0.11727308893858382,0.11562029970261559,12.930299316159804
SIKKIM,2021,164.0,118389.0,10604.0,3847.0,415045.0,1105684.0,477.7,677.0,34.331170190496124,2.314599120787105,0.24783127485869794,156632.20088626293,56824.224519940915,0.24893509594300867,0.24087678771990104,0.17970107928032839,0.07399283939801746,0.24490594183145487,0.12684695933917292,0.11805898249228194,12.936142227069263
SIKKIM,2022,165.0,142910.0,12411.0,5182.0,466518.0,1152756.0,487.0,683.0,33.880903490759756,2.3670554414784393,0.29344969199178644,181713.0307467057,75871.15666178624,0.25587723347577124,0.2969231504017409,0.21110906005035124,0.100623503316785,0.2764001919387561,0.15586628168356811,0.12053391025518798,13.053051883734149
SIKKIM,2023,168.0,130109.0,13554.0,5885.0,520466.0,1232900.0,496.5,689.0,33.8368580060423,2.4831822759315205,0.26205236656596176,196719.88388969522,85413.64296081277,0.27124560940059694,0.258348688624128,0.22990169799559546,0.1139654286035624,0.2647971490123625,0.17193356329957893,0.09286358571278358,13.162479843097643
TAMIL NADU,2012,7641.0,22029297.0,398920.0,466218.0,93112.0,69557000.0,52080.6,72645.0,14.671489959793089,1.3355644904244575,0.42298470063708943,54913.62103379448,64177.57588271733,0.11936838284264344,0.45606865633522115,0.052321912891614634,0.08427400317601462,0.2877185195889323,0.06829795803381462,0.2194205615551177,11.441558348621813
TAMIL NADU,2013,8245.0,23589569.0,445526.0,549344.0,105340.0,81271000.0,52786.2,73142.0,15.61961270180464,1.5396258870689687,0.4468889406700994,60912.47163052692,75106.50515435728,0.14637413280687672,0.4854371831434885,0.05983409591078871,0.09955439795337676,0.3159056579751826,0.07969424693208274,0.23621141104309987,11.564948493037381
TAMIL NADU,2014,9090.0,20597273.0,499973.0,608742.0,116960.0,98244000.0,53497.3,73640.0,16.991511721152285,1.8364291281989933,0.38501518768236903,67894.21510048886,82664.58446496469,0.18565345878588507,0.409419666132325,0.06857712657867132,0.1101218042156157,0.29753656245910504,0.0893494653971435,0.20818709706196153,11.669587274983606
TAMIL NADU,2015,9847.0,21402983.0,545317.0,649164.0,129494.0,111615000.0,54212.4,74137.0,18.16374113671411,2.0588463156030725,0.3947986622986623,73555.30976435517,87562.75543925435,0.2150884379125172,0.4214395519831128,0.0756663478416576,0.11697023230164828,0.318263994947815,0.09631829007165293,0.22194570487616205,11.771389827002036
TAMIL NADU,2016,10164.0,22143108.0,600035.0,682047.0,142028.0,121045000.0,54933.0,74635.0,18.5025394571569,2.2035024484371872,0.4030930042051226,80395.92684397401,91384.33710725531,0.23423241819662988,0.43162990324717443,0.08423265010865784,0.12231341598502317,0.33293116072190215,0.1032730330468405,0.22965812767506166,11.863779500243957
TAMIL NADU,2017,10589.0,23074198.0,668507.0,707383.0,156595.0,129524000.0,55518.9,74989.0,19.072784223030357,2.332971294460085,0.41560978333504445,89147.34161010281,94331.56863006574,0.25136649324142224,0.4470079015823084,0.0951917877534046,0.12643411802723448,0.3491871974118653,0.11081295289031953,0.2383742445215458,11.96141813354891
TAMIL NADU,2018,10893.0,28111636.0,716716.0,813600.0,175276.0,136223243.0,56107.1,75342.0,19.414655186242026,2.4279145241867783,0.501035270046037,95128.34806615168,107987.57665047384,0.26393140343490934,0.5519608594306473,0.10268162508343819,0.14552740598327846,0.40794613143277836,0.12410451553335833,0.28384161589942003,12.074117153379104
TAMIL NADU,2019,11206.0,31754087.0,798738.0,891030.0,194373.0,141073289.0,56698.5,75695.0,19.7641912925386,2.488130885296789,0.5600516239406687,105520.57599577251,117713.19109584516,0.2719005147839112,0.6244678025121773,0.11569550448006924,0.1591253737698693,0.44818415864804423,0.13741043912496925,0.310773719523075,12.177534272473633
TAMIL NADU,2020,11829.0,35469823.0,899038.0,981665.0,206165.0,150024247.0,57293.6,76049.0,20.646285099906446,2.6185166755100044,0.619088746387031,118218.2540204342,129083.22265907507,0.28915593941241735,0.6970002616430537,0.1315964307828114,0.17502250024941055,0.49307810052773554,0.15330946551611097,0.3397686350116246,12.23643209803952
TAMIL NADU,2021,12028.0,37906107.0,1008731.0,1046952.0,209628.0,151821541.0,57891.0,76402.0,20.77697742308822,2.6225413449413555,0.6547841115199253,132029.39713620063,137032.01486872073,0.289688569386234,0.7408552549994057,0.14889171645739663,0.18613618576678245,0.5152719121928199,0.16751395111208955,0.3477579610807303,12.253089810293229
TAMIL NADU,2022,12094.0,39708600.0,1117412.0,1158606.0,242339.0,158085491.0,58347.4,76631.0,20.727573122367062,2.7093836400593685,0.6805547462269098,145817.2280147721,151192.85928671164,0.301181391384129,0.7725168169320584,0.1661578089074514,0.2059353159202926,0.5368491041580937,0.18604656241387202,0.3508025417442217,12.398092851343064
TAMIL NADU,2023,12407.0,42716301.0,1211394.0,1325333.0,275272.0,178253442.0,58805.4,76860.0,21.098402527659026,3.031242743013397,0.726400993786285,157610.4605776737,172434.68644288316,0.34377664262231905,0.8288430899550302,0.1809261249326007,0.2356347948601986,0.5863098662886747,0.20828045989639965,0.378029406392275,12.52551497872969
TRIPURA,2012,271.0,339014.0,10410.0,3262.0,47155.0,2371000.0,2299.4,3714.0,11.785683221710011,1.0311385578846655,0.14743585283117336,28029.07915993538,8782.983306408185,0.07908025999342004,0.11753190667908738,0.018655196962218613,0.006823484277183515,0.09830608333625371,0.012739340619701063,0.08556674271655265,10.761195326977985
TRIPURA,2013,301.0,414583.0,11801.0,3872.0,52574.0,2764000.0,2363.0,3754.0,12.738044858231063,1.169699534490055,0.17544773592890395,31435.801811401172,10314.331379861482,0.09741759939487403,0.15194704552348107,0.022921334889927113,0.008964554323692116,0.12468232245917754,0.015942944606809614,0.10873937785236792,10.86997697994303
TRIPURA,2014,354.0,444253.0,13468.0,4365.0,61815.0,3699000.0,2427.5,3794.0,14.582904222451083,1.5237899073120493,0.18300844490216273,35498.154981549815,11505.007907221929,0.14427837870156185,0.16123606219433226,0.02800849950764592,0.010629310946961594,0.15275722044794704,0.019318905227303756,0.13343831522064328,11.031901332441027
TRIPURA,2015,379.0,460145.0,15463.0,5215.0,69857.0,4428000.0,2492.8,3834.0,15.203786906290116,1.7763157894736843,0.18458961810012836,40331.246739697446,13601.982263954094,0.1776979815529274,0.16317867686808227,0.03406083724305197,0.013561217194357808,0.17043832921050484,0.02381102721870489,0.14662730199179994,11.15420557440983
TRIPURA,2016,424.0,796581.0,17325.0,6109.0,84267.0,5250000.0,2558.9,3874.0,16.569619758489978,2.0516628238696315,0.31129821407636094,44721.2183789365,15769.23076923077,0.21413776529724837,0.31885167850407414,0.03955826877117014,0.016591377964746464,0.26649472190066126,0.0280748233679583,0.23841989853270296,11.341745608275108
TRIPURA,2017,445.0,854127.0,20481.0,7354.0,91596.0,5871000.0,2620.6,3914.0,16.980844081508053,2.2403266427535677,0.3259280317484545,52327.54215636178,18788.962698007155,0.2391057798451093,0.33682573632434454,0.04908344286872782,0.020813447194643165,0.2879657580847269,0.03494844503168549,0.2530173130530414,11.42514288158647
TRIPURA,2018,456.0,940933.0,22020.0,8973.0,100444.0,6244569.0,2682.4,3953.0,16.99970175961825,2.3279783030122276,0.3507802713987474,55704.5282064255,22699.215785479384,0.2507057142757206,0.36735896663859885,0.05331234253078885,0.02628060773442485,0.3090323404571597,0.03979647513260685,0.26923586532455285,11.517355637249544
TRIPURA,2019,463.0,963092.0,24880.0,10463.0,113016.0,5381675.0,2744.8,3992.0,16.868259982512388,1.9606801952783446,0.3508787525502769,62324.64929859719,26209.919839679358,0.20209700619617574,0.36747995966472347,0.061602524200020124,0.031189134687185673,0.2847884829304496,0.0463958294436029,0.2383926534868467,11.6352846805915
TRIPURA,2020,565.0,1004571.0,26487.0,11346.0,121456.0,5563642.0,2808.7,4032.0,20.116067931783387,1.980860184426959,0.3576640438637092,65691.96428571429,28139.880952380954,0.20476765213994433,0.3758163054161574,0.06581931307624418,0.03388752965105136,0.29029197877805085,0.049853421363647774,0.24043855741440306,11.70730733625655
TRIPURA,2021,579.0,1141700.0,28400.0,12093.0,118401.0,5795488.0,2872.5,4071.0,20.156657963446474,2.017576327241079,0.3974586597040905,69761.7293048391,29705.232129697863,0.2096267141124376,0.42470760003665314,0.07091575933302395,0.03607614148667556,0.31716715707454535,0.05349595040984975,0.26367120666469557,11.681832447342321
TRIPURA,2022,589.0,1065510.0,31304.0,13562.0,137032.0,6099956.0,2930.1,4109.0,20.101703013549027,2.081825193679397,0.36364287908262516,76183.9863713799,33005.597468970554,0.21812949244802485,0.3831618467162142,0.07895816174029803,0.04069058120351728,0.3006456695821195,0.05982437147190765,0.24082129811021186,11.82796975417782
TRIPURA,2023,613.0,1009613.0,34065.0,14499.0,153584.0,7100330.0,2988.2,4147.0,20.514021819155342,2.376122749481293,0.3378666086607322,82143.7183506149,34962.62358331324,0.2570772127800408,0.3514933607966813,0.08642135767280289,0.04342681737757352,0.3042852867883611,0.0649240875251882,0.2393611992631729,11.942002927603319
UTTAR PRADESH,2012,12096.0,10861882.0,431036.0,189721.0,32648.0,127197000.0,117174.4,203067.0,10.323073982030206,1.0855357484228636,0.0926984221809542,21226.29476970655,9342.778491827821,0.08627925475963982,0.05028200886820866,0.010136271452185805,0.007606167668673259,0.06828063181392424,0.008871219560429532,0.059409412253494706,10.393538877085641
UTTAR PRADESH,2013,13092.0,11399023.0,511134.0,225169.0,36571.0,146140000.0,120440.6,206322.0,10.870088657811403,1.2133782129946213,0.0946443558069289,24773.606304708173,10913.475053557062,0.10319809237325617,0.052672764808687336,0.014578464676913669,0.00980225320844789,0.07793542859097174,0.012190358942680779,0.06574506964829097,10.50701085558772
UTTAR PRADESH,2014,14694.0,12920846.0,597679.0,266630.0,41137.0,168725000.0,123750.6,209577.0,11.873881823603279,1.3634277328756386,0.1044103705355772,28518.34886461778,12722.292999708938,0.12305584049608809,0.06467119960402798,0.01926789492961148,0.012331270609018055,0.09386352005005803,0.015799582769314768,0.07806393728074326,10.624663238817353
UTTAR PRADESH,2015,15773.0,13332752.0,672530.0,305463.0,43458.0,197035000.0,127104.4,212832.0,12.409483857364496,1.5501823697684738,0.10489606968759539,31599.1016388513,14352.306044203879,0.14777119142243264,0.06526792506139877,0.023125830429701535,0.014610290098764939,0.1065195582419157,0.01886806026423324,0.08765149797768246,10.679550233423381
UTTAR PRADESH,2016,16264.0,14864222.0,742274.0,330923.0,48725.0,227980000.0,130502.0,216087.0,12.462644250662825,1.7469464069516176,0.11390033869212732,34350.701337887054,15314.340983029982,0.17381119936856082,0.07633048615027972,0.02657157727759271,0.015955369135283625,0.12507084275942026,0.02126347320643817,0.10380736955298209,10.793947524375762
UTTAR PRADESH,2017,16872.0,15860623.0,885163.0,354027.0,54564.0,248146000.0,133804.5,219051.0,12.609441386500453,1.8545415139251669,0.11853579662866347,40408.99151339186,16161.852719229768,0.18805047541039102,0.08202556662511445,0.0341581947216821,0.017140326379099426,0.13503802101775275,0.02564926055039076,0.10938876046736198,10.907129603613011
UTTAR PRADESH,2018,17068.0,17301362.0,953578.0,392666.0,59595.0,258710682.0,137148.0,222015.0,12.444949981042377,1.8863613177005862,0.12615103391956134,42951.06186518929,17686.462626399116,0.19226154952239927,0.09138157627947743,0.03734155417069394,0.019271975389170228,0.14182156290093834,0.028306764779932082,0.11351479812100626,10.99532695691681
UTTAR PRADESH,2019,17462.0,19621775.0,1041507.0,470245.0,64113.0,270239353.0,140532.4,224979.0,12.425604344620885,1.9229683190495572,0.1396245634458673,46293.52072860134,20901.728605780983,0.19710616757180358,0.10793502924635148,0.041527216459014436,0.023767432561417494,0.15252059840907753,0.032647324510215965,0.11987327389886157,11.0684024304583
UTTAR PRADESH,2020,18041.0,21841525.0,1144902.0,507550.0,67639.0,281156529.0,143957.7,227943.0,12.53215354232528,1.9530496041545538,0.15172182523060593,50227.55688922231,22266.531545166992,0.2010871638675584,0.12279761247598402,0.046453693484251775,0.025675645817151475,0.1619423881717712,0.036064669650701625,0.12587771852106958,11.12194001875184
UTTAR PRADESH,2021,18125.0,24225667.0,1277878.0,565113.0,63464.0,283999568.0,147424.0,230907.0,12.2944703711743,1.9264133926633384,0.16432648008465378,55341.67435374415,24473.61924930816,0.19756209308320363,0.13828357410784808,0.05285795139258656,0.02876150817285856,0.16792283359552584,0.040809729782722556,0.12711310381280327,11.058228094981839
UTTAR PRADESH,2022,18073.0,25307527.0,1394177.0,646284.0,76063.0,305323727.0,150223.7,233297.0,12.030724845680142,2.0324604373344552,0.16846560828950424,59759.748303664426,27702.19934246904,0.21159649655160256,0.14336886849408004,0.05839057461246215,0.033275580610114625,0.1774826825228413,0.04583307761128839,0.13164960491155292,11.239317223249772
UTTAR PRADESH,2023,18415.0,28162680.0,1548627.0,755489.0,84640.0,361038793.0,153049.6,235687.0,12.03204712720582,2.3589659365329934,0.18401015095759807,65706.9333480421,32054.759066049464,0.2548066578966394,0.16246674893034357,0.06583805838987031,0.039361156718740596,0.2086367034134915,0.052599607554305455,0.15603709585918604,11.346162247092126
UTTARAKHAND,2012,1450.0,805110.0,56366.0,20064.0,100314.0,9527000.0,6463.0,10220.0,22.43540151632369,1.474083243075971,0.12457218010211976,55152.641878669274,19632.093933463795,0.1377001342712636,0.08944181117505091,0.052621231619951546,0.02199227979632669,0.11357097272315725,0.037306755708139114,0.07626421701501813,11.5160605454657
UTTARAKHAND,2013,1586.0,859972.0,65917.0,22966.0,113654.0,10762000.0,6642.5,10354.0,23.876552502822733,1.6201731275875046,0.1294651110274746,63663.31852424184,22180.799690940697,0.1570338591123962,0.09545322056743685,0.0632789000428618,0.025555778944101756,0.12624353983991654,0.044417339493481776,0.08182620034643476,11.640914024437839
UTTARAKHAND,2014,1739.0,947387.0,76009.0,27094.0,126356.0,12145000.0,6823.8,10487.0,25.484334241917992,1.7798001113748938,0.13883569272252996,72479.26003623534,25835.79670067703,0.17815910123360315,0.10696583001832347,0.07431884262127893,0.030666050575539328,0.1425624656259633,0.052492446598409126,0.09007001902755418,11.746858598827762
UTTARAKHAND,2015,1903.0,962631.0,88633.0,30611.0,136099.0,14380000.0,7008.2,10621.0,27.15390542507349,2.0518820809908394,0.13735780942324705,83450.71085585162,28821.203276527634,0.214166782069115,0.10515011635269157,0.08805806569639912,0.034840127460482415,0.15965844921090327,0.06144909657844077,0.0982093526324625,11.82113784107399
UTTARAKHAND,2016,1978.0,1125310.0,96518.0,33703.0,147936.0,16493000.0,7195.0,10755.0,27.491313412091728,2.2922863099374564,0.15640166782487838,89742.44537424453,31337.052533705253,0.24598218960837953,0.12854722352818929,0.0959370185804679,0.038357687954698946,0.18726470656828442,0.06714735326758342,0.120117353300701,11.904535026787952
UTTARAKHAND,2017,2035.0,1131505.0,114114.0,39094.0,161752.0,18352000.0,7364.8,10884.0,27.631436019986968,2.4918531392570062,0.15363689441668477,104845.64498346196,35918.779860345465,0.27239312270194926,0.1251504486528872,0.1148503083532387,0.044763677102690295,0.1987717856774182,0.0798069927279645,0.11896479294945371,11.993819577047137
UTTARAKHAND,2018,2053.0,1230009.0,122536.0,44608.0,180857.0,19150429.0,7536.5,11013.0,27.24076162674982,2.5410242154846414,0.1632069262920454,111264.86879142831,40504.85789521474,0.27890048672038276,0.1369081007388511,0.12288891230059312,0.05117574923810419,0.20790429372961694,0.08703233076934866,0.12087196296026828,12.105461942741218
UTTARAKHAND,2019,2126.0,1391399.0,137040.0,53036.0,186207.0,19457870.0,7709.6,11141.0,27.57600913147245,2.5238494863546745,0.1804761595932344,123005.1162373216,47604.34431379589,0.27662756078625655,0.15812492003383083,0.13759087663222377,0.06110196913541371,0.2173762404100437,0.09934642288381874,0.11802981752622495,12.13461423710343
UTTARAKHAND,2020,2194.0,1513394.0,149549.0,56551.0,190558.0,20252707.0,7885.3,11270.0,27.823925532319635,2.5684129963349522,0.19192598886535706,132696.53948535936,50178.34960070985,0.28252515351004115,0.17219207370464665,0.14972715907192882,0.06470084108027356,0.22735861360734388,0.10721400007610118,0.1201446135312427,12.157711889152019
UTTARAKHAND,2021,2220.0,1692536.0,165333.0,60740.0,174526.0,20080177.0,8063.0,11399.0,27.533176237132583,2.49041014510728,0.20991392781842985,145041.67032195805,53285.37591016756,0.27220215498415384,0.1942918880739502,0.16518660096746354,0.06904496184564111,0.23324702152905202,0.11711578140655232,0.1161312401224997,12.069829006660319
UTTARAKHAND,2022,2176.0,1763535.0,180784.0,67751.0,194670.0,21882622.0,8212.3,11518.0,26.496840105695117,2.6646155157507643,0.21474312920862612,156957.80517450947,58821.84407015107,0.29525671973468404,0.20022499995262316,0.18010882389168248,0.0767858317016091,0.2477408598436536,0.1284473277966458,0.1192935320470078,12.179061096283323
UTTARAKHAND,2023,2202.0,1961119.0,200425.0,77094.0,219850.0,23136832.0,8362.9,11637.0,26.330579105334273,2.7666039292589892,0.2345022659603726,172230.81550227723,66249.03325599381,0.3087539986896551,0.22450089145139246,0.19923476260041154,0.08717023259075514,0.26662744507052377,0.14320249759558334,0.12342494747494043,12.300700774608956
WEST BENGAL,2012,6061.0,4709413.0,373945.0,238759.0,51543.0,63645000.0,62280.1,92037.0,9.731840507642087,1.0219155075216642,0.07561665764826968,40629.85538424764,25941.632169670895,0.07785966954316134,0.029295511957288578,0.0344347760089533,0.030814025524180465,0.05357759075022496,0.03262440076656688,0.020953189983658083,10.850171689730077
WEST BENGAL,2013,6402.0,5301872.0,435573.0,270101.0,58195.0,71737000.0,63495.0,92797.0,10.08268367587999,1.129805496495787,0.08350062209622805,46938.263090401626,29106.652154703275,0.09213797065150289,0.03898167729555293,0.04233460823248126,0.03523923074305169,0.06555982397352791,0.038786919487766476,0.026772904485761438,10.971554719376076
WEST BENGAL,2014,6931.0,5556580.0,480108.0,295914.0,65932.0,84484000.0,64722.1,93558.0,10.708861424459343,1.3053346538508486,0.08585290032307358,51316.61643044956,31628.93606105304,0.11536772705281415,0.041871664430480376,0.04781749050845724,0.038765787908136916,0.07861969574164726,0.04329163920829708,0.03532805653335018,11.096379186851246
WEST BENGAL,2015,7327.0,5678854.0,553692.0,320091.0,68876.0,102391000.0,65959.9,94318.0,11.108264263590454,1.552321941058128,0.08609555199446937,58704.8071417969,33937.4244576857,0.14805434506260748,0.042169784015399926,0.05706950302472738,0.04199342468414231,0.0951120645390037,0.04953146385443484,0.04558060068456886,11.140063065406077
WEST BENGAL,2016,7660.0,8992786.0,609984.0,335847.0,75992.0,122584000.0,67210.0,95079.0,11.397113524773099,1.8238952536824877,0.13380130932896891,64155.49174896665,35322.941974568515,0.18399470957196354,0.10078063344011305,0.06389523400245128,0.043930600239286424,0.1423876715060383,0.053912917120868854,0.08847475438516944,11.238383350570018
WEST BENGAL,2017,7944.0,9922961.0,682175.0,343079.0,82291.0,140514000.0,68281.7,95688.0,11.63415673599222,2.057857376134455,0.14532387154977103,71291.59351224815,35853.92107683304,0.21495756038027247,0.11493714613469148,0.07283156299161156,0.044672994127970975,0.16494735325748197,0.05875227855979127,0.10619507469769071,11.318017024670775
WEST BENGAL,2018,8018.0,11307859.0,718580.0,367323.0,91401.0,146805494.0,69361.6,96297.0,11.559710271966045,2.116524042121289,0.16302765507139397,74621.22392182519,38144.802018754475,0.2227215830662274,0.13668784978578247,0.07700116058695336,0.047876012860220675,0.17970471642600494,0.062438586723587014,0.11726612970241793,11.423011698301428
WEST BENGAL,2019,8170.0,13101376.0,779291.0,403677.0,103920.0,147376054.0,70449.7,96906.0,11.596926601532726,2.091933024555108,0.18596780397929302,80417.20842878666,41656.55377376014,0.21946717589917633,0.1648719032113222,0.08425930040732302,0.05278600466663016,0.19216953955524926,0.06852265253697659,0.12364688701827267,11.551376651344482
WEST BENGAL,2020,9251.0,16251170.0,827832.0,429211.0,110316.0,152653530.0,71546.6,97516.0,12.930034411139033,2.133623819999832,0.22714105212546787,84891.9151728947,44014.41814676566,0.22498458985450462,0.21545697265065883,0.08986284319886746,0.056082676971436415,0.2202207812525817,0.07297276008515194,0.14724802116742977,11.611104253651755
WEST BENGAL,2021,9379.0,18728314.0,889011.0,437348.0,105108.0,158614408.0,72651.0,98125.0,12.909664010130625,2.1832377806224277,0.25778466917179393,90599.84713375797,44570.49681528663,0.23155056576832855,0.25310543532859925,0.09701071742236524,0.05686016407662977,0.2423280005484639,0.0769354407494975,0.1653925597989664,11.56274367195109
WEST BENGAL,2022,9616.0,17386744.0,978185.0,479463.0,122883.0,172418288.0,73516.6,98604.0,13.08003906600686,2.3452973614122525,0.23650092632140224,99203.3791732587,48625.10648655227,0.25299774093268707,0.22695642696778884,0.10778466590630681,0.06252915825758971,0.23997708395023795,0.08515691208194826,0.1548201718682897,11.718987962145981
WEST BENGAL,2023,9761.0,18189485.0,1056367.0,535875.0,137909.0,182483391.0,74387.8,99084.0,13.12177534488182,2.453136011550281,0.24452242168742724,106613.27762302692,54082.89935812038,0.2672692477928571,0.23681156151187724,0.11706386238079036,0.07016002745051655,0.25204040465236716,0.09361194491565346,0.1584284597367137,11.8343493263363
