state_raw,year_label,fy_end,value,table,source_title,source_url
Chandigarh,2004,2004,221.0,t152_bank_offices,Table 152: State-wise Distribution of Offices of Scheduled Commercial Banks,https://www.rbi.org.in/Scripts/PublicationsView.aspx?id=23601
Chandigarh,2005,2005,233.0,t152_bank_offices,Table 152: State-wise Distribution of Offices of Scheduled Commercial Banks,https://www.rbi.org.in/Scripts/PublicationsView.aspx?id=23601
Chandigarh,2006,2006,244.0,t152_bank_offices,Table 152: State-wise Distribution of Offices of Scheduled Commercial Banks,https://www.rbi.org.in/Scripts/PublicationsView.aspx?id=23601
Chandigarh,2007,2007,261.0,t152_bank_offices,Table 152: State-wise Distribution of Offices of Scheduled Commercial Banks,https://www.rbi.org.in/Scripts/PublicationsView.aspx?id=23601
Chandigarh,2008,2008,289.0,t152_bank_offices,Table 152: State-wise Distribution of Offices of Scheduled Commercial Banks,https://www.rbi.org.in/Scripts/PublicationsView.aspx?id=23601
Chandigarh,2009,2009,307.0,t152_bank_offices,Table 152: State-wise Distribution of Offices of Scheduled Commercial Banks,https://www.rbi.org.in/Scripts/PublicationsView.aspx?id=23601
Chandigarh,2010,2010,326.0,t152_bank_offices,Table 152: State-wise Distribution of Offices of Scheduled Commercial Banks,https://www.rbi.org.in/Scripts/PublicationsView.aspx?id=23601
Chandigarh,2011,2011,337.0,t152_bank_offices,Table 152: State-wise Distribution of Offices of Scheduled Commercial Banks,https://www.rbi.org.in/Scripts/PublicationsView.aspx?id=23601
Chandigarh,2012,2012,363.0,t152_bank_offices,Table 152: State-wise Distribution of Offices of Scheduled Commercial Banks,https://www.rbi.org.in/Scripts/PublicationsView.aspx?id=23601
Chandigarh,2013,2013,383.0,t152_bank_offices,Table 152: State-wise Distribution of Offices of Scheduled Commercial Banks,https://www.rbi.org.in/Scripts/PublicationsView.aspx?id=23601
Chandigarh,2014,2014,408.0,t152_bank_offices,Table 152: State-wise Distribution of Offices of Scheduled Commercial Banks,https://www.rbi.org.in/Scripts/PublicationsView.aspx?id=23601
Delhi,2004,2004,1616.0,t152_bank_offices,Table 152: State-wise Distribution of Offices of Scheduled Commercial Banks,https://www.rbi.org.in/Scripts/PublicationsView.aspx?id=23601
Delhi,2005,2005,1712.0,t152_bank_offices,Table 152: State-wise Distribution of Offices of Scheduled Commercial Banks,https://www.rbi.org.in/Scripts/PublicationsView.aspx?id=23601
Delhi,2006,2006,1784.0,t152_bank_offices,Table 152: State-wise Distribution of Offices of Scheduled Commercial Banks,https://www.rbi.org.in/Scripts/PublicationsView.aspx?id=23601
Delhi,2007,2007,1902.0,t152_bank_offices,Table 152: State-wise Distribution of Offices of Scheduled Commercial Banks,https://www.rbi.org.in/Scripts/PublicationsView.aspx?id=23601
Delhi,2008,2008,2097.0,t152_bank_offices,Table 152: State-wise Distribution of Offices of Scheduled Commercial Banks,https://www.rbi.org.in/Scripts/PublicationsView.aspx?id=23601
Delhi,2009,2009,2272.0,t152_bank_offices,Table 152: State-wise Distribution of Offices of Scheduled Commercial Banks,https://www.rbi.org.in/Scripts/PublicationsView.aspx?id=23601
Delhi,2010,2010,2456.0,t152_bank_offices,Table 152: State-wise Distribution of Offices of Scheduled Commercial Banks,https://www.rbi.org.in/Scripts/PublicationsView.aspx?id=23601
Delhi,2011,2011,2629.0,t152_bank_offices,Table 152: State-wise Distribution of Offices of Scheduled Commercial Banks,https://www.rbi.org.in/Scripts/PublicationsView.aspx?id=23601
Delhi,2012,2012,2876.0,t152_bank_offices,Table 152: State-wise Distribution of Offices of Scheduled Commercial Banks,https://www.rbi.org.in/Scripts/PublicationsView.aspx?id=23601
Delhi,2013,2013,3045.0,t152_bank_offices,Table 152: State-wise Distribution of Offices of Scheduled Commercial Banks,https://www.rbi.org.in/Scripts/PublicationsView.aspx?id=23601
Delhi,2014,2014,3255.0,t152_bank_offices,Table 152: State-wise Distribution of Offices of Scheduled Commercial Banks,https://www.rbi.org.in/Scripts/PublicationsView.aspx?id=23601
Haryana,2004,2004,1640.0,t152_bank_offices,Table 152: State-wise Distribution of Offices of Scheduled Commercial Banks,https://www.rbi.org.in/Scripts/PublicationsView.aspx?id=23601
Haryana,2005,2005,1692.0,t152_bank_offices,Table 152: State-wise Distribution of Offices of Scheduled Commercial Banks,https://www.rbi.org.in/Scripts/PublicationsView.aspx?id=23601
Haryana,2006,2006,1764.0,t152_bank_offices,Table 152: State-wise Distribution of Offices of Scheduled Commercial Banks,https://www.rbi.org.in/Scripts/PublicationsView.aspx?id=23601
Haryana,2007,2007,1868.0,t152_bank_offices,Table 152: State-wise Distribution of Offices of Scheduled Commercial Banks,https://www.rbi.org.in/Scripts/PublicationsView.aspx?id=23601
Haryana,2008,2008,2042.0,t152_bank_offices,Table 152: State-wise Distribution of Offices of Scheduled Commercial Banks,https://www.rbi.org.in/Scripts/PublicationsView.aspx?id=23601
Haryana,2009,2009,2192.0,t152_bank_offices,Table 152: State-wise Distribution of Offices of Scheduled Commercial Banks,https://www.rbi.org.in/Scripts/PublicationsView.aspx?id=23601
Haryana,2010,2010,2438.0,t152_bank_offices,Table 152: State-wise Distribution of Offices of Scheduled Commercial Banks,https://www.rbi.org.in/Scripts/PublicationsView.aspx?id=23601
Haryana,2011,2011,2690.0,t152_bank_offices,Table 152: State-wise Distribution of Offices of Scheduled Commercial Banks,https://www.rbi.org.in/Scripts/PublicationsView.aspx?id=23601
Haryana,2012,2012,3022.0,t152_bank_offices,Table 152: State-wise Distribution of Offices of Scheduled Commercial Banks,https://www.rbi.org.in/Scripts/PublicationsView.aspx?id=23601
Haryana,2013,2013,3412.0,t152_bank_offices,Table 152: State-wise Distribution of Offices of Scheduled Commercial Banks,https://www.rbi.org.in/Scripts/PublicationsView.aspx?id=23601
Haryana,2014,2014,3962.0,t152_bank_offices,Table 152: State-wise Distribution of Offices of Scheduled Commercial Banks,https://www.rbi.org.in/Scripts/PublicationsView.aspx?id=23601
Himachal Pradesh,2004,2004,795.0,t152_bank_offices,Table 152: State-wise Distribution of Offices of Scheduled Commercial Banks,https://www.rbi.org.in/Scripts/PublicationsView.aspx?id=23601
Himachal Pradesh,2005,2005,807.0,t152_bank_offices,Table 152: State-wise Distribution of Offices of Scheduled Commercial Banks,https://www.rbi.org.in/Scripts/PublicationsView.aspx?id=23601
Himachal Pradesh,2006,2006,820.0,t152_bank_offices,Table 152: State-wise Distribution of Offices of Scheduled Commercial Banks,https://www.rbi.org.in/Scripts/PublicationsView.aspx?id=23601
Himachal Pradesh,2007,2007,861.0,t152_bank_offices,Table 152: State-wise Distribution of Offices of Scheduled Commercial Banks,https://www.rbi.org.in/Scripts/PublicationsView.aspx?id=23601
Himachal Pradesh,2008,2008,905.0,t152_bank_offices,Table 152: State-wise Distribution of Offices of Scheduled Commercial Banks,https://www.rbi.org.in/Scripts/PublicationsView.aspx?id=23601
Himachal Pradesh,2009,2009,957.0,t152_bank_offices,Table 152: State-wise Distribution of Offices of Scheduled Commercial Banks,https://www.rbi.org.in/Scripts/PublicationsView.aspx?id=23601
Himachal Pradesh,2010,2010,1017.0,t152_bank_offices,Table 152: State-wise Distribution of Offices of Scheduled Commercial Banks,https://www.rbi.org.in/Scripts/PublicationsView.aspx?id=23601
Himachal Pradesh,2011,2011,1077.0,t152_bank_offices,Table 152: State-wise Distribution of Offices of Scheduled Commercial Banks,https://www.rbi.org.in/Scripts/PublicationsView.aspx?id=23601
Himachal Pradesh,2012,2012,1164.0,t152_bank_offices,Table 152: State-wise Distribution of Offices of Scheduled Commercial Banks,https://www.rbi.org.in/Scripts/PublicationsView.aspx?id=23601
Himachal Pradesh,2013,2013,1264.0,t152_bank_offices,Table 152: State-wise Distribution of Offices of Scheduled Commercial Banks,https://www.rbi.org.in/Scripts/PublicationsView.aspx?id=23601
Himachal Pradesh,2014,2014,1386.0,t152_bank_offices,Table 152: State-wise Distribution of Offices of Scheduled Commercial Banks,https://www.rbi.org.in/Scripts/PublicationsView.aspx?id=23601
Jammu & Kashmir,2004,2004,856.0,t152_bank_offices,Table 152: State-wise Distribution of Offices of Scheduled Commercial Banks,https://www.rbi.org.in/Scripts/PublicationsView.aspx?id=23601
Jammu & Kashmir,2005,2005,875.0,t152_bank_offices,Table 152: State-wise Distribution of Offices of Scheduled Commercial Banks,https://www.rbi.org.in/Scripts/PublicationsView.aspx?id=23601
Jammu & Kashmir,2006,2006,873.0,t152_bank_offices,Table 152: State-wise Distribution of Offices of Scheduled Commercial Banks,https://www.rbi.org.in/Scripts/PublicationsView.aspx?id=23601
Jammu & Kashmir,2007,2007,894.0,t152_bank_offices,Table 152: State-wise Distribution of Offices of Scheduled Commercial Banks,https://www.rbi.org.in/Scripts/PublicationsView.aspx?id=23601
Jammu & Kashmir,2008,2008,948.0,t152_bank_offices,Table 152: State-wise Distribution of Offices of Scheduled Commercial Banks,https://www.rbi.org.in/Scripts/PublicationsView.aspx?id=23601
Jammu & Kashmir,2009,2009,984.0,t152_bank_offices,Table 152: State-wise Distribution of Offices of Scheduled Commercial Banks,https://www.rbi.org.in/Scripts/PublicationsView.aspx?id=23601
Jammu & Kashmir,2010,2010,1013.0,t152_bank_offices,Table 152: State-wise Distribution of Offices of Scheduled Commercial Banks,https://www.rbi.org.in/Scripts/PublicationsView.aspx?id=23601
Jammu & Kashmir,2011,2011,1041.0,t152_bank_offices,Table 152: State-wise Distribution of Offices of Scheduled Commercial Banks,https://www.rbi.org.in/Scripts/PublicationsView.aspx?id=23601
Jammu & Kashmir,2012,2012,1198.0,t152_bank_offices,Table 152: State-wise Distribution of Offices of Scheduled Commercial Banks,https://www.rbi.org.in/Scripts/PublicationsView.aspx?id=23601
Jammu & Kashmir,2013,2013,1364.0,t152_bank_offices,Table 152: State-wise Distribution of Offices of Scheduled Commercial Banks,https://www.rbi.org.in/Scripts/PublicationsView.aspx?id=23601
Jammu & Kashmir,2014,2014,1535.0,t152_bank_offices,Table 152: State-wise Distribution of Offices of Scheduled Commercial Banks,https://www.rbi.org.in/Scripts/PublicationsView.aspx?id=23601
Ladakh,2004,2004,,t152_bank_offices,Table 152: State-wise Distribution of Offices of Scheduled Commercial Banks,https://www.rbi.org.in/Scripts/PublicationsView.aspx?id=23601
Ladakh,2005,2005,,t152_bank_offices,Table 152: State-wise Distribution of Offices of Scheduled Commercial Banks,https://www.rbi.org.in/Scripts/PublicationsView.aspx?id=23601
Ladakh,2006,2006,,t152_bank_offices,Table 152: State-wise Distribution of Offices of Scheduled Commercial Banks,https://www.rbi.org.in/Scripts/PublicationsView.aspx?id=23601
Ladakh,2007,2007,,t152_bank_offices,Table 152: State-wise Distribution of Offices of Scheduled Commercial Banks,https://www.rbi.org.in/Scripts/PublicationsView.aspx?id=23601
Ladakh,2008,2008,,t152_bank_offices,Table 152: State-wise Distribution of Offices of Scheduled Commercial Banks,https://www.rbi.org.in/Scripts/PublicationsView.aspx?id=23601
Ladakh,2009,2009,,t152_bank_offices,Table 152: State-wise Distribution of Offices of Scheduled Commercial Banks,https://www.rbi.org.in/Scripts/PublicationsView.aspx?id=23601
Ladakh,2010,2010,,t152_bank_offices,Table 152: State-wise Distribution of Offices of Scheduled Commercial Banks,https://www.rbi.org.in/Scripts/PublicationsView.aspx?id=23601
Ladakh,2011,2011,,t152_bank_offices,Table 152: State-wise Distribution of Offices of Scheduled Commercial Banks,https://www.rbi.org.in/Scripts/PublicationsView.aspx?id=23601
Ladakh,2012,2012,,t152_bank_offices,Table 152: State-wise Distribution of Offices of Scheduled Commercial Banks,https://www.rbi.org.in/Scripts/PublicationsView.aspx?id=23601
Ladakh,2013,2013,,t152_bank_offices,Table 152: State-wise Distribution of Offices of Scheduled Commercial Banks,https://www.rbi.org.in/Scripts/PublicationsView.aspx?id=23601
Ladakh,2014,2014,,t152_bank_offices,Table 152: State-wise Distribution of Offices of Scheduled Commercial Banks,https://www.rbi.org.in/Scripts/PublicationsView.aspx?id=23601
Punjab,2004,2004,2693.0,t152_bank_offices,Table 152: State-wise Distribution of Offices of Scheduled Commercial Banks,https://www.rbi.org.in/Scripts/PublicationsView.aspx?id=23601
Punjab,2005,2005,2764.0,t152_bank_offices,Table 152: State-wise Distribution of Offices of Scheduled Commercial Banks,https://www.rbi.org.in/Scripts/PublicationsView.aspx?id=23601
Punjab,2006,2006,2824.0,t152_bank_offices,Table 152: State-wise Distribution of Offices of Scheduled Commercial Banks,https://www.rbi.org.in/Scripts/PublicationsView.aspx?id=23601
Punjab,2007,2007,2962.0,t152_bank_offices,Table 152: State-wise Distribution of Offices of Scheduled Commercial Banks,https://www.rbi.org.in/Scripts/PublicationsView.aspx?id=23601
Punjab,2008,2008,3165.0,t152_bank_offices,Table 152: State-wise Distribution of Offices of Scheduled Commercial Banks,https://www.rbi.org.in/Scripts/PublicationsView.aspx?id=23601
Punjab,2009,2009,3324.0,t152_bank_offices,Table 152: State-wise Distribution of Offices of Scheduled Commercial Banks,https://www.rbi.org.in/Scripts/PublicationsView.aspx?id=23601
Punjab,2010,2010,3595.0,t152_bank_offices,Table 152: State-wise Distribution of Offices of Scheduled Commercial Banks,https://www.rbi.org.in/Scripts/PublicationsView.aspx?id=23601
Punjab,2011,2011,3895.0,t152_bank_offices,Table 152: State-wise Distribution of Offices of Scheduled Commercial Banks,https://www.rbi.org.in/Scripts/PublicationsView.aspx?id=23601
Punjab,2012,2012,4346.0,t152_bank_offices,Table 152: State-wise Distribution of Offices of Scheduled Commercial Banks,https://www.rbi.org.in/Scripts/PublicationsView.aspx?id=23601
Punjab,2013,2013,4854.0,t152_bank_offices,Table 152: State-wise Distribution of Offices of Scheduled Commercial Banks,https://www.rbi.org.in/Scripts/PublicationsView.aspx?id=23601
Punjab,2014,2014,5547.0,t152_bank_offices,Table 152: State-wise Distribution of Offices of Scheduled Commercial Banks,https://www.rbi.org.in/Scripts/PublicationsView.aspx?id=23601
Rajasthan,2004,2004,3422.0,t152_bank_offices,Table 152: State-wise Distribution of Offices of Scheduled Commercial Banks,https://www.rbi.org.in/Scripts/PublicationsView.aspx?id=23601
Rajasthan,2005,2005,3481.0,t152_bank_offices,Table 152: State-wise Distribution of Offices of Scheduled Commercial Banks,https://www.rbi.org.in/Scripts/PublicationsView.aspx?id=23601
Rajasthan,2006,2006,3512.0,t152_bank_offices,Table 152: State-wise Distribution of Offices of Scheduled Commercial Banks,https://www.rbi.org.in/Scripts/PublicationsView.aspx?id=23601
Rajasthan,2007,2007,3651.0,t152_bank_offices,Table 152: State-wise Distribution of Offices of Scheduled Commercial Banks,https://www.rbi.org.in/Scripts/PublicationsView.aspx?id=23601
Rajasthan,2008,2008,3879.0,t152_bank_offices,Table 152: State-wise Distribution of Offices of Scheduled Commercial Banks,https://www.rbi.org.in/Scripts/PublicationsView.aspx?id=23601
Rajasthan,2009,2009,4033.0,t152_bank_offices,Table 152: State-wise Distribution of Offices of Scheduled Commercial Banks,https://www.rbi.org.in/Scripts/PublicationsView.aspx?id=23601
Rajasthan,2010,2010,4242.0,t152_bank_offices,Table 152: State-wise Distribution of Offices of Scheduled Commercial Banks,https://www.rbi.org.in/Scripts/PublicationsView.aspx?id=23601
Rajasthan,2011,2011,4507.0,t152_bank_offices,Table 152: State-wise Distribution of Offices of Scheduled Commercial Banks,https://www.rbi.org.in/Scripts/PublicationsView.aspx?id=23601
Rajasthan,2012,2012,4936.0,t152_bank_offices,Table 152: State-wise Distribution of Offices of Scheduled Commercial Banks,https://www.rbi.org.in/Scripts/PublicationsView.aspx?id=23601
Rajasthan,2013,2013,5359.0,t152_bank_offices,Table 152: State-wise Distribution of Offices of Scheduled Commercial Banks,https://www.rbi.org.in/Scripts/PublicationsView.aspx?id=23601
Rajasthan,2014,2014,5907.0,t152_bank_offices,Table 152: State-wise Distribution of Offices of Scheduled Commercial Banks,https://www.rbi.org.in/Scripts/PublicationsView.aspx?id=23601
Arunachal Pradesh,2004,2004,67.0,t152_bank_offices,Table 152: State-wise Distribution of Offices of Scheduled Commercial Banks,https://www.rbi.org.in/Scripts/PublicationsView.aspx?id=23601
Arunachal Pradesh,2005,2005,68.0,t152_bank_offices,Table 152: State-wise Distribution of Offices of Scheduled Commercial Banks,https://www.rbi.org.in/Scripts/PublicationsView.aspx?id=23601
Arunachal Pradesh,2006,2006,69.0,t152_bank_offices,Table 152: State-wise Distribution of Offices of Scheduled Commercial Banks,https://www.rbi.org.in/Scripts/PublicationsView.aspx?id=23601
Arunachal Pradesh,2007,2007,72.0,t152_bank_offices,Table 152: State-wise Distribution of Offices of Scheduled Commercial Banks,https://www.rbi.org.in/Scripts/PublicationsView.aspx?id=23601
Arunachal Pradesh,2008,2008,74.0,t152_bank_offices,Table 152: State-wise Distribution of Offices of Scheduled Commercial Banks,https://www.rbi.org.in/Scripts/PublicationsView.aspx?id=23601
Arunachal Pradesh,2009,2009,77.0,t152_bank_offices,Table 152: State-wise Distribution of Offices of Scheduled Commercial Banks,https://www.rbi.org.in/Scripts/PublicationsView.aspx?id=23601
Arunachal Pradesh,2010,2010,80.0,t152_bank_offices,Table 152: State-wise Distribution of Offices of Scheduled Commercial Banks,https://www.rbi.org.in/Scripts/PublicationsView.aspx?id=23601
Arunachal Pradesh,2011,2011,86.0,t152_bank_offices,Table 152: State-wise Distribution of Offices of Scheduled Commercial Banks,https://www.rbi.org.in/Scripts/PublicationsView.aspx?id=23601
Arunachal Pradesh,2012,2012,96.0,t152_bank_offices,Table 152: State-wise Distribution of Offices of Scheduled Commercial Banks,https://www.rbi.org.in/Scripts/PublicationsView.aspx?id=23601
Arunachal Pradesh,2013,2013,106.0,t152_bank_offices,Table 152: State-wise Distribution of Offices of Scheduled Commercial Banks,https://www.rbi.org.in/Scripts/PublicationsView.aspx?id=23601
Arunachal Pradesh,2014,2014,128.0,t152_bank_offices,Table 152: State-wise Distribution of Offices of Scheduled Commercial Banks,https://www.rbi.org.in/Scripts/PublicationsView.aspx?id=23601
Assam,2004,2004,1256.0,t152_bank_offices,Table 152: State-wise Distribution of Offices of Scheduled Commercial Banks,https://www.rbi.org.in/Scripts/PublicationsView.aspx?id=23601
Assam,2005,2005,1272.0,t152_bank_offices,Table 152: State-wise Distribution of Offices of Scheduled Commercial Banks,https://www.rbi.org.in/Scripts/PublicationsView.aspx?id=23601
Assam,2006,2006,1273.0,t152_bank_offices,Table 152: State-wise Distribution of Offices of Scheduled Commercial Banks,https://www.rbi.org.in/Scripts/PublicationsView.aspx?id=23601
Assam,2007,2007,1307.0,t152_bank_offices,Table 152: State-wise Distribution of Offices of Scheduled Commercial Banks,https://www.rbi.org.in/Scripts/PublicationsView.aspx?id=23601
Assam,2008,2008,1368.0,t152_bank_offices,Table 152: State-wise Distribution of Offices of Scheduled Commercial Banks,https://www.rbi.org.in/Scripts/PublicationsView.aspx?id=23601
Assam,2009,2009,1421.0,t152_bank_offices,Table 152: State-wise Distribution of Offices of Scheduled Commercial Banks,https://www.rbi.org.in/Scripts/PublicationsView.aspx?id=23601
Assam,2010,2010,1477.0,t152_bank_offices,Table 152: State-wise Distribution of Offices of Scheduled Commercial Banks,https://www.rbi.org.in/Scripts/PublicationsView.aspx?id=23601
Assam,2011,2011,1546.0,t152_bank_offices,Table 152: State-wise Distribution of Offices of Scheduled Commercial Banks,https://www.rbi.org.in/Scripts/PublicationsView.aspx?id=23601
Assam,2012,2012,1639.0,t152_bank_offices,Table 152: State-wise Distribution of Offices of Scheduled Commercial Banks,https://www.rbi.org.in/Scripts/PublicationsView.aspx?id=23601
Assam,2013,2013,1749.0,t152_bank_offices,Table 152: State-wise Distribution of Offices of Scheduled Commercial Banks,https://www.rbi.org.in/Scripts/PublicationsView.aspx?id=23601
Assam,2014,2014,1945.0,t152_bank_offices,Table 152: State-wise Distribution of Offices of Scheduled Commercial Banks,https://www.rbi.org.in/Scripts/PublicationsView.aspx?id=23601
Manipur,2004,2004,78.0,t152_bank_offices,Table 152: State-wise Distribution of Offices of Scheduled Commercial Banks,https://www.rbi.org.in/Scripts/PublicationsView.aspx?id=23601
Manipur,2005,2005,78.0,t152_bank_offices,Table 152: State-wise Distribution of Offices of Scheduled Commercial Banks,https://www.rbi.org.in/Scripts/PublicationsView.aspx?id=23601
Manipur,2006,2006,78.0,t152_bank_offices,Table 152: State-wise Distribution of Offices of Scheduled Commercial Banks,https://www.rbi.org.in/Scripts/PublicationsView.aspx?id=23601
Manipur,2007,2007,77.0,t152_bank_offices,Table 152: State-wise Distribution of Offices of Scheduled Commercial Banks,https://www.rbi.org.in/Scripts/PublicationsView.aspx?id=23601
Manipur,2008,2008,76.0,t152_bank_offices,Table 152: State-wise Distribution of Offices of Scheduled Commercial Banks,https://www.rbi.org.in/Scripts/PublicationsView.aspx?id=23601
Manipur,2009,2009,81.0,t152_bank_offices,Table 152: State-wise Distribution of Offices of Scheduled Commercial Banks,https://www.rbi.org.in/Scripts/PublicationsView.aspx?id=23601
Manipur,2010,2010,81.0,t152_bank_offices,Table 152: State-wise Distribution of Offices of Scheduled Commercial Banks,https://www.rbi.org.in/Scripts/PublicationsView.aspx?id=23601
Manipur,2011,2011,83.0,t152_bank_offices,Table 152: State-wise Distribution of Offices of Scheduled Commercial Banks,https://www.rbi.org.in/Scripts/PublicationsView.aspx?id=23601
Manipur,2012,2012,94.0,t152_bank_offices,Table 152: State-wise Distribution of Offices of Scheduled Commercial Banks,https://www.rbi.org.in/Scripts/PublicationsView.aspx?id=23601
Manipur,2013,2013,111.0,t152_bank_offices,Table 152: State-wise Distribution of Offices of Scheduled Commercial Banks,https://www.rbi.org.in/Scripts/PublicationsView.aspx?id=23601
Manipur,2014,2014,134.0,t152_bank_offices,Table 152: State-wise Distribution of Offices of Scheduled Commercial Banks,https://www.rbi.org.in/Scripts/PublicationsView.aspx?id=23601
Meghalaya,2004,2004,182.0,t152_bank_offices,Table 152: State-wise Distribution of Offices of Scheduled Commercial Banks,https://www.rbi.org.in/Scripts/PublicationsView.aspx?id=23601
Meghalaya,2005,2005,185.0,t152_bank_offices,Table 152: State-wise Distribution of Offices of Scheduled Commercial Banks,https://www.rbi.org.in/Scripts/PublicationsView.aspx?id=23601
Meghalaya,2006,2006,189.0,t152_bank_offices,Table 152: State-wise Distribution of Offices of Scheduled Commercial Banks,https://www.rbi.org.in/Scripts/PublicationsView.aspx?id=23601
Meghalaya,2007,2007,192.0,t152_bank_offices,Table 152: State-wise Distribution of Offices of Scheduled Commercial Banks,https://www.rbi.org.in/Scripts/PublicationsView.aspx?id=23601
Meghalaya,2008,2008,194.0,t152_bank_offices,Table 152: State-wise Distribution of Offices of Scheduled Commercial Banks,https://www.rbi.org.in/Scripts/PublicationsView.aspx?id=23601
Meghalaya,2009,2009,205.0,t152_bank_offices,Table 152: State-wise Distribution of Offices of Scheduled Commercial Banks,https://www.rbi.org.in/Scripts/PublicationsView.aspx?id=23601
Meghalaya,2010,2010,213.0,t152_bank_offices,Table 152: State-wise Distribution of Offices of Scheduled Commercial Banks,https://www.rbi.org.in/Scripts/PublicationsView.aspx?id=23601
Meghalaya,2011,2011,221.0,t152_bank_offices,Table 152: State-wise Distribution of Offices of Scheduled Commercial Banks,https://www.rbi.org.in/Scripts/PublicationsView.aspx?id=23601
Meghalaya,2012,2012,237.0,t152_bank_offices,Table 152: State-wise Distribution of Offices of Scheduled Commercial Banks,https://www.rbi.org.in/Scripts/PublicationsView.aspx?id=23601
Meghalaya,2013,2013,256.0,t152_bank_offices,Table 152: State-wise Distribution of Offices of Scheduled Commercial Banks,https://www.rbi.org.in/Scripts/PublicationsView.aspx?id=23601
Meghalaya,2014,2014,286.0,t152_bank_offices,Table 152: State-wise Distribution of Offices of Scheduled Commercial Banks,https://www.rbi.org.in/Scripts/PublicationsView.aspx?id=23601
Mizoram,2004,2004,79.0,t152_bank_offices,Table 152: State-wise Distribution of Offices of Scheduled Commercial Banks,https://www.rbi.org.in/Scripts/PublicationsView.aspx?id=23601
Mizoram,2005,2005,80.0,t152_bank_offices,Table 152: State-wise Distribution of Offices of Scheduled Commercial Banks,https://www.rbi.org.in/Scripts/PublicationsView.aspx?id=23601
Mizoram,2006,2006,80.0,t152_bank_offices,Table 152: State-wise Distribution of Offices of Scheduled Commercial Banks,https://www.rbi.org.in/Scripts/PublicationsView.aspx?id=23601
Mizoram,2007,2007,85.0,t152_bank_offices,Table 152: State-wise Distribution of Offices of Scheduled Commercial Banks,https://www.rbi.org.in/Scripts/PublicationsView.aspx?id=23601
Mizoram,2008,2008,90.0,t152_bank_offices,Table 152: State-wise Distribution of Offices of Scheduled Commercial Banks,https://www.rbi.org.in/Scripts/PublicationsView.aspx?id=23601
Mizoram,2009,2009,94.0,t152_bank_offices,Table 152: State-wise Distribution of Offices of Scheduled Commercial Banks,https://www.rbi.org.in/Scripts/PublicationsView.aspx?id=23601
Mizoram,2010,2010,98.0,t152_bank_offices,Table 152: State-wise Distribution of Offices of Scheduled Commercial Banks,https://www.rbi.org.in/Scripts/PublicationsView.aspx?id=23601
Mizoram,2011,2011,100.0,t152_bank_offices,Table 152: State-wise Distribution of Offices of Scheduled Commercial Banks,https://www.rbi.org.in/Scripts/PublicationsView.aspx?id=23601
Mizoram,2012,2012,111.0,t152_bank_offices,Table 152: State-wise Distribution of Offices of Scheduled Commercial Banks,https://www.rbi.org.in/Scripts/PublicationsView.aspx?id=23601
Mizoram,2013,2013,122.0,t152_bank_offices,Table 152: State-wise Distribution of Offices of Scheduled Commercial Banks,https://www.rbi.org.in/Scripts/PublicationsView.aspx?id=23601
Mizoram,2014,2014,141.0,t152_bank_offices,Table 152: State-wise Distribution of Offices of Scheduled Commercial Banks,https://www.rbi.org.in/Scripts/PublicationsView.aspx?id=23601
Nagaland,2004,2004,71.0,t152_bank_offices,Table 152: State-wise Distribution of Offices of Scheduled Commercial Banks,https://www.rbi.org.in/Scripts/PublicationsView.aspx?id=23601
Nagaland,2005,2005,73.0,t152_bank_offices,Table 152: State-wise Distribution of Offices of Scheduled Commercial Banks,https://www.rbi.org.in/Scripts/PublicationsView.aspx?id=23601
Nagaland,2006,2006,73.0,t152_bank_offices,Table 152: State-wise Distribution of Offices of Scheduled Commercial Banks,https://www.rbi.org.in/Scripts/PublicationsView.aspx?id=23601
Nagaland,2007,2007,78.0,t152_bank_offices,Table 152: State-wise Distribution of Offices of Scheduled Commercial Banks,https://www.rbi.org.in/Scripts/PublicationsView.aspx?id=23601
Nagaland,2008,2008,81.0,t152_bank_offices,Table 152: State-wise Distribution of Offices of Scheduled Commercial Banks,https://www.rbi.org.in/Scripts/PublicationsView.aspx?id=23601
Nagaland,2009,2009,85.0,t152_bank_offices,Table 152: State-wise Distribution of Offices of Scheduled Commercial Banks,https://www.rbi.org.in/Scripts/PublicationsView.aspx?id=23601
Nagaland,2010,2010,90.0,t152_bank_offices,Table 152: State-wise Distribution of Offices of Scheduled Commercial Banks,https://www.rbi.org.in/Scripts/PublicationsView.aspx?id=23601
Nagaland,2011,2011,95.0,t152_bank_offices,Table 152: State-wise Distribution of Offices of Scheduled Commercial Banks,https://www.rbi.org.in/Scripts/PublicationsView.aspx?id=23601
Nagaland,2012,2012,108.0,t152_bank_offices,Table 152: State-wise Distribution of Offices of Scheduled Commercial Banks,https://www.rbi.org.in/Scripts/PublicationsView.aspx?id=23601
Nagaland,2013,2013,124.0,t152_bank_offices,Table 152: State-wise Distribution of Offices of Scheduled Commercial Banks,https://www.rbi.org.in/Scripts/PublicationsView.aspx?id=23601
Nagaland,2014,2014,141.0,t152_bank_offices,Table 152: State-wise Distribution of Offices of Scheduled Commercial Banks,https://www.rbi.org.in/Scripts/PublicationsView.aspx?id=23601
Tripura,2004,2004,185.0,t152_bank_offices,Table 152: State-wise Distribution of Offices of Scheduled Commercial Banks,https://www.rbi.org.in/Scripts/PublicationsView.aspx?id=23601
Tripura,2005,2005,186.0,t152_bank_offices,Table 152: State-wise Distribution of Offices of Scheduled Commercial Banks,https://www.rbi.org.in/Scripts/PublicationsView.aspx?id=23601
Tripura,2006,2006,187.0,t152_bank_offices,Table 152: State-wise Distribution of Offices of Scheduled Commercial Banks,https://www.rbi.org.in/Scripts/PublicationsView.aspx?id=23601
Tripura,2007,2007,192.0,t152_bank_offices,Table 152: State-wise Distribution of Offices of Scheduled Commercial Banks,https://www.rbi.org.in/Scripts/PublicationsView.aspx?id=23601
Tripura,2008,2008,202.0,t152_bank_offices,Table 152: State-wise Distribution of Offices of Scheduled Commercial Banks,https://www.rbi.org.in/Scripts/PublicationsView.aspx?id=23601
Tripura,2009,2009,218.0,t152_bank_offices,Table 152: State-wise Distribution of Offices of Scheduled Commercial Banks,https://www.rbi.org.in/Scripts/PublicationsView.aspx?id=23601
Tripura,2010,2010,229.0,t152_bank_offices,Table 152: State-wise Distribution of Offices of Scheduled Commercial Banks,https://www.rbi.org.in/Scripts/PublicationsView.aspx?id=23601
Tripura,2011,2011,247.0,t152_bank_offices,Table 152: State-wise Distribution of Offices of Scheduled Commercial Banks,https://www.rbi.org.in/Scripts/PublicationsView.aspx?id=23601
Tripura,2012,2012,271.0,t152_bank_offices,Table 152: State-wise Distribution of Offices of Scheduled Commercial Banks,https://www.rbi.org.in/Scripts/PublicationsView.aspx?id=23601
Tripura,2013,2013,301.0,t152_bank_offices,Table 152: State-wise Distribution of Offices of Scheduled Commercial Banks,https://www.rbi.org.in/Scripts/PublicationsView.aspx?id=23601
Tripura,2014,2014,354.0,t152_bank_offices,Table 152: State-wise Distribution of Offices of Scheduled Commercial Banks,https://www.rbi.org.in/Scripts/PublicationsView.aspx?id=23601
Andaman & Nicobar Islands,2004,2004,32.0,t152_bank_offices,Table 152: State-wise Distribution of Offices of Scheduled Commercial Banks,https://www.rbi.org.in/Scripts/PublicationsView.aspx?id=23601
Andaman & Nicobar Islands,2005,2005,33.0,t152_bank_offices,Table 152: State-wise Distribution of Offices of Scheduled Commercial Banks,https://www.rbi.org.in/Scripts/PublicationsView.aspx?id=23601
Andaman & Nicobar Islands,2006,2006,34.0,t152_bank_offices,Table 152: State-wise Distribution of Offices of Scheduled Commercial Banks,https://www.rbi.org.in/Scripts/PublicationsView.aspx?id=23601
Andaman & Nicobar Islands,2007,2007,37.0,t152_bank_offices,Table 152: State-wise Distribution of Offices of Scheduled Commercial Banks,https://www.rbi.org.in/Scripts/PublicationsView.aspx?id=23601
Andaman & Nicobar Islands,2008,2008,37.0,t152_bank_offices,Table 152: State-wise Distribution of Offices of Scheduled Commercial Banks,https://www.rbi.org.in/Scripts/PublicationsView.aspx?id=23601
Andaman & Nicobar Islands,2009,2009,37.0,t152_bank_offices,Table 152: State-wise Distribution of Offices of Scheduled Commercial Banks,https://www.rbi.org.in/Scripts/PublicationsView.aspx?id=23601
Andaman & Nicobar Islands,2010,2010,37.0,t152_bank_offices,Table 152: State-wise Distribution of Offices of Scheduled Commercial Banks,https://www.rbi.org.in/Scripts/PublicationsView.aspx?id=23601
Andaman & Nicobar Islands,2011,2011,42.0,t152_bank_offices,Table 152: State-wise Distribution of Offices of Scheduled Commercial Banks,https://www.rbi.org.in/Scripts/PublicationsView.aspx?id=23601
Andaman & Nicobar Islands,2012,2012,46.0,t152_bank_offices,Table 152: State-wise Distribution of Offices of Scheduled Commercial Banks,https://www.rbi.org.in/Scripts/PublicationsView.aspx?id=23601
Andaman & Nicobar Islands,2013,2013,53.0,t152_bank_offices,Table 152: State-wise Distribution of Offices of Scheduled Commercial Banks,https://www.rbi.org.in/Scripts/PublicationsView.aspx?id=23601
Andaman & Nicobar Islands,2014,2014,59.0,t152_bank_offices,Table 152: State-wise Distribution of Offices of Scheduled Commercial Banks,https://www.rbi.org.in/Scripts/PublicationsView.aspx?id=23601
Bihar,2004,2004,3618.0,t152_bank_offices,Table 152: State-wise Distribution of Offices of Scheduled Commercial Banks,https://www.rbi.org.in/Scripts/PublicationsView.aspx?id=23601
Bihar,2005,2005,3646.0,t152_bank_offices,Table 152: State-wise Distribution of Offices of Scheduled Commercial Banks,https://www.rbi.org.in/Scripts/PublicationsView.aspx?id=23601
Bihar,2006,2006,3647.0,t152_bank_offices,Table 152: State-wise Distribution of Offices of Scheduled Commercial Banks,https://www.rbi.org.in/Scripts/PublicationsView.aspx?id=23601
Bihar,2007,2007,3685.0,t152_bank_offices,Table 152: State-wise Distribution of Offices of Scheduled Commercial Banks,https://www.rbi.org.in/Scripts/PublicationsView.aspx?id=23601
Bihar,2008,2008,3770.0,t152_bank_offices,Table 152: State-wise Distribution of Offices of Scheduled Commercial Banks,https://www.rbi.org.in/Scripts/PublicationsView.aspx?id=23601
Bihar,2009,2009,3904.0,t152_bank_offices,Table 152: State-wise Distribution of Offices of Scheduled Commercial Banks,https://www.rbi.org.in/Scripts/PublicationsView.aspx?id=23601
Bihar,2010,2010,4142.0,t152_bank_offices,Table 152: State-wise Distribution of Offices of Scheduled Commercial Banks,https://www.rbi.org.in/Scripts/PublicationsView.aspx?id=23601
Bihar,2011,2011,4323.0,t152_bank_offices,Table 152: State-wise Distribution of Offices of Scheduled Commercial Banks,https://www.rbi.org.in/Scripts/PublicationsView.aspx?id=23601
Bihar,2012,2012,4650.0,t152_bank_offices,Table 152: State-wise Distribution of Offices of Scheduled Commercial Banks,https://www.rbi.org.in/Scripts/PublicationsView.aspx?id=23601
Bihar,2013,2013,4990.0,t152_bank_offices,Table 152: State-wise Distribution of Offices of Scheduled Commercial Banks,https://www.rbi.org.in/Scripts/PublicationsView.aspx?id=23601
Bihar,2014,2014,5696.0,t152_bank_offices,Table 152: State-wise Distribution of Offices of Scheduled Commercial Banks,https://www.rbi.org.in/Scripts/PublicationsView.aspx?id=23601
Jharkhand,2004,2004,1493.0,t152_bank_offices,Table 152: State-wise Distribution of Offices of Scheduled Commercial Banks,https://www.rbi.org.in/Scripts/PublicationsView.aspx?id=23601
Jharkhand,2005,2005,1511.0,t152_bank_offices,Table 152: State-wise Distribution of Offices of Scheduled Commercial Banks,https://www.rbi.org.in/Scripts/PublicationsView.aspx?id=23601
Jharkhand,2006,2006,1525.0,t152_bank_offices,Table 152: State-wise Distribution of Offices of Scheduled Commercial Banks,https://www.rbi.org.in/Scripts/PublicationsView.aspx?id=23601
Jharkhand,2007,2007,1571.0,t152_bank_offices,Table 152: State-wise Distribution of Offices of Scheduled Commercial Banks,https://www.rbi.org.in/Scripts/PublicationsView.aspx?id=23601
Jharkhand,2008,2008,1662.0,t152_bank_offices,Table 152: State-wise Distribution of Offices of Scheduled Commercial Banks,https://www.rbi.org.in/Scripts/PublicationsView.aspx?id=23601
Jharkhand,2009,2009,1747.0,t152_bank_offices,Table 152: State-wise Distribution of Offices of Scheduled Commercial Banks,https://www.rbi.org.in/Scripts/PublicationsView.aspx?id=23601
Jharkhand,2010,2010,1862.0,t152_bank_offices,Table 152: State-wise Distribution of Offices of Scheduled Commercial Banks,https://www.rbi.org.in/Scripts/PublicationsView.aspx?id=23601
Jharkhand,2011,2011,1984.0,t152_bank_offices,Table 152: State-wise Distribution of Offices of Scheduled Commercial Banks,https://www.rbi.org.in/Scripts/PublicationsView.aspx?id=23601
Jharkhand,2012,2012,2180.0,t152_bank_offices,Table 152: State-wise Distribution of Offices of Scheduled Commercial Banks,https://www.rbi.org.in/Scripts/PublicationsView.aspx?id=23601
Jharkhand,2013,2013,2368.0,t152_bank_offices,Table 152: State-wise Distribution of Offices of Scheduled Commercial Banks,https://www.rbi.org.in/Scripts/PublicationsView.aspx?id=23601
Jharkhand,2014,2014,2582.0,t152_bank_offices,Table 152: State-wise Distribution of Offices of Scheduled Commercial Banks,https://www.rbi.org.in/Scripts/PublicationsView.aspx?id=23601
Odisha,2004,2004,2270.0,t152_bank_offices,Table 152: State-wise Distribution of Offices of Scheduled Commercial Banks,https://www.rbi.org.in/Scripts/PublicationsView.aspx?id=23601
Odisha,2005,2005,2305.0,t152_bank_offices,Table 152: State-wise Distribution of Offices of Scheduled Commercial Banks,https://www.rbi.org.in/Scripts/PublicationsView.aspx?id=23601
Odisha,2006,2006,2333.0,t152_bank_offices,Table 152: State-wise Distribution of Offices of Scheduled Commercial Banks,https://www.rbi.org.in/Scripts/PublicationsView.aspx?id=23601
Odisha,2007,2007,2431.0,t152_bank_offices,Table 152: State-wise Distribution of Offices of Scheduled Commercial Banks,https://www.rbi.org.in/Scripts/PublicationsView.aspx?id=23601
Odisha,2008,2008,2586.0,t152_bank_offices,Table 152: State-wise Distribution of Offices of Scheduled Commercial Banks,https://www.rbi.org.in/Scripts/PublicationsView.aspx?id=23601
Odisha,2009,2009,2733.0,t152_bank_offices,Table 152: State-wise Distribution of Offices of Scheduled Commercial Banks,https://www.rbi.org.in/Scripts/PublicationsView.aspx?id=23601
Odisha,2010,2010,2876.0,t152_bank_offices,Table 152: State-wise Distribution of Offices of Scheduled Commercial Banks,https://www.rbi.org.in/Scripts/PublicationsView.aspx?id=23601
Odisha,2011,2011,3029.0,t152_bank_offices,Table 152: State-wise Distribution of Offices of Scheduled Commercial Banks,https://www.rbi.org.in/Scripts/PublicationsView.aspx?id=23601
Odisha,2012,2012,3319.0,t152_bank_offices,Table 152: State-wise Distribution of Offices of Scheduled Commercial Banks,https://www.rbi.org.in/Scripts/PublicationsView.aspx?id=23601
Odisha,2013,2013,3558.0,t152_bank_offices,Table 152: State-wise Distribution of Offices of Scheduled Commercial Banks,https://www.rbi.org.in/Scripts/PublicationsView.aspx?id=23601
Odisha,2014,2014,3995.0,t152_bank_offices,Table 152: State-wise Distribution of Offices of Scheduled Commercial Banks,https://www.rbi.org.in/Scripts/PublicationsView.aspx?id=23601
Sikkim,2004,2004,49.0,t152_bank_offices,Table 152: State-wise Distribution of Offices of Scheduled Commercial Banks,https://www.rbi.org.in/Scripts/PublicationsView.aspx?id=23601
Sikkim,2005,2005,55.0,t152_bank_offices,Table 152: State-wise Distribution of Offices of Scheduled Commercial Banks,https://www.rbi.org.in/Scripts/PublicationsView.aspx?id=23601
Sikkim,2006,2006,56.0,t152_bank_offices,Table 152: State-wise Distribution of Offices of Scheduled Commercial Banks,https://www.rbi.org.in/Scripts/PublicationsView.aspx?id=23601
Sikkim,2007,2007,61.0,t152_bank_offices,Table 152: State-wise Distribution of Offices of Scheduled Commercial Banks,https://www.rbi.org.in/Scripts/PublicationsView.aspx?id=23601
Sikkim,2008,2008,71.0,t152_bank_offices,Table 152: State-wise Distribution of Offices of Scheduled Commercial Banks,https://www.rbi.org.in/Scripts/PublicationsView.aspx?id=23601
Sikkim,2009,2009,71.0,t152_bank_offices,Table 152: State-wise Distribution of Offices of Scheduled Commercial Banks,https://www.rbi.org.in/Scripts/PublicationsView.aspx?id=23601
Sikkim,2010,2010,74.0,t152_bank_offices,Table 152: State-wise Distribution of Offices of Scheduled Commercial Banks,https://www.rbi.org.in/Scripts/PublicationsView.aspx?id=23601
Sikkim,2011,2011,82.0,t152_bank_offices,Table 152: State-wise Distribution of Offices of Scheduled Commercial Banks,https://www.rbi.org.in/Scripts/PublicationsView.aspx?id=23601
Sikkim,2012,2012,89.0,t152_bank_offices,Table 152: State-wise Distribution of Offices of Scheduled Commercial Banks,https://www.rbi.org.in/Scripts/PublicationsView.aspx?id=23601
Sikkim,2013,2013,98.0,t152_bank_offices,Table 152: State-wise Distribution of Offices of Scheduled Commercial Banks,https://www.rbi.org.in/Scripts/PublicationsView.aspx?id=23601
Sikkim,2014,2014,113.0,t152_bank_offices,Table 152: State-wise Distribution of Offices of Scheduled Commercial Banks,https://www.rbi.org.in/Scripts/PublicationsView.aspx?id=23601
West Bengal,2004,2004,4581.0,t152_bank_offices,Table 152: State-wise Distribution of Offices of Scheduled Commercial Banks,https://www.rbi.org.in/Scripts/PublicationsView.aspx?id=23601
West Bengal,2005,2005,4661.0,t152_bank_offices,Table 152: State-wise Distribution of Offices of Scheduled Commercial Banks,https://www.rbi.org.in/Scripts/PublicationsView.aspx?id=23601
West Bengal,2006,2006,4713.0,t152_bank_offices,Table 152: State-wise Distribution of Offices of Scheduled Commercial Banks,https://www.rbi.org.in/Scripts/PublicationsView.aspx?id=23601
West Bengal,2007,2007,4818.0,t152_bank_offices,Table 152: State-wise Distribution of Offices of Scheduled Commercial Banks,https://www.rbi.org.in/Scripts/PublicationsView.aspx?id=23601
West Bengal,2008,2008,5026.0,t152_bank_offices,Table 152: State-wise Distribution of Offices of Scheduled Commercial Banks,https://www.rbi.org.in/Scripts/PublicationsView.aspx?id=23601
West Bengal,2009,2009,5178.0,t152_bank_offices,Table 152: State-wise Distribution of Offices of Scheduled Commercial Banks,https://www.rbi.org.in/Scripts/PublicationsView.aspx?id=23601
West Bengal,2010,2010,5368.0,t152_bank_offices,Table 152: State-wise Distribution of Offices of Scheduled Commercial Banks,https://www.rbi.org.in/Scripts/PublicationsView.aspx?id=23601
West Bengal,2011,2011,5678.0,t152_bank_offices,Table 152: State-wise Distribution of Offices of Scheduled Commercial Banks,https://www.rbi.org.in/Scripts/PublicationsView.aspx?id=23601
West Bengal,2012,2012,6061.0,t152_bank_offices,Table 152: State-wise Distribution of Offices of Scheduled Commercial Banks,https://www.rbi.org.in/Scripts/PublicationsView.aspx?id=23601
West Bengal,2013,2013,6402.0,t152_bank_offices,Table 152: State-wise Distribution of Offices of Scheduled Commercial Banks,https://www.rbi.org.in/Scripts/PublicationsView.aspx?id=23601
West Bengal,2014,2014,6931.0,t152_bank_offices,Table 152: State-wise Distribution of Offices of Scheduled Commercial Banks,https://www.rbi.org.in/Scripts/PublicationsView.aspx?id=23601
Chhattisgarh,2004,2004,1051.0,t152_bank_offices,Table 152: State-wise Distribution of Offices of Scheduled Commercial Banks,https://www.rbi.org.in/Scripts/PublicationsView.aspx?id=23601
Chhattisgarh,2005,2005,1063.0,t152_bank_offices,Table 152: State-wise Distribution of Offices of Scheduled Commercial Banks,https://www.rbi.org.in/Scripts/PublicationsView.aspx?id=23601
Chhattisgarh,2006,2006,1061.0,t152_bank_offices,Table 152: State-wise Distribution of Offices of Scheduled Commercial Banks,https://www.rbi.org.in/Scripts/PublicationsView.aspx?id=23601
Chhattisgarh,2007,2007,1098.0,t152_bank_offices,Table 152: State-wise Distribution of Offices of Scheduled Commercial Banks,https://www.rbi.org.in/Scripts/PublicationsView.aspx?id=23601
Chhattisgarh,2008,2008,1165.0,t152_bank_offices,Table 152: State-wise Distribution of Offices of Scheduled Commercial Banks,https://www.rbi.org.in/Scripts/PublicationsView.aspx?id=23601
Chhattisgarh,2009,2009,1243.0,t152_bank_offices,Table 152: State-wise Distribution of Offices of Scheduled Commercial Banks,https://www.rbi.org.in/Scripts/PublicationsView.aspx?id=23601
Chhattisgarh,2010,2010,1331.0,t152_bank_offices,Table 152: State-wise Distribution of Offices of Scheduled Commercial Banks,https://www.rbi.org.in/Scripts/PublicationsView.aspx?id=23601
Chhattisgarh,2011,2011,1423.0,t152_bank_offices,Table 152: State-wise Distribution of Offices of Scheduled Commercial Banks,https://www.rbi.org.in/Scripts/PublicationsView.aspx?id=23601
Chhattisgarh,2012,2012,1597.0,t152_bank_offices,Table 152: State-wise Distribution of Offices of Scheduled Commercial Banks,https://www.rbi.org.in/Scripts/PublicationsView.aspx?id=23601
Chhattisgarh,2013,2013,1818.0,t152_bank_offices,Table 152: State-wise Distribution of Offices of Scheduled Commercial Banks,https://www.rbi.org.in/Scripts/PublicationsView.aspx?id=23601
Chhattisgarh,2014,2014,2062.0,t152_bank_offices,Table 152: State-wise Distribution of Offices of Scheduled Commercial Banks,https://www.rbi.org.in/Scripts/PublicationsView.aspx?id=23601
Madhya Pradesh,2004,2004,3521.0,t152_bank_offices,Table 152: State-wise Distribution of Offices of Scheduled Commercial Banks,https://www.rbi.org.in/Scripts/PublicationsView.aspx?id=23601
Madhya Pradesh,2005,2005,3560.0,t152_bank_offices,Table 152: State-wise Distribution of Offices of Scheduled Commercial Banks,https://www.rbi.org.in/Scripts/PublicationsView.aspx?id=23601
Madhya Pradesh,2006,2006,3563.0,t152_bank_offices,Table 152: State-wise Distribution of Offices of Scheduled Commercial Banks,https://www.rbi.org.in/Scripts/PublicationsView.aspx?id=23601
Madhya Pradesh,2007,2007,3643.0,t152_bank_offices,Table 152: State-wise Distribution of Offices of Scheduled Commercial Banks,https://www.rbi.org.in/Scripts/PublicationsView.aspx?id=23601
Madhya Pradesh,2008,2008,3828.0,t152_bank_offices,Table 152: State-wise Distribution of Offices of Scheduled Commercial Banks,https://www.rbi.org.in/Scripts/PublicationsView.aspx?id=23601
Madhya Pradesh,2009,2009,4052.0,t152_bank_offices,Table 152: State-wise Distribution of Offices of Scheduled Commercial Banks,https://www.rbi.org.in/Scripts/PublicationsView.aspx?id=23601
Madhya Pradesh,2010,2010,4270.0,t152_bank_offices,Table 152: State-wise Distribution of Offices of Scheduled Commercial Banks,https://www.rbi.org.in/Scripts/PublicationsView.aspx?id=23601
Madhya Pradesh,2011,2011,4453.0,t152_bank_offices,Table 152: State-wise Distribution of Offices of Scheduled Commercial Banks,https://www.rbi.org.in/Scripts/PublicationsView.aspx?id=23601
Madhya Pradesh,2012,2012,4805.0,t152_bank_offices,Table 152: State-wise Distribution of Offices of Scheduled Commercial Banks,https://www.rbi.org.in/Scripts/PublicationsView.aspx?id=23601
Madhya Pradesh,2013,2013,5085.0,t152_bank_offices,Table 152: State-wise Distribution of Offices of Scheduled Commercial Banks,https://www.rbi.org.in/Scripts/PublicationsView.aspx?id=23601
Madhya Pradesh,2014,2014,5601.0,t152_bank_offices,Table 152: State-wise Distribution of Offices of Scheduled Commercial Banks,https://www.rbi.org.in/Scripts/PublicationsView.aspx?id=23601
Uttarakhand,2004,2004,878.0,t152_bank_offices,Table 152: State-wise Distribution of Offices of Scheduled Commercial Banks,https://www.rbi.org.in/Scripts/PublicationsView.aspx?id=23601
Uttarakhand,2005,2005,898.0,t152_bank_offices,Table 152: State-wise Distribution of Offices of Scheduled Commercial Banks,https://www.rbi.org.in/Scripts/PublicationsView.aspx?id=23601
Uttarakhand,2006,2006,918.0,t152_bank_offices,Table 152: State-wise Distribution of Offices of Scheduled Commercial Banks,https://www.rbi.org.in/Scripts/PublicationsView.aspx?id=23601
Uttarakhand,2007,2007,950.0,t152_bank_offices,Table 152: State-wise Distribution of Offices of Scheduled Commercial Banks,https://www.rbi.org.in/Scripts/PublicationsView.aspx?id=23601
Uttarakhand,2008,2008,1048.0,t152_bank_offices,Table 152: State-wise Distribution of Offices of Scheduled Commercial Banks,https://www.rbi.org.in/Scripts/PublicationsView.aspx?id=23601
Uttarakhand,2009,2009,1105.0,t152_bank_offices,Table 152: State-wise Distribution of Offices of Scheduled Commercial Banks,https://www.rbi.org.in/Scripts/PublicationsView.aspx?id=23601
Uttarakhand,2010,2010,1204.0,t152_bank_offices,Table 152: State-wise Distribution of Offices of Scheduled Commercial Banks,https://www.rbi.org.in/Scripts/PublicationsView.aspx?id=23601
Uttarakhand,2011,2011,1278.0,t152_bank_offices,Table 152: State-wise Distribution of Offices of Scheduled Commercial Banks,https://www.rbi.org.in/Scripts/PublicationsView.aspx?id=23601
Uttarakhand,2012,2012,1450.0,t152_bank_offices,Table 152: State-wise Distribution of Offices of Scheduled Commercial Banks,https://www.rbi.org.in/Scripts/PublicationsView.aspx?id=23601
Uttarakhand,2013,2013,1586.0,t152_bank_offices,Table 152: State-wise Distribution of Offices of Scheduled Commercial Banks,https://www.rbi.org.in/Scripts/PublicationsView.aspx?id=23601
Uttarakhand,2014,2014,1739.0,t152_bank_offices,Table 152: State-wise Distribution of Offices of Scheduled Commercial Banks,https://www.rbi.org.in/Scripts/PublicationsView.aspx?id=23601
Uttar Pradesh,2004,2004,8367.0,t152_bank_offices,Table 152: State-wise Distribution of Offices of Scheduled Commercial Banks,https://www.rbi.org.in/Scripts/PublicationsView.aspx?id=23601
Uttar Pradesh,2005,2005,8475.0,t152_bank_offices,Table 152: State-wise Distribution of Offices of Scheduled Commercial Banks,https://www.rbi.org.in/Scripts/PublicationsView.aspx?id=23601
Uttar Pradesh,2006,2006,8562.0,t152_bank_offices,Table 152: State-wise Distribution of Offices of Scheduled Commercial Banks,https://www.rbi.org.in/Scripts/PublicationsView.aspx?id=23601
Uttar Pradesh,2007,2007,8803.0,t152_bank_offices,Table 152: State-wise Distribution of Offices of Scheduled Commercial Banks,https://www.rbi.org.in/Scripts/PublicationsView.aspx?id=23601
Uttar Pradesh,2008,2008,9342.0,t152_bank_offices,Table 152: State-wise Distribution of Offices of Scheduled Commercial Banks,https://www.rbi.org.in/Scripts/PublicationsView.aspx?id=23601
Uttar Pradesh,2009,2009,9844.0,t152_bank_offices,Table 152: State-wise Distribution of Offices of Scheduled Commercial Banks,https://www.rbi.org.in/Scripts/PublicationsView.aspx?id=23601
Uttar Pradesh,2010,2010,10475.0,t152_bank_offices,Table 152: State-wise Distribution of Offices of Scheduled Commercial Banks,https://www.rbi.org.in/Scripts/PublicationsView.aspx?id=23601
Uttar Pradesh,2011,2011,11040.0,t152_bank_offices,Table 152: State-wise Distribution of Offices of Scheduled Commercial Banks,https://www.rbi.org.in/Scripts/PublicationsView.aspx?id=23601
Uttar Pradesh,2012,2012,12096.0,t152_bank_offices,Table 152: State-wise Distribution of Offices of Scheduled Commercial Banks,https://www.rbi.org.in/Scripts/PublicationsView.aspx?id=23601
Uttar Pradesh,2013,2013,13092.0,t152_bank_offices,Table 152: State-wise Distribution of Offices of Scheduled Commercial Banks,https://www.rbi.org.in/Scripts/PublicationsView.aspx?id=23601
Uttar Pradesh,2014,2014,14694.0,t152_bank_offices,Table 152: State-wise Distribution of Offices of Scheduled Commercial Banks,https://www.rbi.org.in/Scripts/PublicationsView.aspx?id=23601
Dadra & Nagar Haveli,2004,2004,12.0,t152_bank_offices,Table 152: State-wise Distribution of Offices of Scheduled Commercial Banks,https://www.rbi.org.in/Scripts/PublicationsView.aspx?id=23601
Dadra & Nagar Haveli,2005,2005,12.0,t152_bank_offices,Table 152: State-wise Distribution of Offices of Scheduled Commercial Banks,https://www.rbi.org.in/Scripts/PublicationsView.aspx?id=23601
Dadra & Nagar Haveli,2006,2006,12.0,t152_bank_offices,Table 152: State-wise Distribution of Offices of Scheduled Commercial Banks,https://www.rbi.org.in/Scripts/PublicationsView.aspx?id=23601
Dadra & Nagar Haveli,2007,2007,19.0,t152_bank_offices,Table 152: State-wise Distribution of Offices of Scheduled Commercial Banks,https://www.rbi.org.in/Scripts/PublicationsView.aspx?id=23601
Dadra & Nagar Haveli,2008,2008,21.0,t152_bank_offices,Table 152: State-wise Distribution of Offices of Scheduled Commercial Banks,https://www.rbi.org.in/Scripts/PublicationsView.aspx?id=23601
Dadra & Nagar Haveli,2009,2009,24.0,t152_bank_offices,Table 152: State-wise Distribution of Offices of Scheduled Commercial Banks,https://www.rbi.org.in/Scripts/PublicationsView.aspx?id=23601
Dadra & Nagar Haveli,2010,2010,27.0,t152_bank_offices,Table 152: State-wise Distribution of Offices of Scheduled Commercial Banks,https://www.rbi.org.in/Scripts/PublicationsView.aspx?id=23601
Dadra & Nagar Haveli,2011,2011,34.0,t152_bank_offices,Table 152: State-wise Distribution of Offices of Scheduled Commercial Banks,https://www.rbi.org.in/Scripts/PublicationsView.aspx?id=23601
Dadra & Nagar Haveli,2012,2012,40.0,t152_bank_offices,Table 152: State-wise Distribution of Offices of Scheduled Commercial Banks,https://www.rbi.org.in/Scripts/PublicationsView.aspx?id=23601
Dadra & Nagar Haveli,2013,2013,47.0,t152_bank_offices,Table 152: State-wise Distribution of Offices of Scheduled Commercial Banks,https://www.rbi.org.in/Scripts/PublicationsView.aspx?id=23601
Dadra & Nagar Haveli,2014,2014,51.0,t152_bank_offices,Table 152: State-wise Distribution of Offices of Scheduled Commercial Banks,https://www.rbi.org.in/Scripts/PublicationsView.aspx?id=23601
Daman & Diu,2004,2004,16.0,t152_bank_offices,Table 152: State-wise Distribution of Offices of Scheduled Commercial Banks,https://www.rbi.org.in/Scripts/PublicationsView.aspx?id=23601
Daman & Diu,2005,2005,16.0,t152_bank_offices,Table 152: State-wise Distribution of Offices of Scheduled Commercial Banks,https://www.rbi.org.in/Scripts/PublicationsView.aspx?id=23601
Daman & Diu,2006,2006,16.0,t152_bank_offices,Table 152: State-wise Distribution of Offices of Scheduled Commercial Banks,https://www.rbi.org.in/Scripts/PublicationsView.aspx?id=23601
Daman & Diu,2007,2007,18.0,t152_bank_offices,Table 152: State-wise Distribution of Offices of Scheduled Commercial Banks,https://www.rbi.org.in/Scripts/PublicationsView.aspx?id=23601
Daman & Diu,2008,2008,18.0,t152_bank_offices,Table 152: State-wise Distribution of Offices of Scheduled Commercial Banks,https://www.rbi.org.in/Scripts/PublicationsView.aspx?id=23601
Daman & Diu,2009,2009,18.0,t152_bank_offices,Table 152: State-wise Distribution of Offices of Scheduled Commercial Banks,https://www.rbi.org.in/Scripts/PublicationsView.aspx?id=23601
Daman & Diu,2010,2010,19.0,t152_bank_offices,Table 152: State-wise Distribution of Offices of Scheduled Commercial Banks,https://www.rbi.org.in/Scripts/PublicationsView.aspx?id=23601
Daman & Diu,2011,2011,24.0,t152_bank_offices,Table 152: State-wise Distribution of Offices of Scheduled Commercial Banks,https://www.rbi.org.in/Scripts/PublicationsView.aspx?id=23601
Daman & Diu,2012,2012,34.0,t152_bank_offices,Table 152: State-wise Distribution of Offices of Scheduled Commercial Banks,https://www.rbi.org.in/Scripts/PublicationsView.aspx?id=23601
Daman & Diu,2013,2013,40.0,t152_bank_offices,Table 152: State-wise Distribution of Offices of Scheduled Commercial Banks,https://www.rbi.org.in/Scripts/PublicationsView.aspx?id=23601
Daman & Diu,2014,2014,44.0,t152_bank_offices,Table 152: State-wise Distribution of Offices of Scheduled Commercial Banks,https://www.rbi.org.in/Scripts/PublicationsView.aspx?id=23601
Goa,2004,2004,341.0,t152_bank_offices,Table 152: State-wise Distribution of Offices of Scheduled Commercial Banks,https://www.rbi.org.in/Scripts/PublicationsView.aspx?id=23601
Goa,2005,2005,351.0,t152_bank_offices,Table 152: State-wise Distribution of Offices of Scheduled Commercial Banks,https://www.rbi.org.in/Scripts/PublicationsView.aspx?id=23601
Goa,2006,2006,357.0,t152_bank_offices,Table 152: State-wise Distribution of Offices of Scheduled Commercial Banks,https://www.rbi.org.in/Scripts/PublicationsView.aspx?id=23601
Goa,2007,2007,374.0,t152_bank_offices,Table 152: State-wise Distribution of Offices of Scheduled Commercial Banks,https://www.rbi.org.in/Scripts/PublicationsView.aspx?id=23601
Goa,2008,2008,405.0,t152_bank_offices,Table 152: State-wise Distribution of Offices of Scheduled Commercial Banks,https://www.rbi.org.in/Scripts/PublicationsView.aspx?id=23601
Goa,2009,2009,420.0,t152_bank_offices,Table 152: State-wise Distribution of Offices of Scheduled Commercial Banks,https://www.rbi.org.in/Scripts/PublicationsView.aspx?id=23601
Goa,2010,2010,443.0,t152_bank_offices,Table 152: State-wise Distribution of Offices of Scheduled Commercial Banks,https://www.rbi.org.in/Scripts/PublicationsView.aspx?id=23601
Goa,2011,2011,470.0,t152_bank_offices,Table 152: State-wise Distribution of Offices of Scheduled Commercial Banks,https://www.rbi.org.in/Scripts/PublicationsView.aspx?id=23601
Goa,2012,2012,521.0,t152_bank_offices,Table 152: State-wise Distribution of Offices of Scheduled Commercial Banks,https://www.rbi.org.in/Scripts/PublicationsView.aspx?id=23601
Goa,2013,2013,570.0,t152_bank_offices,Table 152: State-wise Distribution of Offices of Scheduled Commercial Banks,https://www.rbi.org.in/Scripts/PublicationsView.aspx?id=23601
Goa,2014,2014,632.0,t152_bank_offices,Table 152: State-wise Distribution of Offices of Scheduled Commercial Banks,https://www.rbi.org.in/Scripts/PublicationsView.aspx?id=23601
Gujarat,2004,2004,3767.0,t152_bank_offices,Table 152: State-wise Distribution of Offices of Scheduled Commercial Banks,https://www.rbi.org.in/Scripts/PublicationsView.aspx?id=23601
Gujarat,2005,2005,3807.0,t152_bank_offices,Table 152: State-wise Distribution of Offices of Scheduled Commercial Banks,https://www.rbi.org.in/Scripts/PublicationsView.aspx?id=23601
Gujarat,2006,2006,3840.0,t152_bank_offices,Table 152: State-wise Distribution of Offices of Scheduled Commercial Banks,https://www.rbi.org.in/Scripts/PublicationsView.aspx?id=23601
Gujarat,2007,2007,3976.0,t152_bank_offices,Table 152: State-wise Distribution of Offices of Scheduled Commercial Banks,https://www.rbi.org.in/Scripts/PublicationsView.aspx?id=23601
Gujarat,2008,2008,4209.0,t152_bank_offices,Table 152: State-wise Distribution of Offices of Scheduled Commercial Banks,https://www.rbi.org.in/Scripts/PublicationsView.aspx?id=23601
Gujarat,2009,2009,4435.0,t152_bank_offices,Table 152: State-wise Distribution of Offices of Scheduled Commercial Banks,https://www.rbi.org.in/Scripts/PublicationsView.aspx?id=23601
Gujarat,2010,2010,4733.0,t152_bank_offices,Table 152: State-wise Distribution of Offices of Scheduled Commercial Banks,https://www.rbi.org.in/Scripts/PublicationsView.aspx?id=23601
Gujarat,2011,2011,5073.0,t152_bank_offices,Table 152: State-wise Distribution of Offices of Scheduled Commercial Banks,https://www.rbi.org.in/Scripts/PublicationsView.aspx?id=23601
Gujarat,2012,2012,5548.0,t152_bank_offices,Table 152: State-wise Distribution of Offices of Scheduled Commercial Banks,https://www.rbi.org.in/Scripts/PublicationsView.aspx?id=23601
Gujarat,2013,2013,6084.0,t152_bank_offices,Table 152: State-wise Distribution of Offices of Scheduled Commercial Banks,https://www.rbi.org.in/Scripts/PublicationsView.aspx?id=23601
Gujarat,2014,2014,6743.0,t152_bank_offices,Table 152: State-wise Distribution of Offices of Scheduled Commercial Banks,https://www.rbi.org.in/Scripts/PublicationsView.aspx?id=23601
Maharashtra,2004,2004,6565.0,t152_bank_offices,Table 152: State-wise Distribution of Offices of Scheduled Commercial Banks,https://www.rbi.org.in/Scripts/PublicationsView.aspx?id=23601
Maharashtra,2005,2005,6708.0,t152_bank_offices,Table 152: State-wise Distribution of Offices of Scheduled Commercial Banks,https://www.rbi.org.in/Scripts/PublicationsView.aspx?id=23601
Maharashtra,2006,2006,6771.0,t152_bank_offices,Table 152: State-wise Distribution of Offices of Scheduled Commercial Banks,https://www.rbi.org.in/Scripts/PublicationsView.aspx?id=23601
Maharashtra,2007,2007,6965.0,t152_bank_offices,Table 152: State-wise Distribution of Offices of Scheduled Commercial Banks,https://www.rbi.org.in/Scripts/PublicationsView.aspx?id=23601
Maharashtra,2008,2008,7350.0,t152_bank_offices,Table 152: State-wise Distribution of Offices of Scheduled Commercial Banks,https://www.rbi.org.in/Scripts/PublicationsView.aspx?id=23601
Maharashtra,2009,2009,7767.0,t152_bank_offices,Table 152: State-wise Distribution of Offices of Scheduled Commercial Banks,https://www.rbi.org.in/Scripts/PublicationsView.aspx?id=23601
Maharashtra,2010,2010,8321.0,t152_bank_offices,Table 152: State-wise Distribution of Offices of Scheduled Commercial Banks,https://www.rbi.org.in/Scripts/PublicationsView.aspx?id=23601
Maharashtra,2011,2011,8816.0,t152_bank_offices,Table 152: State-wise Distribution of Offices of Scheduled Commercial Banks,https://www.rbi.org.in/Scripts/PublicationsView.aspx?id=23601
Maharashtra,2012,2012,9608.0,t152_bank_offices,Table 152: State-wise Distribution of Offices of Scheduled Commercial Banks,https://www.rbi.org.in/Scripts/PublicationsView.aspx?id=23601
Maharashtra,2013,2013,10272.0,t152_bank_offices,Table 152: State-wise Distribution of Offices of Scheduled Commercial Banks,https://www.rbi.org.in/Scripts/PublicationsView.aspx?id=23601
Maharashtra,2014,2014,11203.0,t152_bank_offices,Table 152: State-wise Distribution of Offices of Scheduled Commercial Banks,https://www.rbi.org.in/Scripts/PublicationsView.aspx?id=23601
Andhra Pradesh,2004,2004,5400.0,t152_bank_offices,Table 152: State-wise Distribution of Offices of Scheduled Commercial Banks,https://www.rbi.org.in/Scripts/PublicationsView.aspx?id=23601
Andhra Pradesh,2005,2005,5519.0,t152_bank_offices,Table 152: State-wise Distribution of Offices of Scheduled Commercial Banks,https://www.rbi.org.in/Scripts/PublicationsView.aspx?id=23601
Andhra Pradesh,2006,2006,5578.0,t152_bank_offices,Table 152: State-wise Distribution of Offices of Scheduled Commercial Banks,https://www.rbi.org.in/Scripts/PublicationsView.aspx?id=23601
Andhra Pradesh,2007,2007,5765.0,t152_bank_offices,Table 152: State-wise Distribution of Offices of Scheduled Commercial Banks,https://www.rbi.org.in/Scripts/PublicationsView.aspx?id=23601
Andhra Pradesh,2008,2008,6240.0,t152_bank_offices,Table 152: State-wise Distribution of Offices of Scheduled Commercial Banks,https://www.rbi.org.in/Scripts/PublicationsView.aspx?id=23601
Andhra Pradesh,2009,2009,6635.0,t152_bank_offices,Table 152: State-wise Distribution of Offices of Scheduled Commercial Banks,https://www.rbi.org.in/Scripts/PublicationsView.aspx?id=23601
Andhra Pradesh,2010,2010,7132.0,t152_bank_offices,Table 152: State-wise Distribution of Offices of Scheduled Commercial Banks,https://www.rbi.org.in/Scripts/PublicationsView.aspx?id=23601
Andhra Pradesh,2011,2011,7571.0,t152_bank_offices,Table 152: State-wise Distribution of Offices of Scheduled Commercial Banks,https://www.rbi.org.in/Scripts/PublicationsView.aspx?id=23601
Andhra Pradesh,2012,2012,8333.0,t152_bank_offices,Table 152: State-wise Distribution of Offices of Scheduled Commercial Banks,https://www.rbi.org.in/Scripts/PublicationsView.aspx?id=23601
Andhra Pradesh,2013,2013,9095.0,t152_bank_offices,Table 152: State-wise Distribution of Offices of Scheduled Commercial Banks,https://www.rbi.org.in/Scripts/PublicationsView.aspx?id=23601
Andhra Pradesh,2014,2014,9900.0,t152_bank_offices,Table 152: State-wise Distribution of Offices of Scheduled Commercial Banks,https://www.rbi.org.in/Scripts/PublicationsView.aspx?id=23601
Karnataka,2004,2004,4992.0,t152_bank_offices,Table 152: State-wise Distribution of Offices of Scheduled Commercial Banks,https://www.rbi.org.in/Scripts/PublicationsView.aspx?id=23601
Karnataka,2005,2005,5114.0,t152_bank_offices,Table 152: State-wise Distribution of Offices of Scheduled Commercial Banks,https://www.rbi.org.in/Scripts/PublicationsView.aspx?id=23601
Karnataka,2006,2006,5176.0,t152_bank_offices,Table 152: State-wise Distribution of Offices of Scheduled Commercial Banks,https://www.rbi.org.in/Scripts/PublicationsView.aspx?id=23601
Karnataka,2007,2007,5362.0,t152_bank_offices,Table 152: State-wise Distribution of Offices of Scheduled Commercial Banks,https://www.rbi.org.in/Scripts/PublicationsView.aspx?id=23601
Karnataka,2008,2008,5666.0,t152_bank_offices,Table 152: State-wise Distribution of Offices of Scheduled Commercial Banks,https://www.rbi.org.in/Scripts/PublicationsView.aspx?id=23601
Karnataka,2009,2009,5950.0,t152_bank_offices,Table 152: State-wise Distribution of Offices of Scheduled Commercial Banks,https://www.rbi.org.in/Scripts/PublicationsView.aspx?id=23601
Karnataka,2010,2010,6271.0,t152_bank_offices,Table 152: State-wise Distribution of Offices of Scheduled Commercial Banks,https://www.rbi.org.in/Scripts/PublicationsView.aspx?id=23601
Karnataka,2011,2011,6518.0,t152_bank_offices,Table 152: State-wise Distribution of Offices of Scheduled Commercial Banks,https://www.rbi.org.in/Scripts/PublicationsView.aspx?id=23601
Karnataka,2012,2012,7137.0,t152_bank_offices,Table 152: State-wise Distribution of Offices of Scheduled Commercial Banks,https://www.rbi.org.in/Scripts/PublicationsView.aspx?id=23601
Karnataka,2013,2013,7797.0,t152_bank_offices,Table 152: State-wise Distribution of Offices of Scheduled Commercial Banks,https://www.rbi.org.in/Scripts/PublicationsView.aspx?id=23601
Karnataka,2014,2014,8625.0,t152_bank_offices,Table 152: State-wise Distribution of Offices of Scheduled Commercial Banks,https://www.rbi.org.in/Scripts/PublicationsView.aspx?id=23601
Kerala,2004,2004,3522.0,t152_bank_offices,Table 152: State-wise Distribution of Offices of Scheduled Commercial Banks,https://www.rbi.org.in/Scripts/PublicationsView.aspx?id=23601
Kerala,2005,2005,3609.0,t152_bank_offices,Table 152: State-wise Distribution of Offices of Scheduled Commercial Banks,https://www.rbi.org.in/Scripts/PublicationsView.aspx?id=23601
Kerala,2006,2006,3668.0,t152_bank_offices,Table 152: State-wise Distribution of Offices of Scheduled Commercial Banks,https://www.rbi.org.in/Scripts/PublicationsView.aspx?id=23601
Kerala,2007,2007,3812.0,t152_bank_offices,Table 152: State-wise Distribution of Offices of Scheduled Commercial Banks,https://www.rbi.org.in/Scripts/PublicationsView.aspx?id=23601
Kerala,2008,2008,4007.0,t152_bank_offices,Table 152: State-wise Distribution of Offices of Scheduled Commercial Banks,https://www.rbi.org.in/Scripts/PublicationsView.aspx?id=23601
Kerala,2009,2009,4170.0,t152_bank_offices,Table 152: State-wise Distribution of Offices of Scheduled Commercial Banks,https://www.rbi.org.in/Scripts/PublicationsView.aspx?id=23601
Kerala,2010,2010,4390.0,t152_bank_offices,Table 152: State-wise Distribution of Offices of Scheduled Commercial Banks,https://www.rbi.org.in/Scripts/PublicationsView.aspx?id=23601
Kerala,2011,2011,4690.0,t152_bank_offices,Table 152: State-wise Distribution of Offices of Scheduled Commercial Banks,https://www.rbi.org.in/Scripts/PublicationsView.aspx?id=23601
Kerala,2012,2012,5006.0,t152_bank_offices,Table 152: State-wise Distribution of Offices of Scheduled Commercial Banks,https://www.rbi.org.in/Scripts/PublicationsView.aspx?id=23601
Kerala,2013,2013,5430.0,t152_bank_offices,Table 152: State-wise Distribution of Offices of Scheduled Commercial Banks,https://www.rbi.org.in/Scripts/PublicationsView.aspx?id=23601
Kerala,2014,2014,5858.0,t152_bank_offices,Table 152: State-wise Distribution of Offices of Scheduled Commercial Banks,https://www.rbi.org.in/Scripts/PublicationsView.aspx?id=23601
Lakshadweep,2004,2004,9.0,t152_bank_offices,Table 152: State-wise Distribution of Offices of Scheduled Commercial Banks,https://www.rbi.org.in/Scripts/PublicationsView.aspx?id=23601
Lakshadweep,2005,2005,9.0,t152_bank_offices,Table 152: State-wise Distribution of Offices of Scheduled Commercial Banks,https://www.rbi.org.in/Scripts/PublicationsView.aspx?id=23601
Lakshadweep,2006,2006,10.0,t152_bank_offices,Table 152: State-wise Distribution of Offices of Scheduled Commercial Banks,https://www.rbi.org.in/Scripts/PublicationsView.aspx?id=23601
Lakshadweep,2007,2007,10.0,t152_bank_offices,Table 152: State-wise Distribution of Offices of Scheduled Commercial Banks,https://www.rbi.org.in/Scripts/PublicationsView.aspx?id=23601
Lakshadweep,2008,2008,10.0,t152_bank_offices,Table 152: State-wise Distribution of Offices of Scheduled Commercial Banks,https://www.rbi.org.in/Scripts/PublicationsView.aspx?id=23601
Lakshadweep,2009,2009,11.0,t152_bank_offices,Table 152: State-wise Distribution of Offices of Scheduled Commercial Banks,https://www.rbi.org.in/Scripts/PublicationsView.aspx?id=23601
Lakshadweep,2010,2010,11.0,t152_bank_offices,Table 152: State-wise Distribution of Offices of Scheduled Commercial Banks,https://www.rbi.org.in/Scripts/PublicationsView.aspx?id=23601
Lakshadweep,2011,2011,12.0,t152_bank_offices,Table 152: State-wise Distribution of Offices of Scheduled Commercial Banks,https://www.rbi.org.in/Scripts/PublicationsView.aspx?id=23601
Lakshadweep,2012,2012,12.0,t152_bank_offices,Table 152: State-wise Distribution of Offices of Scheduled Commercial Banks,https://www.rbi.org.in/Scripts/PublicationsView.aspx?id=23601
Lakshadweep,2013,2013,12.0,t152_bank_offices,Table 152: State-wise Distribution of Offices of Scheduled Commercial Banks,https://www.rbi.org.in/Scripts/PublicationsView.aspx?id=23601
Lakshadweep,2014,2014,13.0,t152_bank_offices,Table 152: State-wise Distribution of Offices of Scheduled Commercial Banks,https://www.rbi.org.in/Scripts/PublicationsView.aspx?id=23601
Puducherry,2004,2004,84.0,t152_bank_offices,Table 152: State-wise Distribution of Offices of Scheduled Commercial Banks,https://www.rbi.org.in/Scripts/PublicationsView.aspx?id=23601
Puducherry,2005,2005,90.0,t152_bank_offices,Table 152: State-wise Distribution of Offices of Scheduled Commercial Banks,https://www.rbi.org.in/Scripts/PublicationsView.aspx?id=23601
Puducherry,2006,2006,92.0,t152_bank_offices,Table 152: State-wise Distribution of Offices of Scheduled Commercial Banks,https://www.rbi.org.in/Scripts/PublicationsView.aspx?id=23601
Puducherry,2007,2007,100.0,t152_bank_offices,Table 152: State-wise Distribution of Offices of Scheduled Commercial Banks,https://www.rbi.org.in/Scripts/PublicationsView.aspx?id=23601
Puducherry,2008,2008,112.0,t152_bank_offices,Table 152: State-wise Distribution of Offices of Scheduled Commercial Banks,https://www.rbi.org.in/Scripts/PublicationsView.aspx?id=23601
Puducherry,2009,2009,128.0,t152_bank_offices,Table 152: State-wise Distribution of Offices of Scheduled Commercial Banks,https://www.rbi.org.in/Scripts/PublicationsView.aspx?id=23601
Puducherry,2010,2010,145.0,t152_bank_offices,Table 152: State-wise Distribution of Offices of Scheduled Commercial Banks,https://www.rbi.org.in/Scripts/PublicationsView.aspx?id=23601
Puducherry,2011,2011,159.0,t152_bank_offices,Table 152: State-wise Distribution of Offices of Scheduled Commercial Banks,https://www.rbi.org.in/Scripts/PublicationsView.aspx?id=23601
Puducherry,2012,2012,171.0,t152_bank_offices,Table 152: State-wise Distribution of Offices of Scheduled Commercial Banks,https://www.rbi.org.in/Scripts/PublicationsView.aspx?id=23601
Puducherry,2013,2013,187.0,t152_bank_offices,Table 152: State-wise Distribution of Offices of Scheduled Commercial Banks,https://www.rbi.org.in/Scripts/PublicationsView.aspx?id=23601
Puducherry,2014,2014,205.0,t152_bank_offices,Table 152: State-wise Distribution of Offices of Scheduled Commercial Banks,https://www.rbi.org.in/Scripts/PublicationsView.aspx?id=23601
Tamil Nadu,2004,2004,4916.0,t152_bank_offices,Table 152: State-wise Distribution of Offices of Scheduled Commercial Banks,https://www.rbi.org.in/Scripts/PublicationsView.aspx?id=23601
Tamil Nadu,2005,2005,5021.0,t152_bank_offices,Table 152: State-wise Distribution of Offices of Scheduled Commercial Banks,https://www.rbi.org.in/Scripts/PublicationsView.aspx?id=23601
Tamil Nadu,2006,2006,5074.0,t152_bank_offices,Table 152: State-wise Distribution of Offices of Scheduled Commercial Banks,https://www.rbi.org.in/Scripts/PublicationsView.aspx?id=23601
Tamil Nadu,2007,2007,5299.0,t152_bank_offices,Table 152: State-wise Distribution of Offices of Scheduled Commercial Banks,https://www.rbi.org.in/Scripts/PublicationsView.aspx?id=23601
Tamil Nadu,2008,2008,5716.0,t152_bank_offices,Table 152: State-wise Distribution of Offices of Scheduled Commercial Banks,https://www.rbi.org.in/Scripts/PublicationsView.aspx?id=23601
Tamil Nadu,2009,2009,6080.0,t152_bank_offices,Table 152: State-wise Distribution of Offices of Scheduled Commercial Banks,https://www.rbi.org.in/Scripts/PublicationsView.aspx?id=23601
Tamil Nadu,2010,2010,6474.0,t152_bank_offices,Table 152: State-wise Distribution of Offices of Scheduled Commercial Banks,https://www.rbi.org.in/Scripts/PublicationsView.aspx?id=23601
Tamil Nadu,2011,2011,6864.0,t152_bank_offices,Table 152: State-wise Distribution of Offices of Scheduled Commercial Banks,https://www.rbi.org.in/Scripts/PublicationsView.aspx?id=23601
Tamil Nadu,2012,2012,7641.0,t152_bank_offices,Table 152: State-wise Distribution of Offices of Scheduled Commercial Banks,https://www.rbi.org.in/Scripts/PublicationsView.aspx?id=23601
Tamil Nadu,2013,2013,8245.0,t152_bank_offices,Table 152: State-wise Distribution of Offices of Scheduled Commercial Banks,https://www.rbi.org.in/Scripts/PublicationsView.aspx?id=23601
Tamil Nadu,2014,2014,9090.0,t152_bank_offices,Table 152: State-wise Distribution of Offices of Scheduled Commercial Banks,https://www.rbi.org.in/Scripts/PublicationsView.aspx?id=23601
Telangana,2004,2004,,t152_bank_offices,Table 152: State-wise Distribution of Offices of Scheduled Commercial Banks,https://www.rbi.org.in/Scripts/PublicationsView.aspx?id=23601
Telangana,2005,2005,,t152_bank_offices,Table 152: State-wise Distribution of Offices of Scheduled Commercial Banks,https://www.rbi.org.in/Scripts/PublicationsView.aspx?id=23601
Telangana,2006,2006,,t152_bank_offices,Table 152: State-wise Distribution of Offices of Scheduled Commercial Banks,https://www.rbi.org.in/Scripts/PublicationsView.aspx?id=23601
Telangana,2007,2007,,t152_bank_offices,Table 152: State-wise Distribution of Offices of Scheduled Commercial Banks,https://www.rbi.org.in/Scripts/PublicationsView.aspx?id=23601
Telangana,2008,2008,,t152_bank_offices,Table 152: State-wise Distribution of Offices of Scheduled Commercial Banks,https://www.rbi.org.in/Scripts/PublicationsView.aspx?id=23601
Telangana,2009,2009,,t152_bank_offices,Table 152: State-wise Distribution of Offices of Scheduled Commercial Banks,https://www.rbi.org.in/Scripts/PublicationsView.aspx?id=23601
Telangana,2010,2010,,t152_bank_offices,Table 152: State-wise Distribution of Offices of Scheduled Commercial Banks,https://www.rbi.org.in/Scripts/PublicationsView.aspx?id=23601
Telangana,2011,2011,,t152_bank_offices,Table 152: State-wise Distribution of Offices of Scheduled Commercial Banks,https://www.rbi.org.in/Scripts/PublicationsView.aspx?id=23601
Telangana,2012,2012,,t152_bank_offices,Table 152: State-wise Distribution of Offices of Scheduled Commercial Banks,https://www.rbi.org.in/Scripts/PublicationsView.aspx?id=23601
Telangana,2013,2013,,t152_bank_offices,Table 152: State-wise Distribution of Offices of Scheduled Commercial Banks,https://www.rbi.org.in/Scripts/PublicationsView.aspx?id=23601
Telangana,2014,2014,,t152_bank_offices,Table 152: State-wise Distribution of Offices of Scheduled Commercial Banks,https://www.rbi.org.in/Scripts/PublicationsView.aspx?id=23601
Chandigarh,2015,2015,439.0,t152_bank_offices,Table 152: State-wise Distribution of Offices of Scheduled Commercial Banks,https://www.rbi.org.in/Scripts/PublicationsView.aspx?id=23601
Chandigarh,2016,2016,433.0,t152_bank_offices,Table 152: State-wise Distribution of Offices of Scheduled Commercial Banks,https://www.rbi.org.in/Scripts/PublicationsView.aspx?id=23601
Chandigarh,2017,2017,446.0,t152_bank_offices,Table 152: State-wise Distribution of Offices of Scheduled Commercial Banks,https://www.rbi.org.in/Scripts/PublicationsView.aspx?id=23601
Chandigarh,2018,2018,442.0,t152_bank_offices,Table 152: State-wise Distribution of Offices of Scheduled Commercial Banks,https://www.rbi.org.in/Scripts/PublicationsView.aspx?id=23601
Chandigarh,2019,2019,442.0,t152_bank_offices,Table 152: State-wise Distribution of Offices of Scheduled Commercial Banks,https://www.rbi.org.in/Scripts/PublicationsView.aspx?id=23601
Chandigarh,2020,2020,454.0,t152_bank_offices,Table 152: State-wise Distribution of Offices of Scheduled Commercial Banks,https://www.rbi.org.in/Scripts/PublicationsView.aspx?id=23601
Chandigarh,2021,2021,442.0,t152_bank_offices,Table 152: State-wise Distribution of Offices of Scheduled Commercial Banks,https://www.rbi.org.in/Scripts/PublicationsView.aspx?id=23601
Chandigarh,2022,2022,438.0,t152_bank_offices,Table 152: State-wise Distribution of Offices of Scheduled Commercial Banks,https://www.rbi.org.in/Scripts/PublicationsView.aspx?id=23601
Chandigarh,2023,2023,449.0,t152_bank_offices,Table 152: State-wise Distribution of Offices of Scheduled Commercial Banks,https://www.rbi.org.in/Scripts/PublicationsView.aspx?id=23601
Chandigarh,2024,2024,466.0,t152_bank_offices,Table 152: State-wise Distribution of Offices of Scheduled Commercial Banks,https://www.rbi.org.in/Scripts/PublicationsView.aspx?id=23601
Chandigarh,2025,2025,461.0,t152_bank_offices,Table 152: State-wise Distribution of Offices of Scheduled Commercial Banks,https://www.rbi.org.in/Scripts/PublicationsView.aspx?id=23601
Delhi,2015,2015,3447.0,t152_bank_offices,Table 152: State-wise Distribution of Offices of Scheduled Commercial Banks,https://www.rbi.org.in/Scripts/PublicationsView.aspx?id=23601
Delhi,2016,2016,3511.0,t152_bank_offices,Table 152: State-wise Distribution of Offices of Scheduled Commercial Banks,https://www.rbi.org.in/Scripts/PublicationsView.aspx?id=23601
Delhi,2017,2017,3638.0,t152_bank_offices,Table 152: State-wise Distribution of Offices of Scheduled Commercial Banks,https://www.rbi.org.in/Scripts/PublicationsView.aspx?id=23601
Delhi,2018,2018,3627.0,t152_bank_offices,Table 152: State-wise Distribution of Offices of Scheduled Commercial Banks,https://www.rbi.org.in/Scripts/PublicationsView.aspx?id=23601
Delhi,2019,2019,3716.0,t152_bank_offices,Table 152: State-wise Distribution of Offices of Scheduled Commercial Banks,https://www.rbi.org.in/Scripts/PublicationsView.aspx?id=23601
Delhi,2020,2020,3825.0,t152_bank_offices,Table 152: State-wise Distribution of Offices of Scheduled Commercial Banks,https://www.rbi.org.in/Scripts/PublicationsView.aspx?id=23601
Delhi,2021,2021,3747.0,t152_bank_offices,Table 152: State-wise Distribution of Offices of Scheduled Commercial Banks,https://www.rbi.org.in/Scripts/PublicationsView.aspx?id=23601
Delhi,2022,2022,3712.0,t152_bank_offices,Table 152: State-wise Distribution of Offices of Scheduled Commercial Banks,https://www.rbi.org.in/Scripts/PublicationsView.aspx?id=23601
Delhi,2023,2023,3775.0,t152_bank_offices,Table 152: State-wise Distribution of Offices of Scheduled Commercial Banks,https://www.rbi.org.in/Scripts/PublicationsView.aspx?id=23601
Delhi,2024,2024,3894.0,t152_bank_offices,Table 152: State-wise Distribution of Offices of Scheduled Commercial Banks,https://www.rbi.org.in/Scripts/PublicationsView.aspx?id=23601
Delhi,2025,2025,3981.0,t152_bank_offices,Table 152: State-wise Distribution of Offices of Scheduled Commercial Banks,https://www.rbi.org.in/Scripts/PublicationsView.aspx?id=23601
Haryana,2015,2015,4407.0,t152_bank_offices,Table 152: State-wise Distribution of Offices of Scheduled Commercial Banks,https://www.rbi.org.in/Scripts/PublicationsView.aspx?id=23601
Haryana,2016,2016,4567.0,t152_bank_offices,Table 152: State-wise Distribution of Offices of Scheduled Commercial Banks,https://www.rbi.org.in/Scripts/PublicationsView.aspx?id=23601
Haryana,2017,2017,4779.0,t152_bank_offices,Table 152: State-wise Distribution of Offices of Scheduled Commercial Banks,https://www.rbi.org.in/Scripts/PublicationsView.aspx?id=23601
Haryana,2018,2018,4849.0,t152_bank_offices,Table 152: State-wise Distribution of Offices of Scheduled Commercial Banks,https://www.rbi.org.in/Scripts/PublicationsView.aspx?id=23601
Haryana,2019,2019,5008.0,t152_bank_offices,Table 152: State-wise Distribution of Offices of Scheduled Commercial Banks,https://www.rbi.org.in/Scripts/PublicationsView.aspx?id=23601
Haryana,2020,2020,5224.0,t152_bank_offices,Table 152: State-wise Distribution of Offices of Scheduled Commercial Banks,https://www.rbi.org.in/Scripts/PublicationsView.aspx?id=23601
Haryana,2021,2021,5225.0,t152_bank_offices,Table 152: State-wise Distribution of Offices of Scheduled Commercial Banks,https://www.rbi.org.in/Scripts/PublicationsView.aspx?id=23601
Haryana,2022,2022,5190.0,t152_bank_offices,Table 152: State-wise Distribution of Offices of Scheduled Commercial Banks,https://www.rbi.org.in/Scripts/PublicationsView.aspx?id=23601
Haryana,2023,2023,5326.0,t152_bank_offices,Table 152: State-wise Distribution of Offices of Scheduled Commercial Banks,https://www.rbi.org.in/Scripts/PublicationsView.aspx?id=23601
Haryana,2024,2024,5515.0,t152_bank_offices,Table 152: State-wise Distribution of Offices of Scheduled Commercial Banks,https://www.rbi.org.in/Scripts/PublicationsView.aspx?id=23601
Haryana,2025,2025,5683.0,t152_bank_offices,Table 152: State-wise Distribution of Offices of Scheduled Commercial Banks,https://www.rbi.org.in/Scripts/PublicationsView.aspx?id=23601
Himachal Pradesh,2015,2015,1466.0,t152_bank_offices,Table 152: State-wise Distribution of Offices of Scheduled Commercial Banks,https://www.rbi.org.in/Scripts/PublicationsView.aspx?id=23601
Himachal Pradesh,2016,2016,1510.0,t152_bank_offices,Table 152: State-wise Distribution of Offices of Scheduled Commercial Banks,https://www.rbi.org.in/Scripts/PublicationsView.aspx?id=23601
Himachal Pradesh,2017,2017,1558.0,t152_bank_offices,Table 152: State-wise Distribution of Offices of Scheduled Commercial Banks,https://www.rbi.org.in/Scripts/PublicationsView.aspx?id=23601
Himachal Pradesh,2018,2018,1533.0,t152_bank_offices,Table 152: State-wise Distribution of Offices of Scheduled Commercial Banks,https://www.rbi.org.in/Scripts/PublicationsView.aspx?id=23601
Himachal Pradesh,2019,2019,1635.0,t152_bank_offices,Table 152: State-wise Distribution of Offices of Scheduled Commercial Banks,https://www.rbi.org.in/Scripts/PublicationsView.aspx?id=23601
Himachal Pradesh,2020,2020,1652.0,t152_bank_offices,Table 152: State-wise Distribution of Offices of Scheduled Commercial Banks,https://www.rbi.org.in/Scripts/PublicationsView.aspx?id=23601
Himachal Pradesh,2021,2021,1683.0,t152_bank_offices,Table 152: State-wise Distribution of Offices of Scheduled Commercial Banks,https://www.rbi.org.in/Scripts/PublicationsView.aspx?id=23601
Himachal Pradesh,2022,2022,1674.0,t152_bank_offices,Table 152: State-wise Distribution of Offices of Scheduled Commercial Banks,https://www.rbi.org.in/Scripts/PublicationsView.aspx?id=23601
Himachal Pradesh,2023,2023,1734.0,t152_bank_offices,Table 152: State-wise Distribution of Offices of Scheduled Commercial Banks,https://www.rbi.org.in/Scripts/PublicationsView.aspx?id=23601
Himachal Pradesh,2024,2024,1774.0,t152_bank_offices,Table 152: State-wise Distribution of Offices of Scheduled Commercial Banks,https://www.rbi.org.in/Scripts/PublicationsView.aspx?id=23601
Himachal Pradesh,2025,2025,1819.0,t152_bank_offices,Table 152: State-wise Distribution of Offices of Scheduled Commercial Banks,https://www.rbi.org.in/Scripts/PublicationsView.aspx?id=23601
Jammu & Kashmir,2015,2015,1634.0,t152_bank_offices,Table 152: State-wise Distribution of Offices of Scheduled Commercial Banks,https://www.rbi.org.in/Scripts/PublicationsView.aspx?id=23601
Jammu & Kashmir,2016,2016,1706.0,t152_bank_offices,Table 152: State-wise Distribution of Offices of Scheduled Commercial Banks,https://www.rbi.org.in/Scripts/PublicationsView.aspx?id=23601
Jammu & Kashmir,2017,2017,1751.0,t152_bank_offices,Table 152: State-wise Distribution of Offices of Scheduled Commercial Banks,https://www.rbi.org.in/Scripts/PublicationsView.aspx?id=23601
Jammu & Kashmir,2018,2018,1799.0,t152_bank_offices,Table 152: State-wise Distribution of Offices of Scheduled Commercial Banks,https://www.rbi.org.in/Scripts/PublicationsView.aspx?id=23601
Jammu & Kashmir,2019,2019,1830.0,t152_bank_offices,Table 152: State-wise Distribution of Offices of Scheduled Commercial Banks,https://www.rbi.org.in/Scripts/PublicationsView.aspx?id=23601
Jammu & Kashmir,2020,2020,1767.0,t152_bank_offices,Table 152: State-wise Distribution of Offices of Scheduled Commercial Banks,https://www.rbi.org.in/Scripts/PublicationsView.aspx?id=23601
Jammu & Kashmir,2021,2021,1800.0,t152_bank_offices,Table 152: State-wise Distribution of Offices of Scheduled Commercial Banks,https://www.rbi.org.in/Scripts/PublicationsView.aspx?id=23601
Jammu & Kashmir,2022,2022,1816.0,t152_bank_offices,Table 152: State-wise Distribution of Offices of Scheduled Commercial Banks,https://www.rbi.org.in/Scripts/PublicationsView.aspx?id=23601
Jammu & Kashmir,2023,2023,1877.0,t152_bank_offices,Table 152: State-wise Distribution of Offices of Scheduled Commercial Banks,https://www.rbi.org.in/Scripts/PublicationsView.aspx?id=23601
Jammu & Kashmir,2024,2024,1933.0,t152_bank_offices,Table 152: State-wise Distribution of Offices of Scheduled Commercial Banks,https://www.rbi.org.in/Scripts/PublicationsView.aspx?id=23601
Jammu & Kashmir,2025,2025,1996.0,t152_bank_offices,Table 152: State-wise Distribution of Offices of Scheduled Commercial Banks,https://www.rbi.org.in/Scripts/PublicationsView.aspx?id=23601
Ladakh,2015,2015,,t152_bank_offices,Table 152: State-wise Distribution of Offices of Scheduled Commercial Banks,https://www.rbi.org.in/Scripts/PublicationsView.aspx?id=23601
Ladakh,2016,2016,,t152_bank_offices,Table 152: State-wise Distribution of Offices of Scheduled Commercial Banks,https://www.rbi.org.in/Scripts/PublicationsView.aspx?id=23601
Ladakh,2017,2017,,t152_bank_offices,Table 152: State-wise Distribution of Offices of Scheduled Commercial Banks,https://www.rbi.org.in/Scripts/PublicationsView.aspx?id=23601
Ladakh,2018,2018,,t152_bank_offices,Table 152: State-wise Distribution of Offices of Scheduled Commercial Banks,https://www.rbi.org.in/Scripts/PublicationsView.aspx?id=23601
Ladakh,2019,2019,,t152_bank_offices,Table 152: State-wise Distribution of Offices of Scheduled Commercial Banks,https://www.rbi.org.in/Scripts/PublicationsView.aspx?id=23601
Ladakh,2020,2020,68.0,t152_bank_offices,Table 152: State-wise Distribution of Offices of Scheduled Commercial Banks,https://www.rbi.org.in/Scripts/PublicationsView.aspx?id=23601
Ladakh,2021,2021,75.0,t152_bank_offices,Table 152: State-wise Distribution of Offices of Scheduled Commercial Banks,https://www.rbi.org.in/Scripts/PublicationsView.aspx?id=23601
Ladakh,2022,2022,81.0,t152_bank_offices,Table 152: State-wise Distribution of Offices of Scheduled Commercial Banks,https://www.rbi.org.in/Scripts/PublicationsView.aspx?id=23601
Ladakh,2023,2023,90.0,t152_bank_offices,Table 152: State-wise Distribution of Offices of Scheduled Commercial Banks,https://www.rbi.org.in/Scripts/PublicationsView.aspx?id=23601
Ladakh,2024,2024,100.0,t152_bank_offices,Table 152: State-wise Distribution of Offices of Scheduled Commercial Banks,https://www.rbi.org.in/Scripts/PublicationsView.aspx?id=23601
Ladakh,2025,2025,103.0,t152_bank_offices,Table 152: State-wise Distribution of Offices of Scheduled Commercial Banks,https://www.rbi.org.in/Scripts/PublicationsView.aspx?id=23601
Punjab,2015,2015,6024.0,t152_bank_offices,Table 152: State-wise Distribution of Offices of Scheduled Commercial Banks,https://www.rbi.org.in/Scripts/PublicationsView.aspx?id=23601
Punjab,2016,2016,6168.0,t152_bank_offices,Table 152: State-wise Distribution of Offices of Scheduled Commercial Banks,https://www.rbi.org.in/Scripts/PublicationsView.aspx?id=23601
Punjab,2017,2017,6396.0,t152_bank_offices,Table 152: State-wise Distribution of Offices of Scheduled Commercial Banks,https://www.rbi.org.in/Scripts/PublicationsView.aspx?id=23601
Punjab,2018,2018,6490.0,t152_bank_offices,Table 152: State-wise Distribution of Offices of Scheduled Commercial Banks,https://www.rbi.org.in/Scripts/PublicationsView.aspx?id=23601
Punjab,2019,2019,6614.0,t152_bank_offices,Table 152: State-wise Distribution of Offices of Scheduled Commercial Banks,https://www.rbi.org.in/Scripts/PublicationsView.aspx?id=23601
Punjab,2020,2020,6735.0,t152_bank_offices,Table 152: State-wise Distribution of Offices of Scheduled Commercial Banks,https://www.rbi.org.in/Scripts/PublicationsView.aspx?id=23601
Punjab,2021,2021,6700.0,t152_bank_offices,Table 152: State-wise Distribution of Offices of Scheduled Commercial Banks,https://www.rbi.org.in/Scripts/PublicationsView.aspx?id=23601
Punjab,2022,2022,6550.0,t152_bank_offices,Table 152: State-wise Distribution of Offices of Scheduled Commercial Banks,https://www.rbi.org.in/Scripts/PublicationsView.aspx?id=23601
Punjab,2023,2023,6612.0,t152_bank_offices,Table 152: State-wise Distribution of Offices of Scheduled Commercial Banks,https://www.rbi.org.in/Scripts/PublicationsView.aspx?id=23601
Punjab,2024,2024,6784.0,t152_bank_offices,Table 152: State-wise Distribution of Offices of Scheduled Commercial Banks,https://www.rbi.org.in/Scripts/PublicationsView.aspx?id=23601
Punjab,2025,2025,6952.0,t152_bank_offices,Table 152: State-wise Distribution of Offices of Scheduled Commercial Banks,https://www.rbi.org.in/Scripts/PublicationsView.aspx?id=23601
Rajasthan,2015,2015,6426.0,t152_bank_offices,Table 152: State-wise Distribution of Offices of Scheduled Commercial Banks,https://www.rbi.org.in/Scripts/PublicationsView.aspx?id=23601
Rajasthan,2016,2016,6805.0,t152_bank_offices,Table 152: State-wise Distribution of Offices of Scheduled Commercial Banks,https://www.rbi.org.in/Scripts/PublicationsView.aspx?id=23601
Rajasthan,2017,2017,7055.0,t152_bank_offices,Table 152: State-wise Distribution of Offices of Scheduled Commercial Banks,https://www.rbi.org.in/Scripts/PublicationsView.aspx?id=23601
Rajasthan,2018,2018,7276.0,t152_bank_offices,Table 152: State-wise Distribution of Offices of Scheduled Commercial Banks,https://www.rbi.org.in/Scripts/PublicationsView.aspx?id=23601
Rajasthan,2019,2019,7391.0,t152_bank_offices,Table 152: State-wise Distribution of Offices of Scheduled Commercial Banks,https://www.rbi.org.in/Scripts/PublicationsView.aspx?id=23601
Rajasthan,2020,2020,7775.0,t152_bank_offices,Table 152: State-wise Distribution of Offices of Scheduled Commercial Banks,https://www.rbi.org.in/Scripts/PublicationsView.aspx?id=23601
Rajasthan,2021,2021,7871.0,t152_bank_offices,Table 152: State-wise Distribution of Offices of Scheduled Commercial Banks,https://www.rbi.org.in/Scripts/PublicationsView.aspx?id=23601
Rajasthan,2022,2022,7969.0,t152_bank_offices,Table 152: State-wise Distribution of Offices of Scheduled Commercial Banks,https://www.rbi.org.in/Scripts/PublicationsView.aspx?id=23601
Rajasthan,2023,2023,8304.0,t152_bank_offices,Table 152: State-wise Distribution of Offices of Scheduled Commercial Banks,https://www.rbi.org.in/Scripts/PublicationsView.aspx?id=23601
Rajasthan,2024,2024,8552.0,t152_bank_offices,Table 152: State-wise Distribution of Offices of Scheduled Commercial Banks,https://www.rbi.org.in/Scripts/PublicationsView.aspx?id=23601
Rajasthan,2025,2025,8786.0,t152_bank_offices,Table 152: State-wise Distribution of Offices of Scheduled Commercial Banks,https://www.rbi.org.in/Scripts/PublicationsView.aspx?id=23601
Arunachal Pradesh,2015,2015,135.0,t152_bank_offices,Table 152: State-wise Distribution of Offices of Scheduled Commercial Banks,https://www.rbi.org.in/Scripts/PublicationsView.aspx?id=23601
Arunachal Pradesh,2016,2016,143.0,t152_bank_offices,Table 152: State-wise Distribution of Offices of Scheduled Commercial Banks,https://www.rbi.org.in/Scripts/PublicationsView.aspx?id=23601
Arunachal Pradesh,2017,2017,152.0,t152_bank_offices,Table 152: State-wise Distribution of Offices of Scheduled Commercial Banks,https://www.rbi.org.in/Scripts/PublicationsView.aspx?id=23601
Arunachal Pradesh,2018,2018,154.0,t152_bank_offices,Table 152: State-wise Distribution of Offices of Scheduled Commercial Banks,https://www.rbi.org.in/Scripts/PublicationsView.aspx?id=23601
Arunachal Pradesh,2019,2019,155.0,t152_bank_offices,Table 152: State-wise Distribution of Offices of Scheduled Commercial Banks,https://www.rbi.org.in/Scripts/PublicationsView.aspx?id=23601
Arunachal Pradesh,2020,2020,164.0,t152_bank_offices,Table 152: State-wise Distribution of Offices of Scheduled Commercial Banks,https://www.rbi.org.in/Scripts/PublicationsView.aspx?id=23601
Arunachal Pradesh,2021,2021,169.0,t152_bank_offices,Table 152: State-wise Distribution of Offices of Scheduled Commercial Banks,https://www.rbi.org.in/Scripts/PublicationsView.aspx?id=23601
Arunachal Pradesh,2022,2022,172.0,t152_bank_offices,Table 152: State-wise Distribution of Offices of Scheduled Commercial Banks,https://www.rbi.org.in/Scripts/PublicationsView.aspx?id=23601
Arunachal Pradesh,2023,2023,187.0,t152_bank_offices,Table 152: State-wise Distribution of Offices of Scheduled Commercial Banks,https://www.rbi.org.in/Scripts/PublicationsView.aspx?id=23601
Arunachal Pradesh,2024,2024,206.0,t152_bank_offices,Table 152: State-wise Distribution of Offices of Scheduled Commercial Banks,https://www.rbi.org.in/Scripts/PublicationsView.aspx?id=23601
Arunachal Pradesh,2025,2025,229.0,t152_bank_offices,Table 152: State-wise Distribution of Offices of Scheduled Commercial Banks,https://www.rbi.org.in/Scripts/PublicationsView.aspx?id=23601
Assam,2015,2015,2103.0,t152_bank_offices,Table 152: State-wise Distribution of Offices of Scheduled Commercial Banks,https://www.rbi.org.in/Scripts/PublicationsView.aspx?id=23601
Assam,2016,2016,2209.0,t152_bank_offices,Table 152: State-wise Distribution of Offices of Scheduled Commercial Banks,https://www.rbi.org.in/Scripts/PublicationsView.aspx?id=23601
Assam,2017,2017,2314.0,t152_bank_offices,Table 152: State-wise Distribution of Offices of Scheduled Commercial Banks,https://www.rbi.org.in/Scripts/PublicationsView.aspx?id=23601
Assam,2018,2018,2374.0,t152_bank_offices,Table 152: State-wise Distribution of Offices of Scheduled Commercial Banks,https://www.rbi.org.in/Scripts/PublicationsView.aspx?id=23601
Assam,2019,2019,2404.0,t152_bank_offices,Table 152: State-wise Distribution of Offices of Scheduled Commercial Banks,https://www.rbi.org.in/Scripts/PublicationsView.aspx?id=23601
Assam,2020,2020,2957.0,t152_bank_offices,Table 152: State-wise Distribution of Offices of Scheduled Commercial Banks,https://www.rbi.org.in/Scripts/PublicationsView.aspx?id=23601
Assam,2021,2021,3020.0,t152_bank_offices,Table 152: State-wise Distribution of Offices of Scheduled Commercial Banks,https://www.rbi.org.in/Scripts/PublicationsView.aspx?id=23601
Assam,2022,2022,3043.0,t152_bank_offices,Table 152: State-wise Distribution of Offices of Scheduled Commercial Banks,https://www.rbi.org.in/Scripts/PublicationsView.aspx?id=23601
Assam,2023,2023,3085.0,t152_bank_offices,Table 152: State-wise Distribution of Offices of Scheduled Commercial Banks,https://www.rbi.org.in/Scripts/PublicationsView.aspx?id=23601
Assam,2024,2024,3190.0,t152_bank_offices,Table 152: State-wise Distribution of Offices of Scheduled Commercial Banks,https://www.rbi.org.in/Scripts/PublicationsView.aspx?id=23601
Assam,2025,2025,3236.0,t152_bank_offices,Table 152: State-wise Distribution of Offices of Scheduled Commercial Banks,https://www.rbi.org.in/Scripts/PublicationsView.aspx?id=23601
Manipur,2015,2015,138.0,t152_bank_offices,Table 152: State-wise Distribution of Offices of Scheduled Commercial Banks,https://www.rbi.org.in/Scripts/PublicationsView.aspx?id=23601
Manipur,2016,2016,150.0,t152_bank_offices,Table 152: State-wise Distribution of Offices of Scheduled Commercial Banks,https://www.rbi.org.in/Scripts/PublicationsView.aspx?id=23601
Manipur,2017,2017,162.0,t152_bank_offices,Table 152: State-wise Distribution of Offices of Scheduled Commercial Banks,https://www.rbi.org.in/Scripts/PublicationsView.aspx?id=23601
Manipur,2018,2018,179.0,t152_bank_offices,Table 152: State-wise Distribution of Offices of Scheduled Commercial Banks,https://www.rbi.org.in/Scripts/PublicationsView.aspx?id=23601
Manipur,2019,2019,192.0,t152_bank_offices,Table 152: State-wise Distribution of Offices of Scheduled Commercial Banks,https://www.rbi.org.in/Scripts/PublicationsView.aspx?id=23601
Manipur,2020,2020,203.0,t152_bank_offices,Table 152: State-wise Distribution of Offices of Scheduled Commercial Banks,https://www.rbi.org.in/Scripts/PublicationsView.aspx?id=23601
Manipur,2021,2021,210.0,t152_bank_offices,Table 152: State-wise Distribution of Offices of Scheduled Commercial Banks,https://www.rbi.org.in/Scripts/PublicationsView.aspx?id=23601
Manipur,2022,2022,225.0,t152_bank_offices,Table 152: State-wise Distribution of Offices of Scheduled Commercial Banks,https://www.rbi.org.in/Scripts/PublicationsView.aspx?id=23601
Manipur,2023,2023,240.0,t152_bank_offices,Table 152: State-wise Distribution of Offices of Scheduled Commercial Banks,https://www.rbi.org.in/Scripts/PublicationsView.aspx?id=23601
Manipur,2024,2024,250.0,t152_bank_offices,Table 152: State-wise Distribution of Offices of Scheduled Commercial Banks,https://www.rbi.org.in/Scripts/PublicationsView.aspx?id=23601
Manipur,2025,2025,261.0,t152_bank_offices,Table 152: State-wise Distribution of Offices of Scheduled Commercial Banks,https://www.rbi.org.in/Scripts/PublicationsView.aspx?id=23601
Meghalaya,2015,2015,294.0,t152_bank_offices,Table 152: State-wise Distribution of Offices of Scheduled Commercial Banks,https://www.rbi.org.in/Scripts/PublicationsView.aspx?id=23601
Meghalaya,2016,2016,319.0,t152_bank_offices,Table 152: State-wise Distribution of Offices of Scheduled Commercial Banks,https://www.rbi.org.in/Scripts/PublicationsView.aspx?id=23601
Meghalaya,2017,2017,342.0,t152_bank_offices,Table 152: State-wise Distribution of Offices of Scheduled Commercial Banks,https://www.rbi.org.in/Scripts/PublicationsView.aspx?id=23601
Meghalaya,2018,2018,345.0,t152_bank_offices,Table 152: State-wise Distribution of Offices of Scheduled Commercial Banks,https://www.rbi.org.in/Scripts/PublicationsView.aspx?id=23601
Meghalaya,2019,2019,346.0,t152_bank_offices,Table 152: State-wise Distribution of Offices of Scheduled Commercial Banks,https://www.rbi.org.in/Scripts/PublicationsView.aspx?id=23601
Meghalaya,2020,2020,364.0,t152_bank_offices,Table 152: State-wise Distribution of Offices of Scheduled Commercial Banks,https://www.rbi.org.in/Scripts/PublicationsView.aspx?id=23601
Meghalaya,2021,2021,367.0,t152_bank_offices,Table 152: State-wise Distribution of Offices of Scheduled Commercial Banks,https://www.rbi.org.in/Scripts/PublicationsView.aspx?id=23601
Meghalaya,2022,2022,368.0,t152_bank_offices,Table 152: State-wise Distribution of Offices of Scheduled Commercial Banks,https://www.rbi.org.in/Scripts/PublicationsView.aspx?id=23601
Meghalaya,2023,2023,374.0,t152_bank_offices,Table 152: State-wise Distribution of Offices of Scheduled Commercial Banks,https://www.rbi.org.in/Scripts/PublicationsView.aspx?id=23601
Meghalaya,2024,2024,388.0,t152_bank_offices,Table 152: State-wise Distribution of Offices of Scheduled Commercial Banks,https://www.rbi.org.in/Scripts/PublicationsView.aspx?id=23601
Meghalaya,2025,2025,394.0,t152_bank_offices,Table 152: State-wise Distribution of Offices of Scheduled Commercial Banks,https://www.rbi.org.in/Scripts/PublicationsView.aspx?id=23601
Mizoram,2015,2015,151.0,t152_bank_offices,Table 152: State-wise Distribution of Offices of Scheduled Commercial Banks,https://www.rbi.org.in/Scripts/PublicationsView.aspx?id=23601
Mizoram,2016,2016,167.0,t152_bank_offices,Table 152: State-wise Distribution of Offices of Scheduled Commercial Banks,https://www.rbi.org.in/Scripts/PublicationsView.aspx?id=23601
Mizoram,2017,2017,187.0,t152_bank_offices,Table 152: State-wise Distribution of Offices of Scheduled Commercial Banks,https://www.rbi.org.in/Scripts/PublicationsView.aspx?id=23601
Mizoram,2018,2018,191.0,t152_bank_offices,Table 152: State-wise Distribution of Offices of Scheduled Commercial Banks,https://www.rbi.org.in/Scripts/PublicationsView.aspx?id=23601
Mizoram,2019,2019,192.0,t152_bank_offices,Table 152: State-wise Distribution of Offices of Scheduled Commercial Banks,https://www.rbi.org.in/Scripts/PublicationsView.aspx?id=23601
Mizoram,2020,2020,203.0,t152_bank_offices,Table 152: State-wise Distribution of Offices of Scheduled Commercial Banks,https://www.rbi.org.in/Scripts/PublicationsView.aspx?id=23601
Mizoram,2021,2021,210.0,t152_bank_offices,Table 152: State-wise Distribution of Offices of Scheduled Commercial Banks,https://www.rbi.org.in/Scripts/PublicationsView.aspx?id=23601
Mizoram,2022,2022,220.0,t152_bank_offices,Table 152: State-wise Distribution of Offices of Scheduled Commercial Banks,https://www.rbi.org.in/Scripts/PublicationsView.aspx?id=23601
Mizoram,2023,2023,227.0,t152_bank_offices,Table 152: State-wise Distribution of Offices of Scheduled Commercial Banks,https://www.rbi.org.in/Scripts/PublicationsView.aspx?id=23601
Mizoram,2024,2024,235.0,t152_bank_offices,Table 152: State-wise Distribution of Offices of Scheduled Commercial Banks,https://www.rbi.org.in/Scripts/PublicationsView.aspx?id=23601
Mizoram,2025,2025,241.0,t152_bank_offices,Table 152: State-wise Distribution of Offices of Scheduled Commercial Banks,https://www.rbi.org.in/Scripts/PublicationsView.aspx?id=23601
Nagaland,2015,2015,145.0,t152_bank_offices,Table 152: State-wise Distribution of Offices of Scheduled Commercial Banks,https://www.rbi.org.in/Scripts/PublicationsView.aspx?id=23601
Nagaland,2016,2016,150.0,t152_bank_offices,Table 152: State-wise Distribution of Offices of Scheduled Commercial Banks,https://www.rbi.org.in/Scripts/PublicationsView.aspx?id=23601
Nagaland,2017,2017,158.0,t152_bank_offices,Table 152: State-wise Distribution of Offices of Scheduled Commercial Banks,https://www.rbi.org.in/Scripts/PublicationsView.aspx?id=23601
Nagaland,2018,2018,161.0,t152_bank_offices,Table 152: State-wise Distribution of Offices of Scheduled Commercial Banks,https://www.rbi.org.in/Scripts/PublicationsView.aspx?id=23601
Nagaland,2019,2019,164.0,t152_bank_offices,Table 152: State-wise Distribution of Offices of Scheduled Commercial Banks,https://www.rbi.org.in/Scripts/PublicationsView.aspx?id=23601
Nagaland,2020,2020,176.0,t152_bank_offices,Table 152: State-wise Distribution of Offices of Scheduled Commercial Banks,https://www.rbi.org.in/Scripts/PublicationsView.aspx?id=23601
Nagaland,2021,2021,180.0,t152_bank_offices,Table 152: State-wise Distribution of Offices of Scheduled Commercial Banks,https://www.rbi.org.in/Scripts/PublicationsView.aspx?id=23601
Nagaland,2022,2022,182.0,t152_bank_offices,Table 152: State-wise Distribution of Offices of Scheduled Commercial Banks,https://www.rbi.org.in/Scripts/PublicationsView.aspx?id=23601
Nagaland,2023,2023,192.0,t152_bank_offices,Table 152: State-wise Distribution of Offices of Scheduled Commercial Banks,https://www.rbi.org.in/Scripts/PublicationsView.aspx?id=23601
Nagaland,2024,2024,209.0,t152_bank_offices,Table 152: State-wise Distribution of Offices of Scheduled Commercial Banks,https://www.rbi.org.in/Scripts/PublicationsView.aspx?id=23601
Nagaland,2025,2025,231.0,t152_bank_offices,Table 152: State-wise Distribution of Offices of Scheduled Commercial Banks,https://www.rbi.org.in/Scripts/PublicationsView.aspx?id=23601
Tripura,2015,2015,379.0,t152_bank_offices,Table 152: State-wise Distribution of Offices of Scheduled Commercial Banks,https://www.rbi.org.in/Scripts/PublicationsView.aspx?id=23601
Tripura,2016,2016,424.0,t152_bank_offices,Table 152: State-wise Distribution of Offices of Scheduled Commercial Banks,https://www.rbi.org.in/Scripts/PublicationsView.aspx?id=23601
Tripura,2017,2017,445.0,t152_bank_offices,Table 152: State-wise Distribution of Offices of Scheduled Commercial Banks,https://www.rbi.org.in/Scripts/PublicationsView.aspx?id=23601
Tripura,2018,2018,456.0,t152_bank_offices,Table 152: State-wise Distribution of Offices of Scheduled Commercial Banks,https://www.rbi.org.in/Scripts/PublicationsView.aspx?id=23601
Tripura,2019,2019,463.0,t152_bank_offices,Table 152: State-wise Distribution of Offices of Scheduled Commercial Banks,https://www.rbi.org.in/Scripts/PublicationsView.aspx?id=23601
Tripura,2020,2020,565.0,t152_bank_offices,Table 152: State-wise Distribution of Offices of Scheduled Commercial Banks,https://www.rbi.org.in/Scripts/PublicationsView.aspx?id=23601
Tripura,2021,2021,579.0,t152_bank_offices,Table 152: State-wise Distribution of Offices of Scheduled Commercial Banks,https://www.rbi.org.in/Scripts/PublicationsView.aspx?id=23601
Tripura,2022,2022,589.0,t152_bank_offices,Table 152: State-wise Distribution of Offices of Scheduled Commercial Banks,https://www.rbi.org.in/Scripts/PublicationsView.aspx?id=23601
Tripura,2023,2023,613.0,t152_bank_offices,Table 152: State-wise Distribution of Offices of Scheduled Commercial Banks,https://www.rbi.org.in/Scripts/PublicationsView.aspx?id=23601
Tripura,2024,2024,634.0,t152_bank_offices,Table 152: State-wise Distribution of Offices of Scheduled Commercial Banks,https://www.rbi.org.in/Scripts/PublicationsView.aspx?id=23601
Tripura,2025,2025,646.0,t152_bank_offices,Table 152: State-wise Distribution of Offices of Scheduled Commercial Banks,https://www.rbi.org.in/Scripts/PublicationsView.aspx?id=23601
Andaman & Nicobar Islands,2015,2015,61.0,t152_bank_offices,Table 152: State-wise Distribution of Offices of Scheduled Commercial Banks,https://www.rbi.org.in/Scripts/PublicationsView.aspx?id=23601
Andaman & Nicobar Islands,2016,2016,63.0,t152_bank_offices,Table 152: State-wise Distribution of Offices of Scheduled Commercial Banks,https://www.rbi.org.in/Scripts/PublicationsView.aspx?id=23601
Andaman & Nicobar Islands,2017,2017,67.0,t152_bank_offices,Table 152: State-wise Distribution of Offices of Scheduled Commercial Banks,https://www.rbi.org.in/Scripts/PublicationsView.aspx?id=23601
Andaman & Nicobar Islands,2018,2018,69.0,t152_bank_offices,Table 152: State-wise Distribution of Offices of Scheduled Commercial Banks,https://www.rbi.org.in/Scripts/PublicationsView.aspx?id=23601
Andaman & Nicobar Islands,2019,2019,69.0,t152_bank_offices,Table 152: State-wise Distribution of Offices of Scheduled Commercial Banks,https://www.rbi.org.in/Scripts/PublicationsView.aspx?id=23601
Andaman & Nicobar Islands,2020,2020,71.0,t152_bank_offices,Table 152: State-wise Distribution of Offices of Scheduled Commercial Banks,https://www.rbi.org.in/Scripts/PublicationsView.aspx?id=23601
Andaman & Nicobar Islands,2021,2021,72.0,t152_bank_offices,Table 152: State-wise Distribution of Offices of Scheduled Commercial Banks,https://www.rbi.org.in/Scripts/PublicationsView.aspx?id=23601
Andaman & Nicobar Islands,2022,2022,72.0,t152_bank_offices,Table 152: State-wise Distribution of Offices of Scheduled Commercial Banks,https://www.rbi.org.in/Scripts/PublicationsView.aspx?id=23601
Andaman & Nicobar Islands,2023,2023,70.0,t152_bank_offices,Table 152: State-wise Distribution of Offices of Scheduled Commercial Banks,https://www.rbi.org.in/Scripts/PublicationsView.aspx?id=23601
Andaman & Nicobar Islands,2024,2024,74.0,t152_bank_offices,Table 152: State-wise Distribution of Offices of Scheduled Commercial Banks,https://www.rbi.org.in/Scripts/PublicationsView.aspx?id=23601
Andaman & Nicobar Islands,2025,2025,76.0,t152_bank_offices,Table 152: State-wise Distribution of Offices of Scheduled Commercial Banks,https://www.rbi.org.in/Scripts/PublicationsView.aspx?id=23601
Bihar,2015,2015,6210.0,t152_bank_offices,Table 152: State-wise Distribution of Offices of Scheduled Commercial Banks,https://www.rbi.org.in/Scripts/PublicationsView.aspx?id=23601
Bihar,2016,2016,6445.0,t152_bank_offices,Table 152: State-wise Distribution of Offices of Scheduled Commercial Banks,https://www.rbi.org.in/Scripts/PublicationsView.aspx?id=23601
Bihar,2017,2017,6675.0,t152_bank_offices,Table 152: State-wise Distribution of Offices of Scheduled Commercial Banks,https://www.rbi.org.in/Scripts/PublicationsView.aspx?id=23601
Bihar,2018,2018,6729.0,t152_bank_offices,Table 152: State-wise Distribution of Offices of Scheduled Commercial Banks,https://www.rbi.org.in/Scripts/PublicationsView.aspx?id=23601
Bihar,2019,2019,6917.0,t152_bank_offices,Table 152: State-wise Distribution of Offices of Scheduled Commercial Banks,https://www.rbi.org.in/Scripts/PublicationsView.aspx?id=23601
Bihar,2020,2020,7463.0,t152_bank_offices,Table 152: State-wise Distribution of Offices of Scheduled Commercial Banks,https://www.rbi.org.in/Scripts/PublicationsView.aspx?id=23601
Bihar,2021,2021,7584.0,t152_bank_offices,Table 152: State-wise Distribution of Offices of Scheduled Commercial Banks,https://www.rbi.org.in/Scripts/PublicationsView.aspx?id=23601
Bihar,2022,2022,7640.0,t152_bank_offices,Table 152: State-wise Distribution of Offices of Scheduled Commercial Banks,https://www.rbi.org.in/Scripts/PublicationsView.aspx?id=23601
Bihar,2023,2023,7832.0,t152_bank_offices,Table 152: State-wise Distribution of Offices of Scheduled Commercial Banks,https://www.rbi.org.in/Scripts/PublicationsView.aspx?id=23601
Bihar,2024,2024,7979.0,t152_bank_offices,Table 152: State-wise Distribution of Offices of Scheduled Commercial Banks,https://www.rbi.org.in/Scripts/PublicationsView.aspx?id=23601
Bihar,2025,2025,8226.0,t152_bank_offices,Table 152: State-wise Distribution of Offices of Scheduled Commercial Banks,https://www.rbi.org.in/Scripts/PublicationsView.aspx?id=23601
Jharkhand,2015,2015,2763.0,t152_bank_offices,Table 152: State-wise Distribution of Offices of Scheduled Commercial Banks,https://www.rbi.org.in/Scripts/PublicationsView.aspx?id=23601
Jharkhand,2016,2016,2840.0,t152_bank_offices,Table 152: State-wise Distribution of Offices of Scheduled Commercial Banks,https://www.rbi.org.in/Scripts/PublicationsView.aspx?id=23601
Jharkhand,2017,2017,2926.0,t152_bank_offices,Table 152: State-wise Distribution of Offices of Scheduled Commercial Banks,https://www.rbi.org.in/Scripts/PublicationsView.aspx?id=23601
Jharkhand,2018,2018,2960.0,t152_bank_offices,Table 152: State-wise Distribution of Offices of Scheduled Commercial Banks,https://www.rbi.org.in/Scripts/PublicationsView.aspx?id=23601
Jharkhand,2019,2019,3051.0,t152_bank_offices,Table 152: State-wise Distribution of Offices of Scheduled Commercial Banks,https://www.rbi.org.in/Scripts/PublicationsView.aspx?id=23601
Jharkhand,2020,2020,3169.0,t152_bank_offices,Table 152: State-wise Distribution of Offices of Scheduled Commercial Banks,https://www.rbi.org.in/Scripts/PublicationsView.aspx?id=23601
Jharkhand,2021,2021,3190.0,t152_bank_offices,Table 152: State-wise Distribution of Offices of Scheduled Commercial Banks,https://www.rbi.org.in/Scripts/PublicationsView.aspx?id=23601
Jharkhand,2022,2022,3206.0,t152_bank_offices,Table 152: State-wise Distribution of Offices of Scheduled Commercial Banks,https://www.rbi.org.in/Scripts/PublicationsView.aspx?id=23601
Jharkhand,2023,2023,3298.0,t152_bank_offices,Table 152: State-wise Distribution of Offices of Scheduled Commercial Banks,https://www.rbi.org.in/Scripts/PublicationsView.aspx?id=23601
Jharkhand,2024,2024,3399.0,t152_bank_offices,Table 152: State-wise Distribution of Offices of Scheduled Commercial Banks,https://www.rbi.org.in/Scripts/PublicationsView.aspx?id=23601
Jharkhand,2025,2025,3518.0,t152_bank_offices,Table 152: State-wise Distribution of Offices of Scheduled Commercial Banks,https://www.rbi.org.in/Scripts/PublicationsView.aspx?id=23601
Odisha,2015,2015,4410.0,t152_bank_offices,Table 152: State-wise Distribution of Offices of Scheduled Commercial Banks,https://www.rbi.org.in/Scripts/PublicationsView.aspx?id=23601
Odisha,2016,2016,4567.0,t152_bank_offices,Table 152: State-wise Distribution of Offices of Scheduled Commercial Banks,https://www.rbi.org.in/Scripts/PublicationsView.aspx?id=23601
Odisha,2017,2017,4770.0,t152_bank_offices,Table 152: State-wise Distribution of Offices of Scheduled Commercial Banks,https://www.rbi.org.in/Scripts/PublicationsView.aspx?id=23601
Odisha,2018,2018,4858.0,t152_bank_offices,Table 152: State-wise Distribution of Offices of Scheduled Commercial Banks,https://www.rbi.org.in/Scripts/PublicationsView.aspx?id=23601
Odisha,2019,2019,4914.0,t152_bank_offices,Table 152: State-wise Distribution of Offices of Scheduled Commercial Banks,https://www.rbi.org.in/Scripts/PublicationsView.aspx?id=23601
Odisha,2020,2020,5223.0,t152_bank_offices,Table 152: State-wise Distribution of Offices of Scheduled Commercial Banks,https://www.rbi.org.in/Scripts/PublicationsView.aspx?id=23601
Odisha,2021,2021,5289.0,t152_bank_offices,Table 152: State-wise Distribution of Offices of Scheduled Commercial Banks,https://www.rbi.org.in/Scripts/PublicationsView.aspx?id=23601
Odisha,2022,2022,5367.0,t152_bank_offices,Table 152: State-wise Distribution of Offices of Scheduled Commercial Banks,https://www.rbi.org.in/Scripts/PublicationsView.aspx?id=23601
Odisha,2023,2023,5548.0,t152_bank_offices,Table 152: State-wise Distribution of Offices of Scheduled Commercial Banks,https://www.rbi.org.in/Scripts/PublicationsView.aspx?id=23601
Odisha,2024,2024,5712.0,t152_bank_offices,Table 152: State-wise Distribution of Offices of Scheduled Commercial Banks,https://www.rbi.org.in/Scripts/PublicationsView.aspx?id=23601
Odisha,2025,2025,5920.0,t152_bank_offices,Table 152: State-wise Distribution of Offices of Scheduled Commercial Banks,https://www.rbi.org.in/Scripts/PublicationsView.aspx?id=23601
Sikkim,2015,2015,122.0,t152_bank_offices,Table 152: State-wise Distribution of Offices of Scheduled Commercial Banks,https://www.rbi.org.in/Scripts/PublicationsView.aspx?id=23601
Sikkim,2016,2016,128.0,t152_bank_offices,Table 152: State-wise Distribution of Offices of Scheduled Commercial Banks,https://www.rbi.org.in/Scripts/PublicationsView.aspx?id=23601
Sikkim,2017,2017,131.0,t152_bank_offices,Table 152: State-wise Distribution of Offices of Scheduled Commercial Banks,https://www.rbi.org.in/Scripts/PublicationsView.aspx?id=23601
Sikkim,2018,2018,138.0,t152_bank_offices,Table 152: State-wise Distribution of Offices of Scheduled Commercial Banks,https://www.rbi.org.in/Scripts/PublicationsView.aspx?id=23601
Sikkim,2019,2019,143.0,t152_bank_offices,Table 152: State-wise Distribution of Offices of Scheduled Commercial Banks,https://www.rbi.org.in/Scripts/PublicationsView.aspx?id=23601
Sikkim,2020,2020,162.0,t152_bank_offices,Table 152: State-wise Distribution of Offices of Scheduled Commercial Banks,https://www.rbi.org.in/Scripts/PublicationsView.aspx?id=23601
Sikkim,2021,2021,164.0,t152_bank_offices,Table 152: State-wise Distribution of Offices of Scheduled Commercial Banks,https://www.rbi.org.in/Scripts/PublicationsView.aspx?id=23601
Sikkim,2022,2022,165.0,t152_bank_offices,Table 152: State-wise Distribution of Offices of Scheduled Commercial Banks,https://www.rbi.org.in/Scripts/PublicationsView.aspx?id=23601
Sikkim,2023,2023,168.0,t152_bank_offices,Table 152: State-wise Distribution of Offices of Scheduled Commercial Banks,https://www.rbi.org.in/Scripts/PublicationsView.aspx?id=23601
Sikkim,2024,2024,176.0,t152_bank_offices,Table 152: State-wise Distribution of Offices of Scheduled Commercial Banks,https://www.rbi.org.in/Scripts/PublicationsView.aspx?id=23601
Sikkim,2025,2025,185.0,t152_bank_offices,Table 152: State-wise Distribution of Offices of Scheduled Commercial Banks,https://www.rbi.org.in/Scripts/PublicationsView.aspx?id=23601
West Bengal,2015,2015,7327.0,t152_bank_offices,Table 152: State-wise Distribution of Offices of Scheduled Commercial Banks,https://www.rbi.org.in/Scripts/PublicationsView.aspx?id=23601
West Bengal,2016,2016,7660.0,t152_bank_offices,Table 152: State-wise Distribution of Offices of Scheduled Commercial Banks,https://www.rbi.org.in/Scripts/PublicationsView.aspx?id=23601
West Bengal,2017,2017,7944.0,t152_bank_offices,Table 152: State-wise Distribution of Offices of Scheduled Commercial Banks,https://www.rbi.org.in/Scripts/PublicationsView.aspx?id=23601
West Bengal,2018,2018,8018.0,t152_bank_offices,Table 152: State-wise Distribution of Offices of Scheduled Commercial Banks,https://www.rbi.org.in/Scripts/PublicationsView.aspx?id=23601
West Bengal,2019,2019,8170.0,t152_bank_offices,Table 152: State-wise Distribution of Offices of Scheduled Commercial Banks,https://www.rbi.org.in/Scripts/PublicationsView.aspx?id=23601
West Bengal,2020,2020,9251.0,t152_bank_offices,Table 152: State-wise Distribution of Offices of Scheduled Commercial Banks,https://www.rbi.org.in/Scripts/PublicationsView.aspx?id=23601
West Bengal,2021,2021,9379.0,t152_bank_offices,Table 152: State-wise Distribution of Offices of Scheduled Commercial Banks,https://www.rbi.org.in/Scripts/PublicationsView.aspx?id=23601
West Bengal,2022,2022,9616.0,t152_bank_offices,Table 152: State-wise Distribution of Offices of Scheduled Commercial Banks,https://www.rbi.org.in/Scripts/PublicationsView.aspx?id=23601
West Bengal,2023,2023,9761.0,t152_bank_offices,Table 152: State-wise Distribution of Offices of Scheduled Commercial Banks,https://www.rbi.org.in/Scripts/PublicationsView.aspx?id=23601
West Bengal,2024,2024,9948.0,t152_bank_offices,Table 152: State-wise Distribution of Offices of Scheduled Commercial Banks,https://www.rbi.org.in/Scripts/PublicationsView.aspx?id=23601
West Bengal,2025,2025,10159.0,t152_bank_offices,Table 152: State-wise Distribution of Offices of Scheduled Commercial Banks,https://www.rbi.org.in/Scripts/PublicationsView.aspx?id=23601
Chhattisgarh,2015,2015,2253.0,t152_bank_offices,Table 152: State-wise Distribution of Offices of Scheduled Commercial Banks,https://www.rbi.org.in/Scripts/PublicationsView.aspx?id=23601
Chhattisgarh,2016,2016,2346.0,t152_bank_offices,Table 152: State-wise Distribution of Offices of Scheduled Commercial Banks,https://www.rbi.org.in/Scripts/PublicationsView.aspx?id=23601
Chhattisgarh,2017,2017,2451.0,t152_bank_offices,Table 152: State-wise Distribution of Offices of Scheduled Commercial Banks,https://www.rbi.org.in/Scripts/PublicationsView.aspx?id=23601
Chhattisgarh,2018,2018,2521.0,t152_bank_offices,Table 152: State-wise Distribution of Offices of Scheduled Commercial Banks,https://www.rbi.org.in/Scripts/PublicationsView.aspx?id=23601
Chhattisgarh,2019,2019,2634.0,t152_bank_offices,Table 152: State-wise Distribution of Offices of Scheduled Commercial Banks,https://www.rbi.org.in/Scripts/PublicationsView.aspx?id=23601
Chhattisgarh,2020,2020,2823.0,t152_bank_offices,Table 152: State-wise Distribution of Offices of Scheduled Commercial Banks,https://www.rbi.org.in/Scripts/PublicationsView.aspx?id=23601
Chhattisgarh,2021,2021,2844.0,t152_bank_offices,Table 152: State-wise Distribution of Offices of Scheduled Commercial Banks,https://www.rbi.org.in/Scripts/PublicationsView.aspx?id=23601
Chhattisgarh,2022,2022,2897.0,t152_bank_offices,Table 152: State-wise Distribution of Offices of Scheduled Commercial Banks,https://www.rbi.org.in/Scripts/PublicationsView.aspx?id=23601
Chhattisgarh,2023,2023,2979.0,t152_bank_offices,Table 152: State-wise Distribution of Offices of Scheduled Commercial Banks,https://www.rbi.org.in/Scripts/PublicationsView.aspx?id=23601
Chhattisgarh,2024,2024,3092.0,t152_bank_offices,Table 152: State-wise Distribution of Offices of Scheduled Commercial Banks,https://www.rbi.org.in/Scripts/PublicationsView.aspx?id=23601
Chhattisgarh,2025,2025,3187.0,t152_bank_offices,Table 152: State-wise Distribution of Offices of Scheduled Commercial Banks,https://www.rbi.org.in/Scripts/PublicationsView.aspx?id=23601
Madhya Pradesh,2015,2015,5997.0,t152_bank_offices,Table 152: State-wise Distribution of Offices of Scheduled Commercial Banks,https://www.rbi.org.in/Scripts/PublicationsView.aspx?id=23601
Madhya Pradesh,2016,2016,6209.0,t152_bank_offices,Table 152: State-wise Distribution of Offices of Scheduled Commercial Banks,https://www.rbi.org.in/Scripts/PublicationsView.aspx?id=23601
Madhya Pradesh,2017,2017,6439.0,t152_bank_offices,Table 152: State-wise Distribution of Offices of Scheduled Commercial Banks,https://www.rbi.org.in/Scripts/PublicationsView.aspx?id=23601
Madhya Pradesh,2018,2018,6589.0,t152_bank_offices,Table 152: State-wise Distribution of Offices of Scheduled Commercial Banks,https://www.rbi.org.in/Scripts/PublicationsView.aspx?id=23601
Madhya Pradesh,2019,2019,6747.0,t152_bank_offices,Table 152: State-wise Distribution of Offices of Scheduled Commercial Banks,https://www.rbi.org.in/Scripts/PublicationsView.aspx?id=23601
Madhya Pradesh,2020,2020,7234.0,t152_bank_offices,Table 152: State-wise Distribution of Offices of Scheduled Commercial Banks,https://www.rbi.org.in/Scripts/PublicationsView.aspx?id=23601
Madhya Pradesh,2021,2021,7248.0,t152_bank_offices,Table 152: State-wise Distribution of Offices of Scheduled Commercial Banks,https://www.rbi.org.in/Scripts/PublicationsView.aspx?id=23601
Madhya Pradesh,2022,2022,7338.0,t152_bank_offices,Table 152: State-wise Distribution of Offices of Scheduled Commercial Banks,https://www.rbi.org.in/Scripts/PublicationsView.aspx?id=23601
Madhya Pradesh,2023,2023,7541.0,t152_bank_offices,Table 152: State-wise Distribution of Offices of Scheduled Commercial Banks,https://www.rbi.org.in/Scripts/PublicationsView.aspx?id=23601
Madhya Pradesh,2024,2024,7703.0,t152_bank_offices,Table 152: State-wise Distribution of Offices of Scheduled Commercial Banks,https://www.rbi.org.in/Scripts/PublicationsView.aspx?id=23601
Madhya Pradesh,2025,2025,7949.0,t152_bank_offices,Table 152: State-wise Distribution of Offices of Scheduled Commercial Banks,https://www.rbi.org.in/Scripts/PublicationsView.aspx?id=23601
Uttarakhand,2015,2015,1903.0,t152_bank_offices,Table 152: State-wise Distribution of Offices of Scheduled Commercial Banks,https://www.rbi.org.in/Scripts/PublicationsView.aspx?id=23601
Uttarakhand,2016,2016,1978.0,t152_bank_offices,Table 152: State-wise Distribution of Offices of Scheduled Commercial Banks,https://www.rbi.org.in/Scripts/PublicationsView.aspx?id=23601
Uttarakhand,2017,2017,2035.0,t152_bank_offices,Table 152: State-wise Distribution of Offices of Scheduled Commercial Banks,https://www.rbi.org.in/Scripts/PublicationsView.aspx?id=23601
Uttarakhand,2018,2018,2053.0,t152_bank_offices,Table 152: State-wise Distribution of Offices of Scheduled Commercial Banks,https://www.rbi.org.in/Scripts/PublicationsView.aspx?id=23601
Uttarakhand,2019,2019,2126.0,t152_bank_offices,Table 152: State-wise Distribution of Offices of Scheduled Commercial Banks,https://www.rbi.org.in/Scripts/PublicationsView.aspx?id=23601
Uttarakhand,2020,2020,2194.0,t152_bank_offices,Table 152: State-wise Distribution of Offices of Scheduled Commercial Banks,https://www.rbi.org.in/Scripts/PublicationsView.aspx?id=23601
Uttarakhand,2021,2021,2220.0,t152_bank_offices,Table 152: State-wise Distribution of Offices of Scheduled Commercial Banks,https://www.rbi.org.in/Scripts/PublicationsView.aspx?id=23601
Uttarakhand,2022,2022,2176.0,t152_bank_offices,Table 152: State-wise Distribution of Offices of Scheduled Commercial Banks,https://www.rbi.org.in/Scripts/PublicationsView.aspx?id=23601
Uttarakhand,2023,2023,2202.0,t152_bank_offices,Table 152: State-wise Distribution of Offices of Scheduled Commercial Banks,https://www.rbi.org.in/Scripts/PublicationsView.aspx?id=23601
Uttarakhand,2024,2024,2280.0,t152_bank_offices,Table 152: State-wise Distribution of Offices of Scheduled Commercial Banks,https://www.rbi.org.in/Scripts/PublicationsView.aspx?id=23601
Uttarakhand,2025,2025,2343.0,t152_bank_offices,Table 152: State-wise Distribution of Offices of Scheduled Commercial Banks,https://www.rbi.org.in/Scripts/PublicationsView.aspx?id=23601
Uttar Pradesh,2015,2015,15773.0,t152_bank_offices,Table 152: State-wise Distribution of Offices of Scheduled Commercial Banks,https://www.rbi.org.in/Scripts/PublicationsView.aspx?id=23601
Uttar Pradesh,2016,2016,16264.0,t152_bank_offices,Table 152: State-wise Distribution of Offices of Scheduled Commercial Banks,https://www.rbi.org.in/Scripts/PublicationsView.aspx?id=23601
Uttar Pradesh,2017,2017,16872.0,t152_bank_offices,Table 152: State-wise Distribution of Offices of Scheduled Commercial Banks,https://www.rbi.org.in/Scripts/PublicationsView.aspx?id=23601
Uttar Pradesh,2018,2018,17068.0,t152_bank_offices,Table 152: State-wise Distribution of Offices of Scheduled Commercial Banks,https://www.rbi.org.in/Scripts/PublicationsView.aspx?id=23601
Uttar Pradesh,2019,2019,17462.0,t152_bank_offices,Table 152: State-wise Distribution of Offices of Scheduled Commercial Banks,https://www.rbi.org.in/Scripts/PublicationsView.aspx?id=23601
Uttar Pradesh,2020,2020,18041.0,t152_bank_offices,Table 152: State-wise Distribution of Offices of Scheduled Commercial Banks,https://www.rbi.org.in/Scripts/PublicationsView.aspx?id=23601
Uttar Pradesh,2021,2021,18125.0,t152_bank_offices,Table 152: State-wise Distribution of Offices of Scheduled Commercial Banks,https://www.rbi.org.in/Scripts/PublicationsView.aspx?id=23601
Uttar Pradesh,2022,2022,18073.0,t152_bank_offices,Table 152: State-wise Distribution of Offices of Scheduled Commercial Banks,https://www.rbi.org.in/Scripts/PublicationsView.aspx?id=23601
Uttar Pradesh,2023,2023,18415.0,t152_bank_offices,Table 152: State-wise Distribution of Offices of Scheduled Commercial Banks,https://www.rbi.org.in/Scripts/PublicationsView.aspx?id=23601
Uttar Pradesh,2024,2024,18883.0,t152_bank_offices,Table 152: State-wise Distribution of Offices of Scheduled Commercial Banks,https://www.rbi.org.in/Scripts/PublicationsView.aspx?id=23601
Uttar Pradesh,2025,2025,19436.0,t152_bank_offices,Table 152: State-wise Distribution of Offices of Scheduled Commercial Banks,https://www.rbi.org.in/Scripts/PublicationsView.aspx?id=23601
Dadra & Nagar Haveli,2015,2015,53.0,t152_bank_offices,Table 152: State-wise Distribution of Offices of Scheduled Commercial Banks,https://www.rbi.org.in/Scripts/PublicationsView.aspx?id=23601
Dadra & Nagar Haveli,2016,2016,54.0,t152_bank_offices,Table 152: State-wise Distribution of Offices of Scheduled Commercial Banks,https://www.rbi.org.in/Scripts/PublicationsView.aspx?id=23601
Dadra & Nagar Haveli,2017,2017,58.0,t152_bank_offices,Table 152: State-wise Distribution of Offices of Scheduled Commercial Banks,https://www.rbi.org.in/Scripts/PublicationsView.aspx?id=23601
Dadra & Nagar Haveli,2018,2018,59.0,t152_bank_offices,Table 152: State-wise Distribution of Offices of Scheduled Commercial Banks,https://www.rbi.org.in/Scripts/PublicationsView.aspx?id=23601
Dadra & Nagar Haveli,2019,2019,59.0,t152_bank_offices,Table 152: State-wise Distribution of Offices of Scheduled Commercial Banks,https://www.rbi.org.in/Scripts/PublicationsView.aspx?id=23601
Dadra & Nagar Haveli,2020,2020,110.0,t152_bank_offices,Table 152: State-wise Distribution of Offices of Scheduled Commercial Banks,https://www.rbi.org.in/Scripts/PublicationsView.aspx?id=23601
Dadra & Nagar Haveli,2021,2021,104.0,t152_bank_offices,Table 152: State-wise Distribution of Offices of Scheduled Commercial Banks,https://www.rbi.org.in/Scripts/PublicationsView.aspx?id=23601
Dadra & Nagar Haveli,2022,2022,102.0,t152_bank_offices,Table 152: State-wise Distribution of Offices of Scheduled Commercial Banks,https://www.rbi.org.in/Scripts/PublicationsView.aspx?id=23601
Dadra & Nagar Haveli,2023,2023,103.0,t152_bank_offices,Table 152: State-wise Distribution of Offices of Scheduled Commercial Banks,https://www.rbi.org.in/Scripts/PublicationsView.aspx?id=23601
Dadra & Nagar Haveli,2024,2024,108.0,t152_bank_offices,Table 152: State-wise Distribution of Offices of Scheduled Commercial Banks,https://www.rbi.org.in/Scripts/PublicationsView.aspx?id=23601
Dadra & Nagar Haveli,2025,2025,113.0,t152_bank_offices,Table 152: State-wise Distribution of Offices of Scheduled Commercial Banks,https://www.rbi.org.in/Scripts/PublicationsView.aspx?id=23601
Daman & Diu,2015,2015,47.0,t152_bank_offices,Table 152: State-wise Distribution of Offices of Scheduled Commercial Banks,https://www.rbi.org.in/Scripts/PublicationsView.aspx?id=23601
Daman & Diu,2016,2016,47.0,t152_bank_offices,Table 152: State-wise Distribution of Offices of Scheduled Commercial Banks,https://www.rbi.org.in/Scripts/PublicationsView.aspx?id=23601
Daman & Diu,2017,2017,47.0,t152_bank_offices,Table 152: State-wise Distribution of Offices of Scheduled Commercial Banks,https://www.rbi.org.in/Scripts/PublicationsView.aspx?id=23601
Daman & Diu,2018,2018,47.0,t152_bank_offices,Table 152: State-wise Distribution of Offices of Scheduled Commercial Banks,https://www.rbi.org.in/Scripts/PublicationsView.aspx?id=23601
Daman & Diu,2019,2019,47.0,t152_bank_offices,Table 152: State-wise Distribution of Offices of Scheduled Commercial Banks,https://www.rbi.org.in/Scripts/PublicationsView.aspx?id=23601
Daman & Diu,2020,2020,,t152_bank_offices,Table 152: State-wise Distribution of Offices of Scheduled Commercial Banks,https://www.rbi.org.in/Scripts/PublicationsView.aspx?id=23601
Daman & Diu,2021,2021,,t152_bank_offices,Table 152: State-wise Distribution of Offices of Scheduled Commercial Banks,https://www.rbi.org.in/Scripts/PublicationsView.aspx?id=23601
Daman & Diu,2022,2022,,t152_bank_offices,Table 152: State-wise Distribution of Offices of Scheduled Commercial Banks,https://www.rbi.org.in/Scripts/PublicationsView.aspx?id=23601
Daman & Diu,2023,2023,,t152_bank_offices,Table 152: State-wise Distribution of Offices of Scheduled Commercial Banks,https://www.rbi.org.in/Scripts/PublicationsView.aspx?id=23601
Daman & Diu,2024,2024,,t152_bank_offices,Table 152: State-wise Distribution of Offices of Scheduled Commercial Banks,https://www.rbi.org.in/Scripts/PublicationsView.aspx?id=23601
Daman & Diu,2025,2025,,t152_bank_offices,Table 152: State-wise Distribution of Offices of Scheduled Commercial Banks,https://www.rbi.org.in/Scripts/PublicationsView.aspx?id=23601
Goa,2015,2015,670.0,t152_bank_offices,Table 152: State-wise Distribution of Offices of Scheduled Commercial Banks,https://www.rbi.org.in/Scripts/PublicationsView.aspx?id=23601
Goa,2016,2016,670.0,t152_bank_offices,Table 152: State-wise Distribution of Offices of Scheduled Commercial Banks,https://www.rbi.org.in/Scripts/PublicationsView.aspx?id=23601
Goa,2017,2017,688.0,t152_bank_offices,Table 152: State-wise Distribution of Offices of Scheduled Commercial Banks,https://www.rbi.org.in/Scripts/PublicationsView.aspx?id=23601
Goa,2018,2018,686.0,t152_bank_offices,Table 152: State-wise Distribution of Offices of Scheduled Commercial Banks,https://www.rbi.org.in/Scripts/PublicationsView.aspx?id=23601
Goa,2019,2019,697.0,t152_bank_offices,Table 152: State-wise Distribution of Offices of Scheduled Commercial Banks,https://www.rbi.org.in/Scripts/PublicationsView.aspx?id=23601
Goa,2020,2020,697.0,t152_bank_offices,Table 152: State-wise Distribution of Offices of Scheduled Commercial Banks,https://www.rbi.org.in/Scripts/PublicationsView.aspx?id=23601
Goa,2021,2021,687.0,t152_bank_offices,Table 152: State-wise Distribution of Offices of Scheduled Commercial Banks,https://www.rbi.org.in/Scripts/PublicationsView.aspx?id=23601
Goa,2022,2022,663.0,t152_bank_offices,Table 152: State-wise Distribution of Offices of Scheduled Commercial Banks,https://www.rbi.org.in/Scripts/PublicationsView.aspx?id=23601
Goa,2023,2023,668.0,t152_bank_offices,Table 152: State-wise Distribution of Offices of Scheduled Commercial Banks,https://www.rbi.org.in/Scripts/PublicationsView.aspx?id=23601
Goa,2024,2024,680.0,t152_bank_offices,Table 152: State-wise Distribution of Offices of Scheduled Commercial Banks,https://www.rbi.org.in/Scripts/PublicationsView.aspx?id=23601
Goa,2025,2025,690.0,t152_bank_offices,Table 152: State-wise Distribution of Offices of Scheduled Commercial Banks,https://www.rbi.org.in/Scripts/PublicationsView.aspx?id=23601
Gujarat,2015,2015,7241.0,t152_bank_offices,Table 152: State-wise Distribution of Offices of Scheduled Commercial Banks,https://www.rbi.org.in/Scripts/PublicationsView.aspx?id=23601
Gujarat,2016,2016,7432.0,t152_bank_offices,Table 152: State-wise Distribution of Offices of Scheduled Commercial Banks,https://www.rbi.org.in/Scripts/PublicationsView.aspx?id=23601
Gujarat,2017,2017,7755.0,t152_bank_offices,Table 152: State-wise Distribution of Offices of Scheduled Commercial Banks,https://www.rbi.org.in/Scripts/PublicationsView.aspx?id=23601
Gujarat,2018,2018,7959.0,t152_bank_offices,Table 152: State-wise Distribution of Offices of Scheduled Commercial Banks,https://www.rbi.org.in/Scripts/PublicationsView.aspx?id=23601
Gujarat,2019,2019,8150.0,t152_bank_offices,Table 152: State-wise Distribution of Offices of Scheduled Commercial Banks,https://www.rbi.org.in/Scripts/PublicationsView.aspx?id=23601
Gujarat,2020,2020,8626.0,t152_bank_offices,Table 152: State-wise Distribution of Offices of Scheduled Commercial Banks,https://www.rbi.org.in/Scripts/PublicationsView.aspx?id=23601
Gujarat,2021,2021,8582.0,t152_bank_offices,Table 152: State-wise Distribution of Offices of Scheduled Commercial Banks,https://www.rbi.org.in/Scripts/PublicationsView.aspx?id=23601
Gujarat,2022,2022,8599.0,t152_bank_offices,Table 152: State-wise Distribution of Offices of Scheduled Commercial Banks,https://www.rbi.org.in/Scripts/PublicationsView.aspx?id=23601
Gujarat,2023,2023,8862.0,t152_bank_offices,Table 152: State-wise Distribution of Offices of Scheduled Commercial Banks,https://www.rbi.org.in/Scripts/PublicationsView.aspx?id=23601
Gujarat,2024,2024,9191.0,t152_bank_offices,Table 152: State-wise Distribution of Offices of Scheduled Commercial Banks,https://www.rbi.org.in/Scripts/PublicationsView.aspx?id=23601
Gujarat,2025,2025,9513.0,t152_bank_offices,Table 152: State-wise Distribution of Offices of Scheduled Commercial Banks,https://www.rbi.org.in/Scripts/PublicationsView.aspx?id=23601
Maharashtra,2015,2015,11810.0,t152_bank_offices,Table 152: State-wise Distribution of Offices of Scheduled Commercial Banks,https://www.rbi.org.in/Scripts/PublicationsView.aspx?id=23601
Maharashtra,2016,2016,12058.0,t152_bank_offices,Table 152: State-wise Distribution of Offices of Scheduled Commercial Banks,https://www.rbi.org.in/Scripts/PublicationsView.aspx?id=23601
Maharashtra,2017,2017,12478.0,t152_bank_offices,Table 152: State-wise Distribution of Offices of Scheduled Commercial Banks,https://www.rbi.org.in/Scripts/PublicationsView.aspx?id=23601
Maharashtra,2018,2018,12545.0,t152_bank_offices,Table 152: State-wise Distribution of Offices of Scheduled Commercial Banks,https://www.rbi.org.in/Scripts/PublicationsView.aspx?id=23601
Maharashtra,2019,2019,12943.0,t152_bank_offices,Table 152: State-wise Distribution of Offices of Scheduled Commercial Banks,https://www.rbi.org.in/Scripts/PublicationsView.aspx?id=23601
Maharashtra,2020,2020,13578.0,t152_bank_offices,Table 152: State-wise Distribution of Offices of Scheduled Commercial Banks,https://www.rbi.org.in/Scripts/PublicationsView.aspx?id=23601
Maharashtra,2021,2021,13648.0,t152_bank_offices,Table 152: State-wise Distribution of Offices of Scheduled Commercial Banks,https://www.rbi.org.in/Scripts/PublicationsView.aspx?id=23601
Maharashtra,2022,2022,13590.0,t152_bank_offices,Table 152: State-wise Distribution of Offices of Scheduled Commercial Banks,https://www.rbi.org.in/Scripts/PublicationsView.aspx?id=23601
Maharashtra,2023,2023,13972.0,t152_bank_offices,Table 152: State-wise Distribution of Offices of Scheduled Commercial Banks,https://www.rbi.org.in/Scripts/PublicationsView.aspx?id=23601
Maharashtra,2024,2024,14410.0,t152_bank_offices,Table 152: State-wise Distribution of Offices of Scheduled Commercial Banks,https://www.rbi.org.in/Scripts/PublicationsView.aspx?id=23601
Maharashtra,2025,2025,14832.0,t152_bank_offices,Table 152: State-wise Distribution of Offices of Scheduled Commercial Banks,https://www.rbi.org.in/Scripts/PublicationsView.aspx?id=23601
Andhra Pradesh,2015,2015,6290.0,t152_bank_offices,Table 152: State-wise Distribution of Offices of Scheduled Commercial Banks,https://www.rbi.org.in/Scripts/PublicationsView.aspx?id=23601
Andhra Pradesh,2016,2016,6567.0,t152_bank_offices,Table 152: State-wise Distribution of Offices of Scheduled Commercial Banks,https://www.rbi.org.in/Scripts/PublicationsView.aspx?id=23601
Andhra Pradesh,2017,2017,6873.0,t152_bank_offices,Table 152: State-wise Distribution of Offices of Scheduled Commercial Banks,https://www.rbi.org.in/Scripts/PublicationsView.aspx?id=23601
Andhra Pradesh,2018,2018,6958.0,t152_bank_offices,Table 152: State-wise Distribution of Offices of Scheduled Commercial Banks,https://www.rbi.org.in/Scripts/PublicationsView.aspx?id=23601
Andhra Pradesh,2019,2019,7087.0,t152_bank_offices,Table 152: State-wise Distribution of Offices of Scheduled Commercial Banks,https://www.rbi.org.in/Scripts/PublicationsView.aspx?id=23601
Andhra Pradesh,2020,2020,7252.0,t152_bank_offices,Table 152: State-wise Distribution of Offices of Scheduled Commercial Banks,https://www.rbi.org.in/Scripts/PublicationsView.aspx?id=23601
Andhra Pradesh,2021,2021,7431.0,t152_bank_offices,Table 152: State-wise Distribution of Offices of Scheduled Commercial Banks,https://www.rbi.org.in/Scripts/PublicationsView.aspx?id=23601
Andhra Pradesh,2022,2022,7446.0,t152_bank_offices,Table 152: State-wise Distribution of Offices of Scheduled Commercial Banks,https://www.rbi.org.in/Scripts/PublicationsView.aspx?id=23601
Andhra Pradesh,2023,2023,7663.0,t152_bank_offices,Table 152: State-wise Distribution of Offices of Scheduled Commercial Banks,https://www.rbi.org.in/Scripts/PublicationsView.aspx?id=23601
Andhra Pradesh,2024,2024,7898.0,t152_bank_offices,Table 152: State-wise Distribution of Offices of Scheduled Commercial Banks,https://www.rbi.org.in/Scripts/PublicationsView.aspx?id=23601
Andhra Pradesh,2025,2025,8087.0,t152_bank_offices,Table 152: State-wise Distribution of Offices of Scheduled Commercial Banks,https://www.rbi.org.in/Scripts/PublicationsView.aspx?id=23601
Karnataka,2015,2015,9365.0,t152_bank_offices,Table 152: State-wise Distribution of Offices of Scheduled Commercial Banks,https://www.rbi.org.in/Scripts/PublicationsView.aspx?id=23601
Karnataka,2016,2016,9640.0,t152_bank_offices,Table 152: State-wise Distribution of Offices of Scheduled Commercial Banks,https://www.rbi.org.in/Scripts/PublicationsView.aspx?id=23601
Karnataka,2017,2017,10137.0,t152_bank_offices,Table 152: State-wise Distribution of Offices of Scheduled Commercial Banks,https://www.rbi.org.in/Scripts/PublicationsView.aspx?id=23601
Karnataka,2018,2018,10068.0,t152_bank_offices,Table 152: State-wise Distribution of Offices of Scheduled Commercial Banks,https://www.rbi.org.in/Scripts/PublicationsView.aspx?id=23601
Karnataka,2019,2019,10285.0,t152_bank_offices,Table 152: State-wise Distribution of Offices of Scheduled Commercial Banks,https://www.rbi.org.in/Scripts/PublicationsView.aspx?id=23601
Karnataka,2020,2020,10778.0,t152_bank_offices,Table 152: State-wise Distribution of Offices of Scheduled Commercial Banks,https://www.rbi.org.in/Scripts/PublicationsView.aspx?id=23601
Karnataka,2021,2021,10875.0,t152_bank_offices,Table 152: State-wise Distribution of Offices of Scheduled Commercial Banks,https://www.rbi.org.in/Scripts/PublicationsView.aspx?id=23601
Karnataka,2022,2022,10780.0,t152_bank_offices,Table 152: State-wise Distribution of Offices of Scheduled Commercial Banks,https://www.rbi.org.in/Scripts/PublicationsView.aspx?id=23601
Karnataka,2023,2023,11034.0,t152_bank_offices,Table 152: State-wise Distribution of Offices of Scheduled Commercial Banks,https://www.rbi.org.in/Scripts/PublicationsView.aspx?id=23601
Karnataka,2024,2024,11236.0,t152_bank_offices,Table 152: State-wise Distribution of Offices of Scheduled Commercial Banks,https://www.rbi.org.in/Scripts/PublicationsView.aspx?id=23601
Karnataka,2025,2025,11395.0,t152_bank_offices,Table 152: State-wise Distribution of Offices of Scheduled Commercial Banks,https://www.rbi.org.in/Scripts/PublicationsView.aspx?id=23601
Kerala,2015,2015,6190.0,t152_bank_offices,Table 152: State-wise Distribution of Offices of Scheduled Commercial Banks,https://www.rbi.org.in/Scripts/PublicationsView.aspx?id=23601
Kerala,2016,2016,6299.0,t152_bank_offices,Table 152: State-wise Distribution of Offices of Scheduled Commercial Banks,https://www.rbi.org.in/Scripts/PublicationsView.aspx?id=23601
Kerala,2017,2017,6478.0,t152_bank_offices,Table 152: State-wise Distribution of Offices of Scheduled Commercial Banks,https://www.rbi.org.in/Scripts/PublicationsView.aspx?id=23601
Kerala,2018,2018,6393.0,t152_bank_offices,Table 152: State-wise Distribution of Offices of Scheduled Commercial Banks,https://www.rbi.org.in/Scripts/PublicationsView.aspx?id=23601
Kerala,2019,2019,6622.0,t152_bank_offices,Table 152: State-wise Distribution of Offices of Scheduled Commercial Banks,https://www.rbi.org.in/Scripts/PublicationsView.aspx?id=23601
Kerala,2020,2020,6801.0,t152_bank_offices,Table 152: State-wise Distribution of Offices of Scheduled Commercial Banks,https://www.rbi.org.in/Scripts/PublicationsView.aspx?id=23601
Kerala,2021,2021,6869.0,t152_bank_offices,Table 152: State-wise Distribution of Offices of Scheduled Commercial Banks,https://www.rbi.org.in/Scripts/PublicationsView.aspx?id=23601
Kerala,2022,2022,6814.0,t152_bank_offices,Table 152: State-wise Distribution of Offices of Scheduled Commercial Banks,https://www.rbi.org.in/Scripts/PublicationsView.aspx?id=23601
Kerala,2023,2023,6921.0,t152_bank_offices,Table 152: State-wise Distribution of Offices of Scheduled Commercial Banks,https://www.rbi.org.in/Scripts/PublicationsView.aspx?id=23601
Kerala,2024,2024,7130.0,t152_bank_offices,Table 152: State-wise Distribution of Offices of Scheduled Commercial Banks,https://www.rbi.org.in/Scripts/PublicationsView.aspx?id=23601
Kerala,2025,2025,7380.0,t152_bank_offices,Table 152: State-wise Distribution of Offices of Scheduled Commercial Banks,https://www.rbi.org.in/Scripts/PublicationsView.aspx?id=23601
Lakshadweep,2015,2015,13.0,t152_bank_offices,Table 152: State-wise Distribution of Offices of Scheduled Commercial Banks,https://www.rbi.org.in/Scripts/PublicationsView.aspx?id=23601
Lakshadweep,2016,2016,13.0,t152_bank_offices,Table 152: State-wise Distribution of Offices of Scheduled Commercial Banks,https://www.rbi.org.in/Scripts/PublicationsView.aspx?id=23601
Lakshadweep,2017,2017,13.0,t152_bank_offices,Table 152: State-wise Distribution of Offices of Scheduled Commercial Banks,https://www.rbi.org.in/Scripts/PublicationsView.aspx?id=23601
Lakshadweep,2018,2018,13.0,t152_bank_offices,Table 152: State-wise Distribution of Offices of Scheduled Commercial Banks,https://www.rbi.org.in/Scripts/PublicationsView.aspx?id=23601
Lakshadweep,2019,2019,13.0,t152_bank_offices,Table 152: State-wise Distribution of Offices of Scheduled Commercial Banks,https://www.rbi.org.in/Scripts/PublicationsView.aspx?id=23601
Lakshadweep,2020,2020,13.0,t152_bank_offices,Table 152: State-wise Distribution of Offices of Scheduled Commercial Banks,https://www.rbi.org.in/Scripts/PublicationsView.aspx?id=23601
Lakshadweep,2021,2021,21.0,t152_bank_offices,Table 152: State-wise Distribution of Offices of Scheduled Commercial Banks,https://www.rbi.org.in/Scripts/PublicationsView.aspx?id=23601
Lakshadweep,2022,2022,21.0,t152_bank_offices,Table 152: State-wise Distribution of Offices of Scheduled Commercial Banks,https://www.rbi.org.in/Scripts/PublicationsView.aspx?id=23601
Lakshadweep,2023,2023,22.0,t152_bank_offices,Table 152: State-wise Distribution of Offices of Scheduled Commercial Banks,https://www.rbi.org.in/Scripts/PublicationsView.aspx?id=23601
Lakshadweep,2024,2024,23.0,t152_bank_offices,Table 152: State-wise Distribution of Offices of Scheduled Commercial Banks,https://www.rbi.org.in/Scripts/PublicationsView.aspx?id=23601
Lakshadweep,2025,2025,17.0,t152_bank_offices,Table 152: State-wise Distribution of Offices of Scheduled Commercial Banks,https://www.rbi.org.in/Scripts/PublicationsView.aspx?id=23601
Puducherry,2015,2015,228.0,t152_bank_offices,Table 152: State-wise Distribution of Offices of Scheduled Commercial Banks,https://www.rbi.org.in/Scripts/PublicationsView.aspx?id=23601
Puducherry,2016,2016,234.0,t152_bank_offices,Table 152: State-wise Distribution of Offices of Scheduled Commercial Banks,https://www.rbi.org.in/Scripts/PublicationsView.aspx?id=23601
Puducherry,2017,2017,242.0,t152_bank_offices,Table 152: State-wise Distribution of Offices of Scheduled Commercial Banks,https://www.rbi.org.in/Scripts/PublicationsView.aspx?id=23601
Puducherry,2018,2018,245.0,t152_bank_offices,Table 152: State-wise Distribution of Offices of Scheduled Commercial Banks,https://www.rbi.org.in/Scripts/PublicationsView.aspx?id=23601
Puducherry,2019,2019,253.0,t152_bank_offices,Table 152: State-wise Distribution of Offices of Scheduled Commercial Banks,https://www.rbi.org.in/Scripts/PublicationsView.aspx?id=23601
Puducherry,2020,2020,267.0,t152_bank_offices,Table 152: State-wise Distribution of Offices of Scheduled Commercial Banks,https://www.rbi.org.in/Scripts/PublicationsView.aspx?id=23601
Puducherry,2021,2021,268.0,t152_bank_offices,Table 152: State-wise Distribution of Offices of Scheduled Commercial Banks,https://www.rbi.org.in/Scripts/PublicationsView.aspx?id=23601
Puducherry,2022,2022,265.0,t152_bank_offices,Table 152: State-wise Distribution of Offices of Scheduled Commercial Banks,https://www.rbi.org.in/Scripts/PublicationsView.aspx?id=23601
Puducherry,2023,2023,272.0,t152_bank_offices,Table 152: State-wise Distribution of Offices of Scheduled Commercial Banks,https://www.rbi.org.in/Scripts/PublicationsView.aspx?id=23601
Puducherry,2024,2024,285.0,t152_bank_offices,Table 152: State-wise Distribution of Offices of Scheduled Commercial Banks,https://www.rbi.org.in/Scripts/PublicationsView.aspx?id=23601
Puducherry,2025,2025,288.0,t152_bank_offices,Table 152: State-wise Distribution of Offices of Scheduled Commercial Banks,https://www.rbi.org.in/Scripts/PublicationsView.aspx?id=23601
Tamil Nadu,2015,2015,9847.0,t152_bank_offices,Table 152: State-wise Distribution of Offices of Scheduled Commercial Banks,https://www.rbi.org.in/Scripts/PublicationsView.aspx?id=23601
Tamil Nadu,2016,2016,10164.0,t152_bank_offices,Table 152: State-wise Distribution of Offices of Scheduled Commercial Banks,https://www.rbi.org.in/Scripts/PublicationsView.aspx?id=23601
Tamil Nadu,2017,2017,10589.0,t152_bank_offices,Table 152: State-wise Distribution of Offices of Scheduled Commercial Banks,https://www.rbi.org.in/Scripts/PublicationsView.aspx?id=23601
Tamil Nadu,2018,2018,10893.0,t152_bank_offices,Table 152: State-wise Distribution of Offices of Scheduled Commercial Banks,https://www.rbi.org.in/Scripts/PublicationsView.aspx?id=23601
Tamil Nadu,2019,2019,11206.0,t152_bank_offices,Table 152: State-wise Distribution of Offices of Scheduled Commercial Banks,https://www.rbi.org.in/Scripts/PublicationsView.aspx?id=23601
Tamil Nadu,2020,2020,11829.0,t152_bank_offices,Table 152: State-wise Distribution of Offices of Scheduled Commercial Banks,https://www.rbi.org.in/Scripts/PublicationsView.aspx?id=23601
Tamil Nadu,2021,2021,12028.0,t152_bank_offices,Table 152: State-wise Distribution of Offices of Scheduled Commercial Banks,https://www.rbi.org.in/Scripts/PublicationsView.aspx?id=23601
Tamil Nadu,2022,2022,12094.0,t152_bank_offices,Table 152: State-wise Distribution of Offices of Scheduled Commercial Banks,https://www.rbi.org.in/Scripts/PublicationsView.aspx?id=23601
Tamil Nadu,2023,2023,12407.0,t152_bank_offices,Table 152: State-wise Distribution of Offices of Scheduled Commercial Banks,https://www.rbi.org.in/Scripts/PublicationsView.aspx?id=23601
Tamil Nadu,2024,2024,12832.0,t152_bank_offices,Table 152: State-wise Distribution of Offices of Scheduled Commercial Banks,https://www.rbi.org.in/Scripts/PublicationsView.aspx?id=23601
Tamil Nadu,2025,2025,13204.0,t152_bank_offices,Table 152: State-wise Distribution of Offices of Scheduled Commercial Banks,https://www.rbi.org.in/Scripts/PublicationsView.aspx?id=23601
Telangana,2015,2015,4721.0,t152_bank_offices,Table 152: State-wise Distribution of Offices of Scheduled Commercial Banks,https://www.rbi.org.in/Scripts/PublicationsView.aspx?id=23601
Telangana,2016,2016,4918.0,t152_bank_offices,Table 152: State-wise Distribution of Offices of Scheduled Commercial Banks,https://www.rbi.org.in/Scripts/PublicationsView.aspx?id=23601
Telangana,2017,2017,5165.0,t152_bank_offices,Table 152: State-wise Distribution of Offices of Scheduled Commercial Banks,https://www.rbi.org.in/Scripts/PublicationsView.aspx?id=23601
Telangana,2018,2018,5164.0,t152_bank_offices,Table 152: State-wise Distribution of Offices of Scheduled Commercial Banks,https://www.rbi.org.in/Scripts/PublicationsView.aspx?id=23601
Telangana,2019,2019,5227.0,t152_bank_offices,Table 152: State-wise Distribution of Offices of Scheduled Commercial Banks,https://www.rbi.org.in/Scripts/PublicationsView.aspx?id=23601
Telangana,2020,2020,5388.0,t152_bank_offices,Table 152: State-wise Distribution of Offices of Scheduled Commercial Banks,https://www.rbi.org.in/Scripts/PublicationsView.aspx?id=23601
Telangana,2021,2021,5579.0,t152_bank_offices,Table 152: State-wise Distribution of Offices of Scheduled Commercial Banks,https://www.rbi.org.in/Scripts/PublicationsView.aspx?id=23601
Telangana,2022,2022,5605.0,t152_bank_offices,Table 152: State-wise Distribution of Offices of Scheduled Commercial Banks,https://www.rbi.org.in/Scripts/PublicationsView.aspx?id=23601
Telangana,2023,2023,5819.0,t152_bank_offices,Table 152: State-wise Distribution of Offices of Scheduled Commercial Banks,https://www.rbi.org.in/Scripts/PublicationsView.aspx?id=23601
Telangana,2024,2024,6047.0,t152_bank_offices,Table 152: State-wise Distribution of Offices of Scheduled Commercial Banks,https://www.rbi.org.in/Scripts/PublicationsView.aspx?id=23601
Telangana,2025,2025,6269.0,t152_bank_offices,Table 152: State-wise Distribution of Offices of Scheduled Commercial Banks,https://www.rbi.org.in/Scripts/PublicationsView.aspx?id=23601
