state_raw,year_label,fy_end,value,table,source_title,source_url
Chandigarh,2004,2004,10941.0,t156_credit,Table 156: State-wise Credit by Scheduled Commercial Banks,https://www.rbi.org.in/Scripts/PublicationsView.aspx?id=23605
Chandigarh,2005,2005,11034.0,t156_credit,Table 156: State-wise Credit by Scheduled Commercial Banks,https://www.rbi.org.in/Scripts/PublicationsView.aspx?id=23605
Chandigarh,2006,2006,14184.0,t156_credit,Table 156: State-wise Credit by Scheduled Commercial Banks,https://www.rbi.org.in/Scripts/PublicationsView.aspx?id=23605
Chandigarh,2007,2007,18974.0,t156_credit,Table 156: State-wise Credit by Scheduled Commercial Banks,https://www.rbi.org.in/Scripts/PublicationsView.aspx?id=23605
Chandigarh,2008,2008,22396.0,t156_credit,Table 156: State-wise Credit by Scheduled Commercial Banks,https://www.rbi.org.in/Scripts/PublicationsView.aspx?id=23605
Chandigarh,2009,2009,31974.0,t156_credit,Table 156: State-wise Credit by Scheduled Commercial Banks,https://www.rbi.org.in/Scripts/PublicationsView.aspx?id=23605
Chandigarh,2010,2010,41279.0,t156_credit,Table 156: State-wise Credit by Scheduled Commercial Banks,https://www.rbi.org.in/Scripts/PublicationsView.aspx?id=23605
Chandigarh,2011,2011,46221.0,t156_credit,Table 156: State-wise Credit by Scheduled Commercial Banks,https://www.rbi.org.in/Scripts/PublicationsView.aspx?id=23605
Chandigarh,2012,2012,45486.0,t156_credit,Table 156: State-wise Credit by Scheduled Commercial Banks,https://www.rbi.org.in/Scripts/PublicationsView.aspx?id=23605
Chandigarh,2013,2013,57852.0,t156_credit,Table 156: State-wise Credit by Scheduled Commercial Banks,https://www.rbi.org.in/Scripts/PublicationsView.aspx?id=23605
Chandigarh,2014,2014,57897.0,t156_credit,Table 156: State-wise Credit by Scheduled Commercial Banks,https://www.rbi.org.in/Scripts/PublicationsView.aspx?id=23605
Delhi,2004,2004,109552.0,t156_credit,Table 156: State-wise Credit by Scheduled Commercial Banks,https://www.rbi.org.in/Scripts/PublicationsView.aspx?id=23605
Delhi,2005,2005,139662.0,t156_credit,Table 156: State-wise Credit by Scheduled Commercial Banks,https://www.rbi.org.in/Scripts/PublicationsView.aspx?id=23605
Delhi,2006,2006,181846.0,t156_credit,Table 156: State-wise Credit by Scheduled Commercial Banks,https://www.rbi.org.in/Scripts/PublicationsView.aspx?id=23605
Delhi,2007,2007,238054.0,t156_credit,Table 156: State-wise Credit by Scheduled Commercial Banks,https://www.rbi.org.in/Scripts/PublicationsView.aspx?id=23605
Delhi,2008,2008,286520.0,t156_credit,Table 156: State-wise Credit by Scheduled Commercial Banks,https://www.rbi.org.in/Scripts/PublicationsView.aspx?id=23605
Delhi,2009,2009,355103.0,t156_credit,Table 156: State-wise Credit by Scheduled Commercial Banks,https://www.rbi.org.in/Scripts/PublicationsView.aspx?id=23605
Delhi,2010,2010,421554.0,t156_credit,Table 156: State-wise Credit by Scheduled Commercial Banks,https://www.rbi.org.in/Scripts/PublicationsView.aspx?id=23605
Delhi,2011,2011,551995.0,t156_credit,Table 156: State-wise Credit by Scheduled Commercial Banks,https://www.rbi.org.in/Scripts/PublicationsView.aspx?id=23605
Delhi,2012,2012,653735.0,t156_credit,Table 156: State-wise Credit by Scheduled Commercial Banks,https://www.rbi.org.in/Scripts/PublicationsView.aspx?id=23605
Delhi,2013,2013,734637.0,t156_credit,Table 156: State-wise Credit by Scheduled Commercial Banks,https://www.rbi.org.in/Scripts/PublicationsView.aspx?id=23605
Delhi,2014,2014,844416.0,t156_credit,Table 156: State-wise Credit by Scheduled Commercial Banks,https://www.rbi.org.in/Scripts/PublicationsView.aspx?id=23605
Haryana,2004,2004,14576.0,t156_credit,Table 156: State-wise Credit by Scheduled Commercial Banks,https://www.rbi.org.in/Scripts/PublicationsView.aspx?id=23605
Haryana,2005,2005,18908.0,t156_credit,Table 156: State-wise Credit by Scheduled Commercial Banks,https://www.rbi.org.in/Scripts/PublicationsView.aspx?id=23605
Haryana,2006,2006,28329.0,t156_credit,Table 156: State-wise Credit by Scheduled Commercial Banks,https://www.rbi.org.in/Scripts/PublicationsView.aspx?id=23605
Haryana,2007,2007,34595.0,t156_credit,Table 156: State-wise Credit by Scheduled Commercial Banks,https://www.rbi.org.in/Scripts/PublicationsView.aspx?id=23605
Haryana,2008,2008,44752.0,t156_credit,Table 156: State-wise Credit by Scheduled Commercial Banks,https://www.rbi.org.in/Scripts/PublicationsView.aspx?id=23605
Haryana,2009,2009,53368.0,t156_credit,Table 156: State-wise Credit by Scheduled Commercial Banks,https://www.rbi.org.in/Scripts/PublicationsView.aspx?id=23605
Haryana,2010,2010,69138.0,t156_credit,Table 156: State-wise Credit by Scheduled Commercial Banks,https://www.rbi.org.in/Scripts/PublicationsView.aspx?id=23605
Haryana,2011,2011,92787.0,t156_credit,Table 156: State-wise Credit by Scheduled Commercial Banks,https://www.rbi.org.in/Scripts/PublicationsView.aspx?id=23605
Haryana,2012,2012,115775.0,t156_credit,Table 156: State-wise Credit by Scheduled Commercial Banks,https://www.rbi.org.in/Scripts/PublicationsView.aspx?id=23605
Haryana,2013,2013,129660.0,t156_credit,Table 156: State-wise Credit by Scheduled Commercial Banks,https://www.rbi.org.in/Scripts/PublicationsView.aspx?id=23605
Haryana,2014,2014,150886.0,t156_credit,Table 156: State-wise Credit by Scheduled Commercial Banks,https://www.rbi.org.in/Scripts/PublicationsView.aspx?id=23605
Himachal Pradesh,2004,2004,3264.0,t156_credit,Table 156: State-wise Credit by Scheduled Commercial Banks,https://www.rbi.org.in/Scripts/PublicationsView.aspx?id=23605
Himachal Pradesh,2005,2005,4474.0,t156_credit,Table 156: State-wise Credit by Scheduled Commercial Banks,https://www.rbi.org.in/Scripts/PublicationsView.aspx?id=23605
Himachal Pradesh,2006,2006,5765.0,t156_credit,Table 156: State-wise Credit by Scheduled Commercial Banks,https://www.rbi.org.in/Scripts/PublicationsView.aspx?id=23605
Himachal Pradesh,2007,2007,7200.0,t156_credit,Table 156: State-wise Credit by Scheduled Commercial Banks,https://www.rbi.org.in/Scripts/PublicationsView.aspx?id=23605
Himachal Pradesh,2008,2008,8328.0,t156_credit,Table 156: State-wise Credit by Scheduled Commercial Banks,https://www.rbi.org.in/Scripts/PublicationsView.aspx?id=23605
Himachal Pradesh,2009,2009,9162.0,t156_credit,Table 156: State-wise Credit by Scheduled Commercial Banks,https://www.rbi.org.in/Scripts/PublicationsView.aspx?id=23605
Himachal Pradesh,2010,2010,11355.0,t156_credit,Table 156: State-wise Credit by Scheduled Commercial Banks,https://www.rbi.org.in/Scripts/PublicationsView.aspx?id=23605
Himachal Pradesh,2011,2011,13470.0,t156_credit,Table 156: State-wise Credit by Scheduled Commercial Banks,https://www.rbi.org.in/Scripts/PublicationsView.aspx?id=23605
Himachal Pradesh,2012,2012,14782.0,t156_credit,Table 156: State-wise Credit by Scheduled Commercial Banks,https://www.rbi.org.in/Scripts/PublicationsView.aspx?id=23605
Himachal Pradesh,2013,2013,15796.0,t156_credit,Table 156: State-wise Credit by Scheduled Commercial Banks,https://www.rbi.org.in/Scripts/PublicationsView.aspx?id=23605
Himachal Pradesh,2014,2014,18598.0,t156_credit,Table 156: State-wise Credit by Scheduled Commercial Banks,https://www.rbi.org.in/Scripts/PublicationsView.aspx?id=23605
Jammu & Kashmir,2004,2004,5505.0,t156_credit,Table 156: State-wise Credit by Scheduled Commercial Banks,https://www.rbi.org.in/Scripts/PublicationsView.aspx?id=23605
Jammu & Kashmir,2005,2005,7786.0,t156_credit,Table 156: State-wise Credit by Scheduled Commercial Banks,https://www.rbi.org.in/Scripts/PublicationsView.aspx?id=23605
Jammu & Kashmir,2006,2006,9093.0,t156_credit,Table 156: State-wise Credit by Scheduled Commercial Banks,https://www.rbi.org.in/Scripts/PublicationsView.aspx?id=23605
Jammu & Kashmir,2007,2007,13785.0,t156_credit,Table 156: State-wise Credit by Scheduled Commercial Banks,https://www.rbi.org.in/Scripts/PublicationsView.aspx?id=23605
Jammu & Kashmir,2008,2008,14159.0,t156_credit,Table 156: State-wise Credit by Scheduled Commercial Banks,https://www.rbi.org.in/Scripts/PublicationsView.aspx?id=23605
Jammu & Kashmir,2009,2009,13803.0,t156_credit,Table 156: State-wise Credit by Scheduled Commercial Banks,https://www.rbi.org.in/Scripts/PublicationsView.aspx?id=23605
Jammu & Kashmir,2010,2010,15769.0,t156_credit,Table 156: State-wise Credit by Scheduled Commercial Banks,https://www.rbi.org.in/Scripts/PublicationsView.aspx?id=23605
Jammu & Kashmir,2011,2011,15280.0,t156_credit,Table 156: State-wise Credit by Scheduled Commercial Banks,https://www.rbi.org.in/Scripts/PublicationsView.aspx?id=23605
Jammu & Kashmir,2012,2012,16914.0,t156_credit,Table 156: State-wise Credit by Scheduled Commercial Banks,https://www.rbi.org.in/Scripts/PublicationsView.aspx?id=23605
Jammu & Kashmir,2013,2013,21926.0,t156_credit,Table 156: State-wise Credit by Scheduled Commercial Banks,https://www.rbi.org.in/Scripts/PublicationsView.aspx?id=23605
Jammu & Kashmir,2014,2014,26716.0,t156_credit,Table 156: State-wise Credit by Scheduled Commercial Banks,https://www.rbi.org.in/Scripts/PublicationsView.aspx?id=23605
Ladakh,2004,2004,,t156_credit,Table 156: State-wise Credit by Scheduled Commercial Banks,https://www.rbi.org.in/Scripts/PublicationsView.aspx?id=23605
Ladakh,2005,2005,,t156_credit,Table 156: State-wise Credit by Scheduled Commercial Banks,https://www.rbi.org.in/Scripts/PublicationsView.aspx?id=23605
Ladakh,2006,2006,,t156_credit,Table 156: State-wise Credit by Scheduled Commercial Banks,https://www.rbi.org.in/Scripts/PublicationsView.aspx?id=23605
Ladakh,2007,2007,,t156_credit,Table 156: State-wise Credit by Scheduled Commercial Banks,https://www.rbi.org.in/Scripts/PublicationsView.aspx?id=23605
Ladakh,2008,2008,,t156_credit,Table 156: State-wise Credit by Scheduled Commercial Banks,https://www.rbi.org.in/Scripts/PublicationsView.aspx?id=23605
Ladakh,2009,2009,,t156_credit,Table 156: State-wise Credit by Scheduled Commercial Banks,https://www.rbi.org.in/Scripts/PublicationsView.aspx?id=23605
Ladakh,2010,2010,,t156_credit,Table 156: State-wise Credit by Scheduled Commercial Banks,https://www.rbi.org.in/Scripts/PublicationsView.aspx?id=23605
Ladakh,2011,2011,,t156_credit,Table 156: State-wise Credit by Scheduled Commercial Banks,https://www.rbi.org.in/Scripts/PublicationsView.aspx?id=23605
Ladakh,2012,2012,,t156_credit,Table 156: State-wise Credit by Scheduled Commercial Banks,https://www.rbi.org.in/Scripts/PublicationsView.aspx?id=23605
Ladakh,2013,2013,,t156_credit,Table 156: State-wise Credit by Scheduled Commercial Banks,https://www.rbi.org.in/Scripts/PublicationsView.aspx?id=23605
Ladakh,2014,2014,,t156_credit,Table 156: State-wise Credit by Scheduled Commercial Banks,https://www.rbi.org.in/Scripts/PublicationsView.aspx?id=23605
Punjab,2004,2004,26554.0,t156_credit,Table 156: State-wise Credit by Scheduled Commercial Banks,https://www.rbi.org.in/Scripts/PublicationsView.aspx?id=23605
Punjab,2005,2005,32935.0,t156_credit,Table 156: State-wise Credit by Scheduled Commercial Banks,https://www.rbi.org.in/Scripts/PublicationsView.aspx?id=23605
Punjab,2006,2006,41320.0,t156_credit,Table 156: State-wise Credit by Scheduled Commercial Banks,https://www.rbi.org.in/Scripts/PublicationsView.aspx?id=23605
Punjab,2007,2007,55490.0,t156_credit,Table 156: State-wise Credit by Scheduled Commercial Banks,https://www.rbi.org.in/Scripts/PublicationsView.aspx?id=23605
Punjab,2008,2008,67258.0,t156_credit,Table 156: State-wise Credit by Scheduled Commercial Banks,https://www.rbi.org.in/Scripts/PublicationsView.aspx?id=23605
Punjab,2009,2009,79034.0,t156_credit,Table 156: State-wise Credit by Scheduled Commercial Banks,https://www.rbi.org.in/Scripts/PublicationsView.aspx?id=23605
Punjab,2010,2010,95256.0,t156_credit,Table 156: State-wise Credit by Scheduled Commercial Banks,https://www.rbi.org.in/Scripts/PublicationsView.aspx?id=23605
Punjab,2011,2011,118956.0,t156_credit,Table 156: State-wise Credit by Scheduled Commercial Banks,https://www.rbi.org.in/Scripts/PublicationsView.aspx?id=23605
Punjab,2012,2012,139917.0,t156_credit,Table 156: State-wise Credit by Scheduled Commercial Banks,https://www.rbi.org.in/Scripts/PublicationsView.aspx?id=23605
Punjab,2013,2013,162996.0,t156_credit,Table 156: State-wise Credit by Scheduled Commercial Banks,https://www.rbi.org.in/Scripts/PublicationsView.aspx?id=23605
Punjab,2014,2014,182003.0,t156_credit,Table 156: State-wise Credit by Scheduled Commercial Banks,https://www.rbi.org.in/Scripts/PublicationsView.aspx?id=23605
Rajasthan,2004,2004,21652.0,t156_credit,Table 156: State-wise Credit by Scheduled Commercial Banks,https://www.rbi.org.in/Scripts/PublicationsView.aspx?id=23605
Rajasthan,2005,2005,29412.0,t156_credit,Table 156: State-wise Credit by Scheduled Commercial Banks,https://www.rbi.org.in/Scripts/PublicationsView.aspx?id=23605
Rajasthan,2006,2006,37781.0,t156_credit,Table 156: State-wise Credit by Scheduled Commercial Banks,https://www.rbi.org.in/Scripts/PublicationsView.aspx?id=23605
Rajasthan,2007,2007,49098.0,t156_credit,Table 156: State-wise Credit by Scheduled Commercial Banks,https://www.rbi.org.in/Scripts/PublicationsView.aspx?id=23605
Rajasthan,2008,2008,59942.0,t156_credit,Table 156: State-wise Credit by Scheduled Commercial Banks,https://www.rbi.org.in/Scripts/PublicationsView.aspx?id=23605
Rajasthan,2009,2009,73991.0,t156_credit,Table 156: State-wise Credit by Scheduled Commercial Banks,https://www.rbi.org.in/Scripts/PublicationsView.aspx?id=23605
Rajasthan,2010,2010,94307.0,t156_credit,Table 156: State-wise Credit by Scheduled Commercial Banks,https://www.rbi.org.in/Scripts/PublicationsView.aspx?id=23605
Rajasthan,2011,2011,115710.0,t156_credit,Table 156: State-wise Credit by Scheduled Commercial Banks,https://www.rbi.org.in/Scripts/PublicationsView.aspx?id=23605
Rajasthan,2012,2012,136945.0,t156_credit,Table 156: State-wise Credit by Scheduled Commercial Banks,https://www.rbi.org.in/Scripts/PublicationsView.aspx?id=23605
Rajasthan,2013,2013,163166.0,t156_credit,Table 156: State-wise Credit by Scheduled Commercial Banks,https://www.rbi.org.in/Scripts/PublicationsView.aspx?id=23605
Rajasthan,2014,2014,175331.0,t156_credit,Table 156: State-wise Credit by Scheduled Commercial Banks,https://www.rbi.org.in/Scripts/PublicationsView.aspx?id=23605
Arunachal Pradesh,2004,2004,172.0,t156_credit,Table 156: State-wise Credit by Scheduled Commercial Banks,https://www.rbi.org.in/Scripts/PublicationsView.aspx?id=23605
Arunachal Pradesh,2005,2005,263.0,t156_credit,Table 156: State-wise Credit by Scheduled Commercial Banks,https://www.rbi.org.in/Scripts/PublicationsView.aspx?id=23605
Arunachal Pradesh,2006,2006,382.0,t156_credit,Table 156: State-wise Credit by Scheduled Commercial Banks,https://www.rbi.org.in/Scripts/PublicationsView.aspx?id=23605
Arunachal Pradesh,2007,2007,488.0,t156_credit,Table 156: State-wise Credit by Scheduled Commercial Banks,https://www.rbi.org.in/Scripts/PublicationsView.aspx?id=23605
Arunachal Pradesh,2008,2008,817.0,t156_credit,Table 156: State-wise Credit by Scheduled Commercial Banks,https://www.rbi.org.in/Scripts/PublicationsView.aspx?id=23605
Arunachal Pradesh,2009,2009,912.0,t156_credit,Table 156: State-wise Credit by Scheduled Commercial Banks,https://www.rbi.org.in/Scripts/PublicationsView.aspx?id=23605
Arunachal Pradesh,2010,2010,1137.0,t156_credit,Table 156: State-wise Credit by Scheduled Commercial Banks,https://www.rbi.org.in/Scripts/PublicationsView.aspx?id=23605
Arunachal Pradesh,2011,2011,1231.0,t156_credit,Table 156: State-wise Credit by Scheduled Commercial Banks,https://www.rbi.org.in/Scripts/PublicationsView.aspx?id=23605
Arunachal Pradesh,2012,2012,1375.0,t156_credit,Table 156: State-wise Credit by Scheduled Commercial Banks,https://www.rbi.org.in/Scripts/PublicationsView.aspx?id=23605
Arunachal Pradesh,2013,2013,1531.0,t156_credit,Table 156: State-wise Credit by Scheduled Commercial Banks,https://www.rbi.org.in/Scripts/PublicationsView.aspx?id=23605
Arunachal Pradesh,2014,2014,1784.0,t156_credit,Table 156: State-wise Credit by Scheduled Commercial Banks,https://www.rbi.org.in/Scripts/PublicationsView.aspx?id=23605
Assam,2004,2004,4612.0,t156_credit,Table 156: State-wise Credit by Scheduled Commercial Banks,https://www.rbi.org.in/Scripts/PublicationsView.aspx?id=23605
Assam,2005,2005,6271.0,t156_credit,Table 156: State-wise Credit by Scheduled Commercial Banks,https://www.rbi.org.in/Scripts/PublicationsView.aspx?id=23605
Assam,2006,2006,8835.0,t156_credit,Table 156: State-wise Credit by Scheduled Commercial Banks,https://www.rbi.org.in/Scripts/PublicationsView.aspx?id=23605
Assam,2007,2007,10936.0,t156_credit,Table 156: State-wise Credit by Scheduled Commercial Banks,https://www.rbi.org.in/Scripts/PublicationsView.aspx?id=23605
Assam,2008,2008,13150.0,t156_credit,Table 156: State-wise Credit by Scheduled Commercial Banks,https://www.rbi.org.in/Scripts/PublicationsView.aspx?id=23605
Assam,2009,2009,15123.0,t156_credit,Table 156: State-wise Credit by Scheduled Commercial Banks,https://www.rbi.org.in/Scripts/PublicationsView.aspx?id=23605
Assam,2010,2010,18367.0,t156_credit,Table 156: State-wise Credit by Scheduled Commercial Banks,https://www.rbi.org.in/Scripts/PublicationsView.aspx?id=23605
Assam,2011,2011,21377.0,t156_credit,Table 156: State-wise Credit by Scheduled Commercial Banks,https://www.rbi.org.in/Scripts/PublicationsView.aspx?id=23605
Assam,2012,2012,25124.0,t156_credit,Table 156: State-wise Credit by Scheduled Commercial Banks,https://www.rbi.org.in/Scripts/PublicationsView.aspx?id=23605
Assam,2013,2013,28525.0,t156_credit,Table 156: State-wise Credit by Scheduled Commercial Banks,https://www.rbi.org.in/Scripts/PublicationsView.aspx?id=23605
Assam,2014,2014,31630.0,t156_credit,Table 156: State-wise Credit by Scheduled Commercial Banks,https://www.rbi.org.in/Scripts/PublicationsView.aspx?id=23605
Manipur,2004,2004,239.0,t156_credit,Table 156: State-wise Credit by Scheduled Commercial Banks,https://www.rbi.org.in/Scripts/PublicationsView.aspx?id=23605
Manipur,2005,2005,422.0,t156_credit,Table 156: State-wise Credit by Scheduled Commercial Banks,https://www.rbi.org.in/Scripts/PublicationsView.aspx?id=23605
Manipur,2006,2006,610.0,t156_credit,Table 156: State-wise Credit by Scheduled Commercial Banks,https://www.rbi.org.in/Scripts/PublicationsView.aspx?id=23605
Manipur,2007,2007,769.0,t156_credit,Table 156: State-wise Credit by Scheduled Commercial Banks,https://www.rbi.org.in/Scripts/PublicationsView.aspx?id=23605
Manipur,2008,2008,865.0,t156_credit,Table 156: State-wise Credit by Scheduled Commercial Banks,https://www.rbi.org.in/Scripts/PublicationsView.aspx?id=23605
Manipur,2009,2009,909.0,t156_credit,Table 156: State-wise Credit by Scheduled Commercial Banks,https://www.rbi.org.in/Scripts/PublicationsView.aspx?id=23605
Manipur,2010,2010,1135.0,t156_credit,Table 156: State-wise Credit by Scheduled Commercial Banks,https://www.rbi.org.in/Scripts/PublicationsView.aspx?id=23605
Manipur,2011,2011,1171.0,t156_credit,Table 156: State-wise Credit by Scheduled Commercial Banks,https://www.rbi.org.in/Scripts/PublicationsView.aspx?id=23605
Manipur,2012,2012,1274.0,t156_credit,Table 156: State-wise Credit by Scheduled Commercial Banks,https://www.rbi.org.in/Scripts/PublicationsView.aspx?id=23605
Manipur,2013,2013,1466.0,t156_credit,Table 156: State-wise Credit by Scheduled Commercial Banks,https://www.rbi.org.in/Scripts/PublicationsView.aspx?id=23605
Manipur,2014,2014,1701.0,t156_credit,Table 156: State-wise Credit by Scheduled Commercial Banks,https://www.rbi.org.in/Scripts/PublicationsView.aspx?id=23605
Meghalaya,2004,2004,953.0,t156_credit,Table 156: State-wise Credit by Scheduled Commercial Banks,https://www.rbi.org.in/Scripts/PublicationsView.aspx?id=23605
Meghalaya,2005,2005,1337.0,t156_credit,Table 156: State-wise Credit by Scheduled Commercial Banks,https://www.rbi.org.in/Scripts/PublicationsView.aspx?id=23605
Meghalaya,2006,2006,1562.0,t156_credit,Table 156: State-wise Credit by Scheduled Commercial Banks,https://www.rbi.org.in/Scripts/PublicationsView.aspx?id=23605
Meghalaya,2007,2007,1390.0,t156_credit,Table 156: State-wise Credit by Scheduled Commercial Banks,https://www.rbi.org.in/Scripts/PublicationsView.aspx?id=23605
Meghalaya,2008,2008,1497.0,t156_credit,Table 156: State-wise Credit by Scheduled Commercial Banks,https://www.rbi.org.in/Scripts/PublicationsView.aspx?id=23605
Meghalaya,2009,2009,1753.0,t156_credit,Table 156: State-wise Credit by Scheduled Commercial Banks,https://www.rbi.org.in/Scripts/PublicationsView.aspx?id=23605
Meghalaya,2010,2010,1958.0,t156_credit,Table 156: State-wise Credit by Scheduled Commercial Banks,https://www.rbi.org.in/Scripts/PublicationsView.aspx?id=23605
Meghalaya,2011,2011,2337.0,t156_credit,Table 156: State-wise Credit by Scheduled Commercial Banks,https://www.rbi.org.in/Scripts/PublicationsView.aspx?id=23605
Meghalaya,2012,2012,2856.0,t156_credit,Table 156: State-wise Credit by Scheduled Commercial Banks,https://www.rbi.org.in/Scripts/PublicationsView.aspx?id=23605
Meghalaya,2013,2013,3274.0,t156_credit,Table 156: State-wise Credit by Scheduled Commercial Banks,https://www.rbi.org.in/Scripts/PublicationsView.aspx?id=23605
Meghalaya,2014,2014,3997.0,t156_credit,Table 156: State-wise Credit by Scheduled Commercial Banks,https://www.rbi.org.in/Scripts/PublicationsView.aspx?id=23605
Mizoram,2004,2004,249.0,t156_credit,Table 156: State-wise Credit by Scheduled Commercial Banks,https://www.rbi.org.in/Scripts/PublicationsView.aspx?id=23605
Mizoram,2005,2005,377.0,t156_credit,Table 156: State-wise Credit by Scheduled Commercial Banks,https://www.rbi.org.in/Scripts/PublicationsView.aspx?id=23605
Mizoram,2006,2006,494.0,t156_credit,Table 156: State-wise Credit by Scheduled Commercial Banks,https://www.rbi.org.in/Scripts/PublicationsView.aspx?id=23605
Mizoram,2007,2007,654.0,t156_credit,Table 156: State-wise Credit by Scheduled Commercial Banks,https://www.rbi.org.in/Scripts/PublicationsView.aspx?id=23605
Mizoram,2008,2008,865.0,t156_credit,Table 156: State-wise Credit by Scheduled Commercial Banks,https://www.rbi.org.in/Scripts/PublicationsView.aspx?id=23605
Mizoram,2009,2009,1025.0,t156_credit,Table 156: State-wise Credit by Scheduled Commercial Banks,https://www.rbi.org.in/Scripts/PublicationsView.aspx?id=23605
Mizoram,2010,2010,1191.0,t156_credit,Table 156: State-wise Credit by Scheduled Commercial Banks,https://www.rbi.org.in/Scripts/PublicationsView.aspx?id=23605
Mizoram,2011,2011,1174.0,t156_credit,Table 156: State-wise Credit by Scheduled Commercial Banks,https://www.rbi.org.in/Scripts/PublicationsView.aspx?id=23605
Mizoram,2012,2012,1307.0,t156_credit,Table 156: State-wise Credit by Scheduled Commercial Banks,https://www.rbi.org.in/Scripts/PublicationsView.aspx?id=23605
Mizoram,2013,2013,1463.0,t156_credit,Table 156: State-wise Credit by Scheduled Commercial Banks,https://www.rbi.org.in/Scripts/PublicationsView.aspx?id=23605
Mizoram,2014,2014,1784.0,t156_credit,Table 156: State-wise Credit by Scheduled Commercial Banks,https://www.rbi.org.in/Scripts/PublicationsView.aspx?id=23605
Nagaland,2004,2004,206.0,t156_credit,Table 156: State-wise Credit by Scheduled Commercial Banks,https://www.rbi.org.in/Scripts/PublicationsView.aspx?id=23605
Nagaland,2005,2005,300.0,t156_credit,Table 156: State-wise Credit by Scheduled Commercial Banks,https://www.rbi.org.in/Scripts/PublicationsView.aspx?id=23605
Nagaland,2006,2006,440.0,t156_credit,Table 156: State-wise Credit by Scheduled Commercial Banks,https://www.rbi.org.in/Scripts/PublicationsView.aspx?id=23605
Nagaland,2007,2007,653.0,t156_credit,Table 156: State-wise Credit by Scheduled Commercial Banks,https://www.rbi.org.in/Scripts/PublicationsView.aspx?id=23605
Nagaland,2008,2008,864.0,t156_credit,Table 156: State-wise Credit by Scheduled Commercial Banks,https://www.rbi.org.in/Scripts/PublicationsView.aspx?id=23605
Nagaland,2009,2009,1061.0,t156_credit,Table 156: State-wise Credit by Scheduled Commercial Banks,https://www.rbi.org.in/Scripts/PublicationsView.aspx?id=23605
Nagaland,2010,2010,1269.0,t156_credit,Table 156: State-wise Credit by Scheduled Commercial Banks,https://www.rbi.org.in/Scripts/PublicationsView.aspx?id=23605
Nagaland,2011,2011,1359.0,t156_credit,Table 156: State-wise Credit by Scheduled Commercial Banks,https://www.rbi.org.in/Scripts/PublicationsView.aspx?id=23605
Nagaland,2012,2012,1563.0,t156_credit,Table 156: State-wise Credit by Scheduled Commercial Banks,https://www.rbi.org.in/Scripts/PublicationsView.aspx?id=23605
Nagaland,2013,2013,1802.0,t156_credit,Table 156: State-wise Credit by Scheduled Commercial Banks,https://www.rbi.org.in/Scripts/PublicationsView.aspx?id=23605
Nagaland,2014,2014,2031.0,t156_credit,Table 156: State-wise Credit by Scheduled Commercial Banks,https://www.rbi.org.in/Scripts/PublicationsView.aspx?id=23605
Tripura,2004,2004,602.0,t156_credit,Table 156: State-wise Credit by Scheduled Commercial Banks,https://www.rbi.org.in/Scripts/PublicationsView.aspx?id=23605
Tripura,2005,2005,761.0,t156_credit,Table 156: State-wise Credit by Scheduled Commercial Banks,https://www.rbi.org.in/Scripts/PublicationsView.aspx?id=23605
Tripura,2006,2006,1131.0,t156_credit,Table 156: State-wise Credit by Scheduled Commercial Banks,https://www.rbi.org.in/Scripts/PublicationsView.aspx?id=23605
Tripura,2007,2007,1403.0,t156_credit,Table 156: State-wise Credit by Scheduled Commercial Banks,https://www.rbi.org.in/Scripts/PublicationsView.aspx?id=23605
Tripura,2008,2008,1671.0,t156_credit,Table 156: State-wise Credit by Scheduled Commercial Banks,https://www.rbi.org.in/Scripts/PublicationsView.aspx?id=23605
Tripura,2009,2009,1933.0,t156_credit,Table 156: State-wise Credit by Scheduled Commercial Banks,https://www.rbi.org.in/Scripts/PublicationsView.aspx?id=23605
Tripura,2010,2010,2294.0,t156_credit,Table 156: State-wise Credit by Scheduled Commercial Banks,https://www.rbi.org.in/Scripts/PublicationsView.aspx?id=23605
Tripura,2011,2011,2755.0,t156_credit,Table 156: State-wise Credit by Scheduled Commercial Banks,https://www.rbi.org.in/Scripts/PublicationsView.aspx?id=23605
Tripura,2012,2012,3262.0,t156_credit,Table 156: State-wise Credit by Scheduled Commercial Banks,https://www.rbi.org.in/Scripts/PublicationsView.aspx?id=23605
Tripura,2013,2013,3872.0,t156_credit,Table 156: State-wise Credit by Scheduled Commercial Banks,https://www.rbi.org.in/Scripts/PublicationsView.aspx?id=23605
Tripura,2014,2014,4365.0,t156_credit,Table 156: State-wise Credit by Scheduled Commercial Banks,https://www.rbi.org.in/Scripts/PublicationsView.aspx?id=23605
Andaman & Nicobar Islands,2004,2004,155.0,t156_credit,Table 156: State-wise Credit by Scheduled Commercial Banks,https://www.rbi.org.in/Scripts/PublicationsView.aspx?id=23605
Andaman & Nicobar Islands,2005,2005,195.0,t156_credit,Table 156: State-wise Credit by Scheduled Commercial Banks,https://www.rbi.org.in/Scripts/PublicationsView.aspx?id=23605
Andaman & Nicobar Islands,2006,2006,254.0,t156_credit,Table 156: State-wise Credit by Scheduled Commercial Banks,https://www.rbi.org.in/Scripts/PublicationsView.aspx?id=23605
Andaman & Nicobar Islands,2007,2007,280.0,t156_credit,Table 156: State-wise Credit by Scheduled Commercial Banks,https://www.rbi.org.in/Scripts/PublicationsView.aspx?id=23605
Andaman & Nicobar Islands,2008,2008,348.0,t156_credit,Table 156: State-wise Credit by Scheduled Commercial Banks,https://www.rbi.org.in/Scripts/PublicationsView.aspx?id=23605
Andaman & Nicobar Islands,2009,2009,449.0,t156_credit,Table 156: State-wise Credit by Scheduled Commercial Banks,https://www.rbi.org.in/Scripts/PublicationsView.aspx?id=23605
Andaman & Nicobar Islands,2010,2010,589.0,t156_credit,Table 156: State-wise Credit by Scheduled Commercial Banks,https://www.rbi.org.in/Scripts/PublicationsView.aspx?id=23605
Andaman & Nicobar Islands,2011,2011,682.0,t156_credit,Table 156: State-wise Credit by Scheduled Commercial Banks,https://www.rbi.org.in/Scripts/PublicationsView.aspx?id=23605
Andaman & Nicobar Islands,2012,2012,774.0,t156_credit,Table 156: State-wise Credit by Scheduled Commercial Banks,https://www.rbi.org.in/Scripts/PublicationsView.aspx?id=23605
Andaman & Nicobar Islands,2013,2013,898.0,t156_credit,Table 156: State-wise Credit by Scheduled Commercial Banks,https://www.rbi.org.in/Scripts/PublicationsView.aspx?id=23605
Andaman & Nicobar Islands,2014,2014,1014.0,t156_credit,Table 156: State-wise Credit by Scheduled Commercial Banks,https://www.rbi.org.in/Scripts/PublicationsView.aspx?id=23605
Bihar,2004,2004,8967.0,t156_credit,Table 156: State-wise Credit by Scheduled Commercial Banks,https://www.rbi.org.in/Scripts/PublicationsView.aspx?id=23605
Bihar,2005,2005,11379.0,t156_credit,Table 156: State-wise Credit by Scheduled Commercial Banks,https://www.rbi.org.in/Scripts/PublicationsView.aspx?id=23605
Bihar,2006,2006,13865.0,t156_credit,Table 156: State-wise Credit by Scheduled Commercial Banks,https://www.rbi.org.in/Scripts/PublicationsView.aspx?id=23605
Bihar,2007,2007,18193.0,t156_credit,Table 156: State-wise Credit by Scheduled Commercial Banks,https://www.rbi.org.in/Scripts/PublicationsView.aspx?id=23605
Bihar,2008,2008,19156.0,t156_credit,Table 156: State-wise Credit by Scheduled Commercial Banks,https://www.rbi.org.in/Scripts/PublicationsView.aspx?id=23605
Bihar,2009,2009,23308.0,t156_credit,Table 156: State-wise Credit by Scheduled Commercial Banks,https://www.rbi.org.in/Scripts/PublicationsView.aspx?id=23605
Bihar,2010,2010,29125.0,t156_credit,Table 156: State-wise Credit by Scheduled Commercial Banks,https://www.rbi.org.in/Scripts/PublicationsView.aspx?id=23605
Bihar,2011,2011,35167.0,t156_credit,Table 156: State-wise Credit by Scheduled Commercial Banks,https://www.rbi.org.in/Scripts/PublicationsView.aspx?id=23605
Bihar,2012,2012,41413.0,t156_credit,Table 156: State-wise Credit by Scheduled Commercial Banks,https://www.rbi.org.in/Scripts/PublicationsView.aspx?id=23605
Bihar,2013,2013,49832.0,t156_credit,Table 156: State-wise Credit by Scheduled Commercial Banks,https://www.rbi.org.in/Scripts/PublicationsView.aspx?id=23605
Bihar,2014,2014,62462.0,t156_credit,Table 156: State-wise Credit by Scheduled Commercial Banks,https://www.rbi.org.in/Scripts/PublicationsView.aspx?id=23605
Jharkhand,2004,2004,6298.0,t156_credit,Table 156: State-wise Credit by Scheduled Commercial Banks,https://www.rbi.org.in/Scripts/PublicationsView.aspx?id=23605
Jharkhand,2005,2005,8128.0,t156_credit,Table 156: State-wise Credit by Scheduled Commercial Banks,https://www.rbi.org.in/Scripts/PublicationsView.aspx?id=23605
Jharkhand,2006,2006,9758.0,t156_credit,Table 156: State-wise Credit by Scheduled Commercial Banks,https://www.rbi.org.in/Scripts/PublicationsView.aspx?id=23605
Jharkhand,2007,2007,12111.0,t156_credit,Table 156: State-wise Credit by Scheduled Commercial Banks,https://www.rbi.org.in/Scripts/PublicationsView.aspx?id=23605
Jharkhand,2008,2008,15300.0,t156_credit,Table 156: State-wise Credit by Scheduled Commercial Banks,https://www.rbi.org.in/Scripts/PublicationsView.aspx?id=23605
Jharkhand,2009,2009,17658.0,t156_credit,Table 156: State-wise Credit by Scheduled Commercial Banks,https://www.rbi.org.in/Scripts/PublicationsView.aspx?id=23605
Jharkhand,2010,2010,22324.0,t156_credit,Table 156: State-wise Credit by Scheduled Commercial Banks,https://www.rbi.org.in/Scripts/PublicationsView.aspx?id=23605
Jharkhand,2011,2011,26013.0,t156_credit,Table 156: State-wise Credit by Scheduled Commercial Banks,https://www.rbi.org.in/Scripts/PublicationsView.aspx?id=23605
Jharkhand,2012,2012,29773.0,t156_credit,Table 156: State-wise Credit by Scheduled Commercial Banks,https://www.rbi.org.in/Scripts/PublicationsView.aspx?id=23605
Jharkhand,2013,2013,33433.0,t156_credit,Table 156: State-wise Credit by Scheduled Commercial Banks,https://www.rbi.org.in/Scripts/PublicationsView.aspx?id=23605
Jharkhand,2014,2014,38248.0,t156_credit,Table 156: State-wise Credit by Scheduled Commercial Banks,https://www.rbi.org.in/Scripts/PublicationsView.aspx?id=23605
Odisha,2004,2004,12160.0,t156_credit,Table 156: State-wise Credit by Scheduled Commercial Banks,https://www.rbi.org.in/Scripts/PublicationsView.aspx?id=23605
Odisha,2005,2005,16442.0,t156_credit,Table 156: State-wise Credit by Scheduled Commercial Banks,https://www.rbi.org.in/Scripts/PublicationsView.aspx?id=23605
Odisha,2006,2006,21605.0,t156_credit,Table 156: State-wise Credit by Scheduled Commercial Banks,https://www.rbi.org.in/Scripts/PublicationsView.aspx?id=23605
Odisha,2007,2007,26794.0,t156_credit,Table 156: State-wise Credit by Scheduled Commercial Banks,https://www.rbi.org.in/Scripts/PublicationsView.aspx?id=23605
Odisha,2008,2008,30319.0,t156_credit,Table 156: State-wise Credit by Scheduled Commercial Banks,https://www.rbi.org.in/Scripts/PublicationsView.aspx?id=23605
Odisha,2009,2009,35646.0,t156_credit,Table 156: State-wise Credit by Scheduled Commercial Banks,https://www.rbi.org.in/Scripts/PublicationsView.aspx?id=23605
Odisha,2010,2010,44820.0,t156_credit,Table 156: State-wise Credit by Scheduled Commercial Banks,https://www.rbi.org.in/Scripts/PublicationsView.aspx?id=23605
Odisha,2011,2011,53965.0,t156_credit,Table 156: State-wise Credit by Scheduled Commercial Banks,https://www.rbi.org.in/Scripts/PublicationsView.aspx?id=23605
Odisha,2012,2012,58830.0,t156_credit,Table 156: State-wise Credit by Scheduled Commercial Banks,https://www.rbi.org.in/Scripts/PublicationsView.aspx?id=23605
Odisha,2013,2013,66158.0,t156_credit,Table 156: State-wise Credit by Scheduled Commercial Banks,https://www.rbi.org.in/Scripts/PublicationsView.aspx?id=23605
Odisha,2014,2014,73343.0,t156_credit,Table 156: State-wise Credit by Scheduled Commercial Banks,https://www.rbi.org.in/Scripts/PublicationsView.aspx?id=23605
Sikkim,2004,2004,257.0,t156_credit,Table 156: State-wise Credit by Scheduled Commercial Banks,https://www.rbi.org.in/Scripts/PublicationsView.aspx?id=23605
Sikkim,2005,2005,373.0,t156_credit,Table 156: State-wise Credit by Scheduled Commercial Banks,https://www.rbi.org.in/Scripts/PublicationsView.aspx?id=23605
Sikkim,2006,2006,593.0,t156_credit,Table 156: State-wise Credit by Scheduled Commercial Banks,https://www.rbi.org.in/Scripts/PublicationsView.aspx?id=23605
Sikkim,2007,2007,827.0,t156_credit,Table 156: State-wise Credit by Scheduled Commercial Banks,https://www.rbi.org.in/Scripts/PublicationsView.aspx?id=23605
Sikkim,2008,2008,986.0,t156_credit,Table 156: State-wise Credit by Scheduled Commercial Banks,https://www.rbi.org.in/Scripts/PublicationsView.aspx?id=23605
Sikkim,2009,2009,1049.0,t156_credit,Table 156: State-wise Credit by Scheduled Commercial Banks,https://www.rbi.org.in/Scripts/PublicationsView.aspx?id=23605
Sikkim,2010,2010,1167.0,t156_credit,Table 156: State-wise Credit by Scheduled Commercial Banks,https://www.rbi.org.in/Scripts/PublicationsView.aspx?id=23605
Sikkim,2011,2011,1246.0,t156_credit,Table 156: State-wise Credit by Scheduled Commercial Banks,https://www.rbi.org.in/Scripts/PublicationsView.aspx?id=23605
Sikkim,2012,2012,1326.0,t156_credit,Table 156: State-wise Credit by Scheduled Commercial Banks,https://www.rbi.org.in/Scripts/PublicationsView.aspx?id=23605
Sikkim,2013,2013,1345.0,t156_credit,Table 156: State-wise Credit by Scheduled Commercial Banks,https://www.rbi.org.in/Scripts/PublicationsView.aspx?id=23605
Sikkim,2014,2014,1364.0,t156_credit,Table 156: State-wise Credit by Scheduled Commercial Banks,https://www.rbi.org.in/Scripts/PublicationsView.aspx?id=23605
West Bengal,2004,2004,47599.0,t156_credit,Table 156: State-wise Credit by Scheduled Commercial Banks,https://www.rbi.org.in/Scripts/PublicationsView.aspx?id=23605
West Bengal,2005,2005,58575.0,t156_credit,Table 156: State-wise Credit by Scheduled Commercial Banks,https://www.rbi.org.in/Scripts/PublicationsView.aspx?id=23605
West Bengal,2006,2006,70940.0,t156_credit,Table 156: State-wise Credit by Scheduled Commercial Banks,https://www.rbi.org.in/Scripts/PublicationsView.aspx?id=23605
West Bengal,2007,2007,97704.0,t156_credit,Table 156: State-wise Credit by Scheduled Commercial Banks,https://www.rbi.org.in/Scripts/PublicationsView.aspx?id=23605
West Bengal,2008,2008,118999.0,t156_credit,Table 156: State-wise Credit by Scheduled Commercial Banks,https://www.rbi.org.in/Scripts/PublicationsView.aspx?id=23605
West Bengal,2009,2009,138766.0,t156_credit,Table 156: State-wise Credit by Scheduled Commercial Banks,https://www.rbi.org.in/Scripts/PublicationsView.aspx?id=23605
West Bengal,2010,2010,169951.0,t156_credit,Table 156: State-wise Credit by Scheduled Commercial Banks,https://www.rbi.org.in/Scripts/PublicationsView.aspx?id=23605
West Bengal,2011,2011,200114.0,t156_credit,Table 156: State-wise Credit by Scheduled Commercial Banks,https://www.rbi.org.in/Scripts/PublicationsView.aspx?id=23605
West Bengal,2012,2012,238759.0,t156_credit,Table 156: State-wise Credit by Scheduled Commercial Banks,https://www.rbi.org.in/Scripts/PublicationsView.aspx?id=23605
West Bengal,2013,2013,270101.0,t156_credit,Table 156: State-wise Credit by Scheduled Commercial Banks,https://www.rbi.org.in/Scripts/PublicationsView.aspx?id=23605
West Bengal,2014,2014,295914.0,t156_credit,Table 156: State-wise Credit by Scheduled Commercial Banks,https://www.rbi.org.in/Scripts/PublicationsView.aspx?id=23605
Chhattisgarh,2004,2004,5849.0,t156_credit,Table 156: State-wise Credit by Scheduled Commercial Banks,https://www.rbi.org.in/Scripts/PublicationsView.aspx?id=23605
Chhattisgarh,2005,2005,7211.0,t156_credit,Table 156: State-wise Credit by Scheduled Commercial Banks,https://www.rbi.org.in/Scripts/PublicationsView.aspx?id=23605
Chhattisgarh,2006,2006,9365.0,t156_credit,Table 156: State-wise Credit by Scheduled Commercial Banks,https://www.rbi.org.in/Scripts/PublicationsView.aspx?id=23605
Chhattisgarh,2007,2007,12195.0,t156_credit,Table 156: State-wise Credit by Scheduled Commercial Banks,https://www.rbi.org.in/Scripts/PublicationsView.aspx?id=23605
Chhattisgarh,2008,2008,15444.0,t156_credit,Table 156: State-wise Credit by Scheduled Commercial Banks,https://www.rbi.org.in/Scripts/PublicationsView.aspx?id=23605
Chhattisgarh,2009,2009,18141.0,t156_credit,Table 156: State-wise Credit by Scheduled Commercial Banks,https://www.rbi.org.in/Scripts/PublicationsView.aspx?id=23605
Chhattisgarh,2010,2010,24976.0,t156_credit,Table 156: State-wise Credit by Scheduled Commercial Banks,https://www.rbi.org.in/Scripts/PublicationsView.aspx?id=23605
Chhattisgarh,2011,2011,29742.0,t156_credit,Table 156: State-wise Credit by Scheduled Commercial Banks,https://www.rbi.org.in/Scripts/PublicationsView.aspx?id=23605
Chhattisgarh,2012,2012,36634.0,t156_credit,Table 156: State-wise Credit by Scheduled Commercial Banks,https://www.rbi.org.in/Scripts/PublicationsView.aspx?id=23605
Chhattisgarh,2013,2013,44597.0,t156_credit,Table 156: State-wise Credit by Scheduled Commercial Banks,https://www.rbi.org.in/Scripts/PublicationsView.aspx?id=23605
Chhattisgarh,2014,2014,52617.0,t156_credit,Table 156: State-wise Credit by Scheduled Commercial Banks,https://www.rbi.org.in/Scripts/PublicationsView.aspx?id=23605
Madhya Pradesh,2004,2004,20656.0,t156_credit,Table 156: State-wise Credit by Scheduled Commercial Banks,https://www.rbi.org.in/Scripts/PublicationsView.aspx?id=23605
Madhya Pradesh,2005,2005,26209.0,t156_credit,Table 156: State-wise Credit by Scheduled Commercial Banks,https://www.rbi.org.in/Scripts/PublicationsView.aspx?id=23605
Madhya Pradesh,2006,2006,33603.0,t156_credit,Table 156: State-wise Credit by Scheduled Commercial Banks,https://www.rbi.org.in/Scripts/PublicationsView.aspx?id=23605
Madhya Pradesh,2007,2007,40508.0,t156_credit,Table 156: State-wise Credit by Scheduled Commercial Banks,https://www.rbi.org.in/Scripts/PublicationsView.aspx?id=23605
Madhya Pradesh,2008,2008,48945.0,t156_credit,Table 156: State-wise Credit by Scheduled Commercial Banks,https://www.rbi.org.in/Scripts/PublicationsView.aspx?id=23605
Madhya Pradesh,2009,2009,57527.0,t156_credit,Table 156: State-wise Credit by Scheduled Commercial Banks,https://www.rbi.org.in/Scripts/PublicationsView.aspx?id=23605
Madhya Pradesh,2010,2010,71617.0,t156_credit,Table 156: State-wise Credit by Scheduled Commercial Banks,https://www.rbi.org.in/Scripts/PublicationsView.aspx?id=23605
Madhya Pradesh,2011,2011,76800.0,t156_credit,Table 156: State-wise Credit by Scheduled Commercial Banks,https://www.rbi.org.in/Scripts/PublicationsView.aspx?id=23605
Madhya Pradesh,2012,2012,94522.0,t156_credit,Table 156: State-wise Credit by Scheduled Commercial Banks,https://www.rbi.org.in/Scripts/PublicationsView.aspx?id=23605
Madhya Pradesh,2013,2013,115667.0,t156_credit,Table 156: State-wise Credit by Scheduled Commercial Banks,https://www.rbi.org.in/Scripts/PublicationsView.aspx?id=23605
Madhya Pradesh,2014,2014,135788.0,t156_credit,Table 156: State-wise Credit by Scheduled Commercial Banks,https://www.rbi.org.in/Scripts/PublicationsView.aspx?id=23605
Uttarakhand,2004,2004,3770.0,t156_credit,Table 156: State-wise Credit by Scheduled Commercial Banks,https://www.rbi.org.in/Scripts/PublicationsView.aspx?id=23605
Uttarakhand,2005,2005,4782.0,t156_credit,Table 156: State-wise Credit by Scheduled Commercial Banks,https://www.rbi.org.in/Scripts/PublicationsView.aspx?id=23605
Uttarakhand,2006,2006,6090.0,t156_credit,Table 156: State-wise Credit by Scheduled Commercial Banks,https://www.rbi.org.in/Scripts/PublicationsView.aspx?id=23605
Uttarakhand,2007,2007,7856.0,t156_credit,Table 156: State-wise Credit by Scheduled Commercial Banks,https://www.rbi.org.in/Scripts/PublicationsView.aspx?id=23605
Uttarakhand,2008,2008,9608.0,t156_credit,Table 156: State-wise Credit by Scheduled Commercial Banks,https://www.rbi.org.in/Scripts/PublicationsView.aspx?id=23605
Uttarakhand,2009,2009,11349.0,t156_credit,Table 156: State-wise Credit by Scheduled Commercial Banks,https://www.rbi.org.in/Scripts/PublicationsView.aspx?id=23605
Uttarakhand,2010,2010,14163.0,t156_credit,Table 156: State-wise Credit by Scheduled Commercial Banks,https://www.rbi.org.in/Scripts/PublicationsView.aspx?id=23605
Uttarakhand,2011,2011,17229.0,t156_credit,Table 156: State-wise Credit by Scheduled Commercial Banks,https://www.rbi.org.in/Scripts/PublicationsView.aspx?id=23605
Uttarakhand,2012,2012,20064.0,t156_credit,Table 156: State-wise Credit by Scheduled Commercial Banks,https://www.rbi.org.in/Scripts/PublicationsView.aspx?id=23605
Uttarakhand,2013,2013,22966.0,t156_credit,Table 156: State-wise Credit by Scheduled Commercial Banks,https://www.rbi.org.in/Scripts/PublicationsView.aspx?id=23605
Uttarakhand,2014,2014,27094.0,t156_credit,Table 156: State-wise Credit by Scheduled Commercial Banks,https://www.rbi.org.in/Scripts/PublicationsView.aspx?id=23605
Uttar Pradesh,2004,2004,39619.0,t156_credit,Table 156: State-wise Credit by Scheduled Commercial Banks,https://www.rbi.org.in/Scripts/PublicationsView.aspx?id=23605
Uttar Pradesh,2005,2005,51345.0,t156_credit,Table 156: State-wise Credit by Scheduled Commercial Banks,https://www.rbi.org.in/Scripts/PublicationsView.aspx?id=23605
Uttar Pradesh,2006,2006,62585.0,t156_credit,Table 156: State-wise Credit by Scheduled Commercial Banks,https://www.rbi.org.in/Scripts/PublicationsView.aspx?id=23605
Uttar Pradesh,2007,2007,82024.0,t156_credit,Table 156: State-wise Credit by Scheduled Commercial Banks,https://www.rbi.org.in/Scripts/PublicationsView.aspx?id=23605
Uttar Pradesh,2008,2008,93794.0,t156_credit,Table 156: State-wise Credit by Scheduled Commercial Banks,https://www.rbi.org.in/Scripts/PublicationsView.aspx?id=23605
Uttar Pradesh,2009,2009,111116.0,t156_credit,Table 156: State-wise Credit by Scheduled Commercial Banks,https://www.rbi.org.in/Scripts/PublicationsView.aspx?id=23605
Uttar Pradesh,2010,2010,135129.0,t156_credit,Table 156: State-wise Credit by Scheduled Commercial Banks,https://www.rbi.org.in/Scripts/PublicationsView.aspx?id=23605
Uttar Pradesh,2011,2011,163289.0,t156_credit,Table 156: State-wise Credit by Scheduled Commercial Banks,https://www.rbi.org.in/Scripts/PublicationsView.aspx?id=23605
Uttar Pradesh,2012,2012,189721.0,t156_credit,Table 156: State-wise Credit by Scheduled Commercial Banks,https://www.rbi.org.in/Scripts/PublicationsView.aspx?id=23605
Uttar Pradesh,2013,2013,225169.0,t156_credit,Table 156: State-wise Credit by Scheduled Commercial Banks,https://www.rbi.org.in/Scripts/PublicationsView.aspx?id=23605
Uttar Pradesh,2014,2014,266630.0,t156_credit,Table 156: State-wise Credit by Scheduled Commercial Banks,https://www.rbi.org.in/Scripts/PublicationsView.aspx?id=23605
Dadra & Nagar Haveli,2004,2004,51.0,t156_credit,Table 156: State-wise Credit by Scheduled Commercial Banks,https://www.rbi.org.in/Scripts/PublicationsView.aspx?id=23605
Dadra & Nagar Haveli,2005,2005,127.0,t156_credit,Table 156: State-wise Credit by Scheduled Commercial Banks,https://www.rbi.org.in/Scripts/PublicationsView.aspx?id=23605
Dadra & Nagar Haveli,2006,2006,215.0,t156_credit,Table 156: State-wise Credit by Scheduled Commercial Banks,https://www.rbi.org.in/Scripts/PublicationsView.aspx?id=23605
Dadra & Nagar Haveli,2007,2007,104.0,t156_credit,Table 156: State-wise Credit by Scheduled Commercial Banks,https://www.rbi.org.in/Scripts/PublicationsView.aspx?id=23605
Dadra & Nagar Haveli,2008,2008,149.0,t156_credit,Table 156: State-wise Credit by Scheduled Commercial Banks,https://www.rbi.org.in/Scripts/PublicationsView.aspx?id=23605
Dadra & Nagar Haveli,2009,2009,141.0,t156_credit,Table 156: State-wise Credit by Scheduled Commercial Banks,https://www.rbi.org.in/Scripts/PublicationsView.aspx?id=23605
Dadra & Nagar Haveli,2010,2010,578.0,t156_credit,Table 156: State-wise Credit by Scheduled Commercial Banks,https://www.rbi.org.in/Scripts/PublicationsView.aspx?id=23605
Dadra & Nagar Haveli,2011,2011,431.0,t156_credit,Table 156: State-wise Credit by Scheduled Commercial Banks,https://www.rbi.org.in/Scripts/PublicationsView.aspx?id=23605
Dadra & Nagar Haveli,2012,2012,479.0,t156_credit,Table 156: State-wise Credit by Scheduled Commercial Banks,https://www.rbi.org.in/Scripts/PublicationsView.aspx?id=23605
Dadra & Nagar Haveli,2013,2013,732.0,t156_credit,Table 156: State-wise Credit by Scheduled Commercial Banks,https://www.rbi.org.in/Scripts/PublicationsView.aspx?id=23605
Dadra & Nagar Haveli,2014,2014,919.0,t156_credit,Table 156: State-wise Credit by Scheduled Commercial Banks,https://www.rbi.org.in/Scripts/PublicationsView.aspx?id=23605
Daman & Diu,2004,2004,77.0,t156_credit,Table 156: State-wise Credit by Scheduled Commercial Banks,https://www.rbi.org.in/Scripts/PublicationsView.aspx?id=23605
Daman & Diu,2005,2005,86.0,t156_credit,Table 156: State-wise Credit by Scheduled Commercial Banks,https://www.rbi.org.in/Scripts/PublicationsView.aspx?id=23605
Daman & Diu,2006,2006,90.0,t156_credit,Table 156: State-wise Credit by Scheduled Commercial Banks,https://www.rbi.org.in/Scripts/PublicationsView.aspx?id=23605
Daman & Diu,2007,2007,150.0,t156_credit,Table 156: State-wise Credit by Scheduled Commercial Banks,https://www.rbi.org.in/Scripts/PublicationsView.aspx?id=23605
Daman & Diu,2008,2008,165.0,t156_credit,Table 156: State-wise Credit by Scheduled Commercial Banks,https://www.rbi.org.in/Scripts/PublicationsView.aspx?id=23605
Daman & Diu,2009,2009,242.0,t156_credit,Table 156: State-wise Credit by Scheduled Commercial Banks,https://www.rbi.org.in/Scripts/PublicationsView.aspx?id=23605
Daman & Diu,2010,2010,291.0,t156_credit,Table 156: State-wise Credit by Scheduled Commercial Banks,https://www.rbi.org.in/Scripts/PublicationsView.aspx?id=23605
Daman & Diu,2011,2011,353.0,t156_credit,Table 156: State-wise Credit by Scheduled Commercial Banks,https://www.rbi.org.in/Scripts/PublicationsView.aspx?id=23605
Daman & Diu,2012,2012,357.0,t156_credit,Table 156: State-wise Credit by Scheduled Commercial Banks,https://www.rbi.org.in/Scripts/PublicationsView.aspx?id=23605
Daman & Diu,2013,2013,505.0,t156_credit,Table 156: State-wise Credit by Scheduled Commercial Banks,https://www.rbi.org.in/Scripts/PublicationsView.aspx?id=23605
Daman & Diu,2014,2014,652.0,t156_credit,Table 156: State-wise Credit by Scheduled Commercial Banks,https://www.rbi.org.in/Scripts/PublicationsView.aspx?id=23605
Goa,2004,2004,2281.0,t156_credit,Table 156: State-wise Credit by Scheduled Commercial Banks,https://www.rbi.org.in/Scripts/PublicationsView.aspx?id=23605
Goa,2005,2005,2916.0,t156_credit,Table 156: State-wise Credit by Scheduled Commercial Banks,https://www.rbi.org.in/Scripts/PublicationsView.aspx?id=23605
Goa,2006,2006,3690.0,t156_credit,Table 156: State-wise Credit by Scheduled Commercial Banks,https://www.rbi.org.in/Scripts/PublicationsView.aspx?id=23605
Goa,2007,2007,4602.0,t156_credit,Table 156: State-wise Credit by Scheduled Commercial Banks,https://www.rbi.org.in/Scripts/PublicationsView.aspx?id=23605
Goa,2008,2008,5460.0,t156_credit,Table 156: State-wise Credit by Scheduled Commercial Banks,https://www.rbi.org.in/Scripts/PublicationsView.aspx?id=23605
Goa,2009,2009,6312.0,t156_credit,Table 156: State-wise Credit by Scheduled Commercial Banks,https://www.rbi.org.in/Scripts/PublicationsView.aspx?id=23605
Goa,2010,2010,7729.0,t156_credit,Table 156: State-wise Credit by Scheduled Commercial Banks,https://www.rbi.org.in/Scripts/PublicationsView.aspx?id=23605
Goa,2011,2011,9201.0,t156_credit,Table 156: State-wise Credit by Scheduled Commercial Banks,https://www.rbi.org.in/Scripts/PublicationsView.aspx?id=23605
Goa,2012,2012,10241.0,t156_credit,Table 156: State-wise Credit by Scheduled Commercial Banks,https://www.rbi.org.in/Scripts/PublicationsView.aspx?id=23605
Goa,2013,2013,11470.0,t156_credit,Table 156: State-wise Credit by Scheduled Commercial Banks,https://www.rbi.org.in/Scripts/PublicationsView.aspx?id=23605
Goa,2014,2014,12939.0,t156_credit,Table 156: State-wise Credit by Scheduled Commercial Banks,https://www.rbi.org.in/Scripts/PublicationsView.aspx?id=23605
Gujarat,2004,2004,35713.0,t156_credit,Table 156: State-wise Credit by Scheduled Commercial Banks,https://www.rbi.org.in/Scripts/PublicationsView.aspx?id=23605
Gujarat,2005,2005,45390.0,t156_credit,Table 156: State-wise Credit by Scheduled Commercial Banks,https://www.rbi.org.in/Scripts/PublicationsView.aspx?id=23605
Gujarat,2006,2006,58462.0,t156_credit,Table 156: State-wise Credit by Scheduled Commercial Banks,https://www.rbi.org.in/Scripts/PublicationsView.aspx?id=23605
Gujarat,2007,2007,76404.0,t156_credit,Table 156: State-wise Credit by Scheduled Commercial Banks,https://www.rbi.org.in/Scripts/PublicationsView.aspx?id=23605
Gujarat,2008,2008,100195.0,t156_credit,Table 156: State-wise Credit by Scheduled Commercial Banks,https://www.rbi.org.in/Scripts/PublicationsView.aspx?id=23605
Gujarat,2009,2009,119008.0,t156_credit,Table 156: State-wise Credit by Scheduled Commercial Banks,https://www.rbi.org.in/Scripts/PublicationsView.aspx?id=23605
Gujarat,2010,2010,140498.0,t156_credit,Table 156: State-wise Credit by Scheduled Commercial Banks,https://www.rbi.org.in/Scripts/PublicationsView.aspx?id=23605
Gujarat,2011,2011,171748.0,t156_credit,Table 156: State-wise Credit by Scheduled Commercial Banks,https://www.rbi.org.in/Scripts/PublicationsView.aspx?id=23605
Gujarat,2012,2012,213421.0,t156_credit,Table 156: State-wise Credit by Scheduled Commercial Banks,https://www.rbi.org.in/Scripts/PublicationsView.aspx?id=23605
Gujarat,2013,2013,261277.0,t156_credit,Table 156: State-wise Credit by Scheduled Commercial Banks,https://www.rbi.org.in/Scripts/PublicationsView.aspx?id=23605
Gujarat,2014,2014,309819.0,t156_credit,Table 156: State-wise Credit by Scheduled Commercial Banks,https://www.rbi.org.in/Scripts/PublicationsView.aspx?id=23605
Maharashtra,2004,2004,260323.0,t156_credit,Table 156: State-wise Credit by Scheduled Commercial Banks,https://www.rbi.org.in/Scripts/PublicationsView.aspx?id=23605
Maharashtra,2005,2005,362771.0,t156_credit,Table 156: State-wise Credit by Scheduled Commercial Banks,https://www.rbi.org.in/Scripts/PublicationsView.aspx?id=23605
Maharashtra,2006,2006,496908.0,t156_credit,Table 156: State-wise Credit by Scheduled Commercial Banks,https://www.rbi.org.in/Scripts/PublicationsView.aspx?id=23605
Maharashtra,2007,2007,633785.0,t156_credit,Table 156: State-wise Credit by Scheduled Commercial Banks,https://www.rbi.org.in/Scripts/PublicationsView.aspx?id=23605
Maharashtra,2008,2008,810003.0,t156_credit,Table 156: State-wise Credit by Scheduled Commercial Banks,https://www.rbi.org.in/Scripts/PublicationsView.aspx?id=23605
Maharashtra,2009,2009,910390.0,t156_credit,Table 156: State-wise Credit by Scheduled Commercial Banks,https://www.rbi.org.in/Scripts/PublicationsView.aspx?id=23605
Maharashtra,2010,2010,996860.0,t156_credit,Table 156: State-wise Credit by Scheduled Commercial Banks,https://www.rbi.org.in/Scripts/PublicationsView.aspx?id=23605
Maharashtra,2011,2011,1206599.0,t156_credit,Table 156: State-wise Credit by Scheduled Commercial Banks,https://www.rbi.org.in/Scripts/PublicationsView.aspx?id=23605
Maharashtra,2012,2012,1404674.0,t156_credit,Table 156: State-wise Credit by Scheduled Commercial Banks,https://www.rbi.org.in/Scripts/PublicationsView.aspx?id=23605
Maharashtra,2013,2013,1590860.0,t156_credit,Table 156: State-wise Credit by Scheduled Commercial Banks,https://www.rbi.org.in/Scripts/PublicationsView.aspx?id=23605
Maharashtra,2014,2014,1821186.0,t156_credit,Table 156: State-wise Credit by Scheduled Commercial Banks,https://www.rbi.org.in/Scripts/PublicationsView.aspx?id=23605
Andhra Pradesh,2004,2004,55851.0,t156_credit,Table 156: State-wise Credit by Scheduled Commercial Banks,https://www.rbi.org.in/Scripts/PublicationsView.aspx?id=23605
Andhra Pradesh,2005,2005,73462.0,t156_credit,Table 156: State-wise Credit by Scheduled Commercial Banks,https://www.rbi.org.in/Scripts/PublicationsView.aspx?id=23605
Andhra Pradesh,2006,2006,95337.0,t156_credit,Table 156: State-wise Credit by Scheduled Commercial Banks,https://www.rbi.org.in/Scripts/PublicationsView.aspx?id=23605
Andhra Pradesh,2007,2007,123320.0,t156_credit,Table 156: State-wise Credit by Scheduled Commercial Banks,https://www.rbi.org.in/Scripts/PublicationsView.aspx?id=23605
Andhra Pradesh,2008,2008,161553.0,t156_credit,Table 156: State-wise Credit by Scheduled Commercial Banks,https://www.rbi.org.in/Scripts/PublicationsView.aspx?id=23605
Andhra Pradesh,2009,2009,210385.0,t156_credit,Table 156: State-wise Credit by Scheduled Commercial Banks,https://www.rbi.org.in/Scripts/PublicationsView.aspx?id=23605
Andhra Pradesh,2010,2010,262085.0,t156_credit,Table 156: State-wise Credit by Scheduled Commercial Banks,https://www.rbi.org.in/Scripts/PublicationsView.aspx?id=23605
Andhra Pradesh,2011,2011,321243.0,t156_credit,Table 156: State-wise Credit by Scheduled Commercial Banks,https://www.rbi.org.in/Scripts/PublicationsView.aspx?id=23605
Andhra Pradesh,2012,2012,384212.0,t156_credit,Table 156: State-wise Credit by Scheduled Commercial Banks,https://www.rbi.org.in/Scripts/PublicationsView.aspx?id=23605
Andhra Pradesh,2013,2013,440659.0,t156_credit,Table 156: State-wise Credit by Scheduled Commercial Banks,https://www.rbi.org.in/Scripts/PublicationsView.aspx?id=23605
Andhra Pradesh,2014,2014,490843.0,t156_credit,Table 156: State-wise Credit by Scheduled Commercial Banks,https://www.rbi.org.in/Scripts/PublicationsView.aspx?id=23605
Karnataka,2004,2004,59139.0,t156_credit,Table 156: State-wise Credit by Scheduled Commercial Banks,https://www.rbi.org.in/Scripts/PublicationsView.aspx?id=23605
Karnataka,2005,2005,79461.0,t156_credit,Table 156: State-wise Credit by Scheduled Commercial Banks,https://www.rbi.org.in/Scripts/PublicationsView.aspx?id=23605
Karnataka,2006,2006,101258.0,t156_credit,Table 156: State-wise Credit by Scheduled Commercial Banks,https://www.rbi.org.in/Scripts/PublicationsView.aspx?id=23605
Karnataka,2007,2007,130686.0,t156_credit,Table 156: State-wise Credit by Scheduled Commercial Banks,https://www.rbi.org.in/Scripts/PublicationsView.aspx?id=23605
Karnataka,2008,2008,163789.0,t156_credit,Table 156: State-wise Credit by Scheduled Commercial Banks,https://www.rbi.org.in/Scripts/PublicationsView.aspx?id=23605
Karnataka,2009,2009,198204.0,t156_credit,Table 156: State-wise Credit by Scheduled Commercial Banks,https://www.rbi.org.in/Scripts/PublicationsView.aspx?id=23605
Karnataka,2010,2010,224825.0,t156_credit,Table 156: State-wise Credit by Scheduled Commercial Banks,https://www.rbi.org.in/Scripts/PublicationsView.aspx?id=23605
Karnataka,2011,2011,252570.0,t156_credit,Table 156: State-wise Credit by Scheduled Commercial Banks,https://www.rbi.org.in/Scripts/PublicationsView.aspx?id=23605
Karnataka,2012,2012,292796.0,t156_credit,Table 156: State-wise Credit by Scheduled Commercial Banks,https://www.rbi.org.in/Scripts/PublicationsView.aspx?id=23605
Karnataka,2013,2013,332328.0,t156_credit,Table 156: State-wise Credit by Scheduled Commercial Banks,https://www.rbi.org.in/Scripts/PublicationsView.aspx?id=23605
Karnataka,2014,2014,381438.0,t156_credit,Table 156: State-wise Credit by Scheduled Commercial Banks,https://www.rbi.org.in/Scripts/PublicationsView.aspx?id=23605
Kerala,2004,2004,30974.0,t156_credit,Table 156: State-wise Credit by Scheduled Commercial Banks,https://www.rbi.org.in/Scripts/PublicationsView.aspx?id=23605
Kerala,2005,2005,37737.0,t156_credit,Table 156: State-wise Credit by Scheduled Commercial Banks,https://www.rbi.org.in/Scripts/PublicationsView.aspx?id=23605
Kerala,2006,2006,49391.0,t156_credit,Table 156: State-wise Credit by Scheduled Commercial Banks,https://www.rbi.org.in/Scripts/PublicationsView.aspx?id=23605
Kerala,2007,2007,58251.0,t156_credit,Table 156: State-wise Credit by Scheduled Commercial Banks,https://www.rbi.org.in/Scripts/PublicationsView.aspx?id=23605
Kerala,2008,2008,69689.0,t156_credit,Table 156: State-wise Credit by Scheduled Commercial Banks,https://www.rbi.org.in/Scripts/PublicationsView.aspx?id=23605
Kerala,2009,2009,80714.0,t156_credit,Table 156: State-wise Credit by Scheduled Commercial Banks,https://www.rbi.org.in/Scripts/PublicationsView.aspx?id=23605
Kerala,2010,2010,96011.0,t156_credit,Table 156: State-wise Credit by Scheduled Commercial Banks,https://www.rbi.org.in/Scripts/PublicationsView.aspx?id=23605
Kerala,2011,2011,125004.0,t156_credit,Table 156: State-wise Credit by Scheduled Commercial Banks,https://www.rbi.org.in/Scripts/PublicationsView.aspx?id=23605
Kerala,2012,2012,153168.0,t156_credit,Table 156: State-wise Credit by Scheduled Commercial Banks,https://www.rbi.org.in/Scripts/PublicationsView.aspx?id=23605
Kerala,2013,2013,173089.0,t156_credit,Table 156: State-wise Credit by Scheduled Commercial Banks,https://www.rbi.org.in/Scripts/PublicationsView.aspx?id=23605
Kerala,2014,2014,190557.0,t156_credit,Table 156: State-wise Credit by Scheduled Commercial Banks,https://www.rbi.org.in/Scripts/PublicationsView.aspx?id=23605
Lakshadweep,2004,2004,8.0,t156_credit,Table 156: State-wise Credit by Scheduled Commercial Banks,https://www.rbi.org.in/Scripts/PublicationsView.aspx?id=23605
Lakshadweep,2005,2005,9.0,t156_credit,Table 156: State-wise Credit by Scheduled Commercial Banks,https://www.rbi.org.in/Scripts/PublicationsView.aspx?id=23605
Lakshadweep,2006,2006,15.0,t156_credit,Table 156: State-wise Credit by Scheduled Commercial Banks,https://www.rbi.org.in/Scripts/PublicationsView.aspx?id=23605
Lakshadweep,2007,2007,21.0,t156_credit,Table 156: State-wise Credit by Scheduled Commercial Banks,https://www.rbi.org.in/Scripts/PublicationsView.aspx?id=23605
Lakshadweep,2008,2008,25.0,t156_credit,Table 156: State-wise Credit by Scheduled Commercial Banks,https://www.rbi.org.in/Scripts/PublicationsView.aspx?id=23605
Lakshadweep,2009,2009,26.0,t156_credit,Table 156: State-wise Credit by Scheduled Commercial Banks,https://www.rbi.org.in/Scripts/PublicationsView.aspx?id=23605
Lakshadweep,2010,2010,31.0,t156_credit,Table 156: State-wise Credit by Scheduled Commercial Banks,https://www.rbi.org.in/Scripts/PublicationsView.aspx?id=23605
Lakshadweep,2011,2011,46.0,t156_credit,Table 156: State-wise Credit by Scheduled Commercial Banks,https://www.rbi.org.in/Scripts/PublicationsView.aspx?id=23605
Lakshadweep,2012,2012,55.0,t156_credit,Table 156: State-wise Credit by Scheduled Commercial Banks,https://www.rbi.org.in/Scripts/PublicationsView.aspx?id=23605
Lakshadweep,2013,2013,61.0,t156_credit,Table 156: State-wise Credit by Scheduled Commercial Banks,https://www.rbi.org.in/Scripts/PublicationsView.aspx?id=23605
Lakshadweep,2014,2014,61.0,t156_credit,Table 156: State-wise Credit by Scheduled Commercial Banks,https://www.rbi.org.in/Scripts/PublicationsView.aspx?id=23605
Puducherry,2004,2004,847.0,t156_credit,Table 156: State-wise Credit by Scheduled Commercial Banks,https://www.rbi.org.in/Scripts/PublicationsView.aspx?id=23605
Puducherry,2005,2005,1076.0,t156_credit,Table 156: State-wise Credit by Scheduled Commercial Banks,https://www.rbi.org.in/Scripts/PublicationsView.aspx?id=23605
Puducherry,2006,2006,1433.0,t156_credit,Table 156: State-wise Credit by Scheduled Commercial Banks,https://www.rbi.org.in/Scripts/PublicationsView.aspx?id=23605
Puducherry,2007,2007,1876.0,t156_credit,Table 156: State-wise Credit by Scheduled Commercial Banks,https://www.rbi.org.in/Scripts/PublicationsView.aspx?id=23605
Puducherry,2008,2008,2309.0,t156_credit,Table 156: State-wise Credit by Scheduled Commercial Banks,https://www.rbi.org.in/Scripts/PublicationsView.aspx?id=23605
Puducherry,2009,2009,2807.0,t156_credit,Table 156: State-wise Credit by Scheduled Commercial Banks,https://www.rbi.org.in/Scripts/PublicationsView.aspx?id=23605
Puducherry,2010,2010,3499.0,t156_credit,Table 156: State-wise Credit by Scheduled Commercial Banks,https://www.rbi.org.in/Scripts/PublicationsView.aspx?id=23605
Puducherry,2011,2011,4317.0,t156_credit,Table 156: State-wise Credit by Scheduled Commercial Banks,https://www.rbi.org.in/Scripts/PublicationsView.aspx?id=23605
Puducherry,2012,2012,5517.0,t156_credit,Table 156: State-wise Credit by Scheduled Commercial Banks,https://www.rbi.org.in/Scripts/PublicationsView.aspx?id=23605
Puducherry,2013,2013,6859.0,t156_credit,Table 156: State-wise Credit by Scheduled Commercial Banks,https://www.rbi.org.in/Scripts/PublicationsView.aspx?id=23605
Puducherry,2014,2014,7314.0,t156_credit,Table 156: State-wise Credit by Scheduled Commercial Banks,https://www.rbi.org.in/Scripts/PublicationsView.aspx?id=23605
Tamil Nadu,2004,2004,90640.0,t156_credit,Table 156: State-wise Credit by Scheduled Commercial Banks,https://www.rbi.org.in/Scripts/PublicationsView.aspx?id=23605
Tamil Nadu,2005,2005,110852.0,t156_credit,Table 156: State-wise Credit by Scheduled Commercial Banks,https://www.rbi.org.in/Scripts/PublicationsView.aspx?id=23605
Tamil Nadu,2006,2006,146613.0,t156_credit,Table 156: State-wise Credit by Scheduled Commercial Banks,https://www.rbi.org.in/Scripts/PublicationsView.aspx?id=23605
Tamil Nadu,2007,2007,185921.0,t156_credit,Table 156: State-wise Credit by Scheduled Commercial Banks,https://www.rbi.org.in/Scripts/PublicationsView.aspx?id=23605
Tamil Nadu,2008,2008,227686.0,t156_credit,Table 156: State-wise Credit by Scheduled Commercial Banks,https://www.rbi.org.in/Scripts/PublicationsView.aspx?id=23605
Tamil Nadu,2009,2009,265325.0,t156_credit,Table 156: State-wise Credit by Scheduled Commercial Banks,https://www.rbi.org.in/Scripts/PublicationsView.aspx?id=23605
Tamil Nadu,2010,2010,322894.0,t156_credit,Table 156: State-wise Credit by Scheduled Commercial Banks,https://www.rbi.org.in/Scripts/PublicationsView.aspx?id=23605
Tamil Nadu,2011,2011,394066.0,t156_credit,Table 156: State-wise Credit by Scheduled Commercial Banks,https://www.rbi.org.in/Scripts/PublicationsView.aspx?id=23605
Tamil Nadu,2012,2012,466218.0,t156_credit,Table 156: State-wise Credit by Scheduled Commercial Banks,https://www.rbi.org.in/Scripts/PublicationsView.aspx?id=23605
Tamil Nadu,2013,2013,549344.0,t156_credit,Table 156: State-wise Credit by Scheduled Commercial Banks,https://www.rbi.org.in/Scripts/PublicationsView.aspx?id=23605
Tamil Nadu,2014,2014,608742.0,t156_credit,Table 156: State-wise Credit by Scheduled Commercial Banks,https://www.rbi.org.in/Scripts/PublicationsView.aspx?id=23605
Telangana,2004,2004,,t156_credit,Table 156: State-wise Credit by Scheduled Commercial Banks,https://www.rbi.org.in/Scripts/PublicationsView.aspx?id=23605
Telangana,2005,2005,,t156_credit,Table 156: State-wise Credit by Scheduled Commercial Banks,https://www.rbi.org.in/Scripts/PublicationsView.aspx?id=23605
Telangana,2006,2006,,t156_credit,Table 156: State-wise Credit by Scheduled Commercial Banks,https://www.rbi.org.in/Scripts/PublicationsView.aspx?id=23605
Telangana,2007,2007,,t156_credit,Table 156: State-wise Credit by Scheduled Commercial Banks,https://www.rbi.org.in/Scripts/PublicationsView.aspx?id=23605
Telangana,2008,2008,,t156_credit,Table 156: State-wise Credit by Scheduled Commercial Banks,https://www.rbi.org.in/Scripts/PublicationsView.aspx?id=23605
Telangana,2009,2009,,t156_credit,Table 156: State-wise Credit by Scheduled Commercial Banks,https://www.rbi.org.in/Scripts/PublicationsView.aspx?id=23605
Telangana,2010,2010,,t156_credit,Table 156: State-wise Credit by Scheduled Commercial Banks,https://www.rbi.org.in/Scripts/PublicationsView.aspx?id=23605
Telangana,2011,2011,,t156_credit,Table 156: State-wise Credit by Scheduled Commercial Banks,https://www.rbi.org.in/Scripts/PublicationsView.aspx?id=23605
Telangana,2012,2012,,t156_credit,Table 156: State-wise Credit by Scheduled Commercial Banks,https://www.rbi.org.in/Scripts/PublicationsView.aspx?id=23605
Telangana,2013,2013,,t156_credit,Table 156: State-wise Credit by Scheduled Commercial Banks,https://www.rbi.org.in/Scripts/PublicationsView.aspx?id=23605
Telangana,2014,2014,,t156_credit,Table 156: State-wise Credit by Scheduled Commercial Banks,https://www.rbi.org.in/Scripts/PublicationsView.aspx?id=23605
Chandigarh,2015,2015,58699.0,t156_credit,Table 156: State-wise Credit by Scheduled Commercial Banks,https://www.rbi.org.in/Scripts/PublicationsView.aspx?id=23605
Chandigarh,2016,2016,54458.0,t156_credit,Table 156: State-wise Credit by Scheduled Commercial Banks,https://www.rbi.org.in/Scripts/PublicationsView.aspx?id=23605
Chandigarh,2017,2017,60025.0,t156_credit,Table 156: State-wise Credit by Scheduled Commercial Banks,https://www.rbi.org.in/Scripts/PublicationsView.aspx?id=23605
Chandigarh,2018,2018,69673.0,t156_credit,Table 156: State-wise Credit by Scheduled Commercial Banks,https://www.rbi.org.in/Scripts/PublicationsView.aspx?id=23605
Chandigarh,2019,2019,77956.0,t156_credit,Table 156: State-wise Credit by Scheduled Commercial Banks,https://www.rbi.org.in/Scripts/PublicationsView.aspx?id=23605
Chandigarh,2020,2020,78002.0,t156_credit,Table 156: State-wise Credit by Scheduled Commercial Banks,https://www.rbi.org.in/Scripts/PublicationsView.aspx?id=23605
Chandigarh,2021,2021,80793.0,t156_credit,Table 156: State-wise Credit by Scheduled Commercial Banks,https://www.rbi.org.in/Scripts/PublicationsView.aspx?id=23605
Chandigarh,2022,2022,82007.0,t156_credit,Table 156: State-wise Credit by Scheduled Commercial Banks,https://www.rbi.org.in/Scripts/PublicationsView.aspx?id=23605
Chandigarh,2023,2023,77839.0,t156_credit,Table 156: State-wise Credit by Scheduled Commercial Banks,https://www.rbi.org.in/Scripts/PublicationsView.aspx?id=23605
Chandigarh,2024,2024,86601.0,t156_credit,Table 156: State-wise Credit by Scheduled Commercial Banks,https://www.rbi.org.in/Scripts/PublicationsView.aspx?id=23605
Chandigarh,2025,2025,94919.0,t156_credit,Table 156: State-wise Credit by Scheduled Commercial Banks,https://www.rbi.org.in/Scripts/PublicationsView.aspx?id=23605
Delhi,2015,2015,907347.0,t156_credit,Table 156: State-wise Credit by Scheduled Commercial Banks,https://www.rbi.org.in/Scripts/PublicationsView.aspx?id=23605
Delhi,2016,2016,970511.0,t156_credit,Table 156: State-wise Credit by Scheduled Commercial Banks,https://www.rbi.org.in/Scripts/PublicationsView.aspx?id=23605
Delhi,2017,2017,965047.0,t156_credit,Table 156: State-wise Credit by Scheduled Commercial Banks,https://www.rbi.org.in/Scripts/PublicationsView.aspx?id=23605
Delhi,2018,2018,1076998.0,t156_credit,Table 156: State-wise Credit by Scheduled Commercial Banks,https://www.rbi.org.in/Scripts/PublicationsView.aspx?id=23605
Delhi,2019,2019,1314165.0,t156_credit,Table 156: State-wise Credit by Scheduled Commercial Banks,https://www.rbi.org.in/Scripts/PublicationsView.aspx?id=23605
Delhi,2020,2020,1370412.0,t156_credit,Table 156: State-wise Credit by Scheduled Commercial Banks,https://www.rbi.org.in/Scripts/PublicationsView.aspx?id=23605
Delhi,2021,2021,1353058.0,t156_credit,Table 156: State-wise Credit by Scheduled Commercial Banks,https://www.rbi.org.in/Scripts/PublicationsView.aspx?id=23605
Delhi,2022,2022,1425079.0,t156_credit,Table 156: State-wise Credit by Scheduled Commercial Banks,https://www.rbi.org.in/Scripts/PublicationsView.aspx?id=23605
Delhi,2023,2023,1535986.0,t156_credit,Table 156: State-wise Credit by Scheduled Commercial Banks,https://www.rbi.org.in/Scripts/PublicationsView.aspx?id=23605
Delhi,2024,2024,1703009.0,t156_credit,Table 156: State-wise Credit by Scheduled Commercial Banks,https://www.rbi.org.in/Scripts/PublicationsView.aspx?id=23605
Delhi,2025,2025,1823669.0,t156_credit,Table 156: State-wise Credit by Scheduled Commercial Banks,https://www.rbi.org.in/Scripts/PublicationsView.aspx?id=23605
Haryana,2015,2015,168893.0,t156_credit,Table 156: State-wise Credit by Scheduled Commercial Banks,https://www.rbi.org.in/Scripts/PublicationsView.aspx?id=23605
Haryana,2016,2016,176542.0,t156_credit,Table 156: State-wise Credit by Scheduled Commercial Banks,https://www.rbi.org.in/Scripts/PublicationsView.aspx?id=23605
Haryana,2017,2017,183071.0,t156_credit,Table 156: State-wise Credit by Scheduled Commercial Banks,https://www.rbi.org.in/Scripts/PublicationsView.aspx?id=23605
Haryana,2018,2018,214888.0,t156_credit,Table 156: State-wise Credit by Scheduled Commercial Banks,https://www.rbi.org.in/Scripts/PublicationsView.aspx?id=23605
Haryana,2019,2019,278875.0,t156_credit,Table 156: State-wise Credit by Scheduled Commercial Banks,https://www.rbi.org.in/Scripts/PublicationsView.aspx?id=23605
Haryana,2020,2020,308058.0,t156_credit,Table 156: State-wise Credit by Scheduled Commercial Banks,https://www.rbi.org.in/Scripts/PublicationsView.aspx?id=23605
Haryana,2021,2021,321936.0,t156_credit,Table 156: State-wise Credit by Scheduled Commercial Banks,https://www.rbi.org.in/Scripts/PublicationsView.aspx?id=23605
Haryana,2022,2022,372955.0,t156_credit,Table 156: State-wise Credit by Scheduled Commercial Banks,https://www.rbi.org.in/Scripts/PublicationsView.aspx?id=23605
Haryana,2023,2023,453537.0,t156_credit,Table 156: State-wise Credit by Scheduled Commercial Banks,https://www.rbi.org.in/Scripts/PublicationsView.aspx?id=23605
Haryana,2024,2024,582106.0,t156_credit,Table 156: State-wise Credit by Scheduled Commercial Banks,https://www.rbi.org.in/Scripts/PublicationsView.aspx?id=23605
Haryana,2025,2025,677485.0,t156_credit,Table 156: State-wise Credit by Scheduled Commercial Banks,https://www.rbi.org.in/Scripts/PublicationsView.aspx?id=23605
Himachal Pradesh,2015,2015,21115.0,t156_credit,Table 156: State-wise Credit by Scheduled Commercial Banks,https://www.rbi.org.in/Scripts/PublicationsView.aspx?id=23605
Himachal Pradesh,2016,2016,21800.0,t156_credit,Table 156: State-wise Credit by Scheduled Commercial Banks,https://www.rbi.org.in/Scripts/PublicationsView.aspx?id=23605
Himachal Pradesh,2017,2017,23339.0,t156_credit,Table 156: State-wise Credit by Scheduled Commercial Banks,https://www.rbi.org.in/Scripts/PublicationsView.aspx?id=23605
Himachal Pradesh,2018,2018,26373.0,t156_credit,Table 156: State-wise Credit by Scheduled Commercial Banks,https://www.rbi.org.in/Scripts/PublicationsView.aspx?id=23605
Himachal Pradesh,2019,2019,30332.0,t156_credit,Table 156: State-wise Credit by Scheduled Commercial Banks,https://www.rbi.org.in/Scripts/PublicationsView.aspx?id=23605
Himachal Pradesh,2020,2020,32327.0,t156_credit,Table 156: State-wise Credit by Scheduled Commercial Banks,https://www.rbi.org.in/Scripts/PublicationsView.aspx?id=23605
Himachal Pradesh,2021,2021,35899.0,t156_credit,Table 156: State-wise Credit by Scheduled Commercial Banks,https://www.rbi.org.in/Scripts/PublicationsView.aspx?id=23605
Himachal Pradesh,2022,2022,40942.0,t156_credit,Table 156: State-wise Credit by Scheduled Commercial Banks,https://www.rbi.org.in/Scripts/PublicationsView.aspx?id=23605
Himachal Pradesh,2023,2023,46720.0,t156_credit,Table 156: State-wise Credit by Scheduled Commercial Banks,https://www.rbi.org.in/Scripts/PublicationsView.aspx?id=23605
Himachal Pradesh,2024,2024,55274.0,t156_credit,Table 156: State-wise Credit by Scheduled Commercial Banks,https://www.rbi.org.in/Scripts/PublicationsView.aspx?id=23605
Himachal Pradesh,2025,2025,63730.0,t156_credit,Table 156: State-wise Credit by Scheduled Commercial Banks,https://www.rbi.org.in/Scripts/PublicationsView.aspx?id=23605
Jammu & Kashmir,2015,2015,31096.0,t156_credit,Table 156: State-wise Credit by Scheduled Commercial Banks,https://www.rbi.org.in/Scripts/PublicationsView.aspx?id=23605
Jammu & Kashmir,2016,2016,35485.0,t156_credit,Table 156: State-wise Credit by Scheduled Commercial Banks,https://www.rbi.org.in/Scripts/PublicationsView.aspx?id=23605
Jammu & Kashmir,2017,2017,37194.0,t156_credit,Table 156: State-wise Credit by Scheduled Commercial Banks,https://www.rbi.org.in/Scripts/PublicationsView.aspx?id=23605
Jammu & Kashmir,2018,2018,44585.0,t156_credit,Table 156: State-wise Credit by Scheduled Commercial Banks,https://www.rbi.org.in/Scripts/PublicationsView.aspx?id=23605
Jammu & Kashmir,2019,2019,54282.0,t156_credit,Table 156: State-wise Credit by Scheduled Commercial Banks,https://www.rbi.org.in/Scripts/PublicationsView.aspx?id=23605
Jammu & Kashmir,2020,2020,59202.0,t156_credit,Table 156: State-wise Credit by Scheduled Commercial Banks,https://www.rbi.org.in/Scripts/PublicationsView.aspx?id=23605
Jammu & Kashmir,2021,2021,69908.0,t156_credit,Table 156: State-wise Credit by Scheduled Commercial Banks,https://www.rbi.org.in/Scripts/PublicationsView.aspx?id=23605
Jammu & Kashmir,2022,2022,79961.0,t156_credit,Table 156: State-wise Credit by Scheduled Commercial Banks,https://www.rbi.org.in/Scripts/PublicationsView.aspx?id=23605
Jammu & Kashmir,2023,2023,92151.0,t156_credit,Table 156: State-wise Credit by Scheduled Commercial Banks,https://www.rbi.org.in/Scripts/PublicationsView.aspx?id=23605
Jammu & Kashmir,2024,2024,104613.0,t156_credit,Table 156: State-wise Credit by Scheduled Commercial Banks,https://www.rbi.org.in/Scripts/PublicationsView.aspx?id=23605
Jammu & Kashmir,2025,2025,116297.0,t156_credit,Table 156: State-wise Credit by Scheduled Commercial Banks,https://www.rbi.org.in/Scripts/PublicationsView.aspx?id=23605
Ladakh,2015,2015,,t156_credit,Table 156: State-wise Credit by Scheduled Commercial Banks,https://www.rbi.org.in/Scripts/PublicationsView.aspx?id=23605
Ladakh,2016,2016,,t156_credit,Table 156: State-wise Credit by Scheduled Commercial Banks,https://www.rbi.org.in/Scripts/PublicationsView.aspx?id=23605
Ladakh,2017,2017,,t156_credit,Table 156: State-wise Credit by Scheduled Commercial Banks,https://www.rbi.org.in/Scripts/PublicationsView.aspx?id=23605
Ladakh,2018,2018,,t156_credit,Table 156: State-wise Credit by Scheduled Commercial Banks,https://www.rbi.org.in/Scripts/PublicationsView.aspx?id=23605
Ladakh,2019,2019,,t156_credit,Table 156: State-wise Credit by Scheduled Commercial Banks,https://www.rbi.org.in/Scripts/PublicationsView.aspx?id=23605
Ladakh,2020,2020,1812.0,t156_credit,Table 156: State-wise Credit by Scheduled Commercial Banks,https://www.rbi.org.in/Scripts/PublicationsView.aspx?id=23605
Ladakh,2021,2021,2181.0,t156_credit,Table 156: State-wise Credit by Scheduled Commercial Banks,https://www.rbi.org.in/Scripts/PublicationsView.aspx?id=23605
Ladakh,2022,2022,2754.0,t156_credit,Table 156: State-wise Credit by Scheduled Commercial Banks,https://www.rbi.org.in/Scripts/PublicationsView.aspx?id=23605
Ladakh,2023,2023,3427.0,t156_credit,Table 156: State-wise Credit by Scheduled Commercial Banks,https://www.rbi.org.in/Scripts/PublicationsView.aspx?id=23605
Ladakh,2024,2024,3977.0,t156_credit,Table 156: State-wise Credit by Scheduled Commercial Banks,https://www.rbi.org.in/Scripts/PublicationsView.aspx?id=23605
Ladakh,2025,2025,4364.0,t156_credit,Table 156: State-wise Credit by Scheduled Commercial Banks,https://www.rbi.org.in/Scripts/PublicationsView.aspx?id=23605
Punjab,2015,2015,196644.0,t156_credit,Table 156: State-wise Credit by Scheduled Commercial Banks,https://www.rbi.org.in/Scripts/PublicationsView.aspx?id=23605
Punjab,2016,2016,202471.0,t156_credit,Table 156: State-wise Credit by Scheduled Commercial Banks,https://www.rbi.org.in/Scripts/PublicationsView.aspx?id=23605
Punjab,2017,2017,228314.0,t156_credit,Table 156: State-wise Credit by Scheduled Commercial Banks,https://www.rbi.org.in/Scripts/PublicationsView.aspx?id=23605
Punjab,2018,2018,220941.0,t156_credit,Table 156: State-wise Credit by Scheduled Commercial Banks,https://www.rbi.org.in/Scripts/PublicationsView.aspx?id=23605
Punjab,2019,2019,236211.0,t156_credit,Table 156: State-wise Credit by Scheduled Commercial Banks,https://www.rbi.org.in/Scripts/PublicationsView.aspx?id=23605
Punjab,2020,2020,244057.0,t156_credit,Table 156: State-wise Credit by Scheduled Commercial Banks,https://www.rbi.org.in/Scripts/PublicationsView.aspx?id=23605
Punjab,2021,2021,263532.0,t156_credit,Table 156: State-wise Credit by Scheduled Commercial Banks,https://www.rbi.org.in/Scripts/PublicationsView.aspx?id=23605
Punjab,2022,2022,288331.0,t156_credit,Table 156: State-wise Credit by Scheduled Commercial Banks,https://www.rbi.org.in/Scripts/PublicationsView.aspx?id=23605
Punjab,2023,2023,314823.0,t156_credit,Table 156: State-wise Credit by Scheduled Commercial Banks,https://www.rbi.org.in/Scripts/PublicationsView.aspx?id=23605
Punjab,2024,2024,376180.0,t156_credit,Table 156: State-wise Credit by Scheduled Commercial Banks,https://www.rbi.org.in/Scripts/PublicationsView.aspx?id=23605
Punjab,2025,2025,410319.0,t156_credit,Table 156: State-wise Credit by Scheduled Commercial Banks,https://www.rbi.org.in/Scripts/PublicationsView.aspx?id=23605
Rajasthan,2015,2015,202956.0,t156_credit,Table 156: State-wise Credit by Scheduled Commercial Banks,https://www.rbi.org.in/Scripts/PublicationsView.aspx?id=23605
Rajasthan,2016,2016,187559.0,t156_credit,Table 156: State-wise Credit by Scheduled Commercial Banks,https://www.rbi.org.in/Scripts/PublicationsView.aspx?id=23605
Rajasthan,2017,2017,212779.0,t156_credit,Table 156: State-wise Credit by Scheduled Commercial Banks,https://www.rbi.org.in/Scripts/PublicationsView.aspx?id=23605
Rajasthan,2018,2018,255728.0,t156_credit,Table 156: State-wise Credit by Scheduled Commercial Banks,https://www.rbi.org.in/Scripts/PublicationsView.aspx?id=23605
Rajasthan,2019,2019,325240.0,t156_credit,Table 156: State-wise Credit by Scheduled Commercial Banks,https://www.rbi.org.in/Scripts/PublicationsView.aspx?id=23605
Rajasthan,2020,2020,352425.0,t156_credit,Table 156: State-wise Credit by Scheduled Commercial Banks,https://www.rbi.org.in/Scripts/PublicationsView.aspx?id=23605
Rajasthan,2021,2021,388631.0,t156_credit,Table 156: State-wise Credit by Scheduled Commercial Banks,https://www.rbi.org.in/Scripts/PublicationsView.aspx?id=23605
Rajasthan,2022,2022,442730.0,t156_credit,Table 156: State-wise Credit by Scheduled Commercial Banks,https://www.rbi.org.in/Scripts/PublicationsView.aspx?id=23605
Rajasthan,2023,2023,515018.0,t156_credit,Table 156: State-wise Credit by Scheduled Commercial Banks,https://www.rbi.org.in/Scripts/PublicationsView.aspx?id=23605
Rajasthan,2024,2024,615918.0,t156_credit,Table 156: State-wise Credit by Scheduled Commercial Banks,https://www.rbi.org.in/Scripts/PublicationsView.aspx?id=23605
Rajasthan,2025,2025,698414.0,t156_credit,Table 156: State-wise Credit by Scheduled Commercial Banks,https://www.rbi.org.in/Scripts/PublicationsView.aspx?id=23605
Arunachal Pradesh,2015,2015,2146.0,t156_credit,Table 156: State-wise Credit by Scheduled Commercial Banks,https://www.rbi.org.in/Scripts/PublicationsView.aspx?id=23605
Arunachal Pradesh,2016,2016,2533.0,t156_credit,Table 156: State-wise Credit by Scheduled Commercial Banks,https://www.rbi.org.in/Scripts/PublicationsView.aspx?id=23605
Arunachal Pradesh,2017,2017,2843.0,t156_credit,Table 156: State-wise Credit by Scheduled Commercial Banks,https://www.rbi.org.in/Scripts/PublicationsView.aspx?id=23605
Arunachal Pradesh,2018,2018,3362.0,t156_credit,Table 156: State-wise Credit by Scheduled Commercial Banks,https://www.rbi.org.in/Scripts/PublicationsView.aspx?id=23605
Arunachal Pradesh,2019,2019,3869.0,t156_credit,Table 156: State-wise Credit by Scheduled Commercial Banks,https://www.rbi.org.in/Scripts/PublicationsView.aspx?id=23605
Arunachal Pradesh,2020,2020,4338.0,t156_credit,Table 156: State-wise Credit by Scheduled Commercial Banks,https://www.rbi.org.in/Scripts/PublicationsView.aspx?id=23605
Arunachal Pradesh,2021,2021,5897.0,t156_credit,Table 156: State-wise Credit by Scheduled Commercial Banks,https://www.rbi.org.in/Scripts/PublicationsView.aspx?id=23605
Arunachal Pradesh,2022,2022,6053.0,t156_credit,Table 156: State-wise Credit by Scheduled Commercial Banks,https://www.rbi.org.in/Scripts/PublicationsView.aspx?id=23605
Arunachal Pradesh,2023,2023,7510.0,t156_credit,Table 156: State-wise Credit by Scheduled Commercial Banks,https://www.rbi.org.in/Scripts/PublicationsView.aspx?id=23605
Arunachal Pradesh,2024,2024,9072.0,t156_credit,Table 156: State-wise Credit by Scheduled Commercial Banks,https://www.rbi.org.in/Scripts/PublicationsView.aspx?id=23605
Arunachal Pradesh,2025,2025,10653.0,t156_credit,Table 156: State-wise Credit by Scheduled Commercial Banks,https://www.rbi.org.in/Scripts/PublicationsView.aspx?id=23605
Assam,2015,2015,35715.0,t156_credit,Table 156: State-wise Credit by Scheduled Commercial Banks,https://www.rbi.org.in/Scripts/PublicationsView.aspx?id=23605
Assam,2016,2016,43202.0,t156_credit,Table 156: State-wise Credit by Scheduled Commercial Banks,https://www.rbi.org.in/Scripts/PublicationsView.aspx?id=23605
Assam,2017,2017,48754.0,t156_credit,Table 156: State-wise Credit by Scheduled Commercial Banks,https://www.rbi.org.in/Scripts/PublicationsView.aspx?id=23605
Assam,2018,2018,57186.0,t156_credit,Table 156: State-wise Credit by Scheduled Commercial Banks,https://www.rbi.org.in/Scripts/PublicationsView.aspx?id=23605
Assam,2019,2019,67360.0,t156_credit,Table 156: State-wise Credit by Scheduled Commercial Banks,https://www.rbi.org.in/Scripts/PublicationsView.aspx?id=23605
Assam,2020,2020,72954.0,t156_credit,Table 156: State-wise Credit by Scheduled Commercial Banks,https://www.rbi.org.in/Scripts/PublicationsView.aspx?id=23605
Assam,2021,2021,83235.0,t156_credit,Table 156: State-wise Credit by Scheduled Commercial Banks,https://www.rbi.org.in/Scripts/PublicationsView.aspx?id=23605
Assam,2022,2022,95992.0,t156_credit,Table 156: State-wise Credit by Scheduled Commercial Banks,https://www.rbi.org.in/Scripts/PublicationsView.aspx?id=23605
Assam,2023,2023,112374.0,t156_credit,Table 156: State-wise Credit by Scheduled Commercial Banks,https://www.rbi.org.in/Scripts/PublicationsView.aspx?id=23605
Assam,2024,2024,133644.0,t156_credit,Table 156: State-wise Credit by Scheduled Commercial Banks,https://www.rbi.org.in/Scripts/PublicationsView.aspx?id=23605
Assam,2025,2025,154473.0,t156_credit,Table 156: State-wise Credit by Scheduled Commercial Banks,https://www.rbi.org.in/Scripts/PublicationsView.aspx?id=23605
Manipur,2015,2015,1947.0,t156_credit,Table 156: State-wise Credit by Scheduled Commercial Banks,https://www.rbi.org.in/Scripts/PublicationsView.aspx?id=23605
Manipur,2016,2016,2480.0,t156_credit,Table 156: State-wise Credit by Scheduled Commercial Banks,https://www.rbi.org.in/Scripts/PublicationsView.aspx?id=23605
Manipur,2017,2017,3005.0,t156_credit,Table 156: State-wise Credit by Scheduled Commercial Banks,https://www.rbi.org.in/Scripts/PublicationsView.aspx?id=23605
Manipur,2018,2018,4021.0,t156_credit,Table 156: State-wise Credit by Scheduled Commercial Banks,https://www.rbi.org.in/Scripts/PublicationsView.aspx?id=23605
Manipur,2019,2019,4946.0,t156_credit,Table 156: State-wise Credit by Scheduled Commercial Banks,https://www.rbi.org.in/Scripts/PublicationsView.aspx?id=23605
Manipur,2020,2020,6129.0,t156_credit,Table 156: State-wise Credit by Scheduled Commercial Banks,https://www.rbi.org.in/Scripts/PublicationsView.aspx?id=23605
Manipur,2021,2021,7405.0,t156_credit,Table 156: State-wise Credit by Scheduled Commercial Banks,https://www.rbi.org.in/Scripts/PublicationsView.aspx?id=23605
Manipur,2022,2022,9163.0,t156_credit,Table 156: State-wise Credit by Scheduled Commercial Banks,https://www.rbi.org.in/Scripts/PublicationsView.aspx?id=23605
Manipur,2023,2023,11313.0,t156_credit,Table 156: State-wise Credit by Scheduled Commercial Banks,https://www.rbi.org.in/Scripts/PublicationsView.aspx?id=23605
Manipur,2024,2024,12146.0,t156_credit,Table 156: State-wise Credit by Scheduled Commercial Banks,https://www.rbi.org.in/Scripts/PublicationsView.aspx?id=23605
Manipur,2025,2025,13396.0,t156_credit,Table 156: State-wise Credit by Scheduled Commercial Banks,https://www.rbi.org.in/Scripts/PublicationsView.aspx?id=23605
Meghalaya,2015,2015,4308.0,t156_credit,Table 156: State-wise Credit by Scheduled Commercial Banks,https://www.rbi.org.in/Scripts/PublicationsView.aspx?id=23605
Meghalaya,2016,2016,4499.0,t156_credit,Table 156: State-wise Credit by Scheduled Commercial Banks,https://www.rbi.org.in/Scripts/PublicationsView.aspx?id=23605
Meghalaya,2017,2017,5290.0,t156_credit,Table 156: State-wise Credit by Scheduled Commercial Banks,https://www.rbi.org.in/Scripts/PublicationsView.aspx?id=23605
Meghalaya,2018,2018,5844.0,t156_credit,Table 156: State-wise Credit by Scheduled Commercial Banks,https://www.rbi.org.in/Scripts/PublicationsView.aspx?id=23605
Meghalaya,2019,2019,7448.0,t156_credit,Table 156: State-wise Credit by Scheduled Commercial Banks,https://www.rbi.org.in/Scripts/PublicationsView.aspx?id=23605
Meghalaya,2020,2020,8435.0,t156_credit,Table 156: State-wise Credit by Scheduled Commercial Banks,https://www.rbi.org.in/Scripts/PublicationsView.aspx?id=23605
Meghalaya,2021,2021,9785.0,t156_credit,Table 156: State-wise Credit by Scheduled Commercial Banks,https://www.rbi.org.in/Scripts/PublicationsView.aspx?id=23605
Meghalaya,2022,2022,9512.0,t156_credit,Table 156: State-wise Credit by Scheduled Commercial Banks,https://www.rbi.org.in/Scripts/PublicationsView.aspx?id=23605
Meghalaya,2023,2023,11874.0,t156_credit,Table 156: State-wise Credit by Scheduled Commercial Banks,https://www.rbi.org.in/Scripts/PublicationsView.aspx?id=23605
Meghalaya,2024,2024,14297.0,t156_credit,Table 156: State-wise Credit by Scheduled Commercial Banks,https://www.rbi.org.in/Scripts/PublicationsView.aspx?id=23605
Meghalaya,2025,2025,15391.0,t156_credit,Table 156: State-wise Credit by Scheduled Commercial Banks,https://www.rbi.org.in/Scripts/PublicationsView.aspx?id=23605
Mizoram,2015,2015,2008.0,t156_credit,Table 156: State-wise Credit by Scheduled Commercial Banks,https://www.rbi.org.in/Scripts/PublicationsView.aspx?id=23605
Mizoram,2016,2016,2370.0,t156_credit,Table 156: State-wise Credit by Scheduled Commercial Banks,https://www.rbi.org.in/Scripts/PublicationsView.aspx?id=23605
Mizoram,2017,2017,2607.0,t156_credit,Table 156: State-wise Credit by Scheduled Commercial Banks,https://www.rbi.org.in/Scripts/PublicationsView.aspx?id=23605
Mizoram,2018,2018,3029.0,t156_credit,Table 156: State-wise Credit by Scheduled Commercial Banks,https://www.rbi.org.in/Scripts/PublicationsView.aspx?id=23605
Mizoram,2019,2019,3837.0,t156_credit,Table 156: State-wise Credit by Scheduled Commercial Banks,https://www.rbi.org.in/Scripts/PublicationsView.aspx?id=23605
Mizoram,2020,2020,4174.0,t156_credit,Table 156: State-wise Credit by Scheduled Commercial Banks,https://www.rbi.org.in/Scripts/PublicationsView.aspx?id=23605
Mizoram,2021,2021,5063.0,t156_credit,Table 156: State-wise Credit by Scheduled Commercial Banks,https://www.rbi.org.in/Scripts/PublicationsView.aspx?id=23605
Mizoram,2022,2022,5982.0,t156_credit,Table 156: State-wise Credit by Scheduled Commercial Banks,https://www.rbi.org.in/Scripts/PublicationsView.aspx?id=23605
Mizoram,2023,2023,6954.0,t156_credit,Table 156: State-wise Credit by Scheduled Commercial Banks,https://www.rbi.org.in/Scripts/PublicationsView.aspx?id=23605
Mizoram,2024,2024,8036.0,t156_credit,Table 156: State-wise Credit by Scheduled Commercial Banks,https://www.rbi.org.in/Scripts/PublicationsView.aspx?id=23605
Mizoram,2025,2025,9049.0,t156_credit,Table 156: State-wise Credit by Scheduled Commercial Banks,https://www.rbi.org.in/Scripts/PublicationsView.aspx?id=23605
Nagaland,2015,2015,2269.0,t156_credit,Table 156: State-wise Credit by Scheduled Commercial Banks,https://www.rbi.org.in/Scripts/PublicationsView.aspx?id=23605
Nagaland,2016,2016,2637.0,t156_credit,Table 156: State-wise Credit by Scheduled Commercial Banks,https://www.rbi.org.in/Scripts/PublicationsView.aspx?id=23605
Nagaland,2017,2017,2970.0,t156_credit,Table 156: State-wise Credit by Scheduled Commercial Banks,https://www.rbi.org.in/Scripts/PublicationsView.aspx?id=23605
Nagaland,2018,2018,3479.0,t156_credit,Table 156: State-wise Credit by Scheduled Commercial Banks,https://www.rbi.org.in/Scripts/PublicationsView.aspx?id=23605
Nagaland,2019,2019,3991.0,t156_credit,Table 156: State-wise Credit by Scheduled Commercial Banks,https://www.rbi.org.in/Scripts/PublicationsView.aspx?id=23605
Nagaland,2020,2020,4644.0,t156_credit,Table 156: State-wise Credit by Scheduled Commercial Banks,https://www.rbi.org.in/Scripts/PublicationsView.aspx?id=23605
Nagaland,2021,2021,7208.0,t156_credit,Table 156: State-wise Credit by Scheduled Commercial Banks,https://www.rbi.org.in/Scripts/PublicationsView.aspx?id=23605
Nagaland,2022,2022,6381.0,t156_credit,Table 156: State-wise Credit by Scheduled Commercial Banks,https://www.rbi.org.in/Scripts/PublicationsView.aspx?id=23605
Nagaland,2023,2023,7805.0,t156_credit,Table 156: State-wise Credit by Scheduled Commercial Banks,https://www.rbi.org.in/Scripts/PublicationsView.aspx?id=23605
Nagaland,2024,2024,9044.0,t156_credit,Table 156: State-wise Credit by Scheduled Commercial Banks,https://www.rbi.org.in/Scripts/PublicationsView.aspx?id=23605
Nagaland,2025,2025,10048.0,t156_credit,Table 156: State-wise Credit by Scheduled Commercial Banks,https://www.rbi.org.in/Scripts/PublicationsView.aspx?id=23605
Tripura,2015,2015,5215.0,t156_credit,Table 156: State-wise Credit by Scheduled Commercial Banks,https://www.rbi.org.in/Scripts/PublicationsView.aspx?id=23605
Tripura,2016,2016,6109.0,t156_credit,Table 156: State-wise Credit by Scheduled Commercial Banks,https://www.rbi.org.in/Scripts/PublicationsView.aspx?id=23605
Tripura,2017,2017,7354.0,t156_credit,Table 156: State-wise Credit by Scheduled Commercial Banks,https://www.rbi.org.in/Scripts/PublicationsView.aspx?id=23605
Tripura,2018,2018,8973.0,t156_credit,Table 156: State-wise Credit by Scheduled Commercial Banks,https://www.rbi.org.in/Scripts/PublicationsView.aspx?id=23605
Tripura,2019,2019,10463.0,t156_credit,Table 156: State-wise Credit by Scheduled Commercial Banks,https://www.rbi.org.in/Scripts/PublicationsView.aspx?id=23605
Tripura,2020,2020,11346.0,t156_credit,Table 156: State-wise Credit by Scheduled Commercial Banks,https://www.rbi.org.in/Scripts/PublicationsView.aspx?id=23605
Tripura,2021,2021,12093.0,t156_credit,Table 156: State-wise Credit by Scheduled Commercial Banks,https://www.rbi.org.in/Scripts/PublicationsView.aspx?id=23605
Tripura,2022,2022,13562.0,t156_credit,Table 156: State-wise Credit by Scheduled Commercial Banks,https://www.rbi.org.in/Scripts/PublicationsView.aspx?id=23605
Tripura,2023,2023,14499.0,t156_credit,Table 156: State-wise Credit by Scheduled Commercial Banks,https://www.rbi.org.in/Scripts/PublicationsView.aspx?id=23605
Tripura,2024,2024,17405.0,t156_credit,Table 156: State-wise Credit by Scheduled Commercial Banks,https://www.rbi.org.in/Scripts/PublicationsView.aspx?id=23605
Tripura,2025,2025,19138.0,t156_credit,Table 156: State-wise Credit by Scheduled Commercial Banks,https://www.rbi.org.in/Scripts/PublicationsView.aspx?id=23605
Andaman & Nicobar Islands,2015,2015,1182.0,t156_credit,Table 156: State-wise Credit by Scheduled Commercial Banks,https://www.rbi.org.in/Scripts/PublicationsView.aspx?id=23605
Andaman & Nicobar Islands,2016,2016,1429.0,t156_credit,Table 156: State-wise Credit by Scheduled Commercial Banks,https://www.rbi.org.in/Scripts/PublicationsView.aspx?id=23605
Andaman & Nicobar Islands,2017,2017,1579.0,t156_credit,Table 156: State-wise Credit by Scheduled Commercial Banks,https://www.rbi.org.in/Scripts/PublicationsView.aspx?id=23605
Andaman & Nicobar Islands,2018,2018,1843.0,t156_credit,Table 156: State-wise Credit by Scheduled Commercial Banks,https://www.rbi.org.in/Scripts/PublicationsView.aspx?id=23605
Andaman & Nicobar Islands,2019,2019,2181.0,t156_credit,Table 156: State-wise Credit by Scheduled Commercial Banks,https://www.rbi.org.in/Scripts/PublicationsView.aspx?id=23605
Andaman & Nicobar Islands,2020,2020,2561.0,t156_credit,Table 156: State-wise Credit by Scheduled Commercial Banks,https://www.rbi.org.in/Scripts/PublicationsView.aspx?id=23605
Andaman & Nicobar Islands,2021,2021,2812.0,t156_credit,Table 156: State-wise Credit by Scheduled Commercial Banks,https://www.rbi.org.in/Scripts/PublicationsView.aspx?id=23605
Andaman & Nicobar Islands,2022,2022,3462.0,t156_credit,Table 156: State-wise Credit by Scheduled Commercial Banks,https://www.rbi.org.in/Scripts/PublicationsView.aspx?id=23605
Andaman & Nicobar Islands,2023,2023,3705.0,t156_credit,Table 156: State-wise Credit by Scheduled Commercial Banks,https://www.rbi.org.in/Scripts/PublicationsView.aspx?id=23605
Andaman & Nicobar Islands,2024,2024,4130.0,t156_credit,Table 156: State-wise Credit by Scheduled Commercial Banks,https://www.rbi.org.in/Scripts/PublicationsView.aspx?id=23605
Andaman & Nicobar Islands,2025,2025,4485.0,t156_credit,Table 156: State-wise Credit by Scheduled Commercial Banks,https://www.rbi.org.in/Scripts/PublicationsView.aspx?id=23605
Bihar,2015,2015,72862.0,t156_credit,Table 156: State-wise Credit by Scheduled Commercial Banks,https://www.rbi.org.in/Scripts/PublicationsView.aspx?id=23605
Bihar,2016,2016,81270.0,t156_credit,Table 156: State-wise Credit by Scheduled Commercial Banks,https://www.rbi.org.in/Scripts/PublicationsView.aspx?id=23605
Bihar,2017,2017,91294.0,t156_credit,Table 156: State-wise Credit by Scheduled Commercial Banks,https://www.rbi.org.in/Scripts/PublicationsView.aspx?id=23605
Bihar,2018,2018,101253.0,t156_credit,Table 156: State-wise Credit by Scheduled Commercial Banks,https://www.rbi.org.in/Scripts/PublicationsView.aspx?id=23605
Bihar,2019,2019,124996.0,t156_credit,Table 156: State-wise Credit by Scheduled Commercial Banks,https://www.rbi.org.in/Scripts/PublicationsView.aspx?id=23605
Bihar,2020,2020,139590.0,t156_credit,Table 156: State-wise Credit by Scheduled Commercial Banks,https://www.rbi.org.in/Scripts/PublicationsView.aspx?id=23605
Bihar,2021,2021,163964.0,t156_credit,Table 156: State-wise Credit by Scheduled Commercial Banks,https://www.rbi.org.in/Scripts/PublicationsView.aspx?id=23605
Bihar,2022,2022,195592.0,t156_credit,Table 156: State-wise Credit by Scheduled Commercial Banks,https://www.rbi.org.in/Scripts/PublicationsView.aspx?id=23605
Bihar,2023,2023,231859.0,t156_credit,Table 156: State-wise Credit by Scheduled Commercial Banks,https://www.rbi.org.in/Scripts/PublicationsView.aspx?id=23605
Bihar,2024,2024,276788.0,t156_credit,Table 156: State-wise Credit by Scheduled Commercial Banks,https://www.rbi.org.in/Scripts/PublicationsView.aspx?id=23605
Bihar,2025,2025,304440.0,t156_credit,Table 156: State-wise Credit by Scheduled Commercial Banks,https://www.rbi.org.in/Scripts/PublicationsView.aspx?id=23605
Jharkhand,2015,2015,42029.0,t156_credit,Table 156: State-wise Credit by Scheduled Commercial Banks,https://www.rbi.org.in/Scripts/PublicationsView.aspx?id=23605
Jharkhand,2016,2016,47180.0,t156_credit,Table 156: State-wise Credit by Scheduled Commercial Banks,https://www.rbi.org.in/Scripts/PublicationsView.aspx?id=23605
Jharkhand,2017,2017,49963.0,t156_credit,Table 156: State-wise Credit by Scheduled Commercial Banks,https://www.rbi.org.in/Scripts/PublicationsView.aspx?id=23605
Jharkhand,2018,2018,54268.0,t156_credit,Table 156: State-wise Credit by Scheduled Commercial Banks,https://www.rbi.org.in/Scripts/PublicationsView.aspx?id=23605
Jharkhand,2019,2019,63245.0,t156_credit,Table 156: State-wise Credit by Scheduled Commercial Banks,https://www.rbi.org.in/Scripts/PublicationsView.aspx?id=23605
Jharkhand,2020,2020,71055.0,t156_credit,Table 156: State-wise Credit by Scheduled Commercial Banks,https://www.rbi.org.in/Scripts/PublicationsView.aspx?id=23605
Jharkhand,2021,2021,80679.0,t156_credit,Table 156: State-wise Credit by Scheduled Commercial Banks,https://www.rbi.org.in/Scripts/PublicationsView.aspx?id=23605
Jharkhand,2022,2022,92188.0,t156_credit,Table 156: State-wise Credit by Scheduled Commercial Banks,https://www.rbi.org.in/Scripts/PublicationsView.aspx?id=23605
Jharkhand,2023,2023,109382.0,t156_credit,Table 156: State-wise Credit by Scheduled Commercial Banks,https://www.rbi.org.in/Scripts/PublicationsView.aspx?id=23605
Jharkhand,2024,2024,130937.0,t156_credit,Table 156: State-wise Credit by Scheduled Commercial Banks,https://www.rbi.org.in/Scripts/PublicationsView.aspx?id=23605
Jharkhand,2025,2025,151096.0,t156_credit,Table 156: State-wise Credit by Scheduled Commercial Banks,https://www.rbi.org.in/Scripts/PublicationsView.aspx?id=23605
Odisha,2015,2015,79696.0,t156_credit,Table 156: State-wise Credit by Scheduled Commercial Banks,https://www.rbi.org.in/Scripts/PublicationsView.aspx?id=23605
Odisha,2016,2016,85436.0,t156_credit,Table 156: State-wise Credit by Scheduled Commercial Banks,https://www.rbi.org.in/Scripts/PublicationsView.aspx?id=23605
Odisha,2017,2017,93366.0,t156_credit,Table 156: State-wise Credit by Scheduled Commercial Banks,https://www.rbi.org.in/Scripts/PublicationsView.aspx?id=23605
Odisha,2018,2018,101019.0,t156_credit,Table 156: State-wise Credit by Scheduled Commercial Banks,https://www.rbi.org.in/Scripts/PublicationsView.aspx?id=23605
Odisha,2019,2019,127646.0,t156_credit,Table 156: State-wise Credit by Scheduled Commercial Banks,https://www.rbi.org.in/Scripts/PublicationsView.aspx?id=23605
Odisha,2020,2020,143879.0,t156_credit,Table 156: State-wise Credit by Scheduled Commercial Banks,https://www.rbi.org.in/Scripts/PublicationsView.aspx?id=23605
Odisha,2021,2021,155954.0,t156_credit,Table 156: State-wise Credit by Scheduled Commercial Banks,https://www.rbi.org.in/Scripts/PublicationsView.aspx?id=23605
Odisha,2022,2022,183405.0,t156_credit,Table 156: State-wise Credit by Scheduled Commercial Banks,https://www.rbi.org.in/Scripts/PublicationsView.aspx?id=23605
Odisha,2023,2023,216311.0,t156_credit,Table 156: State-wise Credit by Scheduled Commercial Banks,https://www.rbi.org.in/Scripts/PublicationsView.aspx?id=23605
Odisha,2024,2024,266459.0,t156_credit,Table 156: State-wise Credit by Scheduled Commercial Banks,https://www.rbi.org.in/Scripts/PublicationsView.aspx?id=23605
Odisha,2025,2025,298069.0,t156_credit,Table 156: State-wise Credit by Scheduled Commercial Banks,https://www.rbi.org.in/Scripts/PublicationsView.aspx?id=23605
Sikkim,2015,2015,1465.0,t156_credit,Table 156: State-wise Credit by Scheduled Commercial Banks,https://www.rbi.org.in/Scripts/PublicationsView.aspx?id=23605
Sikkim,2016,2016,1782.0,t156_credit,Table 156: State-wise Credit by Scheduled Commercial Banks,https://www.rbi.org.in/Scripts/PublicationsView.aspx?id=23605
Sikkim,2017,2017,1905.0,t156_credit,Table 156: State-wise Credit by Scheduled Commercial Banks,https://www.rbi.org.in/Scripts/PublicationsView.aspx?id=23605
Sikkim,2018,2018,2272.0,t156_credit,Table 156: State-wise Credit by Scheduled Commercial Banks,https://www.rbi.org.in/Scripts/PublicationsView.aspx?id=23605
Sikkim,2019,2019,2921.0,t156_credit,Table 156: State-wise Credit by Scheduled Commercial Banks,https://www.rbi.org.in/Scripts/PublicationsView.aspx?id=23605
Sikkim,2020,2020,3216.0,t156_credit,Table 156: State-wise Credit by Scheduled Commercial Banks,https://www.rbi.org.in/Scripts/PublicationsView.aspx?id=23605
Sikkim,2021,2021,3847.0,t156_credit,Table 156: State-wise Credit by Scheduled Commercial Banks,https://www.rbi.org.in/Scripts/PublicationsView.aspx?id=23605
Sikkim,2022,2022,5182.0,t156_credit,Table 156: State-wise Credit by Scheduled Commercial Banks,https://www.rbi.org.in/Scripts/PublicationsView.aspx?id=23605
Sikkim,2023,2023,5885.0,t156_credit,Table 156: State-wise Credit by Scheduled Commercial Banks,https://www.rbi.org.in/Scripts/PublicationsView.aspx?id=23605
Sikkim,2024,2024,6583.0,t156_credit,Table 156: State-wise Credit by Scheduled Commercial Banks,https://www.rbi.org.in/Scripts/PublicationsView.aspx?id=23605
Sikkim,2025,2025,7136.0,t156_credit,Table 156: State-wise Credit by Scheduled Commercial Banks,https://www.rbi.org.in/Scripts/PublicationsView.aspx?id=23605
West Bengal,2015,2015,320091.0,t156_credit,Table 156: State-wise Credit by Scheduled Commercial Banks,https://www.rbi.org.in/Scripts/PublicationsView.aspx?id=23605
West Bengal,2016,2016,335847.0,t156_credit,Table 156: State-wise Credit by Scheduled Commercial Banks,https://www.rbi.org.in/Scripts/PublicationsView.aspx?id=23605
West Bengal,2017,2017,343079.0,t156_credit,Table 156: State-wise Credit by Scheduled Commercial Banks,https://www.rbi.org.in/Scripts/PublicationsView.aspx?id=23605
West Bengal,2018,2018,367323.0,t156_credit,Table 156: State-wise Credit by Scheduled Commercial Banks,https://www.rbi.org.in/Scripts/PublicationsView.aspx?id=23605
West Bengal,2019,2019,403677.0,t156_credit,Table 156: State-wise Credit by Scheduled Commercial Banks,https://www.rbi.org.in/Scripts/PublicationsView.aspx?id=23605
West Bengal,2020,2020,429211.0,t156_credit,Table 156: State-wise Credit by Scheduled Commercial Banks,https://www.rbi.org.in/Scripts/PublicationsView.aspx?id=23605
West Bengal,2021,2021,437348.0,t156_credit,Table 156: State-wise Credit by Scheduled Commercial Banks,https://www.rbi.org.in/Scripts/PublicationsView.aspx?id=23605
West Bengal,2022,2022,479463.0,t156_credit,Table 156: State-wise Credit by Scheduled Commercial Banks,https://www.rbi.org.in/Scripts/PublicationsView.aspx?id=23605
West Bengal,2023,2023,535875.0,t156_credit,Table 156: State-wise Credit by Scheduled Commercial Banks,https://www.rbi.org.in/Scripts/PublicationsView.aspx?id=23605
West Bengal,2024,2024,601921.0,t156_credit,Table 156: State-wise Credit by Scheduled Commercial Banks,https://www.rbi.org.in/Scripts/PublicationsView.aspx?id=23605
West Bengal,2025,2025,665833.0,t156_credit,Table 156: State-wise Credit by Scheduled Commercial Banks,https://www.rbi.org.in/Scripts/PublicationsView.aspx?id=23605
Chhattisgarh,2015,2015,61062.0,t156_credit,Table 156: State-wise Credit by Scheduled Commercial Banks,https://www.rbi.org.in/Scripts/PublicationsView.aspx?id=23605
Chhattisgarh,2016,2016,66405.0,t156_credit,Table 156: State-wise Credit by Scheduled Commercial Banks,https://www.rbi.org.in/Scripts/PublicationsView.aspx?id=23605
Chhattisgarh,2017,2017,74179.0,t156_credit,Table 156: State-wise Credit by Scheduled Commercial Banks,https://www.rbi.org.in/Scripts/PublicationsView.aspx?id=23605
Chhattisgarh,2018,2018,83656.0,t156_credit,Table 156: State-wise Credit by Scheduled Commercial Banks,https://www.rbi.org.in/Scripts/PublicationsView.aspx?id=23605
Chhattisgarh,2019,2019,94404.0,t156_credit,Table 156: State-wise Credit by Scheduled Commercial Banks,https://www.rbi.org.in/Scripts/PublicationsView.aspx?id=23605
Chhattisgarh,2020,2020,104647.0,t156_credit,Table 156: State-wise Credit by Scheduled Commercial Banks,https://www.rbi.org.in/Scripts/PublicationsView.aspx?id=23605
Chhattisgarh,2021,2021,115659.0,t156_credit,Table 156: State-wise Credit by Scheduled Commercial Banks,https://www.rbi.org.in/Scripts/PublicationsView.aspx?id=23605
Chhattisgarh,2022,2022,138103.0,t156_credit,Table 156: State-wise Credit by Scheduled Commercial Banks,https://www.rbi.org.in/Scripts/PublicationsView.aspx?id=23605
Chhattisgarh,2023,2023,165326.0,t156_credit,Table 156: State-wise Credit by Scheduled Commercial Banks,https://www.rbi.org.in/Scripts/PublicationsView.aspx?id=23605
Chhattisgarh,2024,2024,193572.0,t156_credit,Table 156: State-wise Credit by Scheduled Commercial Banks,https://www.rbi.org.in/Scripts/PublicationsView.aspx?id=23605
Chhattisgarh,2025,2025,223098.0,t156_credit,Table 156: State-wise Credit by Scheduled Commercial Banks,https://www.rbi.org.in/Scripts/PublicationsView.aspx?id=23605
Madhya Pradesh,2015,2015,153034.0,t156_credit,Table 156: State-wise Credit by Scheduled Commercial Banks,https://www.rbi.org.in/Scripts/PublicationsView.aspx?id=23605
Madhya Pradesh,2016,2016,172929.0,t156_credit,Table 156: State-wise Credit by Scheduled Commercial Banks,https://www.rbi.org.in/Scripts/PublicationsView.aspx?id=23605
Madhya Pradesh,2017,2017,190639.0,t156_credit,Table 156: State-wise Credit by Scheduled Commercial Banks,https://www.rbi.org.in/Scripts/PublicationsView.aspx?id=23605
Madhya Pradesh,2018,2018,222153.0,t156_credit,Table 156: State-wise Credit by Scheduled Commercial Banks,https://www.rbi.org.in/Scripts/PublicationsView.aspx?id=23605
Madhya Pradesh,2019,2019,262105.0,t156_credit,Table 156: State-wise Credit by Scheduled Commercial Banks,https://www.rbi.org.in/Scripts/PublicationsView.aspx?id=23605
Madhya Pradesh,2020,2020,285989.0,t156_credit,Table 156: State-wise Credit by Scheduled Commercial Banks,https://www.rbi.org.in/Scripts/PublicationsView.aspx?id=23605
Madhya Pradesh,2021,2021,320452.0,t156_credit,Table 156: State-wise Credit by Scheduled Commercial Banks,https://www.rbi.org.in/Scripts/PublicationsView.aspx?id=23605
Madhya Pradesh,2022,2022,359322.0,t156_credit,Table 156: State-wise Credit by Scheduled Commercial Banks,https://www.rbi.org.in/Scripts/PublicationsView.aspx?id=23605
Madhya Pradesh,2023,2023,411420.0,t156_credit,Table 156: State-wise Credit by Scheduled Commercial Banks,https://www.rbi.org.in/Scripts/PublicationsView.aspx?id=23605
Madhya Pradesh,2024,2024,489252.0,t156_credit,Table 156: State-wise Credit by Scheduled Commercial Banks,https://www.rbi.org.in/Scripts/PublicationsView.aspx?id=23605
Madhya Pradesh,2025,2025,550095.0,t156_credit,Table 156: State-wise Credit by Scheduled Commercial Banks,https://www.rbi.org.in/Scripts/PublicationsView.aspx?id=23605
Uttarakhand,2015,2015,30611.0,t156_credit,Table 156: State-wise Credit by Scheduled Commercial Banks,https://www.rbi.org.in/Scripts/PublicationsView.aspx?id=23605
Uttarakhand,2016,2016,33703.0,t156_credit,Table 156: State-wise Credit by Scheduled Commercial Banks,https://www.rbi.org.in/Scripts/PublicationsView.aspx?id=23605
Uttarakhand,2017,2017,39094.0,t156_credit,Table 156: State-wise Credit by Scheduled Commercial Banks,https://www.rbi.org.in/Scripts/PublicationsView.aspx?id=23605
Uttarakhand,2018,2018,44608.0,t156_credit,Table 156: State-wise Credit by Scheduled Commercial Banks,https://www.rbi.org.in/Scripts/PublicationsView.aspx?id=23605
Uttarakhand,2019,2019,53036.0,t156_credit,Table 156: State-wise Credit by Scheduled Commercial Banks,https://www.rbi.org.in/Scripts/PublicationsView.aspx?id=23605
Uttarakhand,2020,2020,56551.0,t156_credit,Table 156: State-wise Credit by Scheduled Commercial Banks,https://www.rbi.org.in/Scripts/PublicationsView.aspx?id=23605
Uttarakhand,2021,2021,60740.0,t156_credit,Table 156: State-wise Credit by Scheduled Commercial Banks,https://www.rbi.org.in/Scripts/PublicationsView.aspx?id=23605
Uttarakhand,2022,2022,67751.0,t156_credit,Table 156: State-wise Credit by Scheduled Commercial Banks,https://www.rbi.org.in/Scripts/PublicationsView.aspx?id=23605
Uttarakhand,2023,2023,77094.0,t156_credit,Table 156: State-wise Credit by Scheduled Commercial Banks,https://www.rbi.org.in/Scripts/PublicationsView.aspx?id=23605
Uttarakhand,2024,2024,94803.0,t156_credit,Table 156: State-wise Credit by Scheduled Commercial Banks,https://www.rbi.org.in/Scripts/PublicationsView.aspx?id=23605
Uttarakhand,2025,2025,106979.0,t156_credit,Table 156: State-wise Credit by Scheduled Commercial Banks,https://www.rbi.org.in/Scripts/PublicationsView.aspx?id=23605
Uttar Pradesh,2015,2015,305463.0,t156_credit,Table 156: State-wise Credit by Scheduled Commercial Banks,https://www.rbi.org.in/Scripts/PublicationsView.aspx?id=23605
Uttar Pradesh,2016,2016,330923.0,t156_credit,Table 156: State-wise Credit by Scheduled Commercial Banks,https://www.rbi.org.in/Scripts/PublicationsView.aspx?id=23605
Uttar Pradesh,2017,2017,354027.0,t156_credit,Table 156: State-wise Credit by Scheduled Commercial Banks,https://www.rbi.org.in/Scripts/PublicationsView.aspx?id=23605
Uttar Pradesh,2018,2018,392666.0,t156_credit,Table 156: State-wise Credit by Scheduled Commercial Banks,https://www.rbi.org.in/Scripts/PublicationsView.aspx?id=23605
Uttar Pradesh,2019,2019,470245.0,t156_credit,Table 156: State-wise Credit by Scheduled Commercial Banks,https://www.rbi.org.in/Scripts/PublicationsView.aspx?id=23605
Uttar Pradesh,2020,2020,507550.0,t156_credit,Table 156: State-wise Credit by Scheduled Commercial Banks,https://www.rbi.org.in/Scripts/PublicationsView.aspx?id=23605
Uttar Pradesh,2021,2021,565113.0,t156_credit,Table 156: State-wise Credit by Scheduled Commercial Banks,https://www.rbi.org.in/Scripts/PublicationsView.aspx?id=23605
Uttar Pradesh,2022,2022,646284.0,t156_credit,Table 156: State-wise Credit by Scheduled Commercial Banks,https://www.rbi.org.in/Scripts/PublicationsView.aspx?id=23605
Uttar Pradesh,2023,2023,755489.0,t156_credit,Table 156: State-wise Credit by Scheduled Commercial Banks,https://www.rbi.org.in/Scripts/PublicationsView.aspx?id=23605
Uttar Pradesh,2024,2024,924621.0,t156_credit,Table 156: State-wise Credit by Scheduled Commercial Banks,https://www.rbi.org.in/Scripts/PublicationsView.aspx?id=23605
Uttar Pradesh,2025,2025,1031463.0,t156_credit,Table 156: State-wise Credit by Scheduled Commercial Banks,https://www.rbi.org.in/Scripts/PublicationsView.aspx?id=23605
Dadra & Nagar Haveli,2015,2015,958.0,t156_credit,Table 156: State-wise Credit by Scheduled Commercial Banks,https://www.rbi.org.in/Scripts/PublicationsView.aspx?id=23605
Dadra & Nagar Haveli,2016,2016,1103.0,t156_credit,Table 156: State-wise Credit by Scheduled Commercial Banks,https://www.rbi.org.in/Scripts/PublicationsView.aspx?id=23605
Dadra & Nagar Haveli,2017,2017,1310.0,t156_credit,Table 156: State-wise Credit by Scheduled Commercial Banks,https://www.rbi.org.in/Scripts/PublicationsView.aspx?id=23605
Dadra & Nagar Haveli,2018,2018,1685.0,t156_credit,Table 156: State-wise Credit by Scheduled Commercial Banks,https://www.rbi.org.in/Scripts/PublicationsView.aspx?id=23605
Dadra & Nagar Haveli,2019,2019,2709.0,t156_credit,Table 156: State-wise Credit by Scheduled Commercial Banks,https://www.rbi.org.in/Scripts/PublicationsView.aspx?id=23605
Dadra & Nagar Haveli,2020,2020,6458.0,t156_credit,Table 156: State-wise Credit by Scheduled Commercial Banks,https://www.rbi.org.in/Scripts/PublicationsView.aspx?id=23605
Dadra & Nagar Haveli,2021,2021,6066.0,t156_credit,Table 156: State-wise Credit by Scheduled Commercial Banks,https://www.rbi.org.in/Scripts/PublicationsView.aspx?id=23605
Dadra & Nagar Haveli,2022,2022,6766.0,t156_credit,Table 156: State-wise Credit by Scheduled Commercial Banks,https://www.rbi.org.in/Scripts/PublicationsView.aspx?id=23605
Dadra & Nagar Haveli,2023,2023,7463.0,t156_credit,Table 156: State-wise Credit by Scheduled Commercial Banks,https://www.rbi.org.in/Scripts/PublicationsView.aspx?id=23605
Dadra & Nagar Haveli,2024,2024,7826.0,t156_credit,Table 156: State-wise Credit by Scheduled Commercial Banks,https://www.rbi.org.in/Scripts/PublicationsView.aspx?id=23605
Dadra & Nagar Haveli,2025,2025,8832.0,t156_credit,Table 156: State-wise Credit by Scheduled Commercial Banks,https://www.rbi.org.in/Scripts/PublicationsView.aspx?id=23605
Daman & Diu,2015,2015,810.0,t156_credit,Table 156: State-wise Credit by Scheduled Commercial Banks,https://www.rbi.org.in/Scripts/PublicationsView.aspx?id=23605
Daman & Diu,2016,2016,852.0,t156_credit,Table 156: State-wise Credit by Scheduled Commercial Banks,https://www.rbi.org.in/Scripts/PublicationsView.aspx?id=23605
Daman & Diu,2017,2017,1006.0,t156_credit,Table 156: State-wise Credit by Scheduled Commercial Banks,https://www.rbi.org.in/Scripts/PublicationsView.aspx?id=23605
Daman & Diu,2018,2018,1262.0,t156_credit,Table 156: State-wise Credit by Scheduled Commercial Banks,https://www.rbi.org.in/Scripts/PublicationsView.aspx?id=23605
Daman & Diu,2019,2019,1490.0,t156_credit,Table 156: State-wise Credit by Scheduled Commercial Banks,https://www.rbi.org.in/Scripts/PublicationsView.aspx?id=23605
Daman & Diu,2020,2020,,t156_credit,Table 156: State-wise Credit by Scheduled Commercial Banks,https://www.rbi.org.in/Scripts/PublicationsView.aspx?id=23605
Daman & Diu,2021,2021,,t156_credit,Table 156: State-wise Credit by Scheduled Commercial Banks,https://www.rbi.org.in/Scripts/PublicationsView.aspx?id=23605
Daman & Diu,2022,2022,,t156_credit,Table 156: State-wise Credit by Scheduled Commercial Banks,https://www.rbi.org.in/Scripts/PublicationsView.aspx?id=23605
Daman & Diu,2023,2023,,t156_credit,Table 156: State-wise Credit by Scheduled Commercial Banks,https://www.rbi.org.in/Scripts/PublicationsView.aspx?id=23605
Daman & Diu,2024,2024,,t156_credit,Table 156: State-wise Credit by Scheduled Commercial Banks,https://www.rbi.org.in/Scripts/PublicationsView.aspx?id=23605
Daman & Diu,2025,2025,,t156_credit,Table 156: State-wise Credit by Scheduled Commercial Banks,https://www.rbi.org.in/Scripts/PublicationsView.aspx?id=23605
Goa,2015,2015,13747.0,t156_credit,Table 156: State-wise Credit by Scheduled Commercial Banks,https://www.rbi.org.in/Scripts/PublicationsView.aspx?id=23605
Goa,2016,2016,15142.0,t156_credit,Table 156: State-wise Credit by Scheduled Commercial Banks,https://www.rbi.org.in/Scripts/PublicationsView.aspx?id=23605
Goa,2017,2017,15856.0,t156_credit,Table 156: State-wise Credit by Scheduled Commercial Banks,https://www.rbi.org.in/Scripts/PublicationsView.aspx?id=23605
Goa,2018,2018,17427.0,t156_credit,Table 156: State-wise Credit by Scheduled Commercial Banks,https://www.rbi.org.in/Scripts/PublicationsView.aspx?id=23605
Goa,2019,2019,19416.0,t156_credit,Table 156: State-wise Credit by Scheduled Commercial Banks,https://www.rbi.org.in/Scripts/PublicationsView.aspx?id=23605
Goa,2020,2020,20146.0,t156_credit,Table 156: State-wise Credit by Scheduled Commercial Banks,https://www.rbi.org.in/Scripts/PublicationsView.aspx?id=23605
Goa,2021,2021,22166.0,t156_credit,Table 156: State-wise Credit by Scheduled Commercial Banks,https://www.rbi.org.in/Scripts/PublicationsView.aspx?id=23605
Goa,2022,2022,24092.0,t156_credit,Table 156: State-wise Credit by Scheduled Commercial Banks,https://www.rbi.org.in/Scripts/PublicationsView.aspx?id=23605
Goa,2023,2023,27004.0,t156_credit,Table 156: State-wise Credit by Scheduled Commercial Banks,https://www.rbi.org.in/Scripts/PublicationsView.aspx?id=23605
Goa,2024,2024,31522.0,t156_credit,Table 156: State-wise Credit by Scheduled Commercial Banks,https://www.rbi.org.in/Scripts/PublicationsView.aspx?id=23605
Goa,2025,2025,34505.0,t156_credit,Table 156: State-wise Credit by Scheduled Commercial Banks,https://www.rbi.org.in/Scripts/PublicationsView.aspx?id=23605
Gujarat,2015,2015,347117.0,t156_credit,Table 156: State-wise Credit by Scheduled Commercial Banks,https://www.rbi.org.in/Scripts/PublicationsView.aspx?id=23605
Gujarat,2016,2016,390758.0,t156_credit,Table 156: State-wise Credit by Scheduled Commercial Banks,https://www.rbi.org.in/Scripts/PublicationsView.aspx?id=23605
Gujarat,2017,2017,415846.0,t156_credit,Table 156: State-wise Credit by Scheduled Commercial Banks,https://www.rbi.org.in/Scripts/PublicationsView.aspx?id=23605
Gujarat,2018,2018,483921.0,t156_credit,Table 156: State-wise Credit by Scheduled Commercial Banks,https://www.rbi.org.in/Scripts/PublicationsView.aspx?id=23605
Gujarat,2019,2019,591533.0,t156_credit,Table 156: State-wise Credit by Scheduled Commercial Banks,https://www.rbi.org.in/Scripts/PublicationsView.aspx?id=23605
Gujarat,2020,2020,611499.0,t156_credit,Table 156: State-wise Credit by Scheduled Commercial Banks,https://www.rbi.org.in/Scripts/PublicationsView.aspx?id=23605
Gujarat,2021,2021,659772.0,t156_credit,Table 156: State-wise Credit by Scheduled Commercial Banks,https://www.rbi.org.in/Scripts/PublicationsView.aspx?id=23605
Gujarat,2022,2022,758868.0,t156_credit,Table 156: State-wise Credit by Scheduled Commercial Banks,https://www.rbi.org.in/Scripts/PublicationsView.aspx?id=23605
Gujarat,2023,2023,828364.0,t156_credit,Table 156: State-wise Credit by Scheduled Commercial Banks,https://www.rbi.org.in/Scripts/PublicationsView.aspx?id=23605
Gujarat,2024,2024,994260.0,t156_credit,Table 156: State-wise Credit by Scheduled Commercial Banks,https://www.rbi.org.in/Scripts/PublicationsView.aspx?id=23605
Gujarat,2025,2025,1125894.0,t156_credit,Table 156: State-wise Credit by Scheduled Commercial Banks,https://www.rbi.org.in/Scripts/PublicationsView.aspx?id=23605
Maharashtra,2015,2015,1977298.0,t156_credit,Table 156: State-wise Credit by Scheduled Commercial Banks,https://www.rbi.org.in/Scripts/PublicationsView.aspx?id=23605
Maharashtra,2016,2016,2244286.0,t156_credit,Table 156: State-wise Credit by Scheduled Commercial Banks,https://www.rbi.org.in/Scripts/PublicationsView.aspx?id=23605
Maharashtra,2017,2017,2327351.0,t156_credit,Table 156: State-wise Credit by Scheduled Commercial Banks,https://www.rbi.org.in/Scripts/PublicationsView.aspx?id=23605
Maharashtra,2018,2018,2450160.0,t156_credit,Table 156: State-wise Credit by Scheduled Commercial Banks,https://www.rbi.org.in/Scripts/PublicationsView.aspx?id=23605
Maharashtra,2019,2019,2426920.0,t156_credit,Table 156: State-wise Credit by Scheduled Commercial Banks,https://www.rbi.org.in/Scripts/PublicationsView.aspx?id=23605
Maharashtra,2020,2020,2511092.0,t156_credit,Table 156: State-wise Credit by Scheduled Commercial Banks,https://www.rbi.org.in/Scripts/PublicationsView.aspx?id=23605
Maharashtra,2021,2021,2504795.0,t156_credit,Table 156: State-wise Credit by Scheduled Commercial Banks,https://www.rbi.org.in/Scripts/PublicationsView.aspx?id=23605
Maharashtra,2022,2022,2717399.0,t156_credit,Table 156: State-wise Credit by Scheduled Commercial Banks,https://www.rbi.org.in/Scripts/PublicationsView.aspx?id=23605
Maharashtra,2023,2023,3332739.0,t156_credit,Table 156: State-wise Credit by Scheduled Commercial Banks,https://www.rbi.org.in/Scripts/PublicationsView.aspx?id=23605
Maharashtra,2024,2024,4030653.0,t156_credit,Table 156: State-wise Credit by Scheduled Commercial Banks,https://www.rbi.org.in/Scripts/PublicationsView.aspx?id=23605
Maharashtra,2025,2025,4483171.0,t156_credit,Table 156: State-wise Credit by Scheduled Commercial Banks,https://www.rbi.org.in/Scripts/PublicationsView.aspx?id=23605
Andhra Pradesh,2015,2015,198614.0,t156_credit,Table 156: State-wise Credit by Scheduled Commercial Banks,https://www.rbi.org.in/Scripts/PublicationsView.aspx?id=23605
Andhra Pradesh,2016,2016,222921.0,t156_credit,Table 156: State-wise Credit by Scheduled Commercial Banks,https://www.rbi.org.in/Scripts/PublicationsView.aspx?id=23605
Andhra Pradesh,2017,2017,252040.0,t156_credit,Table 156: State-wise Credit by Scheduled Commercial Banks,https://www.rbi.org.in/Scripts/PublicationsView.aspx?id=23605
Andhra Pradesh,2018,2018,309165.0,t156_credit,Table 156: State-wise Credit by Scheduled Commercial Banks,https://www.rbi.org.in/Scripts/PublicationsView.aspx?id=23605
Andhra Pradesh,2019,2019,373572.0,t156_credit,Table 156: State-wise Credit by Scheduled Commercial Banks,https://www.rbi.org.in/Scripts/PublicationsView.aspx?id=23605
Andhra Pradesh,2020,2020,418830.0,t156_credit,Table 156: State-wise Credit by Scheduled Commercial Banks,https://www.rbi.org.in/Scripts/PublicationsView.aspx?id=23605
Andhra Pradesh,2021,2021,486536.0,t156_credit,Table 156: State-wise Credit by Scheduled Commercial Banks,https://www.rbi.org.in/Scripts/PublicationsView.aspx?id=23605
Andhra Pradesh,2022,2022,550560.0,t156_credit,Table 156: State-wise Credit by Scheduled Commercial Banks,https://www.rbi.org.in/Scripts/PublicationsView.aspx?id=23605
Andhra Pradesh,2023,2023,641272.0,t156_credit,Table 156: State-wise Credit by Scheduled Commercial Banks,https://www.rbi.org.in/Scripts/PublicationsView.aspx?id=23605
Andhra Pradesh,2024,2024,763501.0,t156_credit,Table 156: State-wise Credit by Scheduled Commercial Banks,https://www.rbi.org.in/Scripts/PublicationsView.aspx?id=23605
Andhra Pradesh,2025,2025,832527.0,t156_credit,Table 156: State-wise Credit by Scheduled Commercial Banks,https://www.rbi.org.in/Scripts/PublicationsView.aspx?id=23605
Karnataka,2015,2015,429225.0,t156_credit,Table 156: State-wise Credit by Scheduled Commercial Banks,https://www.rbi.org.in/Scripts/PublicationsView.aspx?id=23605
Karnataka,2016,2016,488117.0,t156_credit,Table 156: State-wise Credit by Scheduled Commercial Banks,https://www.rbi.org.in/Scripts/PublicationsView.aspx?id=23605
Karnataka,2017,2017,524756.0,t156_credit,Table 156: State-wise Credit by Scheduled Commercial Banks,https://www.rbi.org.in/Scripts/PublicationsView.aspx?id=23605
Karnataka,2018,2018,582491.0,t156_credit,Table 156: State-wise Credit by Scheduled Commercial Banks,https://www.rbi.org.in/Scripts/PublicationsView.aspx?id=23605
Karnataka,2019,2019,701678.0,t156_credit,Table 156: State-wise Credit by Scheduled Commercial Banks,https://www.rbi.org.in/Scripts/PublicationsView.aspx?id=23605
Karnataka,2020,2020,741838.0,t156_credit,Table 156: State-wise Credit by Scheduled Commercial Banks,https://www.rbi.org.in/Scripts/PublicationsView.aspx?id=23605
Karnataka,2021,2021,793376.0,t156_credit,Table 156: State-wise Credit by Scheduled Commercial Banks,https://www.rbi.org.in/Scripts/PublicationsView.aspx?id=23605
Karnataka,2022,2022,888922.0,t156_credit,Table 156: State-wise Credit by Scheduled Commercial Banks,https://www.rbi.org.in/Scripts/PublicationsView.aspx?id=23605
Karnataka,2023,2023,1027656.0,t156_credit,Table 156: State-wise Credit by Scheduled Commercial Banks,https://www.rbi.org.in/Scripts/PublicationsView.aspx?id=23605
Karnataka,2024,2024,1238986.0,t156_credit,Table 156: State-wise Credit by Scheduled Commercial Banks,https://www.rbi.org.in/Scripts/PublicationsView.aspx?id=23605
Karnataka,2025,2025,1371514.0,t156_credit,Table 156: State-wise Credit by Scheduled Commercial Banks,https://www.rbi.org.in/Scripts/PublicationsView.aspx?id=23605
Kerala,2015,2015,212161.0,t156_credit,Table 156: State-wise Credit by Scheduled Commercial Banks,https://www.rbi.org.in/Scripts/PublicationsView.aspx?id=23605
Kerala,2016,2016,227364.0,t156_credit,Table 156: State-wise Credit by Scheduled Commercial Banks,https://www.rbi.org.in/Scripts/PublicationsView.aspx?id=23605
Kerala,2017,2017,245827.0,t156_credit,Table 156: State-wise Credit by Scheduled Commercial Banks,https://www.rbi.org.in/Scripts/PublicationsView.aspx?id=23605
Kerala,2018,2018,282034.0,t156_credit,Table 156: State-wise Credit by Scheduled Commercial Banks,https://www.rbi.org.in/Scripts/PublicationsView.aspx?id=23605
Kerala,2019,2019,334847.0,t156_credit,Table 156: State-wise Credit by Scheduled Commercial Banks,https://www.rbi.org.in/Scripts/PublicationsView.aspx?id=23605
Kerala,2020,2020,360892.0,t156_credit,Table 156: State-wise Credit by Scheduled Commercial Banks,https://www.rbi.org.in/Scripts/PublicationsView.aspx?id=23605
Kerala,2021,2021,388732.0,t156_credit,Table 156: State-wise Credit by Scheduled Commercial Banks,https://www.rbi.org.in/Scripts/PublicationsView.aspx?id=23605
Kerala,2022,2022,424247.0,t156_credit,Table 156: State-wise Credit by Scheduled Commercial Banks,https://www.rbi.org.in/Scripts/PublicationsView.aspx?id=23605
Kerala,2023,2023,489203.0,t156_credit,Table 156: State-wise Credit by Scheduled Commercial Banks,https://www.rbi.org.in/Scripts/PublicationsView.aspx?id=23605
Kerala,2024,2024,580742.0,t156_credit,Table 156: State-wise Credit by Scheduled Commercial Banks,https://www.rbi.org.in/Scripts/PublicationsView.aspx?id=23605
Kerala,2025,2025,633196.0,t156_credit,Table 156: State-wise Credit by Scheduled Commercial Banks,https://www.rbi.org.in/Scripts/PublicationsView.aspx?id=23605
Lakshadweep,2015,2015,69.0,t156_credit,Table 156: State-wise Credit by Scheduled Commercial Banks,https://www.rbi.org.in/Scripts/PublicationsView.aspx?id=23605
Lakshadweep,2016,2016,79.0,t156_credit,Table 156: State-wise Credit by Scheduled Commercial Banks,https://www.rbi.org.in/Scripts/PublicationsView.aspx?id=23605
Lakshadweep,2017,2017,80.0,t156_credit,Table 156: State-wise Credit by Scheduled Commercial Banks,https://www.rbi.org.in/Scripts/PublicationsView.aspx?id=23605
Lakshadweep,2018,2018,82.0,t156_credit,Table 156: State-wise Credit by Scheduled Commercial Banks,https://www.rbi.org.in/Scripts/PublicationsView.aspx?id=23605
Lakshadweep,2019,2019,90.0,t156_credit,Table 156: State-wise Credit by Scheduled Commercial Banks,https://www.rbi.org.in/Scripts/PublicationsView.aspx?id=23605
Lakshadweep,2020,2020,97.0,t156_credit,Table 156: State-wise Credit by Scheduled Commercial Banks,https://www.rbi.org.in/Scripts/PublicationsView.aspx?id=23605
Lakshadweep,2021,2021,97.0,t156_credit,Table 156: State-wise Credit by Scheduled Commercial Banks,https://www.rbi.org.in/Scripts/PublicationsView.aspx?id=23605
Lakshadweep,2022,2022,118.0,t156_credit,Table 156: State-wise Credit by Scheduled Commercial Banks,https://www.rbi.org.in/Scripts/PublicationsView.aspx?id=23605
Lakshadweep,2023,2023,145.0,t156_credit,Table 156: State-wise Credit by Scheduled Commercial Banks,https://www.rbi.org.in/Scripts/PublicationsView.aspx?id=23605
Lakshadweep,2024,2024,168.0,t156_credit,Table 156: State-wise Credit by Scheduled Commercial Banks,https://www.rbi.org.in/Scripts/PublicationsView.aspx?id=23605
Lakshadweep,2025,2025,195.0,t156_credit,Table 156: State-wise Credit by Scheduled Commercial Banks,https://www.rbi.org.in/Scripts/PublicationsView.aspx?id=23605
Puducherry,2015,2015,7910.0,t156_credit,Table 156: State-wise Credit by Scheduled Commercial Banks,https://www.rbi.org.in/Scripts/PublicationsView.aspx?id=23605
Puducherry,2016,2016,8502.0,t156_credit,Table 156: State-wise Credit by Scheduled Commercial Banks,https://www.rbi.org.in/Scripts/PublicationsView.aspx?id=23605
Puducherry,2017,2017,9336.0,t156_credit,Table 156: State-wise Credit by Scheduled Commercial Banks,https://www.rbi.org.in/Scripts/PublicationsView.aspx?id=23605
Puducherry,2018,2018,10358.0,t156_credit,Table 156: State-wise Credit by Scheduled Commercial Banks,https://www.rbi.org.in/Scripts/PublicationsView.aspx?id=23605
Puducherry,2019,2019,12363.0,t156_credit,Table 156: State-wise Credit by Scheduled Commercial Banks,https://www.rbi.org.in/Scripts/PublicationsView.aspx?id=23605
Puducherry,2020,2020,13322.0,t156_credit,Table 156: State-wise Credit by Scheduled Commercial Banks,https://www.rbi.org.in/Scripts/PublicationsView.aspx?id=23605
Puducherry,2021,2021,14885.0,t156_credit,Table 156: State-wise Credit by Scheduled Commercial Banks,https://www.rbi.org.in/Scripts/PublicationsView.aspx?id=23605
Puducherry,2022,2022,16156.0,t156_credit,Table 156: State-wise Credit by Scheduled Commercial Banks,https://www.rbi.org.in/Scripts/PublicationsView.aspx?id=23605
Puducherry,2023,2023,18315.0,t156_credit,Table 156: State-wise Credit by Scheduled Commercial Banks,https://www.rbi.org.in/Scripts/PublicationsView.aspx?id=23605
Puducherry,2024,2024,21902.0,t156_credit,Table 156: State-wise Credit by Scheduled Commercial Banks,https://www.rbi.org.in/Scripts/PublicationsView.aspx?id=23605
Puducherry,2025,2025,24561.0,t156_credit,Table 156: State-wise Credit by Scheduled Commercial Banks,https://www.rbi.org.in/Scripts/PublicationsView.aspx?id=23605
Tamil Nadu,2015,2015,649164.0,t156_credit,Table 156: State-wise Credit by Scheduled Commercial Banks,https://www.rbi.org.in/Scripts/PublicationsView.aspx?id=23605
Tamil Nadu,2016,2016,682047.0,t156_credit,Table 156: State-wise Credit by Scheduled Commercial Banks,https://www.rbi.org.in/Scripts/PublicationsView.aspx?id=23605
Tamil Nadu,2017,2017,707383.0,t156_credit,Table 156: State-wise Credit by Scheduled Commercial Banks,https://www.rbi.org.in/Scripts/PublicationsView.aspx?id=23605
Tamil Nadu,2018,2018,813600.0,t156_credit,Table 156: State-wise Credit by Scheduled Commercial Banks,https://www.rbi.org.in/Scripts/PublicationsView.aspx?id=23605
Tamil Nadu,2019,2019,891030.0,t156_credit,Table 156: State-wise Credit by Scheduled Commercial Banks,https://www.rbi.org.in/Scripts/PublicationsView.aspx?id=23605
Tamil Nadu,2020,2020,981665.0,t156_credit,Table 156: State-wise Credit by Scheduled Commercial Banks,https://www.rbi.org.in/Scripts/PublicationsView.aspx?id=23605
Tamil Nadu,2021,2021,1046952.0,t156_credit,Table 156: State-wise Credit by Scheduled Commercial Banks,https://www.rbi.org.in/Scripts/PublicationsView.aspx?id=23605
Tamil Nadu,2022,2022,1158606.0,t156_credit,Table 156: State-wise Credit by Scheduled Commercial Banks,https://www.rbi.org.in/Scripts/PublicationsView.aspx?id=23605
Tamil Nadu,2023,2023,1325333.0,t156_credit,Table 156: State-wise Credit by Scheduled Commercial Banks,https://www.rbi.org.in/Scripts/PublicationsView.aspx?id=23605
Tamil Nadu,2024,2024,1582851.0,t156_credit,Table 156: State-wise Credit by Scheduled Commercial Banks,https://www.rbi.org.in/Scripts/PublicationsView.aspx?id=23605
Tamil Nadu,2025,2025,1762746.0,t156_credit,Table 156: State-wise Credit by Scheduled Commercial Banks,https://www.rbi.org.in/Scripts/PublicationsView.aspx?id=23605
Telangana,2015,2015,333547.0,t156_credit,Table 156: State-wise Credit by Scheduled Commercial Banks,https://www.rbi.org.in/Scripts/PublicationsView.aspx?id=23605
Telangana,2016,2016,371911.0,t156_credit,Table 156: State-wise Credit by Scheduled Commercial Banks,https://www.rbi.org.in/Scripts/PublicationsView.aspx?id=23605
Telangana,2017,2017,395359.0,t156_credit,Table 156: State-wise Credit by Scheduled Commercial Banks,https://www.rbi.org.in/Scripts/PublicationsView.aspx?id=23605
Telangana,2018,2018,448649.0,t156_credit,Table 156: State-wise Credit by Scheduled Commercial Banks,https://www.rbi.org.in/Scripts/PublicationsView.aspx?id=23605
Telangana,2019,2019,518518.0,t156_credit,Table 156: State-wise Credit by Scheduled Commercial Banks,https://www.rbi.org.in/Scripts/PublicationsView.aspx?id=23605
Telangana,2020,2020,550411.0,t156_credit,Table 156: State-wise Credit by Scheduled Commercial Banks,https://www.rbi.org.in/Scripts/PublicationsView.aspx?id=23605
Telangana,2021,2021,601477.0,t156_credit,Table 156: State-wise Credit by Scheduled Commercial Banks,https://www.rbi.org.in/Scripts/PublicationsView.aspx?id=23605
Telangana,2022,2022,660857.0,t156_credit,Table 156: State-wise Credit by Scheduled Commercial Banks,https://www.rbi.org.in/Scripts/PublicationsView.aspx?id=23605
Telangana,2023,2023,776338.0,t156_credit,Table 156: State-wise Credit by Scheduled Commercial Banks,https://www.rbi.org.in/Scripts/PublicationsView.aspx?id=23605
Telangana,2024,2024,940895.0,t156_credit,Table 156: State-wise Credit by Scheduled Commercial Banks,https://www.rbi.org.in/Scripts/PublicationsView.aspx?id=23605
Telangana,2025,2025,1045686.0,t156_credit,Table 156: State-wise Credit by Scheduled Commercial Banks,https://www.rbi.org.in/Scripts/PublicationsView.aspx?id=23605
