unit,year,age_band,persons,male,female,pdf_page
INDIA,2011,0-1,24416,12645,11771,165
INDIA,2016,0-1,23739,12532,11207,165
INDIA,2021,0-1,23156,12196,10960,165
INDIA,2011,0-4,119827,62145,57682,165
INDIA,2016,0-4,116513,61594,54919,165
INDIA,2021,0-4,113645,59938,53707,165
INDIA,2011,5-9,125308,65412,59896,165
INDIA,2016,5-9,118620,61536,57084,165
INDIA,2021,5-9,115305,60959,54345,165
INDIA,2011,10-14,128696,67537,61158,165
INDIA,2016,10-14,124923,65160,59763,165
INDIA,2021,10-14,118131,61225,56906,165
INDIA,2011,15-19,121748,63986,57763,165
INDIA,2016,15-19,128207,67241,60965,165
INDIA,2021,15-19,124313,64788,59525,165
INDIA,2011,20-24,111611,57844,53767,165
INDIA,2016,20-24,121001,63545,57456,165
INDIA,2021,20-24,127305,66701,60603,165
INDIA,2011,25-29,101086,51429,49657,165
INDIA,2016,25-29,110750,57310,53441,165
INDIA,2021,25-29,119966,62893,57073,165
INDIA,2011,30-34,91274,46072,45203,165
INDIA,2016,30-34,100176,50834,49341,165
INDIA,2021,30-34,109675,56606,53069,165
INDIA,2011,35-39,83137,42172,40965,165
INDIA,2016,35-39,90239,45364,44875,165
INDIA,2021,35-39,99001,50043,48958,165
INDIA,2011,40-44,73356,37681,35675,165
INDIA,2016,40-44,81906,41320,40586,165
INDIA,2021,40-44,88901,44459,44442,165
INDIA,2011,45-49,61765,32038,29727,165
INDIA,2016,45-49,71834,36643,35191,165
INDIA,2021,45-49,80248,40217,40031,165
INDIA,2011,50-54,50086,25919,24168,165
INDIA,2016,50-54,59861,30773,29088,165
INDIA,2021,50-54,69705,35253,34452,165
INDIA,2011,55-59,41410,20944,20466,165
INDIA,2016,55-59,47784,24428,23356,165
INDIA,2021,55-59,57252,29096,28156,165
INDIA,2011,60-64,35363,17518,17845,165
INDIA,2016,60-64,38478,19154,19324,165
INDIA,2021,60-64,44619,22480,22139,165
INDIA,2011,65-69,27548,13612,13935,165
INDIA,2016,65-69,31363,15214,16149,165
INDIA,2021,65-69,34470,16833,17637,165
INDIA,2011,70-74,21428,10546,10882,165
INDIA,2016,70-74,22861,11012,11849,165
INDIA,2021,70-74,26501,12551,13951,165
INDIA,2011,75-79,10748,5471,5277,165
INDIA,2016,75-79,16147,7718,8429,165
INDIA,2021,75-79,17696,8274,9422,165
INDIA,2011,80+,6464,2946,3518,165
INDIA,2016,80+,9573,4501,5072,165
INDIA,2021,80+,14611,6643,7968,165
INDIA,2011,Total,1210855,623270,587585,165
INDIA,2016,Total,1290235,663346,626889,165
INDIA,2021,Total,1361343,698959,662384,165
INDIA,2026,0-1,21892,11500,10392,165
INDIA,2031,0-1,20517,10753,9764,165
INDIA,2036,0-1,19240,10088,9152,165
INDIA,2026,0-4,107444,56522,50923,165
INDIA,2031,0-4,100690,52846,47844,165
INDIA,2036,0-4,94429,49580,44849,165
INDIA,2026,5-9,112656,59409,53246,165
INDIA,2031,5-9,106668,56100,50568,165
INDIA,2036,5-9,100159,52587,47572,165
INDIA,2026,10-14,114956,60713,54243,165
INDIA,2031,10-14,112434,59229,53205,165
INDIA,2036,10-14,106615,56048,50567,165
INDIA,2026,15-19,117697,60943,56754,165
INDIA,2031,15-19,114655,60494,54161,165
INDIA,2036,15-19,112306,59140,53167,165
INDIA,2026,20-24,123600,64343,59258,165
INDIA,2031,20-24,117159,60588,56571,165
INDIA,2036,20-24,114306,60271,54035,165
INDIA,2026,25-29,126388,66100,60288,165
INDIA,2031,25-29,122861,63835,59026,165
INDIA,2036,25-29,116645,60243,56402,165
INDIA,2026,30-34,118970,62210,56760,165
INDIA,2031,30-34,125504,65469,60036,165
INDIA,2036,30-34,122208,63375,58833,165
INDIA,2026,35-39,108560,55823,52737,165
INDIA,2031,35-39,117933,61452,56481,165
INDIA,2036,35-39,124638,64840,59797,165
INDIA,2026,40-44,97711,49147,48564,165
INDIA,2031,40-44,107318,54930,52388,165
INDIA,2036,40-44,116806,60642,56164,165
INDIA,2026,45-49,87295,43378,43917,165
INDIA,2031,45-49,96132,48064,48068,165
INDIA,2036,45-49,105805,53889,51916,165
INDIA,2026,50-54,78088,38806,39282,165
INDIA,2031,50-54,85156,41975,43181,165
INDIA,2036,50-54,94010,46672,47338,165
INDIA,2026,55-59,66921,33468,33453,165
INDIA,2031,55-59,75222,36977,38244,165
INDIA,2036,55-59,82302,40167,42135,165
INDIA,2026,60-64,53756,26936,26821,165
INDIA,2031,60-64,63151,31154,31997,165
INDIA,2036,60-64,71328,34615,36713,165
INDIA,2026,65-69,40319,19942,20377,165
INDIA,2031,65-69,48959,24103,24855,165
INDIA,2036,65-69,57941,28103,29839,165
INDIA,2026,70-74,29526,14080,15446,165
INDIA,2031,70-74,34935,16893,18042,165
INDIA,2036,70-74,42871,20642,22229,165
INDIA,2026,75-79,20920,9595,11325,165
INDIA,2031,75-79,23672,10932,12740,165
INDIA,2036,75-79,28383,13285,15099,165
INDIA,2026,80+,18626,8190,10437,165
INDIA,2031,80+,23071,9852,13219,165
INDIA,2036,80+,27536,11603,15933,165
INDIA,2026,Total,1423435,729604,693831,165
INDIA,2031,Total,1475519,754893,720626,165
INDIA,2036,Total,1518288,775702,742586,165
JAMMU & KASHMIR (UT),2011,0-1,291,157,134,170
JAMMU & KASHMIR (UT),2016,0-1,185,96,89,170
JAMMU & KASHMIR (UT),2021,0-1,170,88,82,170
JAMMU & KASHMIR (UT),2011,0-4,1438,775,662,170
JAMMU & KASHMIR (UT),2016,0-4,911,473,438,170
JAMMU & KASHMIR (UT),2021,0-4,839,434,405,170
JAMMU & KASHMIR (UT),2011,5-9,1391,739,652,170
JAMMU & KASHMIR (UT),2016,5-9,1427,768,659,170
JAMMU & KASHMIR (UT),2021,5-9,905,469,436,170
JAMMU & KASHMIR (UT),2011,10-14,1347,708,639,170
JAMMU & KASHMIR (UT),2016,10-14,1386,736,650,170
JAMMU & KASHMIR (UT),2021,10-14,1423,765,657,170
JAMMU & KASHMIR (UT),2011,15-19,1238,645,594,170
JAMMU & KASHMIR (UT),2016,15-19,1338,704,635,170
JAMMU & KASHMIR (UT),2021,15-19,1378,732,646,170
JAMMU & KASHMIR (UT),2011,20-24,1133,592,542,170
JAMMU & KASHMIR (UT),2016,20-24,1226,639,587,170
JAMMU & KASHMIR (UT),2021,20-24,1326,698,628,170
JAMMU & KASHMIR (UT),2011,25-29,1035,548,487,170
JAMMU & KASHMIR (UT),2016,25-29,1125,586,539,170
JAMMU & KASHMIR (UT),2021,25-29,1218,634,584,170
JAMMU & KASHMIR (UT),2011,30-34,919,488,431,170
JAMMU & KASHMIR (UT),2016,30-34,1028,543,485,170
JAMMU & KASHMIR (UT),2021,30-34,1117,581,536,170
JAMMU & KASHMIR (UT),2011,35-39,809,429,380,170
JAMMU & KASHMIR (UT),2016,35-39,911,483,428,170
JAMMU & KASHMIR (UT),2021,35-39,1020,538,482,170
JAMMU & KASHMIR (UT),2011,40-44,698,372,326,170
JAMMU & KASHMIR (UT),2016,40-44,801,424,377,170
JAMMU & KASHMIR (UT),2021,40-44,903,478,425,170
JAMMU & KASHMIR (UT),2011,45-49,578,309,269,170
JAMMU & KASHMIR (UT),2016,45-49,688,366,322,170
JAMMU & KASHMIR (UT),2021,45-49,790,417,373,170
JAMMU & KASHMIR (UT),2011,50-54,457,244,214,170
JAMMU & KASHMIR (UT),2016,50-54,566,302,265,170
JAMMU & KASHMIR (UT),2021,50-54,674,357,317,170
JAMMU & KASHMIR (UT),2011,55-59,360,190,171,170
JAMMU & KASHMIR (UT),2016,55-59,441,233,208,170
JAMMU & KASHMIR (UT),2021,55-59,547,289,258,170
JAMMU & KASHMIR (UT),2011,60-64,291,152,139,170
JAMMU & KASHMIR (UT),2016,60-64,340,177,163,170
JAMMU & KASHMIR (UT),2021,60-64,417,218,199,170
JAMMU & KASHMIR (UT),2011,65-69,224,117,107,170
JAMMU & KASHMIR (UT),2016,65-69,267,137,130,170
JAMMU & KASHMIR (UT),2021,65-69,313,160,153,170
JAMMU & KASHMIR (UT),2011,70-74,192,99,92,170
JAMMU & KASHMIR (UT),2016,70-74,193,97,96,170
JAMMU & KASHMIR (UT),2021,70-74,233,116,117,170
JAMMU & KASHMIR (UT),2011,75-79,98,50,47,170
JAMMU & KASHMIR (UT),2016,75-79,152,74,77,170
JAMMU & KASHMIR (UT),2021,75-79,156,74,81,170
JAMMU & KASHMIR (UT),2011,80+,59,27,31,170
JAMMU & KASHMIR (UT),2016,80+,94,45,49,170
JAMMU & KASHMIR (UT),2021,80+,149,69,80,170
JAMMU & KASHMIR (UT),2011,Total,12267,6484,5783,170
JAMMU & KASHMIR (UT),2016,Total,12897,6789,6108,170
JAMMU & KASHMIR (UT),2021,Total,13408,7030,6378,170
JAMMU & KASHMIR (UT),2026,0-1,174,90,84,170
JAMMU & KASHMIR (UT),2031,0-1,181,93,88,170
JAMMU & KASHMIR (UT),2036,0-1,177,91,86,170
JAMMU & KASHMIR (UT),2026,0-4,859,443,417,170
JAMMU & KASHMIR (UT),2031,0-4,890,457,434,170
JAMMU & KASHMIR (UT),2036,0-4,873,448,425,170
JAMMU & KASHMIR (UT),2026,5-9,833,430,403,170
JAMMU & KASHMIR (UT),2031,5-9,853,439,414,170
JAMMU & KASHMIR (UT),2036,5-9,885,453,431,170
JAMMU & KASHMIR (UT),2026,10-14,901,467,434,170
JAMMU & KASHMIR (UT),2031,10-14,830,428,402,170
JAMMU & KASHMIR (UT),2036,10-14,850,437,413,170
JAMMU & KASHMIR (UT),2026,15-19,1415,761,653,170
JAMMU & KASHMIR (UT),2031,15-19,894,463,431,170
JAMMU & KASHMIR (UT),2036,15-19,823,425,398,170
JAMMU & KASHMIR (UT),2026,20-24,1366,727,639,170
JAMMU & KASHMIR (UT),2031,20-24,1402,756,646,170
JAMMU & KASHMIR (UT),2036,20-24,883,459,425,170
JAMMU & KASHMIR (UT),2026,25-29,1317,692,625,170
JAMMU & KASHMIR (UT),2031,25-29,1357,721,636,170
JAMMU & KASHMIR (UT),2036,25-29,1393,749,643,170
JAMMU & KASHMIR (UT),2026,30-34,1210,628,582,170
JAMMU & KASHMIR (UT),2031,30-34,1309,687,622,170
JAMMU & KASHMIR (UT),2036,30-34,1348,715,633,170
JAMMU & KASHMIR (UT),2026,35-39,1109,576,533,170
JAMMU & KASHMIR (UT),2031,35-39,1201,623,579,170
JAMMU & KASHMIR (UT),2036,35-39,1300,681,619,170
JAMMU & KASHMIR (UT),2026,40-44,1011,532,479,170
JAMMU & KASHMIR (UT),2031,40-44,1100,570,530,170
JAMMU & KASHMIR (UT),2036,40-44,1192,617,575,170
JAMMU & KASHMIR (UT),2026,45-49,891,470,421,170
JAMMU & KASHMIR (UT),2031,45-49,998,524,474,170
JAMMU & KASHMIR (UT),2036,45-49,1086,562,525,170
JAMMU & KASHMIR (UT),2026,50-54,775,407,368,170
JAMMU & KASHMIR (UT),2031,50-54,874,459,415,170
JAMMU & KASHMIR (UT),2036,50-54,980,512,468,170
JAMMU & KASHMIR (UT),2026,55-59,652,343,309,170
JAMMU & KASHMIR (UT),2031,55-59,750,391,359,170
JAMMU & KASHMIR (UT),2036,55-59,848,442,406,170
JAMMU & KASHMIR (UT),2026,60-64,519,272,248,170
JAMMU & KASHMIR (UT),2031,60-64,621,323,298,170
JAMMU & KASHMIR (UT),2036,60-64,716,370,346,170
JAMMU & KASHMIR (UT),2026,65-69,386,199,188,170
JAMMU & KASHMIR (UT),2031,65-69,483,248,235,170
JAMMU & KASHMIR (UT),2036,65-69,579,296,283,170
JAMMU & KASHMIR (UT),2026,70-74,276,137,139,170
JAMMU & KASHMIR (UT),2031,70-74,343,171,172,170
JAMMU & KASHMIR (UT),2036,70-74,430,215,215,170
JAMMU & KASHMIR (UT),2026,75-79,190,90,101,170
JAMMU & KASHMIR (UT),2031,75-79,227,107,120,170
JAMMU & KASHMIR (UT),2036,75-79,284,135,149,170
JAMMU & KASHMIR (UT),2026,80+,185,83,102,170
JAMMU & KASHMIR (UT),2031,80+,229,100,128,170
JAMMU & KASHMIR (UT),2036,80+,278,120,158,170
JAMMU & KASHMIR (UT),2026,Total,13896,7256,6640,170
JAMMU & KASHMIR (UT),2031,Total,14361,7467,6894,170
JAMMU & KASHMIR (UT),2036,Total,14747,7635,7112,170
HIMACHAL PRADESH,2011,0-1,113,59,54,174
HIMACHAL PRADESH,2016,0-1,101,53,48,174
HIMACHAL PRADESH,2021,0-1,94,49,45,174
HIMACHAL PRADESH,2011,0-4,557,292,265,174
HIMACHAL PRADESH,2016,0-4,500,262,238,174
HIMACHAL PRADESH,2021,0-4,465,243,222,174
HIMACHAL PRADESH,2011,5-9,593,312,280,174
HIMACHAL PRADESH,2016,5-9,556,293,263,174
HIMACHAL PRADESH,2021,5-9,499,263,236,174
HIMACHAL PRADESH,2011,10-14,628,332,297,174
HIMACHAL PRADESH,2016,10-14,592,313,279,174
HIMACHAL PRADESH,2021,10-14,556,294,262,174
HIMACHAL PRADESH,2011,15-19,642,334,308,174
HIMACHAL PRADESH,2016,15-19,628,333,295,174
HIMACHAL PRADESH,2021,15-19,593,315,278,174
HIMACHAL PRADESH,2011,20-24,630,319,311,174
HIMACHAL PRADESH,2016,20-24,641,335,305,174
HIMACHAL PRADESH,2021,20-24,628,334,294,174
HIMACHAL PRADESH,2011,25-29,593,294,299,174
HIMACHAL PRADESH,2016,25-29,627,318,309,174
HIMACHAL PRADESH,2021,25-29,638,335,303,174
HIMACHAL PRADESH,2011,30-34,551,273,278,174
HIMACHAL PRADESH,2016,30-34,590,293,297,174
HIMACHAL PRADESH,2021,30-34,624,317,307,174
HIMACHAL PRADESH,2011,35-39,508,253,255,174
HIMACHAL PRADESH,2016,35-39,547,271,276,174
HIMACHAL PRADESH,2021,35-39,586,290,295,174
HIMACHAL PRADESH,2011,40-44,452,225,226,174
HIMACHAL PRADESH,2016,40-44,502,249,253,174
HIMACHAL PRADESH,2021,40-44,541,267,274,174
HIMACHAL PRADESH,2011,45-49,392,196,196,174
HIMACHAL PRADESH,2016,45-49,445,220,224,174
HIMACHAL PRADESH,2021,45-49,495,244,251,174
HIMACHAL PRADESH,2011,50-54,331,166,165,174
HIMACHAL PRADESH,2016,50-54,383,190,193,174
HIMACHAL PRADESH,2021,50-54,435,214,221,174
HIMACHAL PRADESH,2011,55-59,274,138,136,174
HIMACHAL PRADESH,2016,55-59,319,158,161,174
HIMACHAL PRADESH,2021,55-59,370,181,188,174
HIMACHAL PRADESH,2011,60-64,222,111,111,174
HIMACHAL PRADESH,2016,60-64,258,127,131,174
HIMACHAL PRADESH,2021,60-64,301,147,155,174
HIMACHAL PRADESH,2011,65-69,170,84,86,174
HIMACHAL PRADESH,2016,65-69,201,98,104,174
HIMACHAL PRADESH,2021,65-69,235,113,122,174
HIMACHAL PRADESH,2011,70-74,151,72,79,174
HIMACHAL PRADESH,2016,70-74,147,70,77,174
HIMACHAL PRADESH,2021,70-74,176,82,93,174
HIMACHAL PRADESH,2011,75-79,106,51,55,174
HIMACHAL PRADESH,2016,75-79,121,55,66,174
HIMACHAL PRADESH,2021,75-79,119,54,65,174
HIMACHAL PRADESH,2011,80+,64,28,36,174
HIMACHAL PRADESH,2016,80+,101,45,57,174
HIMACHAL PRADESH,2021,80+,133,57,76,174
HIMACHAL PRADESH,2011,Total,6865,3482,3383,174
HIMACHAL PRADESH,2016,Total,7158,3631,3528,174
HIMACHAL PRADESH,2021,Total,7394,3750,3644,174
HIMACHAL PRADESH,2026,0-1,88,46,42,174
HIMACHAL PRADESH,2031,0-1,83,43,40,174
HIMACHAL PRADESH,2036,0-1,77,40,37,174
HIMACHAL PRADESH,2026,0-4,436,227,209,174
HIMACHAL PRADESH,2031,0-4,408,212,197,174
HIMACHAL PRADESH,2036,0-4,380,197,182,174
HIMACHAL PRADESH,2026,5-9,464,244,221,174
HIMACHAL PRADESH,2031,5-9,436,228,208,174
HIMACHAL PRADESH,2036,5-9,409,213,196,174
HIMACHAL PRADESH,2026,10-14,500,264,235,174
HIMACHAL PRADESH,2031,10-14,465,245,220,174
HIMACHAL PRADESH,2036,10-14,437,230,207,174
HIMACHAL PRADESH,2026,15-19,556,296,261,174
HIMACHAL PRADESH,2031,15-19,501,266,234,174
HIMACHAL PRADESH,2036,15-19,466,248,219,174
HIMACHAL PRADESH,2026,20-24,592,316,276,174
HIMACHAL PRADESH,2031,20-24,557,298,259,174
HIMACHAL PRADESH,2036,20-24,502,269,233,174
HIMACHAL PRADESH,2026,25-29,626,334,292,174
HIMACHAL PRADESH,2031,25-29,591,316,275,174
HIMACHAL PRADESH,2036,25-29,556,298,257,174
HIMACHAL PRADESH,2026,30-34,635,333,302,174
HIMACHAL PRADESH,2031,30-34,623,333,290,174
HIMACHAL PRADESH,2036,30-34,589,316,273,174
HIMACHAL PRADESH,2026,35-39,620,314,306,174
HIMACHAL PRADESH,2031,35-39,631,331,300,174
HIMACHAL PRADESH,2036,35-39,620,331,289,174
HIMACHAL PRADESH,2026,40-44,580,286,294,174
HIMACHAL PRADESH,2031,40-44,614,310,304,174
HIMACHAL PRADESH,2036,40-44,626,327,299,174
HIMACHAL PRADESH,2026,45-49,534,261,272,174
HIMACHAL PRADESH,2031,45-49,573,281,291,174
HIMACHAL PRADESH,2036,45-49,607,305,302,174
HIMACHAL PRADESH,2026,50-54,485,237,248,174
HIMACHAL PRADESH,2031,50-54,523,255,269,174
HIMACHAL PRADESH,2036,50-54,562,274,288,174
HIMACHAL PRADESH,2026,55-59,421,205,216,174
HIMACHAL PRADESH,2031,55-59,469,227,242,174
HIMACHAL PRADESH,2036,55-59,508,245,263,174
HIMACHAL PRADESH,2026,60-64,351,169,182,174
HIMACHAL PRADESH,2031,60-64,400,191,209,174
HIMACHAL PRADESH,2036,60-64,448,213,235,174
HIMACHAL PRADESH,2026,65-69,277,131,146,174
HIMACHAL PRADESH,2031,65-69,324,152,172,174
HIMACHAL PRADESH,2036,65-69,371,173,198,174
HIMACHAL PRADESH,2026,70-74,207,96,111,174
HIMACHAL PRADESH,2031,70-74,245,113,133,174
HIMACHAL PRADESH,2036,70-74,289,132,157,174
HIMACHAL PRADESH,2026,75-79,144,65,79,174
HIMACHAL PRADESH,2031,75-79,172,77,95,174
HIMACHAL PRADESH,2036,75-79,205,90,115,174
HIMACHAL PRADESH,2026,80+,152,64,89,174
HIMACHAL PRADESH,2031,80+,179,74,106,174
HIMACHAL PRADESH,2036,80+,213,86,127,174
HIMACHAL PRADESH,2026,Total,7579,3843,3737,174
HIMACHAL PRADESH,2031,Total,7712,3908,3804,174
HIMACHAL PRADESH,2036,Total,7785,3945,3840,174
PUNJAB,2011,0-1,432,234,198,178
PUNJAB,2016,0-1,417,222,195,178
PUNJAB,2021,0-1,394,209,185,178
PUNJAB,2011,0-4,2137,1158,978,178
PUNJAB,2016,0-4,2059,1098,961,178
PUNJAB,2021,0-4,1952,1037,915,178
PUNJAB,2011,5-9,2367,1302,1065,178
PUNJAB,2016,5-9,2145,1167,979,178
PUNJAB,2021,5-9,2069,1107,962,178
PUNJAB,2011,10-14,2592,1443,1149,178
PUNJAB,2016,10-14,2380,1311,1069,178
PUNJAB,2021,10-14,2160,1177,983,178
PUNJAB,2011,15-19,2753,1515,1238,178
PUNJAB,2016,15-19,2626,1458,1167,178
PUNJAB,2021,15-19,2417,1328,1089,178
PUNJAB,2011,20-24,2713,1445,1268,178
PUNJAB,2016,20-24,2807,1533,1274,178
PUNJAB,2021,20-24,2685,1479,1206,178
PUNJAB,2011,25-29,2459,1274,1185,178
PUNJAB,2016,25-29,2724,1450,1274,178
PUNJAB,2021,25-29,2820,1539,1281,178
PUNJAB,2011,30-34,2175,1113,1061,178
PUNJAB,2016,30-34,2456,1271,1185,178
PUNJAB,2021,30-34,2721,1447,1274,178
PUNJAB,2011,35-39,1974,1005,969,178
PUNJAB,2016,35-39,2165,1105,1059,178
PUNJAB,2021,35-39,2445,1263,1182,178
PUNJAB,2011,40-44,1791,913,878,178
PUNJAB,2016,40-44,1953,990,963,178
PUNJAB,2021,40-44,2143,1090,1053,178
PUNJAB,2011,45-49,1557,804,753,178
PUNJAB,2016,45-49,1761,893,868,178
PUNJAB,2021,45-49,1922,969,953,178
PUNJAB,2011,50-54,1265,659,606,178
PUNJAB,2016,50-54,1514,776,739,178
PUNJAB,2021,50-54,1716,864,852,178
PUNJAB,2011,55-59,1043,530,512,178
PUNJAB,2016,55-59,1215,627,588,178
PUNJAB,2021,55-59,1458,741,718,178
PUNJAB,2011,60-64,919,457,462,178
PUNJAB,2016,60-64,981,493,488,178
PUNJAB,2021,60-64,1147,585,562,178
PUNJAB,2011,65-69,738,376,363,178
PUNJAB,2016,65-69,841,411,430,178
PUNJAB,2021,65-69,903,446,457,178
PUNJAB,2011,70-74,597,309,288,178
PUNJAB,2016,70-74,646,323,322,178
PUNJAB,2021,70-74,742,357,386,178
PUNJAB,2011,75-79,416,219,197,178
PUNJAB,2016,75-79,479,246,233,178
PUNJAB,2021,75-79,525,260,265,178
PUNJAB,2011,80+,249,118,131,178
PUNJAB,2016,80+,389,195,194,178
PUNJAB,2021,80+,511,254,257,178
PUNJAB,2011,Total,27743,14639,13104,178
PUNJAB,2016,Total,29140,15347,13793,178
PUNJAB,2021,Total,30339,15943,14395,178
PUNJAB,2026,0-1,368,194,174,178
PUNJAB,2031,0-1,344,181,163,178
PUNJAB,2036,0-1,325,171,154,178
PUNJAB,2026,0-4,1820,963,857,178
PUNJAB,2031,0-4,1702,897,804,178
PUNJAB,2036,0-4,1609,848,761,178
PUNJAB,2026,5-9,1965,1047,918,178
PUNJAB,2031,5-9,1835,975,860,178
PUNJAB,2036,5-9,1718,909,809,178
PUNJAB,2026,10-14,2086,1119,967,178
PUNJAB,2031,10-14,1983,1060,923,178
PUNJAB,2036,10-14,1854,988,866,178
PUNJAB,2026,15-19,2201,1196,1005,178
PUNJAB,2031,15-19,2128,1139,990,178
PUNJAB,2036,15-19,2027,1081,946,178
PUNJAB,2026,20-24,2482,1352,1130,178
PUNJAB,2031,20-24,2270,1222,1048,178
PUNJAB,2036,20-24,2200,1166,1035,178
PUNJAB,2026,25-29,2702,1487,1215,178
PUNJAB,2031,25-29,2502,1362,1140,178
PUNJAB,2036,25-29,2293,1235,1059,178
PUNJAB,2026,30-34,2819,1537,1282,178
PUNJAB,2031,30-34,2704,1487,1216,178
PUNJAB,2036,30-34,2508,1365,1142,178
PUNJAB,2026,35-39,2709,1438,1272,178
PUNJAB,2031,35-39,2809,1529,1280,178
PUNJAB,2036,35-39,2696,1481,1215,178
PUNJAB,2026,40-44,2422,1247,1176,178
PUNJAB,2031,40-44,2686,1420,1265,178
PUNJAB,2036,40-44,2786,1511,1274,178
PUNJAB,2026,45-49,2112,1069,1043,178
PUNJAB,2031,45-49,2389,1224,1165,178
PUNJAB,2036,45-49,2650,1396,1254,178
PUNJAB,2026,50-54,1876,940,936,178
PUNJAB,2031,50-54,2064,1039,1026,178
PUNJAB,2036,50-54,2338,1191,1147,178
PUNJAB,2026,55-59,1656,827,829,178
PUNJAB,2031,55-59,1814,902,913,178
PUNJAB,2036,55-59,2000,998,1001,178
PUNJAB,2026,60-64,1381,694,688,178
PUNJAB,2031,60-64,1574,777,797,178
PUNJAB,2036,60-64,1729,850,879,178
PUNJAB,2026,65-69,1061,533,528,178
PUNJAB,2031,65-69,1284,635,649,178
PUNJAB,2036,65-69,1468,714,754,178
PUNJAB,2026,70-74,802,390,412,178
PUNJAB,2031,70-74,949,469,480,178
PUNJAB,2036,70-74,1154,560,594,178
PUNJAB,2026,75-79,610,288,321,178
PUNJAB,2031,75-79,665,317,348,178
PUNJAB,2036,75-79,792,383,410,178
PUNJAB,2026,80+,614,297,317,178
PUNJAB,2031,80+,729,338,391,178
PUNJAB,2036,80+,835,379,456,178
PUNJAB,2026,Total,31318,16423,14895,178
PUNJAB,2031,Total,32087,16792,15295,178
PUNJAB,2036,Total,32658,17055,15603,178
UTTARAKHAND,2011,0-1,195,103,92,182
UTTARAKHAND,2016,0-1,175,95,80,182
UTTARAKHAND,2021,0-1,176,95,81,182
UTTARAKHAND,2011,0-4,965,511,454,182
UTTARAKHAND,2016,0-4,865,471,394,182
UTTARAKHAND,2021,0-4,869,468,401,182
UTTARAKHAND,2011,5-9,1049,554,495,182
UTTARAKHAND,2016,5-9,967,514,453,182
UTTARAKHAND,2021,5-9,868,474,394,182
UTTARAKHAND,2011,10-14,1120,590,530,182
UTTARAKHAND,2016,10-14,1052,557,495,182
UTTARAKHAND,2021,10-14,971,517,454,182
UTTARAKHAND,2011,15-19,1093,567,525,182
UTTARAKHAND,2016,15-19,1131,595,535,182
UTTARAKHAND,2021,15-19,1064,564,501,182
UTTARAKHAND,2011,20-24,970,490,481,182
UTTARAKHAND,2016,20-24,1110,574,536,182
UTTARAKHAND,2021,20-24,1150,603,547,182
UTTARAKHAND,2011,25-29,824,407,417,182
UTTARAKHAND,2016,25-29,975,493,482,182
UTTARAKHAND,2021,25-29,1115,577,538,182
UTTARAKHAND,2011,30-34,719,355,364,182
UTTARAKHAND,2016,30-34,825,409,416,182
UTTARAKHAND,2021,30-34,976,494,482,182
UTTARAKHAND,2011,35-39,650,324,326,182
UTTARAKHAND,2016,35-39,718,355,363,182
UTTARAKHAND,2021,35-39,823,408,415,182
UTTARAKHAND,2011,40-44,573,288,285,182
UTTARAKHAND,2016,40-44,644,320,324,182
UTTARAKHAND,2021,40-44,712,352,360,182
UTTARAKHAND,2011,45-49,486,246,240,182
UTTARAKHAND,2016,45-49,564,283,281,182
UTTARAKHAND,2021,45-49,635,316,320,182
UTTARAKHAND,2011,50-54,401,201,200,182
UTTARAKHAND,2016,50-54,473,238,235,182
UTTARAKHAND,2021,50-54,550,274,276,182
UTTARAKHAND,2011,55-59,341,168,174,182
UTTARAKHAND,2016,55-59,385,191,194,182
UTTARAKHAND,2021,55-59,455,226,229,182
UTTARAKHAND,2011,60-64,299,147,152,182
UTTARAKHAND,2016,60-64,319,153,165,182
UTTARAKHAND,2021,60-64,361,176,185,182
UTTARAKHAND,2011,65-69,233,115,117,182
UTTARAKHAND,2016,65-69,271,129,142,182
UTTARAKHAND,2021,65-69,291,136,155,182
UTTARAKHAND,2011,70-74,184,90,94,182
UTTARAKHAND,2016,70-74,201,97,104,182
UTTARAKHAND,2021,70-74,237,110,127,182
UTTARAKHAND,2011,75-79,111,54,57,182
UTTARAKHAND,2016,75-79,146,69,77,182
UTTARAKHAND,2021,75-79,162,75,87,182
UTTARAKHAND,2011,80+,67,29,38,182
UTTARAKHAND,2016,80+,109,48,61,182
UTTARAKHAND,2021,80+,157,66,90,182
UTTARAKHAND,2011,Total,10086,5138,4949,182
UTTARAKHAND,2016,Total,10755,5496,5258,182
UTTARAKHAND,2021,Total,11399,5840,5560,182
UTTARAKHAND,2026,0-1,171,91,80,182
UTTARAKHAND,2031,0-1,164,86,78,182
UTTARAKHAND,2036,0-1,154,81,73,182
UTTARAKHAND,2026,0-4,845,450,395,182
UTTARAKHAND,2031,0-4,812,428,385,182
UTTARAKHAND,2036,0-4,761,401,360,182
UTTARAKHAND,2026,5-9,873,472,401,182
UTTARAKHAND,2031,5-9,850,455,396,182
UTTARAKHAND,2036,5-9,818,432,386,182
UTTARAKHAND,2026,10-14,874,479,395,182
UTTARAKHAND,2031,10-14,880,477,403,182
UTTARAKHAND,2036,10-14,857,460,397,182
UTTARAKHAND,2026,15-19,985,525,460,182
UTTARAKHAND,2031,15-19,889,487,402,182
UTTARAKHAND,2036,15-19,896,486,410,182
UTTARAKHAND,2026,20-24,1086,573,513,182
UTTARAKHAND,2031,20-24,1010,535,475,182
UTTARAKHAND,2036,20-24,916,499,418,182
UTTARAKHAND,2026,25-29,1156,607,549,182
UTTARAKHAND,2031,25-29,1094,578,516,182
UTTARAKHAND,2036,25-29,1020,541,478,182
UTTARAKHAND,2026,30-34,1117,579,538,182
UTTARAKHAND,2031,30-34,1159,609,549,182
UTTARAKHAND,2036,30-34,1098,581,517,182
UTTARAKHAND,2026,35-39,974,493,481,182
UTTARAKHAND,2031,35-39,1115,578,537,182
UTTARAKHAND,2036,35-39,1157,609,548,182
UTTARAKHAND,2026,40-44,818,405,413,182
UTTARAKHAND,2031,40-44,968,490,478,182
UTTARAKHAND,2036,40-44,1108,574,534,182
UTTARAKHAND,2026,45-49,703,347,356,182
UTTARAKHAND,2031,45-49,808,400,408,182
UTTARAKHAND,2036,45-49,957,484,473,182
UTTARAKHAND,2026,50-54,620,306,314,182
UTTARAKHAND,2031,50-54,688,338,350,182
UTTARAKHAND,2036,50-54,792,390,402,182
UTTARAKHAND,2026,55-59,530,262,269,182
UTTARAKHAND,2031,55-59,600,294,307,182
UTTARAKHAND,2036,55-59,667,324,343,182
UTTARAKHAND,2026,60-64,429,210,219,182
UTTARAKHAND,2031,60-64,503,244,259,182
UTTARAKHAND,2036,60-64,572,275,296,182
UTTARAKHAND,2026,65-69,332,158,174,182
UTTARAKHAND,2031,65-69,398,190,208,182
UTTARAKHAND,2036,65-69,468,223,246,182
UTTARAKHAND,2026,70-74,258,117,140,182
UTTARAKHAND,2031,70-74,297,137,159,182
UTTARAKHAND,2036,70-74,358,167,191,182
UTTARAKHAND,2026,75-79,194,87,107,182
UTTARAKHAND,2031,75-79,214,94,120,182
UTTARAKHAND,2036,75-79,249,111,138,182
UTTARAKHAND,2026,80+,196,81,115,182
UTTARAKHAND,2031,80+,241,96,145,182
UTTARAKHAND,2036,80+,281,109,172,182
UTTARAKHAND,2026,Total,11993,6152,5841,182
UTTARAKHAND,2031,Total,12524,6429,6096,182
UTTARAKHAND,2036,Total,12974,6665,6309,182
HARYANA,2011,0-1,487,265,223,186
HARYANA,2016,0-1,503,275,228,186
HARYANA,2021,0-1,495,267,228,186
HARYANA,2011,0-4,2397,1304,1093,186
HARYANA,2016,0-4,2471,1353,1118,186
HARYANA,2021,0-4,2435,1316,1118,186
HARYANA,2011,5-9,2510,1377,1133,186
HARYANA,2016,5-9,2411,1314,1097,186
HARYANA,2021,5-9,2489,1365,1124,186
HARYANA,2011,10-14,2632,1454,1178,186
HARYANA,2016,10-14,2534,1392,1142,186
HARYANA,2021,10-14,2438,1332,1106,186
HARYANA,2011,15-19,2651,1457,1194,186
HARYANA,2016,15-19,2695,1479,1216,186
HARYANA,2021,15-19,2605,1421,1184,186
HARYANA,2011,20-24,2514,1355,1160,186
HARYANA,2016,20-24,2755,1489,1266,186
HARYANA,2021,20-24,2811,1515,1296,186
HARYANA,2011,25-29,2234,1178,1056,186
HARYANA,2016,25-29,2547,1372,1174,186
HARYANA,2021,25-29,2792,1509,1283,186
HARYANA,2011,30-34,1948,1012,935,186
HARYANA,2016,30-34,2246,1186,1060,186
HARYANA,2021,30-34,2560,1381,1179,186
HARYANA,2011,35-39,1733,899,834,186
HARYANA,2016,35-39,1946,1010,936,186
HARYANA,2021,35-39,2244,1184,1060,186
HARYANA,2011,40-44,1506,788,717,186
HARYANA,2016,40-44,1718,888,830,186
HARYANA,2021,40-44,1931,1000,932,186
HARYANA,2011,45-49,1240,654,586,186
HARYANA,2016,45-49,1481,770,712,186
HARYANA,2021,45-49,1693,870,824,186
HARYANA,2011,50-54,982,513,469,186
HARYANA,2016,50-54,1201,625,576,186
HARYANA,2021,50-54,1439,739,700,186
HARYANA,2011,55-59,829,419,410,186
HARYANA,2016,55-59,941,485,456,186
HARYANA,2021,55-59,1155,593,562,186
HARYANA,2011,60-64,737,365,372,186
HARYANA,2016,60-64,775,383,393,186
HARYANA,2021,60-64,885,447,438,186
HARYANA,2011,65-69,558,279,279,186
HARYANA,2016,65-69,663,319,344,186
HARYANA,2021,65-69,705,340,365,186
HARYANA,2011,70-74,431,216,215,186
HARYANA,2016,70-74,477,234,244,186
HARYANA,2021,70-74,576,272,304,186
HARYANA,2011,75-79,281,146,135,186
HARYANA,2016,75-79,338,162,176,186
HARYANA,2021,75-79,382,179,203,186
HARYANA,2011,80+,169,78,90,186
HARYANA,2016,80+,255,124,132,186
HARYANA,2021,80+,342,159,183,186
HARYANA,2011,Total,25351,13495,11857,186
HARYANA,2016,Total,27455,14585,12870,186
HARYANA,2021,Total,29483,15623,13860,186
HARYANA,2026,0-1,463,247,216,186
HARYANA,2031,0-1,442,232,210,186
HARYANA,2036,0-1,434,228,206,186
HARYANA,2026,0-4,2278,1215,1062,186
HARYANA,2031,0-4,2174,1144,1030,186
HARYANA,2036,0-4,2131,1121,1010,186
HARYANA,2026,5-9,2457,1331,1125,186
HARYANA,2031,5-9,2305,1233,1072,186
HARYANA,2036,5-9,2205,1163,1041,186
HARYANA,2026,10-14,2519,1384,1135,186
HARYANA,2031,10-14,2490,1352,1137,186
HARYANA,2036,10-14,2340,1255,1085,186
HARYANA,2026,15-19,2516,1364,1153,186
HARYANA,2031,15-19,2603,1418,1185,186
HARYANA,2036,15-19,2579,1388,1191,186
HARYANA,2026,20-24,2733,1462,1271,186
HARYANA,2031,20-24,2656,1408,1247,186
HARYANA,2036,20-24,2751,1466,1285,186
HARYANA,2026,25-29,2854,1538,1315,186
HARYANA,2031,25-29,2782,1488,1294,186
HARYANA,2036,25-29,2709,1438,1272,186
HARYANA,2026,30-34,2808,1520,1288,186
HARYANA,2031,30-34,2873,1551,1322,186
HARYANA,2036,30-34,2805,1504,1302,186
HARYANA,2026,35-39,2559,1379,1180,186
HARYANA,2031,35-39,2808,1518,1290,186
HARYANA,2036,35-39,2876,1552,1324,186
HARYANA,2026,40-44,2229,1172,1056,186
HARYANA,2031,40-44,2542,1366,1176,186
HARYANA,2036,40-44,2791,1505,1286,186
HARYANA,2026,45-49,1906,980,925,186
HARYANA,2031,45-49,2201,1151,1050,186
HARYANA,2036,45-49,2512,1343,1169,186
HARYANA,2026,50-54,1648,837,811,186
HARYANA,2031,50-54,1858,947,911,186
HARYANA,2036,50-54,2148,1114,1034,186
HARYANA,2026,55-59,1387,703,683,186
HARYANA,2031,55-59,1592,799,793,186
HARYANA,2036,55-59,1798,906,892,186
HARYANA,2026,60-64,1090,550,541,186
HARYANA,2031,60-64,1314,655,659,186
HARYANA,2036,60-64,1514,748,766,186
HARYANA,2026,65-69,810,400,410,186
HARYANA,2031,65-69,1003,495,508,186
HARYANA,2036,65-69,1215,593,621,186
HARYANA,2026,70-74,618,292,326,186
HARYANA,2031,70-74,716,347,369,186
HARYANA,2036,70-74,892,432,460,186
HARYANA,2026,75-79,467,211,256,186
HARYANA,2031,75-79,507,230,277,186
HARYANA,2036,75-79,592,275,317,186
HARYANA,2026,80+,422,189,232,186
HARYANA,2031,80+,523,226,297,186
HARYANA,2036,80+,610,258,352,186
HARYANA,2026,Total,31299,16529,14770,186
HARYANA,2031,Total,32946,17330,15616,186
HARYANA,2036,Total,34469,18061,16408,186
NCT OF DELHI,2011,0-1,285,151,134,190
NCT OF DELHI,2016,0-1,289,157,132,190
NCT OF DELHI,2021,0-1,288,155,133,190
NCT OF DELHI,2011,0-4,1416,751,665,190
NCT OF DELHI,2016,0-4,1438,782,657,190
NCT OF DELHI,2021,0-4,1432,771,661,190
NCT OF DELHI,2011,5-9,1527,823,704,190
NCT OF DELHI,2016,5-9,1476,788,688,190
NCT OF DELHI,2021,5-9,1506,823,683,190
NCT OF DELHI,2011,10-14,1627,887,739,190
NCT OF DELHI,2016,10-14,1584,860,723,190
NCT OF DELHI,2021,10-14,1541,830,711,190
NCT OF DELHI,2011,15-19,1688,925,763,190
NCT OF DELHI,2016,15-19,1765,948,817,190
NCT OF DELHI,2021,15-19,1739,929,811,190
NCT OF DELHI,2011,20-24,1718,927,790,190
NCT OF DELHI,2016,20-24,1919,1008,911,190
NCT OF DELHI,2021,20-24,2023,1041,982,190
NCT OF DELHI,2011,25-29,1635,867,768,190
NCT OF DELHI,2016,25-29,1816,983,832,190
NCT OF DELHI,2021,25-29,2029,1071,958,190
NCT OF DELHI,2011,30-34,1466,774,692,190
NCT OF DELHI,2016,30-34,1692,905,787,190
NCT OF DELHI,2021,30-34,1879,1026,853,190
NCT OF DELHI,2011,35-39,1294,687,607,190
NCT OF DELHI,2016,35-39,1499,797,701,190
NCT OF DELHI,2021,35-39,1729,931,797,190
NCT OF DELHI,2011,40-44,1107,594,513,190
NCT OF DELHI,2016,40-44,1305,695,610,190
NCT OF DELHI,2021,40-44,1511,806,705,190
NCT OF DELHI,2011,45-49,903,490,413,190
NCT OF DELHI,2016,45-49,1112,597,515,190
NCT OF DELHI,2021,45-49,1310,697,613,190
NCT OF DELHI,2011,50-54,699,380,320,190
NCT OF DELHI,2016,50-54,892,482,410,190
NCT OF DELHI,2021,50-54,1098,586,512,190
NCT OF DELHI,2011,55-59,545,288,256,190
NCT OF DELHI,2016,55-59,684,369,315,190
NCT OF DELHI,2021,55-59,871,468,403,190
NCT OF DELHI,2011,60-64,432,221,210,190
NCT OF DELHI,2016,60-64,520,272,247,190
NCT OF DELHI,2021,60-64,653,349,304,190
NCT OF DELHI,2011,65-69,302,153,149,190
NCT OF DELHI,2016,65-69,400,202,199,190
NCT OF DELHI,2021,65-69,483,249,235,190
NCT OF DELHI,2011,70-74,216,109,108,190
NCT OF DELHI,2016,70-74,268,134,133,190
NCT OF DELHI,2021,70-74,357,177,179,190
NCT OF DELHI,2011,75-79,133,71,62,190
NCT OF DELHI,2016,75-79,178,90,89,190
NCT OF DELHI,2021,75-79,223,111,111,190
NCT OF DELHI,2011,80+,80,38,41,190
NCT OF DELHI,2016,80+,130,68,62,190
NCT OF DELHI,2021,80+,188,96,92,190
NCT OF DELHI,2011,Total,16788,8987,7801,190
NCT OF DELHI,2016,Total,18677,9980,8697,190
NCT OF DELHI,2021,Total,20571,10963,9609,190
NCT OF DELHI,2026,0-1,302,161,141,190
NCT OF DELHI,2031,0-1,313,165,148,190
NCT OF DELHI,2036,0-1,322,170,152,190
NCT OF DELHI,2026,0-4,1502,801,701,190
NCT OF DELHI,2031,0-4,1552,820,732,190
NCT OF DELHI,2036,0-4,1596,844,752,190
NCT OF DELHI,2026,5-9,1507,817,690,190
NCT OF DELHI,2031,5-9,1585,851,733,190
NCT OF DELHI,2036,5-9,1643,875,768,190
NCT OF DELHI,2026,10-14,1577,869,708,190
NCT OF DELHI,2031,10-14,1586,867,718,190
NCT OF DELHI,2036,10-14,1671,906,764,190
NCT OF DELHI,2026,15-19,1713,905,807,190
NCT OF DELHI,2031,15-19,1767,951,815,190
NCT OF DELHI,2036,15-19,1793,957,836,190
NCT OF DELHI,2026,20-24,2025,1032,993,190
NCT OF DELHI,2031,20-24,2028,1019,1009,190
NCT OF DELHI,2036,20-24,2111,1075,1036,190
NCT OF DELHI,2026,25-29,2145,1111,1034,190
NCT OF DELHI,2031,25-29,2160,1109,1052,190
NCT OF DELHI,2036,25-29,2177,1103,1074,190
NCT OF DELHI,2026,30-34,2099,1118,981,190
NCT OF DELHI,2031,30-34,2224,1164,1060,190
NCT OF DELHI,2036,30-34,2248,1167,1081,190
NCT OF DELHI,2026,35-39,1920,1055,865,190
NCT OF DELHI,2031,35-39,2145,1150,994,190
NCT OF DELHI,2036,35-39,2275,1200,1075,190
NCT OF DELHI,2026,40-44,1742,941,801,190
NCT OF DELHI,2031,40-44,1935,1065,870,190
NCT OF DELHI,2036,40-44,2162,1163,1000,190
NCT OF DELHI,2026,45-49,1516,808,708,190
NCT OF DELHI,2031,45-49,1748,943,805,190
NCT OF DELHI,2036,45-49,1942,1069,874,190
NCT OF DELHI,2026,50-54,1294,686,609,190
NCT OF DELHI,2031,50-54,1499,795,703,190
NCT OF DELHI,2036,50-54,1729,929,800,190
NCT OF DELHI,2026,55-59,1074,570,504,190
NCT OF DELHI,2031,55-59,1266,667,599,190
NCT OF DELHI,2036,55-59,1468,774,693,190
NCT OF DELHI,2026,60-64,833,443,390,190
NCT OF DELHI,2031,60-64,1029,541,488,190
NCT OF DELHI,2036,60-64,1216,634,582,190
NCT OF DELHI,2026,65-69,609,320,289,190
NCT OF DELHI,2031,65-69,779,407,372,190
NCT OF DELHI,2036,65-69,965,498,467,190
NCT OF DELHI,2026,70-74,433,220,213,190
NCT OF DELHI,2031,70-74,548,284,265,190
NCT OF DELHI,2036,70-74,704,362,342,190
NCT OF DELHI,2026,75-79,299,147,151,190
NCT OF DELHI,2031,75-79,365,183,182,190
NCT OF DELHI,2036,75-79,464,236,227,190
NCT OF DELHI,2026,80+,250,126,124,190
NCT OF DELHI,2031,80+,335,165,170,190
NCT OF DELHI,2036,80+,428,210,218,190
NCT OF DELHI,2026,Total,22540,11970,10570,190
NCT OF DELHI,2031,Total,24552,12983,11569,190
NCT OF DELHI,2036,Total,26591,14002,12589,190
RAJASTHAN,2011,0-1,1588,838,750,194
RAJASTHAN,2016,0-1,1646,886,760,194
RAJASTHAN,2021,0-1,1567,836,731,194
RAJASTHAN,2011,0-4,7785,4110,3675,194
RAJASTHAN,2016,0-4,8072,4344,3727,194
RAJASTHAN,2021,0-4,7686,4100,3586,194
RAJASTHAN,2011,5-9,7973,4218,3755,194
RAJASTHAN,2016,5-9,7614,4008,3606,194
RAJASTHAN,2021,5-9,7905,4242,3663,194
RAJASTHAN,2011,10-14,8061,4269,3792,194
RAJASTHAN,2016,10-14,7884,4147,3737,194
RAJASTHAN,2021,10-14,7530,3941,3589,194
RAJASTHAN,2011,15-19,7388,3912,3476,194
RAJASTHAN,2016,15-19,7951,4190,3760,194
RAJASTHAN,2021,15-19,7776,4070,3706,194
RAJASTHAN,2011,20-24,6404,3365,3039,194
RAJASTHAN,2016,20-24,7254,3824,3430,194
RAJASTHAN,2021,20-24,7810,4097,3713,194
RAJASTHAN,2011,25-29,5483,2833,2650,194
RAJASTHAN,2016,25-29,6295,3285,3010,194
RAJASTHAN,2021,25-29,7136,3737,3399,194
RAJASTHAN,2011,30-34,4801,2443,2358,194
RAJASTHAN,2016,30-34,5387,2759,2628,194
RAJASTHAN,2021,30-34,6190,3204,2986,194
RAJASTHAN,2011,35-39,4299,2187,2111,194
RAJASTHAN,2016,35-39,4709,2372,2337,194
RAJASTHAN,2021,35-39,5289,2683,2606,194
RAJASTHAN,2011,40-44,3752,1923,1829,194
RAJASTHAN,2016,40-44,4201,2115,2087,194
RAJASTHAN,2021,40-44,4609,2298,2311,194
RAJASTHAN,2011,45-49,3148,1629,1520,194
RAJASTHAN,2016,45-49,3648,1847,1801,194
RAJASTHAN,2021,45-49,4092,2036,2057,194
RAJASTHAN,2011,50-54,2529,1314,1215,194
RAJASTHAN,2016,50-54,3035,1547,1488,194
RAJASTHAN,2021,50-54,3526,1760,1765,194
RAJASTHAN,2011,55-59,2028,1029,999,194
RAJASTHAN,2016,55-59,2408,1226,1182,194
RAJASTHAN,2021,55-59,2900,1450,1450,194
RAJASTHAN,2011,60-64,1681,827,855,194
RAJASTHAN,2016,60-64,1890,934,956,194
RAJASTHAN,2021,60-64,2254,1121,1134,194
RAJASTHAN,2011,65-69,1332,641,691,194
RAJASTHAN,2016,65-69,1501,710,791,194
RAJASTHAN,2021,65-69,1702,812,889,194
RAJASTHAN,2011,70-74,1094,512,582,194
RAJASTHAN,2016,70-74,1111,502,609,194
RAJASTHAN,2021,70-74,1272,569,704,194
RAJASTHAN,2011,75-79,491,221,269,194
RAJASTHAN,2016,75-79,837,365,472,194
RAJASTHAN,2021,75-79,870,368,502,194
RAJASTHAN,2011,80+,299,119,180,194
RAJASTHAN,2016,80+,445,175,270,194
RAJASTHAN,2021,80+,735,284,451,194
RAJASTHAN,2011,Total,68548,35551,32997,194
RAJASTHAN,2016,Total,74240,38350,35890,194
RAJASTHAN,2021,Total,79281,40772,38509,194
RAJASTHAN,2026,0-1,1472,778,694,194
RAJASTHAN,2031,0-1,1360,712,648,194
RAJASTHAN,2036,0-1,1288,677,611,194
RAJASTHAN,2026,0-4,7215,3814,3401,194
RAJASTHAN,2031,0-4,6668,3489,3179,194
RAJASTHAN,2036,0-4,6318,3321,2997,194
RAJASTHAN,2026,5-9,7536,4008,3529,194
RAJASTHAN,2031,5-9,7080,3730,3351,194
RAJASTHAN,2036,5-9,6582,3448,3135,194
RAJASTHAN,2026,10-14,7819,4173,3646,194
RAJASTHAN,2031,10-14,7456,3943,3513,194
RAJASTHAN,2036,10-14,7043,3706,3337,194
RAJASTHAN,2026,15-19,7426,3867,3559,194
RAJASTHAN,2031,15-19,7713,4096,3617,194
RAJASTHAN,2036,15-19,7393,3908,3485,194
RAJASTHAN,2026,20-24,7638,3979,3659,194
RAJASTHAN,2031,20-24,7291,3779,3513,194
RAJASTHAN,2036,20-24,7615,4045,3570,194
RAJASTHAN,2026,25-29,7687,4006,3682,194
RAJASTHAN,2031,25-29,7519,3890,3629,194
RAJASTHAN,2036,25-29,7216,3731,3485,194
RAJASTHAN,2026,30-34,7022,3648,3374,194
RAJASTHAN,2031,30-34,7569,3913,3656,194
RAJASTHAN,2036,30-34,7445,3840,3605,194
RAJASTHAN,2026,35-39,6084,3121,2963,194
RAJASTHAN,2031,35-39,6907,3558,3350,194
RAJASTHAN,2036,35-39,7490,3859,3631,194
RAJASTHAN,2026,40-44,5184,2604,2579,194
RAJASTHAN,2031,40-44,5968,3033,2935,194
RAJASTHAN,2036,40-44,6818,3498,3320,194
RAJASTHAN,2026,45-49,4497,2217,2280,194
RAJASTHAN,2031,45-49,5064,2517,2546,194
RAJASTHAN,2036,45-49,5866,2967,2900,194
RAJASTHAN,2026,50-54,3964,1945,2019,194
RAJASTHAN,2031,50-54,4364,2123,2241,194
RAJASTHAN,2036,50-54,4944,2440,2505,194
RAJASTHAN,2026,55-59,3380,1657,1722,194
RAJASTHAN,2031,55-59,3809,1837,1972,194
RAJASTHAN,2036,55-59,4221,2030,2192,194
RAJASTHAN,2026,60-64,2728,1334,1394,194
RAJASTHAN,2031,60-64,3191,1531,1660,194
RAJASTHAN,2036,60-64,3626,1721,1905,194
RAJASTHAN,2026,65-69,2047,986,1061,194
RAJASTHAN,2031,65-69,2493,1183,1310,194
RAJASTHAN,2036,65-69,2947,1381,1567,194
RAJASTHAN,2026,70-74,1463,665,798,194
RAJASTHAN,2031,70-74,1777,818,959,194
RAJASTHAN,2036,70-74,2195,1003,1193,194
RAJASTHAN,2026,75-79,1016,428,588,194
RAJASTHAN,2031,75-79,1182,508,674,194
RAJASTHAN,2036,75-79,1458,640,819,194
RAJASTHAN,2026,80+,935,350,585,194
RAJASTHAN,2031,80+,1146,421,725,194
RAJASTHAN,2036,80+,1384,513,871,194
RAJASTHAN,2026,Total,83642,42803,40839,194
RAJASTHAN,2031,Total,87198,44369,42829,194
RAJASTHAN,2036,Total,90563,46048,44514,194
UTTAR PRADESH,2011,0-1,4623,2413,2210,198
UTTAR PRADESH,2016,0-1,5092,2713,2379,198
UTTAR PRADESH,2021,0-1,4892,2592,2300,198
UTTAR PRADESH,2011,0-4,22437,11748,10689,198
UTTAR PRADESH,2016,0-4,24715,13209,11506,198
UTTAR PRADESH,2021,0-4,23744,12620,11125,198
UTTAR PRADESH,2011,5-9,24290,12816,11473,198
UTTAR PRADESH,2016,5-9,21850,11454,10396,198
UTTAR PRADESH,2021,5-9,24130,12912,11218,198
UTTAR PRADESH,2011,10-14,25165,13340,11825,198
UTTAR PRADESH,2016,10-14,24016,12654,11363,198
UTTAR PRADESH,2021,10-14,21594,11299,10296,198
UTTAR PRADESH,2011,15-19,22566,12025,10541,198
UTTAR PRADESH,2016,15-19,24719,13110,11609,198
UTTAR PRADESH,2021,15-19,23566,12422,11144,198
UTTAR PRADESH,2011,20-24,18343,9727,8616,198
UTTAR PRADESH,2016,20-24,21872,11704,10167,198
UTTAR PRADESH,2021,20-24,23986,12773,11213,198
UTTAR PRADESH,2011,25-29,15045,7757,7289,198
UTTAR PRADESH,2016,25-29,17903,9470,8433,198
UTTAR PRADESH,2021,25-29,21395,11424,9971,198
UTTAR PRADESH,2011,30-34,13370,6738,6631,198
UTTAR PRADESH,2016,30-34,14707,7543,7164,198
UTTAR PRADESH,2021,30-34,17537,9236,8301,198
UTTAR PRADESH,2011,35-39,12173,6209,5965,198
UTTAR PRADESH,2016,35-39,13062,6538,6524,198
UTTAR PRADESH,2021,35-39,14393,7336,7057,198
UTTAR PRADESH,2011,40-44,10452,5438,5014,198
UTTAR PRADESH,2016,40-44,11873,6010,5863,198
UTTAR PRADESH,2021,40-44,12768,6345,6423,198
UTTAR PRADESH,2011,45-49,8498,4470,4029,198
UTTAR PRADESH,2016,45-49,10130,5217,4913,198
UTTAR PRADESH,2021,45-49,11543,5787,5756,198
UTTAR PRADESH,2011,50-54,6827,3568,3260,198
UTTAR PRADESH,2016,50-54,8152,4247,3906,198
UTTAR PRADESH,2021,50-54,9757,4981,4777,198
UTTAR PRADESH,2011,55-59,5853,2973,2880,198
UTTAR PRADESH,2016,55-59,6429,3315,3114,198
UTTAR PRADESH,2021,55-59,7721,3974,3747,198
UTTAR PRADESH,2011,60-64,5221,2653,2568,198
UTTAR PRADESH,2016,60-64,5358,2672,2687,198
UTTAR PRADESH,2021,60-64,5937,3012,2925,198
UTTAR PRADESH,2011,65-69,4088,2123,1965,198
UTTAR PRADESH,2016,65-69,4508,2223,2285,198
UTTAR PRADESH,2021,65-69,4706,2285,2421,198
UTTAR PRADESH,2011,70-74,3167,1665,1503,198
UTTAR PRADESH,2016,70-74,3280,1646,1635,198
UTTAR PRADESH,2021,70-74,3724,1780,1944,198
UTTAR PRADESH,2011,75-79,1451,801,650,198
UTTAR PRADESH,2016,75-79,2273,1161,1112,198
UTTAR PRADESH,2021,75-79,2457,1199,1258,198
UTTAR PRADESH,2011,80+,865,431,434,198
UTTAR PRADESH,2016,80+,1239,638,601,198
UTTAR PRADESH,2021,80+,1948,960,989,198
UTTAR PRADESH,2011,Total,199812,104481,95332,198
UTTAR PRADESH,2016,Total,216087,112809,103278,198
UTTAR PRADESH,2021,Total,230907,120344,110563,198
UTTAR PRADESH,2026,0-1,4410,2323,2087,198
UTTAR PRADESH,2031,0-1,3929,2057,1872,198
UTTAR PRADESH,2036,0-1,3638,1903,1735,198
UTTAR PRADESH,2026,0-4,21409,11311,10097,198
UTTAR PRADESH,2031,0-4,19071,10015,9056,198
UTTAR PRADESH,2036,0-4,17659,9267,8392,198
UTTAR PRADESH,2026,5-9,23205,12344,10862,198
UTTAR PRADESH,2031,5-9,20933,11064,9869,198
UTTAR PRADESH,2036,5-9,18645,9789,8856,198
UTTAR PRADESH,2026,10-14,23865,12749,11116,198
UTTAR PRADESH,2031,10-14,22947,12183,10764,198
UTTAR PRADESH,2036,10-14,20685,10908,9777,198
UTTAR PRADESH,2026,15-19,21142,11067,10075,198
UTTAR PRADESH,2031,15-19,23394,12507,10887,198
UTTAR PRADESH,2036,15-19,22474,11940,10533,198
UTTAR PRADESH,2026,20-24,22819,12081,10738,198
UTTAR PRADESH,2031,20-24,20394,10727,9667,198
UTTAR PRADESH,2036,20-24,22619,12154,10466,198
UTTAR PRADESH,2026,25-29,23489,12480,11009,198
UTTAR PRADESH,2031,25-29,22334,11792,10542,198
UTTAR PRADESH,2036,25-29,19929,10447,9482,198
UTTAR PRADESH,2026,30-34,20998,11170,9828,198
UTTAR PRADESH,2031,30-34,23080,12217,10863,198
UTTAR PRADESH,2036,30-34,21942,11537,10405,198
UTTAR PRADESH,2026,35-39,17196,9009,8187,198
UTTAR PRADESH,2031,35-39,20631,10925,9705,198
UTTAR PRADESH,2036,35-39,22703,11967,10736,198
UTTAR PRADESH,2026,40-44,14090,7136,6954,198
UTTAR PRADESH,2031,40-44,16868,8790,8078,198
UTTAR PRADESH,2036,40-44,20269,10683,9586,198
UTTAR PRADESH,2026,45-49,12438,6125,6313,198
UTTAR PRADESH,2031,45-49,13753,6910,6843,198
UTTAR PRADESH,2036,45-49,16493,8536,7958,198
UTTAR PRADESH,2026,50-54,11152,5544,5608,198
UTTAR PRADESH,2031,50-54,12049,5887,6162,198
UTTAR PRADESH,2036,50-54,13347,6657,6690,198
UTTAR PRADESH,2026,55-59,9283,4686,4597,198
UTTAR PRADESH,2031,55-59,10655,5241,5414,198
UTTAR PRADESH,2036,55-59,11545,5582,5962,198
UTTAR PRADESH,2026,60-64,7178,3640,3537,198
UTTAR PRADESH,2031,60-64,8686,4325,4361,198
UTTAR PRADESH,2036,60-64,10016,4861,5155,198
UTTAR PRADESH,2026,65-69,5273,2614,2659,198
UTTAR PRADESH,2031,65-69,6447,3203,3244,198
UTTAR PRADESH,2036,65-69,7865,3838,4027,198
UTTAR PRADESH,2026,70-74,3960,1869,2091,198
UTTAR PRADESH,2031,70-74,4508,2179,2329,198
UTTAR PRADESH,2036,70-74,5573,2701,2872,198
UTTAR PRADESH,2026,75-79,2867,1332,1535,198
UTTAR PRADESH,2031,75-79,3120,1431,1689,198
UTTAR PRADESH,2036,75-79,3604,1691,1913,198
UTTAR PRADESH,2026,80+,2496,1171,1325,198
UTTAR PRADESH,2031,80+,3092,1376,1716,198
UTTAR PRADESH,2036,80+,3622,1555,2067,198
UTTAR PRADESH,2026,Total,242859,126327,116532,198
UTTAR PRADESH,2031,Total,251963,130774,121190,198
UTTAR PRADESH,2036,Total,258990,134113,124877,198
BIHAR,2011,0-1,2957,1511,1447,202
BIHAR,2016,0-1,2868,1509,1359,202
BIHAR,2021,0-1,2752,1445,1307,202
BIHAR,2011,0-4,14501,7420,7081,202
BIHAR,2016,0-4,14063,7413,6650,202
BIHAR,2021,0-4,13494,7098,6395,202
BIHAR,2011,5-9,14245,7403,6841,202
BIHAR,2016,5-9,14204,7266,6939,202
BIHAR,2021,5-9,13777,7259,6519,202
BIHAR,2011,10-14,13138,6962,6176,202
BIHAR,2016,10-14,14062,7288,6773,202
BIHAR,2021,10-14,14018,7148,6870,202
BIHAR,2011,15-19,10272,5551,4721,202
BIHAR,2016,15-19,12811,6795,6016,202
BIHAR,2021,15-19,13711,7111,6601,202
BIHAR,2011,20-24,8351,4403,3948,202
BIHAR,2016,20-24,9774,5331,4443,202
BIHAR,2021,20-24,12260,6552,5708,202
BIHAR,2011,25-29,7646,3860,3785,202
BIHAR,2016,25-29,8076,4238,3838,202
BIHAR,2021,25-29,9473,5148,4325,202
BIHAR,2011,30-34,7088,3554,3534,202
BIHAR,2016,30-34,7440,3726,3714,202
BIHAR,2021,30-34,7859,4093,3766,202
BIHAR,2011,35-39,6308,3234,3074,202
BIHAR,2016,35-39,6920,3444,3475,202
BIHAR,2021,35-39,7266,3611,3655,202
BIHAR,2011,40-44,5285,2769,2516,202
BIHAR,2016,40-44,6173,3148,3025,202
BIHAR,2021,40-44,6778,3355,3423,202
BIHAR,2011,45-49,4271,2255,2016,202
BIHAR,2016,45-49,5154,2688,2466,202
BIHAR,2021,45-49,6029,3060,2969,202
BIHAR,2011,50-54,3436,1797,1640,202
BIHAR,2016,50-54,4141,2183,1959,202
BIHAR,2021,50-54,5007,2606,2401,202
BIHAR,2011,55-59,2990,1513,1477,202
BIHAR,2016,55-59,3264,1700,1564,202
BIHAR,2021,55-59,3948,2073,1875,202
BIHAR,2011,60-64,2736,1394,1342,202
BIHAR,2016,60-64,2761,1389,1372,202
BIHAR,2021,60-64,3031,1569,1462,202
BIHAR,2011,65-69,2026,1143,883,202
BIHAR,2016,65-69,2409,1214,1195,202
BIHAR,2021,65-69,2457,1222,1235,202
BIHAR,2011,70-74,1483,836,646,202
BIHAR,2016,70-74,1654,931,723,202
BIHAR,2021,70-74,2005,1006,999,202
BIHAR,2011,75-79,203,119,85,202
BIHAR,2016,75-79,1097,624,473,202
BIHAR,2021,75-79,1257,710,548,202
BIHAR,2011,80+,120,64,56,202
BIHAR,2016,80+,175,96,79,202
BIHAR,2021,80+,713,392,321,202
BIHAR,2011,Total,104099,54278,49821,202
BIHAR,2016,Total,114176,59473,54703,202
BIHAR,2021,Total,123083,64012,59071,202
BIHAR,2026,0-1,2896,1517,1379,202
BIHAR,2031,0-1,2910,1521,1389,202
BIHAR,2036,0-1,2749,1436,1313,202
BIHAR,2026,0-4,14199,7451,6748,202
BIHAR,2031,0-4,14267,7470,6797,202
BIHAR,2036,0-4,13481,7056,6425,202
BIHAR,2026,5-9,13223,6948,6275,202
BIHAR,2031,5-9,13925,7297,6628,202
BIHAR,2036,5-9,13997,7316,6680,202
BIHAR,2026,10-14,13590,7138,6453,202
BIHAR,2031,10-14,13034,6824,6209,202
BIHAR,2036,10-14,13730,7169,6561,202
BIHAR,2026,15-19,13653,6963,6690,202
BIHAR,2031,15-19,13211,6945,6266,202
BIHAR,2036,15-19,12639,6625,6015,202
BIHAR,2026,20-24,13127,6853,6274,202
BIHAR,2031,20-24,13039,6694,6345,202
BIHAR,2036,20-24,12569,6663,5906,202
BIHAR,2026,25-29,11931,6352,5579,202
BIHAR,2031,25-29,12781,6643,6138,202
BIHAR,2036,25-29,12683,6477,6206,202
BIHAR,2026,30-34,9240,4991,4249,202
BIHAR,2031,30-34,11674,6180,5494,202
BIHAR,2036,30-34,12514,6464,6050,202
BIHAR,2026,35-39,7681,3973,3708,202
BIHAR,2031,35-39,9048,4859,4189,202
BIHAR,2036,35-39,11462,6036,5426,202
BIHAR,2026,40-44,7124,3520,3604,202
BIHAR,2031,40-44,7537,3878,3659,202
BIHAR,2036,40-44,8892,4755,4137,202
BIHAR,2026,45-49,6630,3264,3366,202
BIHAR,2031,45-49,6974,3427,3547,202
BIHAR,2036,45-49,7383,3780,3603,202
BIHAR,2026,50-54,5870,2971,2899,202
BIHAR,2031,50-54,6465,3173,3292,202
BIHAR,2036,50-54,6808,3334,3474,202
BIHAR,2026,55-59,4793,2483,2310,202
BIHAR,2031,55-59,5637,2839,2798,202
BIHAR,2036,55-59,6224,3038,3186,202
BIHAR,2026,60-64,3692,1925,1767,202
BIHAR,2031,60-64,4507,2318,2189,202
BIHAR,2036,60-64,5327,2663,2664,202
BIHAR,2026,65-69,2728,1395,1333,202
BIHAR,2031,65-69,3354,1728,1626,202
BIHAR,2036,65-69,4127,2098,2030,202
BIHAR,2026,70-74,2087,1029,1058,202
BIHAR,2031,70-74,2351,1189,1162,202
BIHAR,2036,70-74,2926,1490,1436,202
BIHAR,2026,75-79,1570,781,788,202
BIHAR,2031,75-79,1667,810,857,202
BIHAR,2036,75-79,1907,948,959,202
BIHAR,2026,80+,1128,607,521,202
BIHAR,2031,80+,1570,772,798,202
BIHAR,2036,80+,1905,885,1020,202
BIHAR,2026,Total,132265,68645,63620,202
BIHAR,2031,Total,141041,73045,67996,202
BIHAR,2036,Total,148576,76797,71779,202
ASSAM,2011,0-1,699,355,345,206
ASSAM,2016,0-1,626,327,299,206
ASSAM,2021,0-1,621,323,298,206
ASSAM,2011,0-4,3404,1727,1676,206
ASSAM,2016,0-4,3049,1595,1454,206
ASSAM,2021,0-4,3024,1575,1449,206
ASSAM,2011,5-9,3450,1760,1690,206
ASSAM,2016,5-9,3344,1698,1646,206
ASSAM,2021,5-9,3001,1570,1430,206
ASSAM,2011,10-14,3401,1746,1655,206
ASSAM,2016,10-14,3428,1749,1679,206
ASSAM,2021,10-14,3323,1687,1637,206
ASSAM,2011,15-19,3136,1600,1536,206
ASSAM,2016,15-19,3362,1727,1635,206
ASSAM,2021,15-19,3390,1730,1660,206
ASSAM,2011,20-24,2927,1456,1472,206
ASSAM,2016,20-24,3082,1574,1508,206
ASSAM,2021,20-24,3307,1701,1606,206
ASSAM,2011,25-29,2719,1345,1374,206
ASSAM,2016,25-29,2885,1431,1454,206
ASSAM,2021,25-29,3040,1549,1491,206
ASSAM,2011,30-34,2435,1225,1211,206
ASSAM,2016,30-34,2681,1321,1360,206
ASSAM,2021,30-34,2848,1407,1440,206
ASSAM,2011,35-39,2172,1112,1059,206
ASSAM,2016,35-39,2397,1202,1195,206
ASSAM,2021,35-39,2643,1299,1344,206
ASSAM,2011,40-44,1881,983,897,206
ASSAM,2016,40-44,2128,1085,1043,206
ASSAM,2021,40-44,2354,1176,1179,206
ASSAM,2011,45-49,1554,825,729,206
ASSAM,2016,45-49,1821,947,874,206
ASSAM,2021,45-49,2068,1049,1019,206
ASSAM,2011,50-54,1210,648,562,206
ASSAM,2016,50-54,1488,788,700,206
ASSAM,2021,50-54,1751,908,842,206
ASSAM,2011,55-59,921,489,432,206
ASSAM,2016,55-59,1136,602,534,206
ASSAM,2021,55-59,1406,738,668,206
ASSAM,2011,60-64,728,376,353,206
ASSAM,2016,60-64,844,439,406,206
ASSAM,2021,60-64,1051,547,504,206
ASSAM,2011,65-69,542,275,267,206
ASSAM,2016,65-69,632,322,310,206
ASSAM,2021,65-69,744,383,362,206
ASSAM,2011,70-74,422,214,208,206
ASSAM,2016,70-74,429,212,217,206
ASSAM,2021,70-74,515,256,258,206
ASSAM,2011,75-79,189,103,86,206
ASSAM,2016,75-79,301,144,157,206
ASSAM,2021,75-79,320,150,170,206
ASSAM,2011,80+,113,55,57,206
ASSAM,2016,80+,162,80,82,206
ASSAM,2021,80+,258,117,141,206
ASSAM,2011,Total,31206,15939,15266,206
ASSAM,2016,Total,33168,16915,16253,206
ASSAM,2021,Total,35043,17843,17200,206
ASSAM,2026,0-1,599,310,289,206
ASSAM,2031,0-1,579,298,281,206
ASSAM,2036,0-1,551,284,267,206
ASSAM,2026,0-4,2911,1509,1402,206
ASSAM,2031,0-4,2818,1454,1364,206
ASSAM,2036,0-4,2679,1382,1298,206
ASSAM,2026,5-9,2979,1552,1427,206
ASSAM,2031,5-9,2872,1489,1383,206
ASSAM,2036,5-9,2782,1435,1347,206
ASSAM,2026,10-14,2983,1560,1422,206
ASSAM,2031,10-14,2962,1542,1420,206
ASSAM,2036,10-14,2856,1480,1376,206
ASSAM,2026,15-19,3288,1670,1618,206
ASSAM,2031,15-19,2950,1544,1406,206
ASSAM,2036,15-19,2931,1527,1404,206
ASSAM,2026,20-24,3337,1705,1632,206
ASSAM,2031,20-24,3237,1645,1591,206
ASSAM,2036,20-24,2902,1522,1381,206
ASSAM,2026,25-29,3265,1675,1590,206
ASSAM,2031,25-29,3296,1680,1616,206
ASSAM,2036,25-29,3198,1622,1576,206
ASSAM,2026,30-34,3003,1525,1478,206
ASSAM,2031,30-34,3228,1652,1577,206
ASSAM,2036,30-34,3261,1657,1603,206
ASSAM,2026,35-39,2810,1386,1424,206
ASSAM,2031,35-39,2967,1504,1463,206
ASSAM,2036,35-39,3191,1630,1562,206
ASSAM,2026,40-44,2600,1273,1327,206
ASSAM,2031,40-44,2768,1360,1408,206
ASSAM,2036,40-44,2925,1477,1447,206
ASSAM,2026,45-49,2294,1140,1153,206
ASSAM,2031,45-49,2539,1238,1301,206
ASSAM,2036,45-49,2707,1325,1382,206
ASSAM,2026,50-54,1995,1010,985,206
ASSAM,2031,50-54,2219,1100,1118,206
ASSAM,2036,50-54,2461,1197,1264,206
ASSAM,2026,55-59,1662,855,807,206
ASSAM,2031,55-59,1902,955,947,206
ASSAM,2036,55-59,2123,1045,1078,206
ASSAM,2026,60-64,1309,676,634,206
ASSAM,2031,60-64,1559,789,769,206
ASSAM,2036,60-64,1792,886,906,206
ASSAM,2026,65-69,937,482,454,206
ASSAM,2031,65-69,1180,603,577,206
ASSAM,2036,65-69,1415,709,706,206
ASSAM,2026,70-74,619,312,307,206
ASSAM,2031,70-74,794,401,393,206
ASSAM,2036,70-74,1012,507,505,206
ASSAM,2026,75-79,395,188,207,206
ASSAM,2031,75-79,486,234,252,206
ASSAM,2036,75-79,633,307,327,206
ASSAM,2026,80+,330,143,187,206
ASSAM,2031,80+,421,181,240,206
ASSAM,2036,80+,531,228,303,206
ASSAM,2026,Total,36717,18661,18056,206
ASSAM,2031,Total,38196,19372,18824,206
ASSAM,2036,Total,39399,19935,19464,206
WEST BENGAL,2011,0-1,1534,780,754,210
WEST BENGAL,2016,0-1,1379,712,667,210
WEST BENGAL,2021,0-1,1283,662,621,210
WEST BENGAL,2011,0-4,7596,3861,3735,210
WEST BENGAL,2016,0-4,6829,3526,3302,210
WEST BENGAL,2021,0-4,6356,3279,3077,210
WEST BENGAL,2011,5-9,8256,4219,4037,210
WEST BENGAL,2016,5-9,7544,3832,3712,210
WEST BENGAL,2021,5-9,6784,3501,3283,210
WEST BENGAL,2011,10-14,8916,4575,4341,210
WEST BENGAL,2016,10-14,8220,4199,4021,210
WEST BENGAL,2021,10-14,7512,3814,3698,210
WEST BENGAL,2011,15-19,9019,4633,4386,210
WEST BENGAL,2016,15-19,8853,4545,4308,210
WEST BENGAL,2021,15-19,8162,4171,3991,210
WEST BENGAL,2011,20-24,8654,4404,4250,210
WEST BENGAL,2016,20-24,8930,4591,4338,210
WEST BENGAL,2021,20-24,8766,4505,4262,210
WEST BENGAL,2011,25-29,7909,4000,3909,210
WEST BENGAL,2016,25-29,8582,4364,4218,210
WEST BENGAL,2021,25-29,8859,4551,4308,210
WEST BENGAL,2011,30-34,7182,3629,3553,210
WEST BENGAL,2016,30-34,7837,3955,3882,210
WEST BENGAL,2021,30-34,8509,4318,4191,210
WEST BENGAL,2011,35-39,6763,3437,3326,210
WEST BENGAL,2016,35-39,7102,3578,3525,210
WEST BENGAL,2021,35-39,7756,3902,3853,210
WEST BENGAL,2011,40-44,6171,3199,2973,210
WEST BENGAL,2016,40-44,6669,3379,3290,210
WEST BENGAL,2021,40-44,7010,3520,3489,210
WEST BENGAL,2011,45-49,5277,2795,2482,210
WEST BENGAL,2016,45-49,6049,3120,2929,210
WEST BENGAL,2021,45-49,6546,3301,3245,210
WEST BENGAL,2011,50-54,4285,2302,1983,210
WEST BENGAL,2016,50-54,5131,2702,2429,210
WEST BENGAL,2021,50-54,5893,3022,2871,210
WEST BENGAL,2011,55-59,3389,1807,1583,210
WEST BENGAL,2016,55-59,4100,2186,1915,210
WEST BENGAL,2021,55-59,4924,2574,2351,210
WEST BENGAL,2011,60-64,2689,1390,1299,210
WEST BENGAL,2016,60-64,3149,1661,1488,210
WEST BENGAL,2021,60-64,3830,2021,1809,210
WEST BENGAL,2011,65-69,2028,1020,1008,210
WEST BENGAL,2016,65-69,2376,1215,1161,210
WEST BENGAL,2021,65-69,2809,1466,1343,210
WEST BENGAL,2011,70-74,1599,784,815,210
WEST BENGAL,2016,70-74,1671,830,841,210
WEST BENGAL,2021,70-74,1990,1005,986,210
WEST BENGAL,2011,75-79,963,490,473,210
WEST BENGAL,2016,75-79,1192,572,620,210
WEST BENGAL,2021,75-79,1278,620,658,210
WEST BENGAL,2011,80+,579,264,315,210
WEST BENGAL,2016,80+,844,401,443,210
WEST BENGAL,2021,80+,1140,526,614,210
WEST BENGAL,2011,Total,91276,46809,44467,210
WEST BENGAL,2016,Total,95079,48656,46423,210
WEST BENGAL,2021,Total,98125,50095,48029,210
WEST BENGAL,2026,0-1,1216,627,589,210
WEST BENGAL,2031,0-1,1138,586,552,210
WEST BENGAL,2036,0-1,1046,539,507,210
WEST BENGAL,2026,0-4,6025,3105,2920,210
WEST BENGAL,2031,0-4,5639,2904,2735,210
WEST BENGAL,2036,0-4,5182,2668,2513,210
WEST BENGAL,2026,5-9,6315,3256,3060,210
WEST BENGAL,2031,5-9,5988,3084,2904,210
WEST BENGAL,2036,5-9,5605,2884,2721,210
WEST BENGAL,2026,10-14,6755,3484,3271,210
WEST BENGAL,2031,10-14,6289,3240,3048,210
WEST BENGAL,2036,10-14,5963,3070,2894,210
WEST BENGAL,2026,15-19,7458,3788,3670,210
WEST BENGAL,2031,15-19,6705,3460,3245,210
WEST BENGAL,2036,15-19,6242,3218,3024,210
WEST BENGAL,2026,20-24,8080,4133,3947,210
WEST BENGAL,2031,20-24,7381,3753,3628,210
WEST BENGAL,2036,20-24,6632,3426,3206,210
WEST BENGAL,2026,25-29,8698,4465,4233,210
WEST BENGAL,2031,25-29,8017,4097,3921,210
WEST BENGAL,2036,25-29,7323,3719,3604,210
WEST BENGAL,2026,30-34,8786,4504,4282,210
WEST BENGAL,2031,30-34,8630,4421,4209,210
WEST BENGAL,2036,30-34,7956,4057,3899,210
WEST BENGAL,2026,35-39,8426,4264,4162,210
WEST BENGAL,2031,35-39,8705,4451,4254,210
WEST BENGAL,2036,35-39,8555,4372,4183,210
WEST BENGAL,2026,40-44,7661,3843,3817,210
WEST BENGAL,2031,40-44,8329,4204,4126,210
WEST BENGAL,2036,40-44,8611,4393,4219,210
WEST BENGAL,2026,45-49,6889,3444,3444,210
WEST BENGAL,2031,45-49,7536,3765,3771,210
WEST BENGAL,2036,45-49,8202,4124,4078,210
WEST BENGAL,2026,50-54,6387,3203,3184,210
WEST BENGAL,2031,50-54,6730,3346,3383,210
WEST BENGAL,2036,50-54,7371,3664,3708,210
WEST BENGAL,2026,55-59,5669,2885,2784,210
WEST BENGAL,2031,55-59,6159,3065,3094,210
WEST BENGAL,2036,55-59,6502,3210,3292,210
WEST BENGAL,2026,60-64,4620,2390,2230,210
WEST BENGAL,2031,60-64,5343,2691,2651,210
WEST BENGAL,2036,60-64,5826,2871,2955,210
WEST BENGAL,2026,65-69,3444,1798,1646,210
WEST BENGAL,2031,65-69,4187,2143,2044,210
WEST BENGAL,2036,65-69,4875,2430,2445,210
WEST BENGAL,2026,70-74,2384,1228,1156,210
WEST BENGAL,2031,70-74,2958,1523,1435,210
WEST BENGAL,2036,70-74,3635,1834,1800,210
WEST BENGAL,2026,75-79,1550,763,787,210
WEST BENGAL,2031,75-79,1887,946,941,210
WEST BENGAL,2036,75-79,2375,1191,1184,210
WEST BENGAL,2026,80+,1375,626,749,210
WEST BENGAL,2031,80+,1684,765,919,210
WEST BENGAL,2036,80+,2076,951,1125,210
WEST BENGAL,2026,Total,100522,51180,49342,210
WEST BENGAL,2031,Total,102167,51858,50309,210
WEST BENGAL,2036,Total,102931,52080,50851,210
JHARKHAND,2011,0-1,818,415,403,214
JHARKHAND,2016,0-1,745,389,356,214
JHARKHAND,2021,0-1,747,388,359,214
JHARKHAND,2011,0-4,4010,2040,1970,214
JHARKHAND,2016,0-4,3650,1912,1738,214
JHARKHAND,2021,0-4,3661,1907,1754,214
JHARKHAND,2011,5-9,4022,2062,1959,214
JHARKHAND,2016,5-9,3960,2016,1944,214
JHARKHAND,2021,5-9,3609,1891,1718,214
JHARKHAND,2011,10-14,3902,2022,1880,214
JHARKHAND,2016,10-14,4001,2048,1953,214
JHARKHAND,2021,10-14,3941,2003,1939,214
JHARKHAND,2011,15-19,3347,1750,1598,214
JHARKHAND,2016,15-19,3887,2008,1878,214
JHARKHAND,2021,15-19,3986,2034,1952,214
JHARKHAND,2011,20-24,2889,1485,1403,214
JHARKHAND,2016,20-24,3334,1735,1600,214
JHARKHAND,2021,20-24,3872,1992,1881,214
JHARKHAND,2011,25-29,2619,1325,1294,214
JHARKHAND,2016,25-29,2867,1470,1396,214
JHARKHAND,2021,25-29,3311,1718,1593,214
JHARKHAND,2011,30-34,2359,1196,1163,214
JHARKHAND,2016,30-34,2594,1310,1284,214
JHARKHAND,2021,30-34,2841,1454,1387,214
JHARKHAND,2011,35-39,2100,1074,1025,214
JHARKHAND,2016,35-39,2328,1178,1150,214
JHARKHAND,2021,35-39,2563,1292,1271,214
JHARKHAND,2011,40-44,1818,942,877,214
JHARKHAND,2016,40-44,2065,1055,1010,214
JHARKHAND,2021,40-44,2293,1158,1134,214
JHARKHAND,2011,45-49,1516,790,726,214
JHARKHAND,2016,45-49,1777,916,861,214
JHARKHAND,2021,45-49,2022,1028,994,214
JHARKHAND,2011,50-54,1227,634,593,214
JHARKHAND,2016,50-54,1467,760,707,214
JHARKHAND,2021,50-54,1724,883,840,214
JHARKHAND,2011,55-59,1032,520,513,214
JHARKHAND,2016,55-59,1166,600,567,214
JHARKHAND,2021,55-59,1399,721,678,214
JHARKHAND,2011,60-64,887,440,447,214
JHARKHAND,2016,60-64,956,476,480,214
JHARKHAND,2021,60-64,1086,553,533,214
JHARKHAND,2011,65-69,661,332,330,214
JHARKHAND,2016,65-69,783,386,397,214
JHARKHAND,2021,65-69,852,421,431,214
JHARKHAND,2011,70-74,453,230,223,214
JHARKHAND,2016,70-74,539,270,269,214
JHARKHAND,2021,70-74,650,319,331,214
JHARKHAND,2011,75-79,91,57,35,214
JHARKHAND,2016,75-79,346,174,172,214
JHARKHAND,2021,75-79,421,208,213,214
JHARKHAND,2011,80+,54,31,23,214
JHARKHAND,2016,80+,80,47,33,214
JHARKHAND,2021,80+,241,120,121,214
JHARKHAND,2011,Total,32988,16930,16058,214
JHARKHAND,2016,Total,35800,18361,17439,214
JHARKHAND,2021,Total,38471,19701,18770,214
JHARKHAND,2026,0-1,737,381,356,214
JHARKHAND,2031,0-1,716,368,348,214
JHARKHAND,2036,0-1,682,350,332,214
JHARKHAND,2026,0-4,3612,1872,1740,214
JHARKHAND,2031,0-4,3514,1812,1703,214
JHARKHAND,2036,0-4,3345,1723,1621,214
JHARKHAND,2026,5-9,3623,1888,1735,214
JHARKHAND,2031,5-9,3578,1855,1724,214
JHARKHAND,2036,5-9,3484,1796,1688,214
JHARKHAND,2026,10-14,3593,1879,1714,214
JHARKHAND,2031,10-14,3609,1876,1732,214
JHARKHAND,2036,10-14,3565,1844,1721,214
JHARKHAND,2026,15-19,3929,1990,1939,214
JHARKHAND,2031,15-19,3583,1866,1716,214
JHARKHAND,2036,15-19,3599,1864,1735,214
JHARKHAND,2026,20-24,3973,2017,1956,214
JHARKHAND,2031,20-24,3917,1973,1945,214
JHARKHAND,2036,20-24,3574,1850,1724,214
JHARKHAND,2026,25-29,3846,1973,1873,214
JHARKHAND,2031,25-29,3948,1999,1949,214
JHARKHAND,2036,25-29,3894,1955,1938,214
JHARKHAND,2026,30-34,3283,1700,1583,214
JHARKHAND,2031,30-34,3816,1954,1862,214
JHARKHAND,2036,30-34,3918,1980,1938,214
JHARKHAND,2026,35-39,2809,1435,1374,214
JHARKHAND,2031,35-39,3248,1679,1569,214
JHARKHAND,2036,35-39,3779,1932,1847,214
JHARKHAND,2026,40-44,2526,1271,1255,214
JHARKHAND,2031,40-44,2771,1414,1358,214
JHARKHAND,2036,40-44,3208,1656,1552,214
JHARKHAND,2026,45-49,2248,1131,1117,214
JHARKHAND,2031,45-49,2480,1243,1237,214
JHARKHAND,2036,45-49,2724,1384,1340,214
JHARKHAND,2026,50-54,1965,994,971,214
JHARKHAND,2031,50-54,2188,1095,1094,214
JHARKHAND,2036,50-54,2418,1205,1213,214
JHARKHAND,2026,55-59,1649,841,808,214
JHARKHAND,2031,55-59,1885,948,937,214
JHARKHAND,2036,55-59,2105,1047,1058,214
JHARKHAND,2026,60-64,1310,669,641,214
JHARKHAND,2031,60-64,1550,783,768,214
JHARKHAND,2036,60-64,1779,886,893,214
JHARKHAND,2026,65-69,977,493,484,214
JHARKHAND,2031,65-69,1186,600,586,214
JHARKHAND,2036,65-69,1414,707,707,214
JHARKHAND,2026,70-74,719,353,366,214
JHARKHAND,2031,70-74,834,418,416,214
JHARKHAND,2036,70-74,1025,514,511,214
JHARKHAND,2026,75-79,517,249,268,214
JHARKHAND,2031,75-79,580,278,301,214
JHARKHAND,2036,75-79,680,333,348,214
JHARKHAND,2026,80+,380,179,201,214
JHARKHAND,2031,80+,521,236,285,214
JHARKHAND,2036,80+,646,286,360,214
JHARKHAND,2026,Total,40958,20934,20024,214
JHARKHAND,2031,Total,43209,22029,21181,214
JHARKHAND,2036,Total,45155,22962,22193,214
ODISHA,2011,0-1,794,408,385,218
ODISHA,2016,0-1,718,360,358,218
ODISHA,2021,0-1,688,344,344,218
ODISHA,2011,0-4,3875,1993,1882,218
ODISHA,2016,0-4,3505,1756,1749,218
ODISHA,2021,0-4,3361,1679,1682,218
ODISHA,2011,5-9,4049,2069,1980,218
ODISHA,2016,5-9,3745,1893,1852,218
ODISHA,2021,5-9,3385,1661,1724,218
ODISHA,2011,10-14,4186,2122,2064,218
ODISHA,2016,10-14,3949,1984,1965,218
ODISHA,2021,10-14,3649,1810,1839,218
ODISHA,2011,15-19,4007,2011,1996,218
ODISHA,2016,15-19,4029,1990,2040,218
ODISHA,2021,15-19,3795,1853,1942,218
ODISHA,2011,20-24,3777,1877,1900,218
ODISHA,2016,20-24,3785,1827,1958,218
ODISHA,2021,20-24,3808,1806,2002,218
ODISHA,2011,25-29,3519,1745,1774,218
ODISHA,2016,25-29,3614,1738,1876,218
ODISHA,2021,25-29,3624,1689,1935,218
ODISHA,2011,30-34,3217,1601,1616,218
ODISHA,2016,30-34,3386,1633,1753,218
ODISHA,2021,30-34,3484,1628,1856,218
ODISHA,2011,35-39,2983,1501,1481,218
ODISHA,2016,35-39,3111,1514,1597,218
ODISHA,2021,35-39,3282,1547,1735,218
ODISHA,2011,40-44,2700,1383,1316,218
ODISHA,2016,40-44,2899,1437,1462,218
ODISHA,2021,40-44,3030,1452,1578,218
ODISHA,2011,45-49,2308,1196,1112,218
ODISHA,2016,45-49,2607,1318,1289,218
ODISHA,2021,45-49,2808,1373,1435,218
ODISHA,2011,50-54,1884,971,913,218
ODISHA,2016,50-54,2215,1137,1078,218
ODISHA,2021,50-54,2512,1258,1254,218
ODISHA,2011,55-59,1577,798,779,218
ODISHA,2016,55-59,1777,901,876,218
ODISHA,2021,55-59,2102,1063,1039,218
ODISHA,2011,60-64,1357,679,678,218
ODISHA,2016,60-64,1454,720,734,218
ODISHA,2021,60-64,1651,820,831,218
ODISHA,2011,65-69,1053,525,528,218
ODISHA,2016,65-69,1199,589,610,218
ODISHA,2021,65-69,1301,632,669,218
ODISHA,2011,70-74,822,411,411,218
ODISHA,2016,70-74,876,431,445,218
ODISHA,2021,70-74,1018,491,526,218
ODISHA,2011,75-79,413,214,198,218
ODISHA,2016,75-79,614,300,314,218
ODISHA,2021,75-79,676,323,353,218
ODISHA,2011,80+,248,115,132,218
ODISHA,2016,80+,361,173,188,218
ODISHA,2021,80+,549,254,294,218
ODISHA,2011,Total,41974,21212,20762,218
ODISHA,2016,Total,43128,21341,21787,218
ODISHA,2021,Total,44033,21340,22693,218
ODISHA,2026,0-1,657,328,329,218
ODISHA,2031,0-1,619,308,311,218
ODISHA,2036,0-1,580,288,292,218
ODISHA,2026,0-4,3208,1601,1607,218
ODISHA,2031,0-4,3021,1503,1518,218
ODISHA,2036,0-4,2830,1406,1424,218
ODISHA,2026,5-9,3247,1587,1659,218
ODISHA,2031,5-9,3099,1512,1587,218
ODISHA,2036,5-9,2916,1417,1499,218
ODISHA,2026,10-14,3292,1580,1712,218
ODISHA,2031,10-14,3156,1508,1648,218
ODISHA,2036,10-14,3011,1434,1577,218
ODISHA,2026,15-19,3498,1680,1817,218
ODISHA,2031,15-19,3144,1453,1691,218
ODISHA,2036,15-19,3011,1383,1628,218
ODISHA,2026,20-24,3577,1672,1905,218
ODISHA,2031,20-24,3283,1502,1781,218
ODISHA,2036,20-24,2934,1278,1656,218
ODISHA,2026,25-29,3649,1670,1979,218
ODISHA,2031,25-29,3422,1538,1884,218
ODISHA,2036,25-29,3134,1372,1762,218
ODISHA,2026,30-34,3497,1581,1915,218
ODISHA,2031,30-34,3525,1564,1960,218
ODISHA,2036,30-34,3303,1436,1867,218
ODISHA,2026,35-39,3382,1545,1837,218
ODISHA,2031,35-39,3398,1500,1898,218
ODISHA,2036,35-39,3429,1486,1943,218
ODISHA,2026,40-44,3203,1487,1716,218
ODISHA,2031,40-44,3305,1486,1819,218
ODISHA,2036,40-44,3324,1445,1879,218
ODISHA,2026,45-49,2941,1390,1551,218
ODISHA,2031,45-49,3115,1427,1688,218
ODISHA,2036,45-49,3220,1428,1791,218
ODISHA,2026,50-54,2713,1315,1398,218
ODISHA,2031,50-54,2847,1334,1513,218
ODISHA,2036,50-54,3022,1372,1650,218
ODISHA,2026,55-59,2393,1183,1211,218
ODISHA,2031,55-59,2594,1240,1354,218
ODISHA,2036,55-59,2730,1262,1468,218
ODISHA,2026,60-64,1965,976,989,218
ODISHA,2031,60-64,2249,1092,1157,218
ODISHA,2036,60-64,2448,1151,1297,218
ODISHA,2026,65-69,1491,728,763,218
ODISHA,2031,65-69,1788,874,914,218
ODISHA,2036,65-69,2060,984,1076,218
ODISHA,2026,70-74,1119,535,584,218
ODISHA,2031,70-74,1297,623,673,218
ODISHA,2036,70-74,1569,754,815,218
ODISHA,2026,75-79,802,377,425,218
ODISHA,2031,75-79,896,416,480,218
ODISHA,2036,75-79,1051,490,560,218
ODISHA,2026,80+,701,315,386,218
ODISHA,2031,80+,870,381,490,218
ODISHA,2036,80+,1033,442,592,218
ODISHA,2026,Total,44677,21222,23455,218
ODISHA,2031,Total,45008,20953,24055,218
ODISHA,2036,Total,45025,20542,24483,218
CHHATTISGARH,2011,0-1,545,275,269,222
CHHATTISGARH,2016,0-1,579,296,283,222
CHHATTISGARH,2021,0-1,563,289,274,222
CHHATTISGARH,2011,0-4,2669,1353,1316,222
CHHATTISGARH,2016,0-4,2834,1453,1381,222
CHHATTISGARH,2021,0-4,2756,1417,1339,222
CHHATTISGARH,2011,5-9,2738,1390,1348,222
CHHATTISGARH,2016,5-9,2643,1343,1301,222
CHHATTISGARH,2021,5-9,2811,1444,1367,222
CHHATTISGARH,2011,10-14,2784,1413,1371,222
CHHATTISGARH,2016,10-14,2733,1389,1345,222
CHHATTISGARH,2021,10-14,2641,1342,1299,222
CHHATTISGARH,2011,15-19,2621,1325,1296,222
CHHATTISGARH,2016,15-19,2786,1413,1373,222
CHHATTISGARH,2021,15-19,2739,1390,1349,222
CHHATTISGARH,2011,20-24,2361,1190,1171,222
CHHATTISGARH,2016,20-24,2628,1323,1305,222
CHHATTISGARH,2021,20-24,2796,1412,1384,222
CHHATTISGARH,2011,25-29,2082,1048,1033,222
CHHATTISGARH,2016,25-29,2348,1184,1164,222
CHHATTISGARH,2021,25-29,2616,1318,1298,222
CHHATTISGARH,2011,30-34,1868,935,933,222
CHHATTISGARH,2016,30-34,2060,1039,1021,222
CHHATTISGARH,2021,30-34,2327,1175,1152,222
CHHATTISGARH,2011,35-39,1739,870,869,222
CHHATTISGARH,2016,35-39,1844,922,922,222
CHHATTISGARH,2021,35-39,2036,1026,1010,222
CHHATTISGARH,2011,40-44,1568,795,773,222
CHHATTISGARH,2016,40-44,1708,853,856,222
CHHATTISGARH,2021,40-44,1815,906,909,222
CHHATTISGARH,2011,45-49,1311,674,637,222
CHHATTISGARH,2016,45-49,1532,774,759,222
CHHATTISGARH,2021,45-49,1674,832,841,222
CHHATTISGARH,2011,50-54,1028,526,502,222
CHHATTISGARH,2016,50-54,1268,648,620,222
CHHATTISGARH,2021,50-54,1487,746,741,222
CHHATTISGARH,2011,55-59,830,410,420,222
CHHATTISGARH,2016,55-59,976,491,484,222
CHHATTISGARH,2021,55-59,1210,609,600,222
CHHATTISGARH,2011,60-64,703,333,370,222
CHHATTISGARH,2016,60-64,757,364,393,222
CHHATTISGARH,2021,60-64,899,443,457,222
CHHATTISGARH,2011,65-69,547,253,293,222
CHHATTISGARH,2016,65-69,605,275,330,222
CHHATTISGARH,2021,65-69,663,308,355,222
CHHATTISGARH,2011,70-74,409,189,220,222
CHHATTISGARH,2016,70-74,426,182,244,222
CHHATTISGARH,2021,70-74,488,208,281,222
CHHATTISGARH,2011,75-79,179,84,95,222
CHHATTISGARH,2016,75-79,277,121,157,222
CHHATTISGARH,2021,75-79,307,125,182,222
CHHATTISGARH,2011,80+,109,45,64,222
CHHATTISGARH,2016,80+,145,62,84,222
CHHATTISGARH,2021,80+,227,93,134,222
CHHATTISGARH,2011,Total,25545,12833,12712,222
CHHATTISGARH,2016,Total,27571,13834,13738,222
CHHATTISGARH,2021,Total,29493,14794,14698,222
CHHATTISGARH,2026,0-1,530,272,258,222
CHHATTISGARH,2031,0-1,500,258,242,222
CHHATTISGARH,2036,0-1,487,251,236,222
CHHATTISGARH,2026,0-4,2596,1337,1258,222
CHHATTISGARH,2031,0-4,2450,1266,1184,222
CHHATTISGARH,2036,0-4,2384,1231,1153,222
CHHATTISGARH,2026,5-9,2738,1410,1328,222
CHHATTISGARH,2031,5-9,2583,1333,1250,222
CHHATTISGARH,2036,5-9,2441,1263,1178,222
CHHATTISGARH,2026,10-14,2810,1444,1366,222
CHHATTISGARH,2031,10-14,2739,1411,1328,222
CHHATTISGARH,2036,10-14,2585,1335,1250,222
CHHATTISGARH,2026,15-19,2650,1345,1305,222
CHHATTISGARH,2031,15-19,2820,1448,1373,222
CHHATTISGARH,2036,15-19,2752,1416,1336,222
CHHATTISGARH,2026,20-24,2754,1392,1362,222
CHHATTISGARH,2031,20-24,2669,1348,1321,222
CHHATTISGARH,2036,20-24,2842,1452,1391,222
CHHATTISGARH,2026,25-29,2786,1408,1378,222
CHHATTISGARH,2031,25-29,2747,1388,1359,222
CHHATTISGARH,2036,25-29,2666,1347,1319,222
CHHATTISGARH,2026,30-34,2595,1308,1286,222
CHHATTISGARH,2031,30-34,2767,1399,1368,222
CHHATTISGARH,2036,30-34,2731,1382,1350,222
CHHATTISGARH,2026,35-39,2303,1162,1141,222
CHHATTISGARH,2031,35-39,2571,1296,1275,222
CHHATTISGARH,2036,35-39,2744,1387,1357,222
CHHATTISGARH,2026,40-44,2008,1010,997,222
CHHATTISGARH,2031,40-44,2273,1145,1128,222
CHHATTISGARH,2036,40-44,2541,1279,1262,222
CHHATTISGARH,2026,45-49,1782,886,895,222
CHHATTISGARH,2031,45-49,1974,990,984,222
CHHATTISGARH,2036,45-49,2238,1124,1114,222
CHHATTISGARH,2026,50-54,1629,805,823,222
CHHATTISGARH,2031,50-54,1737,859,878,222
CHHATTISGARH,2036,50-54,1928,962,966,222
CHHATTISGARH,2026,55-59,1425,705,719,222
CHHATTISGARH,2031,55-59,1566,764,801,222
CHHATTISGARH,2036,55-59,1675,819,856,222
CHHATTISGARH,2026,60-64,1124,554,570,222
CHHATTISGARH,2031,60-64,1333,647,686,222
CHHATTISGARH,2036,60-64,1473,706,768,222
CHHATTISGARH,2026,65-69,798,380,418,222
CHHATTISGARH,2031,65-69,1009,483,526,222
CHHATTISGARH,2036,65-69,1209,571,638,222
CHHATTISGARH,2026,70-74,549,240,309,222
CHHATTISGARH,2031,70-74,674,305,369,222
CHHATTISGARH,2036,70-74,866,396,470,222
CHHATTISGARH,2026,75-79,367,149,219,222
CHHATTISGARH,2031,75-79,425,178,247,222
CHHATTISGARH,2036,75-79,533,232,302,222
CHHATTISGARH,2026,80+,299,115,184,222
CHHATTISGARH,2031,80+,382,142,240,222
CHHATTISGARH,2036,80+,470,175,295,222
CHHATTISGARH,2026,Total,31211,15651,15560,222
CHHATTISGARH,2031,Total,32719,16404,16315,222
CHHATTISGARH,2036,Total,34081,17076,17005,222
MADHYA PRADESH,2011,0-1,1642,845,796,226
MADHYA PRADESH,2016,0-1,1807,943,864,226
MADHYA PRADESH,2021,0-1,1738,903,835,226
MADHYA PRADESH,2011,0-4,7959,4103,3856,226
MADHYA PRADESH,2016,0-4,8756,4576,4181,226
MADHYA PRADESH,2021,0-4,8429,4385,4043,226
MADHYA PRADESH,2011,5-9,8151,4238,3913,226
MADHYA PRADESH,2016,5-9,7792,4017,3775,226
MADHYA PRADESH,2021,5-9,8594,4492,4103,226
MADHYA PRADESH,2011,10-14,8220,4297,3923,226
MADHYA PRADESH,2016,10-14,8096,4207,3890,226
MADHYA PRADESH,2021,10-14,7744,3989,3754,226
MADHYA PRADESH,2011,15-19,7555,3993,3562,226
MADHYA PRADESH,2016,15-19,8143,4260,3882,226
MADHYA PRADESH,2021,15-19,8023,4172,3851,226
MADHYA PRADESH,2011,20-24,6680,3523,3157,226
MADHYA PRADESH,2016,20-24,7443,3940,3502,226
MADHYA PRADESH,2021,20-24,8029,4207,3821,226
MADHYA PRADESH,2011,25-29,5886,3049,2837,226
MADHYA PRADESH,2016,25-29,6593,3471,3121,226
MADHYA PRADESH,2021,25-29,7353,3887,3466,226
MADHYA PRADESH,2011,30-34,5276,2699,2577,226
MADHYA PRADESH,2016,30-34,5813,3004,2809,226
MADHYA PRADESH,2021,30-34,6517,3425,3093,226
MADHYA PRADESH,2011,35-39,4794,2461,2333,226
MADHYA PRADESH,2016,35-39,5201,2651,2551,226
MADHYA PRADESH,2021,35-39,5738,2956,2783,226
MADHYA PRADESH,2011,40-44,4208,2183,2026,226
MADHYA PRADESH,2016,40-44,4715,2407,2307,226
MADHYA PRADESH,2021,40-44,5124,2599,2525,226
MADHYA PRADESH,2011,45-49,3493,1832,1661,226
MADHYA PRADESH,2016,45-49,4106,2114,1992,226
MADHYA PRADESH,2021,45-49,4611,2339,2272,226
MADHYA PRADESH,2011,50-54,2746,1442,1303,226
MADHYA PRADESH,2016,50-54,3367,1749,1619,226
MADHYA PRADESH,2021,50-54,3973,2027,1946,226
MADHYA PRADESH,2011,55-59,2202,1125,1077,226
MADHYA PRADESH,2016,55-59,2613,1356,1257,226
MADHYA PRADESH,2021,55-59,3219,1653,1566,226
MADHYA PRADESH,2011,60-64,1867,923,944,226
MADHYA PRADESH,2016,60-64,2032,1022,1011,226
MADHYA PRADESH,2021,60-64,2430,1243,1188,226
MADHYA PRADESH,2011,65-69,1489,725,764,226
MADHYA PRADESH,2016,65-69,1619,784,835,226
MADHYA PRADESH,2021,65-69,1790,884,906,226
MADHYA PRADESH,2011,70-74,1210,582,628,226
MADHYA PRADESH,2016,70-74,1184,561,623,226
MADHYA PRADESH,2021,70-74,1325,627,698,226
MADHYA PRADESH,2011,75-79,557,285,272,226
MADHYA PRADESH,2016,75-79,865,401,465,226
MADHYA PRADESH,2021,75-79,885,404,480,226
MADHYA PRADESH,2011,80+,335,153,182,226
MADHYA PRADESH,2016,80+,468,218,250,226
MADHYA PRADESH,2021,80+,732,321,411,226
MADHYA PRADESH,2011,Total,72627,37612,35015,226
MADHYA PRADESH,2016,Total,78806,40737,38069,226
MADHYA PRADESH,2021,Total,84516,43609,40907,226
MADHYA PRADESH,2026,0-1,1653,854,799,226
MADHYA PRADESH,2031,0-1,1534,789,745,226
MADHYA PRADESH,2036,0-1,1453,747,706,226
MADHYA PRADESH,2026,0-4,8013,4147,3866,226
MADHYA PRADESH,2031,0-4,7436,3830,3605,226
MADHYA PRADESH,2036,0-4,7046,3628,3418,226
MADHYA PRADESH,2026,5-9,8288,4312,3976,226
MADHYA PRADESH,2031,5-9,7892,4084,3808,226
MADHYA PRADESH,2036,5-9,7333,3777,3556,226
MADHYA PRADESH,2026,10-14,8546,4463,4082,226
MADHYA PRADESH,2031,10-14,8244,4287,3958,226
MADHYA PRADESH,2036,10-14,7852,4060,3791,226
MADHYA PRADESH,2026,15-19,7676,3957,3719,226
MADHYA PRADESH,2031,15-19,8476,4430,4046,226
MADHYA PRADESH,2036,15-19,8178,4255,3924,226
MADHYA PRADESH,2026,20-24,7914,4122,3793,226
MADHYA PRADESH,2031,20-24,7571,3909,3662,226
MADHYA PRADESH,2036,20-24,8369,4380,3989,226
MADHYA PRADESH,2026,25-29,7939,4153,3785,226
MADHYA PRADESH,2031,25-29,7829,4070,3759,226
MADHYA PRADESH,2036,25-29,7492,3861,3631,226
MADHYA PRADESH,2026,30-34,7275,3838,3437,226
MADHYA PRADESH,2031,30-34,7861,4104,3757,226
MADHYA PRADESH,2036,30-34,7756,4024,3732,226
MADHYA PRADESH,2026,35-39,6440,3374,3067,226
MADHYA PRADESH,2031,35-39,7196,3786,3411,226
MADHYA PRADESH,2036,35-39,7782,4052,3730,226
MADHYA PRADESH,2026,40-44,5659,2902,2758,226
MADHYA PRADESH,2031,40-44,6359,3318,3041,226
MADHYA PRADESH,2036,40-44,7112,3727,3384,226
MADHYA PRADESH,2026,45-49,5021,2531,2490,226
MADHYA PRADESH,2031,45-49,5555,2832,2722,226
MADHYA PRADESH,2036,45-49,6249,3244,3005,226
MADHYA PRADESH,2026,50-54,4474,2250,2224,226
MADHYA PRADESH,2031,50-54,4883,2442,2441,226
MADHYA PRADESH,2036,50-54,5412,2739,2673,226
MADHYA PRADESH,2026,55-59,3812,1924,1888,226
MADHYA PRADESH,2031,55-59,4307,2144,2164,226
MADHYA PRADESH,2036,55-59,4713,2333,2380,226
MADHYA PRADESH,2026,60-64,3014,1526,1489,226
MADHYA PRADESH,2031,60-64,3590,1787,1803,226
MADHYA PRADESH,2036,60-64,4075,2001,2074,226
MADHYA PRADESH,2026,65-69,2168,1089,1079,226
MADHYA PRADESH,2031,65-69,2718,1352,1365,226
MADHYA PRADESH,2036,65-69,3266,1598,1668,226
MADHYA PRADESH,2026,70-74,1498,721,776,226
MADHYA PRADESH,2031,70-74,1845,906,939,226
MADHYA PRADESH,2036,70-74,2347,1141,1206,226
MADHYA PRADESH,2026,75-79,1022,465,557,226
MADHYA PRADESH,2031,75-79,1182,548,634,226
MADHYA PRADESH,2036,75-79,1482,700,782,226
MADHYA PRADESH,2026,80+,913,385,528,226
MADHYA PRADESH,2031,80+,1114,459,654,226
MADHYA PRADESH,2036,80+,1339,551,788,226
MADHYA PRADESH,2026,Total,89673,46157,43515,226
MADHYA PRADESH,2031,Total,94057,48288,45769,226
MADHYA PRADESH,2036,Total,97804,50073,47731,226
GUJARAT,2011,0-1,1151,607,544,230
GUJARAT,2016,0-1,1183,641,542,230
GUJARAT,2021,0-1,1188,639,549,230
GUJARAT,2011,0-4,5647,2982,2666,230
GUJARAT,2016,0-4,5804,3149,2655,230
GUJARAT,2021,0-4,5826,3136,2689,230
GUJARAT,2011,5-9,5843,3115,2729,230
GUJARAT,2016,5-9,5642,2991,2651,230
GUJARAT,2021,5-9,5811,3166,2645,230
GUJARAT,2011,10-14,6024,3223,2801,230
GUJARAT,2016,10-14,5880,3146,2734,230
GUJARAT,2021,10-14,5687,3028,2658,230
GUJARAT,2011,15-19,5939,3168,2771,230
GUJARAT,2016,15-19,6121,3279,2842,230
GUJARAT,2021,15-19,5990,3210,2780,230
GUJARAT,2011,20-24,5699,3013,2686,230
GUJARAT,2016,20-24,6099,3244,2854,230
GUJARAT,2021,20-24,6299,3365,2934,230
GUJARAT,2011,25-29,5298,2773,2525,230
GUJARAT,2016,25-29,5754,3055,2699,230
GUJARAT,2021,25-29,6163,3293,2870,230
GUJARAT,2011,30-34,4809,2500,2309,230
GUJARAT,2016,30-34,5315,2794,2521,230
GUJARAT,2021,30-34,5777,3081,2697,230
GUJARAT,2011,35-39,4347,2253,2093,230
GUJARAT,2016,35-39,4799,2499,2300,230
GUJARAT,2021,35-39,5309,2796,2513,230
GUJARAT,2011,40-44,3862,1997,1864,230
GUJARAT,2016,40-44,4306,2229,2077,230
GUJARAT,2021,40-44,4761,2478,2284,230
GUJARAT,2011,45-49,3311,1714,1597,230
GUJARAT,2016,45-49,3802,1961,1841,230
GUJARAT,2021,45-49,4248,2195,2053,230
GUJARAT,2011,50-54,2702,1398,1304,230
GUJARAT,2016,50-54,3212,1647,1565,230
GUJARAT,2021,50-54,3702,1894,1807,230
GUJARAT,2011,55-59,2142,1089,1054,230
GUJARAT,2016,55-59,2588,1322,1266,230
GUJARAT,2021,55-59,3092,1568,1524,230
GUJARAT,2011,60-64,1677,826,851,230
GUJARAT,2016,60-64,2000,999,1002,230
GUJARAT,2021,60-64,2435,1225,1210,230
GUJARAT,2011,65-69,1247,595,652,230
GUJARAT,2016,65-69,1501,722,779,230
GUJARAT,2021,65-69,1813,888,925,230
GUJARAT,2011,70-74,994,455,539,230
GUJARAT,2016,70-74,1047,482,565,230
GUJARAT,2021,70-74,1287,602,685,230
GUJARAT,2011,75-79,559,255,305,230
GUJARAT,2016,75-79,767,337,430,230
GUJARAT,2021,75-79,832,370,462,230
GUJARAT,2011,80+,340,137,203,230
GUJARAT,2016,80+,520,214,306,230
GUJARAT,2021,80+,756,305,450,230
GUJARAT,2011,Total,60440,31491,28948,230
GUJARAT,2016,Total,65158,34071,31087,230
GUJARAT,2021,Total,69788,36600,33188,230
GUJARAT,2026,0-1,1146,611,535,230
GUJARAT,2031,0-1,1088,575,513,230
GUJARAT,2036,0-1,1039,549,490,230
GUJARAT,2026,0-4,5618,2998,2620,230
GUJARAT,2031,0-4,5337,2822,2515,230
GUJARAT,2036,0-4,5098,2697,2400,230
GUJARAT,2026,5-9,5845,3161,2684,230
GUJARAT,2031,5-9,5649,3030,2619,230
GUJARAT,2036,5-9,5381,2861,2520,230
GUJARAT,2026,10-14,5862,3207,2654,230
GUJARAT,2031,10-14,5902,3206,2696,230
GUJARAT,2036,10-14,5712,3079,2633,230
GUJARAT,2026,15-19,5810,3100,2710,230
GUJARAT,2031,15-19,5995,3284,2711,230
GUJARAT,2036,15-19,6045,3289,2756,230
GUJARAT,2026,20-24,6188,3306,2882,230
GUJARAT,2031,20-24,6025,3204,2821,230
GUJARAT,2036,20-24,6225,3396,2829,230
GUJARAT,2026,25-29,6373,3420,2954,230
GUJARAT,2031,25-29,6273,3367,2906,230
GUJARAT,2036,25-29,6121,3273,2848,230
GUJARAT,2026,30-34,6193,3323,2870,230
GUJARAT,2031,30-34,6411,3455,2956,230
GUJARAT,2036,30-34,6319,3408,2911,230
GUJARAT,2026,35-39,5776,3087,2689,230
GUJARAT,2031,35-39,6196,3332,2864,230
GUJARAT,2036,35-39,6420,3468,2952,230
GUJARAT,2026,40-44,5274,2777,2497,230
GUJARAT,2031,40-44,5743,3068,2675,230
GUJARAT,2036,40-44,6167,3316,2851,230
GUJARAT,2026,45-49,4705,2445,2260,230
GUJARAT,2031,45-49,5218,2744,2475,230
GUJARAT,2036,45-49,5689,3036,2653,230
GUJARAT,2026,50-54,4147,2128,2019,230
GUJARAT,2031,50-54,4603,2376,2226,230
GUJARAT,2036,50-54,5114,2674,2440,230
GUJARAT,2026,55-59,3575,1811,1764,230
GUJARAT,2031,55-59,4017,2042,1975,230
GUJARAT,2036,55-59,4470,2288,2182,230
GUJARAT,2026,60-64,2926,1464,1462,230
GUJARAT,2031,60-64,3400,1701,1700,230
GUJARAT,2036,60-64,3837,1927,1910,230
GUJARAT,2026,65-69,2229,1102,1127,230
GUJARAT,2031,65-69,2701,1328,1373,230
GUJARAT,2036,65-69,3162,1555,1606,230
GUJARAT,2026,70-74,1580,754,826,230
GUJARAT,2031,70-74,1968,948,1019,230
GUJARAT,2036,70-74,2411,1157,1255,230
GUJARAT,2026,75-79,1044,471,572,230
GUJARAT,2031,75-79,1302,599,703,230
GUJARAT,2036,75-79,1643,763,880,230
GUJARAT,2026,80+,943,378,565,230
GUJARAT,2031,80+,1190,479,711,230
GUJARAT,2036,80+,1502,611,891,230
GUJARAT,2026,Total,74086,38930,35156,230
GUJARAT,2031,Total,77931,40986,36946,230
GUJARAT,2036,Total,81316,42800,38516,230
MAHARASHTRA,2011,0-1,1921,1008,913,234
MAHARASHTRA,2016,0-1,1756,939,817,234
MAHARASHTRA,2021,0-1,1700,905,795,234
MAHARASHTRA,2011,0-4,9538,5006,4532,234
MAHARASHTRA,2016,0-4,8720,4665,4054,234
MAHARASHTRA,2021,0-4,8444,4498,3946,234
MAHARASHTRA,2011,5-9,9971,5259,4711,234
MAHARASHTRA,2016,5-9,9610,5061,4549,234
MAHARASHTRA,2021,5-9,8802,4726,4076,234
MAHARASHTRA,2011,10-14,10517,5574,4943,234
MAHARASHTRA,2016,10-14,10046,5317,4728,234
MAHARASHTRA,2021,10-14,9693,5124,4569,234
MAHARASHTRA,2011,15-19,10809,5754,5056,234
MAHARASHTRA,2016,15-19,10698,5672,5026,234
MAHARASHTRA,2021,15-19,10242,5424,4818,234
MAHARASHTRA,2011,20-24,10778,5690,5088,234
MAHARASHTRA,2016,20-24,11101,5883,5218,234
MAHARASHTRA,2021,20-24,11013,5813,5200,234
MAHARASHTRA,2011,25-29,10082,5251,4831,234
MAHARASHTRA,2016,25-29,10870,5753,5118,234
MAHARASHTRA,2021,25-29,11205,5953,5252,234
MAHARASHTRA,2011,30-34,9029,4656,4373,234
MAHARASHTRA,2016,30-34,10101,5274,4826,234
MAHARASHTRA,2021,30-34,10894,5778,5116,234
MAHARASHTRA,2011,35-39,8151,4191,3960,234
MAHARASHTRA,2016,35-39,8996,4641,4355,234
MAHARASHTRA,2021,35-39,10066,5259,4808,234
MAHARASHTRA,2011,40-44,7194,3718,3476,234
MAHARASHTRA,2016,40-44,8075,4143,3933,234
MAHARASHTRA,2021,40-44,8919,4592,4326,234
MAHARASHTRA,2011,45-49,6067,3151,2916,234
MAHARASHTRA,2016,45-49,7094,3654,3440,234
MAHARASHTRA,2021,45-49,7971,4077,3894,234
MAHARASHTRA,2011,50-54,4957,2573,2384,234
MAHARASHTRA,2016,50-54,5920,3053,2867,234
MAHARASHTRA,2021,50-54,6932,3546,3386,234
MAHARASHTRA,2011,55-59,4098,2069,2029,234
MAHARASHTRA,2016,55-59,4770,2449,2321,234
MAHARASHTRA,2021,55-59,5708,2913,2795,234
MAHARASHTRA,2011,60-64,3575,1718,1857,234
MAHARASHTRA,2016,60-64,3843,1914,1929,234
MAHARASHTRA,2021,60-64,4490,2275,2215,234
MAHARASHTRA,2011,65-69,2996,1414,1582,234
MAHARASHTRA,2016,65-69,3222,1524,1698,234
MAHARASHTRA,2021,65-69,3487,1710,1777,234
MAHARASHTRA,2011,70-74,2411,1148,1262,234
MAHARASHTRA,2016,70-74,2550,1185,1365,234
MAHARASHTRA,2021,70-74,2774,1290,1484,234
MAHARASHTRA,2011,75-79,1373,695,678,234
MAHARASHTRA,2016,75-79,1864,869,995,234
MAHARASHTRA,2021,75-79,2008,910,1098,234
MAHARASHTRA,2011,80+,826,374,452,234
MAHARASHTRA,2016,80+,1247,593,655,234
MAHARASHTRA,2021,80+,1789,815,974,234
MAHARASHTRA,2011,Total,112374,58243,54131,234
MAHARASHTRA,2016,Total,118727,61649,57078,234
MAHARASHTRA,2021,Total,124437,64702,59735,234
MAHARASHTRA,2026,0-1,1592,844,748,234
MAHARASHTRA,2031,0-1,1514,799,715,234
MAHARASHTRA,2036,0-1,1432,756,676,234
MAHARASHTRA,2026,0-4,7910,4195,3715,234
MAHARASHTRA,2031,0-4,7520,3971,3548,234
MAHARASHTRA,2036,0-4,7113,3758,3355,234
MAHARASHTRA,2026,5-9,8534,4564,3970,234
MAHARASHTRA,2031,5-9,8008,4266,3742,234
MAHARASHTRA,2036,5-9,7623,4046,3578,234
MAHARASHTRA,2026,10-14,8893,4794,4099,234
MAHARASHTRA,2031,10-14,8631,4636,3995,234
MAHARASHTRA,2036,10-14,8110,4342,3768,234
MAHARASHTRA,2026,15-19,9903,5238,4665,234
MAHARASHTRA,2031,15-19,9117,4915,4202,234
MAHARASHTRA,2036,15-19,8865,4762,4103,234
MAHARASHTRA,2026,20-24,10580,5574,5005,234
MAHARASHTRA,2031,20-24,10260,5398,4862,234
MAHARASHTRA,2036,20-24,9492,5083,4409,234
MAHARASHTRA,2026,25-29,11131,5892,5239,234
MAHARASHTRA,2031,25-29,10712,5663,5049,234
MAHARASHTRA,2036,25-29,10403,5493,4910,234
MAHARASHTRA,2026,30-34,11238,5985,5253,234
MAHARASHTRA,2031,30-34,11175,5932,5243,234
MAHARASHTRA,2036,30-34,10768,5711,5057,234
MAHARASHTRA,2026,35-39,10863,5765,5098,234
MAHARASHTRA,2031,35-39,11216,5978,5238,234
MAHARASHTRA,2036,35-39,11163,5932,5231,234
MAHARASHTRA,2026,40-44,9986,5207,4779,234
MAHARASHTRA,2031,40-44,10784,5714,5070,234
MAHARASHTRA,2036,40-44,11141,5929,5211,234
MAHARASHTRA,2026,45-49,8811,4524,4287,234
MAHARASHTRA,2031,45-49,9873,5135,4738,234
MAHARASHTRA,2036,45-49,10667,5637,5030,234
MAHARASHTRA,2026,50-54,7799,3962,3837,234
MAHARASHTRA,2031,50-54,8632,4405,4227,234
MAHARASHTRA,2036,50-54,9678,5004,4675,234
MAHARASHTRA,2026,55-59,6698,3392,3306,234
MAHARASHTRA,2031,55-59,7551,3800,3751,234
MAHARASHTRA,2036,55-59,8368,4231,4137,234
MAHARASHTRA,2026,60-64,5395,2718,2676,234
MAHARASHTRA,2031,60-64,6353,3179,3174,234
MAHARASHTRA,2036,60-64,7181,3571,3611,234
MAHARASHTRA,2026,65-69,4101,2047,2054,234
MAHARASHTRA,2031,65-69,4957,2462,2495,234
MAHARASHTRA,2036,65-69,5865,2890,2975,234
MAHARASHTRA,2026,70-74,3034,1463,1572,234
MAHARASHTRA,2031,70-74,3601,1767,1833,234
MAHARASHTRA,2036,70-74,4384,2137,2247,234
MAHARASHTRA,2026,75-79,2221,1005,1217,234
MAHARASHTRA,2031,75-79,2460,1153,1307,234
MAHARASHTRA,2036,75-79,2948,1404,1544,234
MAHARASHTRA,2026,80+,2211,967,1244,234
MAHARASHTRA,2031,80+,2604,1111,1493,234
MAHARASHTRA,2036,80+,2995,1280,1716,234
MAHARASHTRA,2026,Total,129308,67292,62016,234
MAHARASHTRA,2031,Total,133451,69484,63967,234
MAHARASHTRA,2036,Total,136764,71208,65556,234
ANDHRA PRADESH,2011,0-1,763,390,373,238
ANDHRA PRADESH,2016,0-1,742,388,354,238
ANDHRA PRADESH,2021,0-1,699,364,335,238
ANDHRA PRADESH,2011,0-4,3768,1928,1840,238
ANDHRA PRADESH,2016,0-4,3667,1918,1749,238
ANDHRA PRADESH,2021,0-4,3449,1796,1653,238
ANDHRA PRADESH,2011,5-9,4186,2151,2035,238
ANDHRA PRADESH,2016,5-9,3744,1915,1829,238
ANDHRA PRADESH,2021,5-9,3645,1906,1739,238
ANDHRA PRADESH,2011,10-14,4572,2357,2216,238
ANDHRA PRADESH,2016,10-14,4171,2143,2028,238
ANDHRA PRADESH,2021,10-14,3731,1908,1823,238
ANDHRA PRADESH,2011,15-19,4717,2420,2296,238
ANDHRA PRADESH,2016,15-19,4543,2344,2199,238
ANDHRA PRADESH,2021,15-19,4145,2131,2013,238
ANDHRA PRADESH,2011,20-24,4689,2352,2337,238
ANDHRA PRADESH,2016,20-24,4665,2398,2267,238
ANDHRA PRADESH,2021,20-24,4495,2323,2172,238
ANDHRA PRADESH,2011,25-29,4420,2182,2238,238
ANDHRA PRADESH,2016,25-29,4638,2324,2313,238
ANDHRA PRADESH,2021,25-29,4617,2372,2246,238
ANDHRA PRADESH,2011,30-34,4038,1994,2044,238
ANDHRA PRADESH,2016,30-34,4367,2150,2218,238
ANDHRA PRADESH,2021,30-34,4587,2292,2294,238
ANDHRA PRADESH,2011,35-39,3734,1855,1879,238
ANDHRA PRADESH,2016,35-39,3979,1953,2026,238
ANDHRA PRADESH,2021,35-39,4310,2110,2200,238
ANDHRA PRADESH,2011,40-44,3338,1687,1650,238
ANDHRA PRADESH,2016,40-44,3665,1807,1858,238
ANDHRA PRADESH,2021,40-44,3913,1908,2005,238
ANDHRA PRADESH,2011,45-49,2829,1445,1384,238
ANDHRA PRADESH,2016,45-49,3258,1634,1624,238
ANDHRA PRADESH,2021,45-49,3586,1756,1831,238
ANDHRA PRADESH,2011,50-54,2303,1154,1149,238
ANDHRA PRADESH,2016,50-54,2730,1380,1351,238
ANDHRA PRADESH,2021,50-54,3154,1566,1588,238
ANDHRA PRADESH,2011,55-59,1958,935,1023,238
ANDHRA PRADESH,2016,55-59,2184,1080,1104,238
ANDHRA PRADESH,2021,55-59,2600,1299,1301,238
ANDHRA PRADESH,2011,60-64,1774,826,948,238
ANDHRA PRADESH,2016,60-64,1804,848,956,238
ANDHRA PRADESH,2021,60-64,2025,988,1037,238
ANDHRA PRADESH,2011,65-69,1404,665,739,238
ANDHRA PRADESH,2016,65-69,1562,713,849,238
ANDHRA PRADESH,2021,65-69,1607,743,864,238
ANDHRA PRADESH,2011,70-74,1004,480,524,238
ANDHRA PRADESH,2016,70-74,1162,538,624,238
ANDHRA PRADESH,2021,70-74,1318,590,728,238
ANDHRA PRADESH,2011,75-79,525,259,267,238
ANDHRA PRADESH,2016,75-79,754,352,402,238
ANDHRA PRADESH,2021,75-79,897,405,492,238
ANDHRA PRADESH,2011,80+,317,139,178,238
ANDHRA PRADESH,2016,80+,477,214,263,238
ANDHRA PRADESH,2021,80+,710,310,400,238
ANDHRA PRADESH,2011,Total,49577,24831,24747,238
ANDHRA PRADESH,2016,Total,51371,25710,25661,238
ANDHRA PRADESH,2021,Total,52787,26403,26384,238
ANDHRA PRADESH,2026,0-1,633,328,305,238
ANDHRA PRADESH,2031,0-1,574,296,278,238
ANDHRA PRADESH,2036,0-1,529,273,256,238
ANDHRA PRADESH,2026,0-4,3123,1618,1505,238
ANDHRA PRADESH,2031,0-4,2836,1462,1374,238
ANDHRA PRADESH,2036,0-4,2613,1347,1266,238
ANDHRA PRADESH,2026,5-9,3429,1785,1643,238
ANDHRA PRADESH,2031,5-9,3106,1609,1497,238
ANDHRA PRADESH,2036,5-9,2820,1454,1366,238
ANDHRA PRADESH,2026,10-14,3633,1900,1733,238
ANDHRA PRADESH,2031,10-14,3418,1779,1638,238
ANDHRA PRADESH,2036,10-14,3095,1603,1492,238
ANDHRA PRADESH,2026,15-19,3706,1897,1809,238
ANDHRA PRADESH,2031,15-19,3609,1889,1720,238
ANDHRA PRADESH,2036,15-19,3395,1769,1626,238
ANDHRA PRADESH,2026,20-24,4100,2112,1988,238
ANDHRA PRADESH,2031,20-24,3665,1880,1786,238
ANDHRA PRADESH,2036,20-24,3570,1872,1698,238
ANDHRA PRADESH,2026,25-29,4450,2298,2152,238
ANDHRA PRADESH,2031,25-29,4061,2090,1970,238
ANDHRA PRADESH,2036,25-29,3631,1860,1771,238
ANDHRA PRADESH,2026,30-34,4569,2341,2228,238
ANDHRA PRADESH,2031,30-34,4406,2270,2136,238
ANDHRA PRADESH,2036,30-34,4022,2066,1957,238
ANDHRA PRADESH,2026,35-39,4530,2254,2276,238
ANDHRA PRADESH,2031,35-39,4516,2304,2212,238
ANDHRA PRADESH,2036,35-39,4358,2237,2122,238
ANDHRA PRADESH,2026,40-44,4244,2065,2178,238
ANDHRA PRADESH,2031,40-44,4465,2209,2256,238
ANDHRA PRADESH,2036,40-44,4455,2262,2193,238
ANDHRA PRADESH,2026,45-49,3835,1857,1978,238
ANDHRA PRADESH,2031,45-49,4165,2014,2150,238
ANDHRA PRADESH,2036,45-49,4387,2158,2229,238
ANDHRA PRADESH,2026,50-54,3479,1687,1792,238
ANDHRA PRADESH,2031,50-54,3729,1790,1939,238
ANDHRA PRADESH,2036,50-54,4056,1945,2111,238
ANDHRA PRADESH,2026,55-59,3014,1480,1534,238
ANDHRA PRADESH,2031,55-59,3336,1601,1735,238
ANDHRA PRADESH,2036,55-59,3585,1703,1882,238
ANDHRA PRADESH,2026,60-64,2425,1196,1229,238
ANDHRA PRADESH,2031,60-64,2826,1371,1455,238
ANDHRA PRADESH,2036,60-64,3142,1489,1653,238
ANDHRA PRADESH,2026,65-69,1820,874,946,238
ANDHRA PRADESH,2031,65-69,2196,1067,1129,238
ANDHRA PRADESH,2036,65-69,2577,1231,1346,238
ANDHRA PRADESH,2026,70-74,1375,623,752,238
ANDHRA PRADESH,2031,70-74,1574,741,833,238
ANDHRA PRADESH,2036,70-74,1919,914,1005,238
ANDHRA PRADESH,2026,75-79,1039,452,587,238
ANDHRA PRADESH,2031,75-79,1101,485,617,238
ANDHRA PRADESH,2036,75-79,1277,583,694,238
ANDHRA PRADESH,2026,80+,938,395,543,238
ANDHRA PRADESH,2031,80+,1166,471,695,238
ANDHRA PRADESH,2036,80+,1348,535,813,238
ANDHRA PRADESH,2026,Total,53709,26834,26874,238
ANDHRA PRADESH,2031,Total,54175,27033,27142,238
ANDHRA PRADESH,2036,Total,54252,27029,27223,238
KARNATAKA,2011,0-1,1029,525,504,242
KARNATAKA,2016,0-1,1021,532,489,242
KARNATAKA,2021,0-1,944,491,453,242
KARNATAKA,2011,0-4,5077,2591,2485,242
KARNATAKA,2016,0-4,5034,2624,2410,242
KARNATAKA,2021,0-4,4660,2425,2235,242
KARNATAKA,2011,5-9,5321,2735,2586,242
KARNATAKA,2016,5-9,5060,2589,2471,242
KARNATAKA,2021,5-9,5023,2625,2398,242
KARNATAKA,2011,10-14,5640,2915,2725,242
KARNATAKA,2016,10-14,5327,2743,2584,242
KARNATAKA,2021,10-14,5070,2599,2471,242
KARNATAKA,2011,15-19,5865,3040,2826,242
KARNATAKA,2016,15-19,5663,2932,2731,242
KARNATAKA,2021,15-19,5355,2763,2592,242
KARNATAKA,2011,20-24,5930,3038,2893,242
KARNATAKA,2016,20-24,5901,3060,2841,242
KARNATAKA,2021,20-24,5706,2956,2751,242
KARNATAKA,2011,25-29,5578,2817,2761,242
KARNATAKA,2016,25-29,5920,3038,2882,242
KARNATAKA,2021,25-29,5896,3063,2833,242
KARNATAKA,2011,30-34,4970,2496,2473,242
KARNATAKA,2016,30-34,5542,2799,2743,242
KARNATAKA,2021,30-34,5887,3022,2865,242
KARNATAKA,2011,35-39,4482,2253,2229,242
KARNATAKA,2016,35-39,4918,2462,2456,242
KARNATAKA,2021,35-39,5490,2766,2725,242
KARNATAKA,2011,40-44,3970,2022,1949,242
KARNATAKA,2016,40-44,4417,2207,2210,242
KARNATAKA,2021,40-44,4853,2417,2436,242
KARNATAKA,2011,45-49,3394,1744,1650,242
KARNATAKA,2016,45-49,3886,1966,1920,242
KARNATAKA,2021,45-49,4332,2152,2180,242
KARNATAKA,2011,50-54,2767,1407,1360,242
KARNATAKA,2016,50-54,3284,1671,1613,242
KARNATAKA,2021,50-54,3771,1891,1880,242
KARNATAKA,2011,55-59,2263,1123,1140,242
KARNATAKA,2016,55-59,2637,1325,1312,242
KARNATAKA,2021,55-59,3142,1581,1561,242
KARNATAKA,2011,60-64,1947,943,1004,242
KARNATAKA,2016,60-64,2101,1031,1070,242
KARNATAKA,2021,60-64,2463,1225,1238,242
KARNATAKA,2011,65-69,1542,739,803,242
KARNATAKA,2016,65-69,1728,826,902,242
KARNATAKA,2021,65-69,1884,914,970,242
KARNATAKA,2011,70-74,1199,566,633,242
KARNATAKA,2016,70-74,1286,603,683,242
KARNATAKA,2021,70-74,1467,688,779,242
KARNATAKA,2011,75-79,718,350,368,242
KARNATAKA,2016,75-79,894,410,483,242
KARNATAKA,2021,75-79,986,450,535,242
KARNATAKA,2011,80+,434,188,245,242
KARNATAKA,2016,80+,632,283,349,242
KARNATAKA,2021,80+,858,372,485,242
KARNATAKA,2011,Total,61095,30967,30129,242
KARNATAKA,2016,Total,64229,32567,31661,242
KARNATAKA,2021,Total,66845,33911,32934,242
KARNATAKA,2026,0-1,877,455,422,242
KARNATAKA,2031,0-1,831,430,401,242
KARNATAKA,2036,0-1,797,413,384,242
KARNATAKA,2026,0-4,4328,2247,2081,242
KARNATAKA,2031,0-4,4097,2123,1975,242
KARNATAKA,2036,0-4,3930,2036,1894,242
KARNATAKA,2026,5-9,4656,2429,2226,242
KARNATAKA,2031,5-9,4329,2254,2075,242
KARNATAKA,2036,5-9,4103,2132,1970,242
KARNATAKA,2026,10-14,5035,2637,2399,242
KARNATAKA,2031,10-14,4670,2443,2228,242
KARNATAKA,2036,10-14,4346,2269,2077,242
KARNATAKA,2026,15-19,5103,2622,2482,242
KARNATAKA,2031,15-19,5072,2661,2411,242
KARNATAKA,2036,15-19,4711,2469,2242,242
KARNATAKA,2026,20-24,5407,2791,2616,242
KARNATAKA,2031,20-24,5161,2653,2508,242
KARNATAKA,2036,20-24,5134,2693,2441,242
KARNATAKA,2026,25-29,5708,2963,2745,242
KARNATAKA,2031,25-29,5414,2801,2613,242
KARNATAKA,2036,25-29,5173,2665,2507,242
KARNATAKA,2026,30-34,5869,3051,2818,242
KARNATAKA,2031,30-34,5687,2954,2732,242
KARNATAKA,2036,30-34,5400,2797,2603,242
KARNATAKA,2026,35-39,5837,2989,2848,242
KARNATAKA,2031,35-39,5824,3022,2803,242
KARNATAKA,2036,35-39,5649,2930,2719,242
KARNATAKA,2026,40-44,5424,2719,2705,242
KARNATAKA,2031,40-44,5771,2943,2828,242
KARNATAKA,2036,40-44,5764,2979,2785,242
KARNATAKA,2026,45-49,4767,2362,2405,242
KARNATAKA,2031,45-49,5334,2661,2673,242
KARNATAKA,2036,45-49,5681,2885,2796,242
KARNATAKA,2026,50-54,4213,2076,2138,242
KARNATAKA,2031,50-54,4644,2283,2361,242
KARNATAKA,2036,50-54,5204,2578,2626,242
KARNATAKA,2026,55-59,3618,1796,1823,242
KARNATAKA,2031,55-59,4054,1978,2076,242
KARNATAKA,2036,55-59,4479,2181,2298,242
KARNATAKA,2026,60-64,2948,1470,1479,242
KARNATAKA,2031,60-64,3410,1677,1734,242
KARNATAKA,2036,60-64,3836,1853,1982,242
KARNATAKA,2026,65-69,2227,1096,1132,242
KARNATAKA,2031,65-69,2685,1324,1361,242
KARNATAKA,2036,65-69,3126,1519,1606,242
KARNATAKA,2026,70-74,1620,771,849,242
KARNATAKA,2031,70-74,1935,934,1001,242
KARNATAKA,2036,70-74,2354,1138,1216,242
KARNATAKA,2026,75-79,1148,523,624,242
KARNATAKA,2031,75-79,1288,596,692,242
KARNATAKA,2036,75-79,1560,731,829,242
KARNATAKA,2026,80+,1054,447,606,242
KARNATAKA,2031,80+,1275,534,741,242
KARNATAKA,2036,80+,1499,626,873,242
KARNATAKA,2026,Total,68962,34987,33975,242
KARNATAKA,2031,Total,70652,35840,34812,242
KARNATAKA,2036,Total,71948,36482,35466,242
KERALA,2011,0-1,508,259,250,246
KERALA,2016,0-1,486,248,238,246
KERALA,2021,0-1,464,237,227,246
KERALA,2011,0-4,2534,1290,1244,246
KERALA,2016,0-4,2425,1237,1188,246
KERALA,2021,0-4,2315,1181,1134,246
KERALA,2011,5-9,2599,1325,1275,246
KERALA,2016,5-9,2524,1287,1238,246
KERALA,2021,5-9,2415,1234,1182,246
KERALA,2011,10-14,2706,1379,1327,246
KERALA,2016,10-14,2591,1321,1270,246
KERALA,2021,10-14,2517,1283,1233,246
KERALA,2011,15-19,2680,1350,1330,246
KERALA,2016,15-19,2685,1373,1312,246
KERALA,2021,15-19,2571,1316,1255,246
KERALA,2011,20-24,2639,1284,1355,246
KERALA,2016,20-24,2643,1340,1303,246
KERALA,2021,20-24,2647,1363,1284,246
KERALA,2011,25-29,2585,1210,1375,246
KERALA,2016,25-29,2617,1272,1345,246
KERALA,2021,25-29,2621,1329,1292,246
KERALA,2011,30-34,2526,1157,1369,246
KERALA,2016,30-34,2566,1199,1367,246
KERALA,2021,30-34,2598,1261,1337,246
KERALA,2011,35-39,2509,1144,1366,246
KERALA,2016,35-39,2505,1144,1361,246
KERALA,2021,35-39,2545,1186,1358,246
KERALA,2011,40-44,2441,1127,1314,246
KERALA,2016,40-44,2482,1125,1357,246
KERALA,2021,40-44,2479,1127,1352,246
KERALA,2011,45-49,2262,1066,1196,246
KERALA,2016,45-49,2402,1101,1301,246
KERALA,2021,45-49,2445,1102,1343,246
KERALA,2011,50-54,1989,958,1030,246
KERALA,2016,50-54,2208,1030,1178,246
KERALA,2021,50-54,2349,1067,1282,246
KERALA,2011,55-59,1709,836,873,246
KERALA,2016,55-59,1919,911,1008,246
KERALA,2021,55-59,2136,983,1153,246
KERALA,2011,60-64,1395,673,721,246
KERALA,2016,60-64,1617,775,842,246
KERALA,2021,60-64,1823,849,974,246
KERALA,2011,65-69,1039,483,556,246
KERALA,2016,65-69,1279,600,679,246
KERALA,2021,65-69,1491,696,795,246
KERALA,2011,70-74,879,382,497,246
KERALA,2016,70-74,904,401,503,246
KERALA,2021,70-74,1122,505,617,246
KERALA,2011,75-79,566,237,330,246
KERALA,2016,75-79,700,284,416,246
KERALA,2021,75-79,729,305,424,246
KERALA,2011,80+,347,127,220,246
KERALA,2016,80+,511,192,319,246
KERALA,2021,80+,687,256,432,246
KERALA,2011,Total,33406,16027,17379,246
KERALA,2016,Total,34578,16594,17984,246
KERALA,2021,Total,35489,17043,18447,246
KERALA,2026,0-1,454,232,222,246
KERALA,2031,0-1,441,225,216,246
KERALA,2036,0-1,425,217,208,246
KERALA,2026,0-4,2263,1155,1108,246
KERALA,2031,0-4,2196,1120,1075,246
KERALA,2036,0-4,2121,1082,1038,246
KERALA,2026,5-9,2305,1178,1128,246
KERALA,2031,5-9,2253,1151,1102,246
KERALA,2036,5-9,2186,1117,1069,246
KERALA,2026,10-14,2408,1230,1177,246
KERALA,2031,10-14,2298,1175,1123,246
KERALA,2036,10-14,2246,1148,1098,246
KERALA,2026,15-19,2496,1278,1218,246
KERALA,2031,15-19,2387,1225,1162,246
KERALA,2036,15-19,2277,1169,1108,246
KERALA,2026,20-24,2533,1306,1227,246
KERALA,2031,20-24,2458,1268,1189,246
KERALA,2036,20-24,2349,1216,1133,246
KERALA,2026,25-29,2625,1352,1273,246
KERALA,2031,25-29,2511,1295,1216,246
KERALA,2036,25-29,2436,1258,1179,246
KERALA,2026,30-34,2601,1317,1284,246
KERALA,2031,30-34,2606,1340,1265,246
KERALA,2036,30-34,2493,1284,1208,246
KERALA,2026,35-39,2577,1248,1328,246
KERALA,2031,35-39,2581,1304,1277,246
KERALA,2036,35-39,2586,1328,1258,246
KERALA,2026,40-44,2519,1170,1350,246
KERALA,2031,40-44,2552,1232,1320,246
KERALA,2036,40-44,2557,1288,1269,246
KERALA,2026,45-49,2444,1104,1339,246
KERALA,2031,45-49,2485,1147,1337,246
KERALA,2036,45-49,2518,1209,1309,246
KERALA,2026,50-54,2393,1068,1325,246
KERALA,2031,50-54,2394,1072,1321,246
KERALA,2036,50-54,2436,1116,1320,246
KERALA,2026,55-59,2276,1020,1256,246
KERALA,2031,55-59,2322,1023,1299,246
KERALA,2036,55-59,2326,1029,1297,246
KERALA,2026,60-64,2035,919,1116,246
KERALA,2031,60-64,2174,956,1218,246
KERALA,2036,60-64,2224,962,1261,246
KERALA,2026,65-69,1689,767,922,246
KERALA,2031,65-69,1893,833,1060,246
KERALA,2036,65-69,2031,871,1160,246
KERALA,2026,70-74,1317,591,726,246
KERALA,2031,70-74,1503,656,847,246
KERALA,2036,70-74,1697,719,978,246
KERALA,2026,75-79,914,389,525,246
KERALA,2031,75-79,1083,460,624,246
KERALA,2036,75-79,1249,516,733,246
KERALA,2026,80+,813,304,509,246
KERALA,2031,80+,1000,379,622,246
KERALA,2036,80+,1218,462,756,246
KERALA,2026,Total,36207,17395,18812,246
KERALA,2031,Total,36695,17638,19057,246
KERALA,2036,Total,36949,17775,19174,246
TAMIL NADU,2011,0-1,1074,552,522,250
TAMIL NADU,2016,0-1,1045,548,497,250
TAMIL NADU,2021,0-1,953,497,456,250
TAMIL NADU,2011,0-4,5333,2741,2592,250
TAMIL NADU,2016,0-4,5188,2722,2465,250
TAMIL NADU,2021,0-4,4728,2466,2262,250
TAMIL NADU,2011,5-9,5645,2904,2741,250
TAMIL NADU,2016,5-9,5309,2729,2581,250
TAMIL NADU,2021,5-9,5166,2711,2455,250
TAMIL NADU,2011,10-14,6046,3118,2928,250
TAMIL NADU,2016,10-14,5631,2896,2735,250
TAMIL NADU,2021,10-14,5296,2721,2575,250
TAMIL NADU,2011,15-19,6280,3204,3076,250
TAMIL NADU,2016,15-19,6014,3102,2912,250
TAMIL NADU,2021,15-19,5602,2881,2721,250
TAMIL NADU,2011,20-24,6441,3197,3244,250
TAMIL NADU,2016,20-24,6225,3175,3050,250
TAMIL NADU,2021,20-24,5964,3075,2889,250
TAMIL NADU,2011,25-29,6395,3138,3257,250
TAMIL NADU,2016,25-29,6380,3161,3220,250
TAMIL NADU,2021,25-29,6169,3141,3029,250
TAMIL NADU,2011,30-34,6038,2970,3068,250
TAMIL NADU,2016,30-34,6330,3098,3232,250
TAMIL NADU,2021,30-34,6320,3124,3197,250
TAMIL NADU,2011,35-39,5643,2775,2868,250
TAMIL NADU,2016,35-39,5975,2929,3046,250
TAMIL NADU,2021,35-39,6268,3058,3210,250
TAMIL NADU,2011,40-44,5174,2575,2599,250
TAMIL NADU,2016,40-44,5563,2722,2841,250
TAMIL NADU,2021,40-44,5896,2877,3019,250
TAMIL NADU,2011,45-49,4553,2296,2257,250
TAMIL NADU,2016,45-49,5062,2501,2561,250
TAMIL NADU,2021,45-49,5451,2650,2801,250
TAMIL NADU,2011,50-54,3809,1919,1890,250
TAMIL NADU,2016,50-54,4405,2196,2209,250
TAMIL NADU,2021,50-54,4909,2400,2509,250
TAMIL NADU,2011,55-59,3175,1585,1590,250
TAMIL NADU,2016,55-59,3631,1802,1829,250
TAMIL NADU,2021,55-59,4213,2071,2141,250
TAMIL NADU,2011,60-64,2636,1300,1337,250
TAMIL NADU,2016,60-64,2955,1457,1498,250
TAMIL NADU,2021,60-64,3396,1665,1731,250
TAMIL NADU,2011,65-69,1983,967,1016,250
TAMIL NADU,2016,65-69,2345,1137,1208,250
TAMIL NADU,2021,65-69,2652,1287,1365,250
TAMIL NADU,2011,70-74,1535,745,790,250
TAMIL NADU,2016,70-74,1650,786,865,250
TAMIL NADU,2021,70-74,1981,939,1042,250
TAMIL NADU,2011,75-79,912,458,454,250
TAMIL NADU,2016,75-79,1167,553,614,250
TAMIL NADU,2021,75-79,1282,595,687,250
TAMIL NADU,2011,80+,549,247,303,250
TAMIL NADU,2016,80+,805,377,429,250
TAMIL NADU,2021,80+,1109,505,604,250
TAMIL NADU,2011,Total,72147,36138,36009,250
TAMIL NADU,2016,Total,74635,37342,37294,250
TAMIL NADU,2021,Total,76402,38165,38237,250
TAMIL NADU,2026,0-1,878,455,423,250
TAMIL NADU,2031,0-1,814,419,395,250
TAMIL NADU,2036,0-1,763,393,370,250
TAMIL NADU,2026,0-4,4358,2258,2099,250
TAMIL NADU,2031,0-4,4043,2081,1961,250
TAMIL NADU,2036,0-4,3786,1949,1837,250
TAMIL NADU,2026,5-9,4709,2456,2254,250
TAMIL NADU,2031,5-9,4341,2249,2092,250
TAMIL NADU,2036,5-9,4028,2073,1955,250
TAMIL NADU,2026,10-14,5154,2703,2451,250
TAMIL NADU,2031,10-14,4699,2449,2250,250
TAMIL NADU,2036,10-14,4332,2243,2088,250
TAMIL NADU,2026,15-19,5271,2708,2563,250
TAMIL NADU,2031,15-19,5130,2691,2439,250
TAMIL NADU,2036,15-19,4678,2438,2239,250
TAMIL NADU,2026,20-24,5557,2857,2700,250
TAMIL NADU,2031,20-24,5229,2686,2544,250
TAMIL NADU,2036,20-24,5092,2670,2421,250
TAMIL NADU,2026,25-29,5913,3043,2870,250
TAMIL NADU,2031,25-29,5512,2829,2683,250
TAMIL NADU,2036,25-29,5189,2660,2528,250
TAMIL NADU,2026,30-34,6114,3106,3008,250
TAMIL NADU,2031,30-34,5863,3011,2852,250
TAMIL NADU,2036,30-34,5467,2800,2667,250
TAMIL NADU,2026,35-39,6261,3085,3176,250
TAMIL NADU,2031,35-39,6060,3070,2990,250
TAMIL NADU,2036,35-39,5814,2979,2836,250
TAMIL NADU,2026,40-44,6191,3007,3183,250
TAMIL NADU,2031,40-44,6188,3037,3151,250
TAMIL NADU,2036,40-44,5994,3025,2968,250
TAMIL NADU,2026,45-49,5785,2805,2979,250
TAMIL NADU,2031,45-49,6081,2937,3144,250
TAMIL NADU,2036,45-49,6086,2971,3114,250
TAMIL NADU,2026,50-54,5297,2549,2749,250
TAMIL NADU,2031,50-54,5631,2705,2926,250
TAMIL NADU,2036,50-54,5930,2838,3091,250
TAMIL NADU,2026,55-59,4709,2271,2438,250
TAMIL NADU,2031,55-59,5094,2420,2675,250
TAMIL NADU,2036,55-59,5428,2576,2851,250
TAMIL NADU,2026,60-64,3957,1923,2035,250
TAMIL NADU,2031,60-64,4441,2118,2324,250
TAMIL NADU,2036,60-64,4823,2266,2558,250
TAMIL NADU,2026,65-69,3071,1482,1589,250
TAMIL NADU,2031,65-69,3603,1724,1879,250
TAMIL NADU,2036,65-69,4070,1912,2158,250
TAMIL NADU,2026,70-74,2268,1076,1192,250
TAMIL NADU,2031,70-74,2655,1253,1401,250
TAMIL NADU,2036,70-74,3147,1474,1673,250
TAMIL NADU,2026,75-79,1566,722,844,250
TAMIL NADU,2031,75-79,1818,838,980,250
TAMIL NADU,2036,75-79,2156,988,1168,250
TAMIL NADU,2026,80+,1365,602,763,250
TAMIL NADU,2031,80+,1693,731,962,250
TAMIL NADU,2036,80+,2049,873,1175,250
TAMIL NADU,2026,Total,77546,38654,38892,250
TAMIL NADU,2031,Total,78082,38830,39252,250
TAMIL NADU,2036,Total,78067,38739,39328,250
TELANGANA,2011,0-1,579,298,280,254
TELANGANA,2016,0-1,546,288,258,254
TELANGANA,2021,0-1,527,276,251,254
TELANGANA,2011,0-4,2859,1473,1385,254
TELANGANA,2016,0-4,2697,1424,1273,254
TELANGANA,2021,0-4,2605,1366,1239,254
TELANGANA,2011,5-9,3154,1625,1530,254
TELANGANA,2016,5-9,2841,1464,1377,254
TELANGANA,2021,5-9,2681,1416,1265,254
TELANGANA,2011,10-14,3451,1775,1676,254
TELANGANA,2016,10-14,3144,1619,1525,254
TELANGANA,2021,10-14,2831,1458,1373,254
TELANGANA,2011,15-19,3488,1782,1706,254
TELANGANA,2016,15-19,3430,1765,1665,254
TELANGANA,2021,15-19,3124,1610,1514,254
TELANGANA,2011,20-24,3424,1714,1710,254
TELANGANA,2016,20-24,3451,1766,1685,254
TELANGANA,2021,20-24,3394,1750,1644,254
TELANGANA,2011,25-29,3228,1596,1632,254
TELANGANA,2016,25-29,3387,1694,1693,254
TELANGANA,2021,25-29,3416,1747,1669,254
TELANGANA,2011,30-34,2894,1440,1454,254
TELANGANA,2016,30-34,3190,1572,1617,254
TELANGANA,2021,30-34,3350,1671,1679,254
TELANGANA,2011,35-39,2574,1297,1277,254
TELANGANA,2016,35-39,2852,1411,1441,254
TELANGANA,2021,35-39,3148,1544,1604,254
TELANGANA,2011,40-44,2204,1129,1075,254
TELANGANA,2016,40-44,2526,1264,1262,254
TELANGANA,2021,40-44,2804,1378,1426,254
TELANGANA,2011,45-49,1806,928,878,254
TELANGANA,2016,45-49,2151,1093,1058,254
TELANGANA,2021,45-49,2471,1227,1244,254
TELANGANA,2011,50-54,1452,726,726,254
TELANGANA,2016,50-54,1742,886,857,254
TELANGANA,2021,50-54,2082,1048,1034,254
TELANGANA,2011,55-59,1240,591,649,254
TELANGANA,2016,55-59,1377,679,697,254
TELANGANA,2021,55-59,1659,834,825,254
TELANGANA,2011,60-64,1122,525,596,254
TELANGANA,2016,60-64,1142,536,607,254
TELANGANA,2021,60-64,1277,621,655,254
TELANGANA,2011,65-69,881,422,459,254
TELANGANA,2016,65-69,987,453,534,254
TELANGANA,2021,65-69,1018,469,548,254
TELANGANA,2011,70-74,661,320,340,254
TELANGANA,2016,70-74,729,341,387,254
TELANGANA,2021,70-74,833,375,458,254
TELANGANA,2011,75-79,353,174,179,254
TELANGANA,2016,75-79,496,235,261,254
TELANGANA,2021,75-79,562,257,305,254
TELANGANA,2011,80+,213,94,119,254
TELANGANA,2016,80+,321,144,177,254
TELANGANA,2021,80+,470,207,263,254
TELANGANA,2011,Total,35004,17612,17392,254
TELANGANA,2016,Total,36462,18346,18116,254
TELANGANA,2021,Total,37725,18978,18747,254
TELANGANA,2026,0-1,478,249,229,254
TELANGANA,2031,0-1,432,223,209,254
TELANGANA,2036,0-1,394,203,191,254
TELANGANA,2026,0-4,2361,1228,1134,254
TELANGANA,2031,0-4,2136,1102,1035,254
TELANGANA,2036,0-4,1947,1004,943,254
TELANGANA,2026,5-9,2590,1358,1233,254
TELANGANA,2031,5-9,2348,1220,1128,254
TELANGANA,2036,5-9,2125,1095,1029,254
TELANGANA,2026,10-14,2672,1411,1261,254
TELANGANA,2031,10-14,2582,1353,1229,254
TELANGANA,2036,10-14,2340,1216,1124,254
TELANGANA,2026,15-19,2813,1450,1363,254
TELANGANA,2031,15-19,2655,1403,1252,254
TELANGANA,2036,15-19,2566,1346,1220,254
TELANGANA,2026,20-24,3091,1596,1495,254
TELANGANA,2031,20-24,2783,1438,1345,254
TELANGANA,2036,20-24,2626,1391,1236,254
TELANGANA,2026,25-29,3361,1731,1630,254
TELANGANA,2031,25-29,3062,1579,1482,254
TELANGANA,2036,25-29,2757,1423,1334,254
TELANGANA,2026,30-34,3380,1724,1656,254
TELANGANA,2031,30-34,3328,1710,1618,254
TELANGANA,2036,30-34,3033,1561,1472,254
TELANGANA,2026,35-39,3309,1643,1666,254
TELANGANA,2031,35-39,3342,1697,1644,254
TELANGANA,2036,35-39,3292,1685,1607,254
TELANGANA,2026,40-44,3099,1511,1588,254
TELANGANA,2031,40-44,3261,1610,1651,254
TELANGANA,2036,40-44,3297,1666,1630,254
TELANGANA,2026,45-49,2748,1342,1407,254
TELANGANA,2031,45-49,3042,1473,1568,254
TELANGANA,2036,45-49,3204,1573,1631,254
TELANGANA,2026,50-54,2398,1180,1218,254
TELANGANA,2031,50-54,2672,1293,1379,254
TELANGANA,2036,50-54,2962,1423,1539,254
TELANGANA,2026,55-59,1989,990,999,254
TELANGANA,2031,55-59,2298,1119,1179,254
TELANGANA,2036,55-59,2568,1230,1338,254
TELANGANA,2026,60-64,1547,768,779,254
TELANGANA,2031,60-64,1864,917,948,254
TELANGANA,2036,60-64,2164,1041,1123,254
TELANGANA,2026,65-69,1147,550,598,254
TELANGANA,2031,65-69,1401,685,716,254
TELANGANA,2036,65-69,1700,824,877,254
TELANGANA,2026,70-74,871,393,477,254
TELANGANA,2031,70-74,992,466,526,254
TELANGANA,2036,70-74,1224,586,637,254
TELANGANA,2026,75-79,657,287,369,254
TELANGANA,2031,75-79,697,306,391,254
TELANGANA,2036,75-79,805,367,438,254
TELANGANA,2026,80+,603,256,346,254
TELANGANA,2031,80+,743,303,440,254
TELANGANA,2036,80+,856,340,515,254
TELANGANA,2026,Total,38636,19417,19219,254
TELANGANA,2031,Total,39207,19675,19532,254
TELANGANA,2036,Total,39467,19772,19696,254
NORTH-EAST STATES (Excluding Assam),2011,0-1,314,161,153,258
NORTH-EAST STATES (Excluding Assam),2016,0-1,228,118,110,258
NORTH-EAST STATES (Excluding Assam),2021,0-1,235,122,113,258
NORTH-EAST STATES (Excluding Assam),2011,0-4,1551,794,757,258
NORTH-EAST STATES (Excluding Assam),2016,0-4,1125,584,541,258
NORTH-EAST STATES (Excluding Assam),2021,0-4,1162,602,560,258
NORTH-EAST STATES (Excluding Assam),2011,5-9,1589,812,777,258
NORTH-EAST STATES (Excluding Assam),2016,5-9,1539,788,751,258
NORTH-EAST STATES (Excluding Assam),2021,5-9,1117,580,537,258
NORTH-EAST STATES (Excluding Assam),2011,10-14,1618,825,793,258
NORTH-EAST STATES (Excluding Assam),2016,10-14,1582,808,774,258
NORTH-EAST STATES (Excluding Assam),2021,10-14,1532,785,747,258
NORTH-EAST STATES (Excluding Assam),2011,15-19,1549,783,766,258
NORTH-EAST STATES (Excluding Assam),2016,15-19,1609,820,790,258
NORTH-EAST STATES (Excluding Assam),2021,15-19,1574,803,771,258
NORTH-EAST STATES (Excluding Assam),2011,20-24,1446,725,722,258
NORTH-EAST STATES (Excluding Assam),2016,20-24,1539,777,762,258
NORTH-EAST STATES (Excluding Assam),2021,20-24,1600,814,786,258
NORTH-EAST STATES (Excluding Assam),2011,25-29,1305,657,648,258
NORTH-EAST STATES (Excluding Assam),2016,25-29,1436,718,718,258
NORTH-EAST STATES (Excluding Assam),2021,25-29,1529,770,758,258
NORTH-EAST STATES (Excluding Assam),2011,30-34,1127,572,555,258
NORTH-EAST STATES (Excluding Assam),2016,30-34,1293,649,644,258
NORTH-EAST STATES (Excluding Assam),2021,30-34,1424,711,713,258
NORTH-EAST STATES (Excluding Assam),2011,35-39,979,499,479,258
NORTH-EAST STATES (Excluding Assam),2016,35-39,1115,565,550,258
NORTH-EAST STATES (Excluding Assam),2021,35-39,1280,641,639,258
NORTH-EAST STATES (Excluding Assam),2011,40-44,845,435,410,258
NORTH-EAST STATES (Excluding Assam),2016,40-44,964,490,475,258
NORTH-EAST STATES (Excluding Assam),2021,40-44,1100,555,545,258
NORTH-EAST STATES (Excluding Assam),2011,45-49,703,367,336,258
NORTH-EAST STATES (Excluding Assam),2016,45-49,827,424,404,258
NORTH-EAST STATES (Excluding Assam),2021,45-49,946,478,468,258
NORTH-EAST STATES (Excluding Assam),2011,50-54,551,290,261,258
NORTH-EAST STATES (Excluding Assam),2016,50-54,680,352,328,258
NORTH-EAST STATES (Excluding Assam),2021,50-54,803,408,394,258
NORTH-EAST STATES (Excluding Assam),2011,55-59,413,217,196,258
NORTH-EAST STATES (Excluding Assam),2016,55-59,527,274,252,258
NORTH-EAST STATES (Excluding Assam),2021,55-59,652,335,318,258
NORTH-EAST STATES (Excluding Assam),2011,60-64,312,161,151,258
NORTH-EAST STATES (Excluding Assam),2016,60-64,388,201,186,258
NORTH-EAST STATES (Excluding Assam),2021,60-64,497,256,241,258
NORTH-EAST STATES (Excluding Assam),2011,65-69,229,116,113,258
NORTH-EAST STATES (Excluding Assam),2016,65-69,284,145,139,258
NORTH-EAST STATES (Excluding Assam),2021,65-69,355,182,172,258
NORTH-EAST STATES (Excluding Assam),2011,70-74,186,92,94,258
NORTH-EAST STATES (Excluding Assam),2016,70-74,199,100,99,258
NORTH-EAST STATES (Excluding Assam),2021,70-74,249,126,123,258
NORTH-EAST STATES (Excluding Assam),2011,75-79,101,50,52,258
NORTH-EAST STATES (Excluding Assam),2016,75-79,151,74,77,258
NORTH-EAST STATES (Excluding Assam),2021,75-79,163,81,83,258
NORTH-EAST STATES (Excluding Assam),2011,80+,61,27,34,258
NORTH-EAST STATES (Excluding Assam),2016,80+,103,47,56,258
NORTH-EAST STATES (Excluding Assam),2021,80+,160,74,86,258
NORTH-EAST STATES (Excluding Assam),2011,Total,14567,7422,7145,258
NORTH-EAST STATES (Excluding Assam),2016,Total,15362,7817,7545,258
NORTH-EAST STATES (Excluding Assam),2021,Total,16142,8200,7942,258
NORTH-EAST STATES (Excluding Assam),2026,0-1,240,124,116,258
NORTH-EAST STATES (Excluding Assam),2031,0-1,237,122,115,258
NORTH-EAST STATES (Excluding Assam),2036,0-1,223,115,108,258
NORTH-EAST STATES (Excluding Assam),2026,0-4,1182,611,571,258
NORTH-EAST STATES (Excluding Assam),2031,0-4,1170,605,566,258
NORTH-EAST STATES (Excluding Assam),2036,0-4,1103,569,534,258
NORTH-EAST STATES (Excluding Assam),2026,5-9,1154,598,556,258
NORTH-EAST STATES (Excluding Assam),2031,5-9,1175,608,567,258
NORTH-EAST STATES (Excluding Assam),2036,5-9,1164,601,562,258
NORTH-EAST STATES (Excluding Assam),2026,10-14,1112,577,535,258
NORTH-EAST STATES (Excluding Assam),2031,10-14,1150,596,554,258
NORTH-EAST STATES (Excluding Assam),2036,10-14,1171,606,565,258
NORTH-EAST STATES (Excluding Assam),2026,15-19,1525,781,745,258
NORTH-EAST STATES (Excluding Assam),2031,15-19,1108,575,533,258
NORTH-EAST STATES (Excluding Assam),2036,15-19,1146,593,552,258
NORTH-EAST STATES (Excluding Assam),2026,20-24,1565,798,767,258
NORTH-EAST STATES (Excluding Assam),2031,20-24,1517,776,742,258
NORTH-EAST STATES (Excluding Assam),2036,20-24,1102,571,531,258
NORTH-EAST STATES (Excluding Assam),2026,25-29,1589,807,782,258
NORTH-EAST STATES (Excluding Assam),2031,25-29,1556,792,764,258
NORTH-EAST STATES (Excluding Assam),2036,25-29,1509,770,738,258
NORTH-EAST STATES (Excluding Assam),2026,30-34,1517,763,754,258
NORTH-EAST STATES (Excluding Assam),2031,30-34,1578,800,778,258
NORTH-EAST STATES (Excluding Assam),2036,30-34,1545,785,760,258
NORTH-EAST STATES (Excluding Assam),2026,35-39,1411,702,709,258
NORTH-EAST STATES (Excluding Assam),2031,35-39,1504,755,749,258
NORTH-EAST STATES (Excluding Assam),2036,35-39,1565,792,773,258
NORTH-EAST STATES (Excluding Assam),2026,40-44,1264,631,633,258
NORTH-EAST STATES (Excluding Assam),2031,40-44,1394,692,703,258
NORTH-EAST STATES (Excluding Assam),2036,40-44,1487,744,744,258
NORTH-EAST STATES (Excluding Assam),2026,45-49,1080,542,538,258
NORTH-EAST STATES (Excluding Assam),2031,45-49,1243,617,626,258
NORTH-EAST STATES (Excluding Assam),2036,45-49,1372,678,695,258
NORTH-EAST STATES (Excluding Assam),2026,50-54,919,461,458,258
NORTH-EAST STATES (Excluding Assam),2031,50-54,1052,524,527,258
NORTH-EAST STATES (Excluding Assam),2036,50-54,1212,598,614,258
NORTH-EAST STATES (Excluding Assam),2026,55-59,772,389,383,258
NORTH-EAST STATES (Excluding Assam),2031,55-59,886,440,445,258
NORTH-EAST STATES (Excluding Assam),2036,55-59,1016,502,514,258
NORTH-EAST STATES (Excluding Assam),2026,60-64,618,313,304,258
NORTH-EAST STATES (Excluding Assam),2031,60-64,733,366,368,258
NORTH-EAST STATES (Excluding Assam),2036,60-64,844,415,429,258
NORTH-EAST STATES (Excluding Assam),2026,65-69,457,233,224,258
NORTH-EAST STATES (Excluding Assam),2031,65-69,572,287,285,258
NORTH-EAST STATES (Excluding Assam),2036,65-69,681,336,346,258
NORTH-EAST STATES (Excluding Assam),2026,70-74,314,160,154,258
NORTH-EAST STATES (Excluding Assam),2031,70-74,408,205,202,258
NORTH-EAST STATES (Excluding Assam),2036,70-74,513,254,259,258
NORTH-EAST STATES (Excluding Assam),2026,75-79,206,102,104,258
NORTH-EAST STATES (Excluding Assam),2031,75-79,262,130,132,258
NORTH-EAST STATES (Excluding Assam),2036,75-79,343,168,174,258
NORTH-EAST STATES (Excluding Assam),2026,80+,204,94,109,258
NORTH-EAST STATES (Excluding Assam),2031,80+,257,119,138,258
NORTH-EAST STATES (Excluding Assam),2036,80+,325,150,175,258
NORTH-EAST STATES (Excluding Assam),2026,Total,16890,8563,8327,258
NORTH-EAST STATES (Excluding Assam),2031,Total,17565,8886,8679,258
NORTH-EAST STATES (Excluding Assam),2036,Total,18098,9132,8967,258
