state_key,fy_end,branches,atms,credit_accounts,deposit_accounts,deposits_rs_crore,credit_rs_crore,nsdp_pc_rs,pop_18plus_000,pop_total_000,branches_per_lakh_adults,atms_per_lakh_adults,deposit_accts_per_adult,credit_accts_per_adult,deposits_per_capita,credit_per_capita,norm_deposit_accts_per_adult,norm_credit_accts_per_adult,norm_deposits_per_capita,norm_credit_per_capita,Access,Usage,AUG,ln_nsdp_pc,txn_count,txn_amount_inr,txn_count_p2p,txn_count_retail,txn_count_utility,registered_users_31mar,pp_users_per_adult,pp_txns_per_capita,pp_value_per_capita,pp_value_to_nsdp,pp_ticket_size_rs,ln_pp_users_per_adult,ln_pp_txns_per_capita,ln_pp_value_per_capita,diglit_w,diglit_m,diglit_both,diglit_gap,diglit_w_urban,diglit_w_rural,nss75_computer,nss75_internet,schooling_w,schooling_m,everschool_w,mobile_w,bankacct_w,mobile_w_2016,schooling_w_2016,bankacct_w_2016,mobile_w_change,mpce,ln_mpce,mpce_rural,mpce_urban,lit2011,lit2011_undivided_ap,urban_share_nfhs,income_s,z_diglit_w,z_diglit_m,z_diglit_both,z_diglit_gap,z_nss75_computer,z_nss75_internet,z_mobile_w,z_income_s,z_ln_mpce,z_mobile_w_2016,z_mobile_w_change,z_schooling_w,z_schooling_m,z_everschool_w,z_lit2011,z_urban_share_nfhs,z_schooling_w_2016,z_bankacct_w_2016,c_upi,upi_x_diglit_w,upi_x_diglit_m,upi_x_diglit_both,upi_x_diglit_gap,upi_x_nss75_computer,upi_x_nss75_internet,upi_x_mobile_w,upi_x_income_s,upi_x_ln_mpce,upi_x_mobile_w_2016,upi_x_mobile_w_change,upi_x_schooling_w,upi_x_schooling_m,upi_x_everschool_w,upi_x_lit2011,upi_x_urban_share_nfhs,upi_x_schooling_w_2016,upi_x_bankacct_w_2016,diglit_tercile,upi_x_T2_mid,upi_x_T3_high,income_tercile,upi_x_incT2_mid,upi_x_incT3_high
ANDAMAN AND NICOBAR ISLANDS,2019,69.0,105.0,47929.0,615681.0,5186.0,2181.0,204254.0,269.5,397.0,25.60296846011132,38.961038961038966,2.284530612244898,0.1778441558441558,130629.72292191436,54937.02770780856,0.1846935705027835,0.1249778255733922,0.1323556166631539,0.0652151835779197,0.1548356980380879,0.0987854001205368,0.056050297917551,12.227119596373818,108081,337196488.12155986,39674,66597,1810.0,24369.0,0.0904230055658627,0.2722443324937028,849.3614310366747,0.0041583588621847,3119.849817466158,-2.403256557612125,-1.3010553346724247,6.744484809545043,34.8,46.5,40.65,11.7,44.1,27.9,,,52.5,52.3,83.5,80.8,89.2,66.9,49.1,81.8,13.9,8582.5185,9.0575,7332.0,10268.0,86.63,False,42.5926,12.317417944328747,-0.47650725595549553,-1.287474887486236,-0.8652339956026812,-1.3131875060298428,,,1.0924317419800864,0.5933837550178113,1.4151977144446686,0.7686970420721857,0.9262583748594659,0.48371276280910314,-0.08778110949545376,0.7232301104598766,1.1483292573400756,0.23386685419908168,0.6666435102980908,1.8406723178237658,-0.21038581633464842,0.10025036803358019,0.2708664552141514,0.1820329604853597,0.2762760254565495,,,-0.2298321438263625,-0.12483952569914125,-0.29773752642837026,-0.16172295471038636,-0.19487162433161354,-0.10176630447508132,0.018467900379962196,-0.1521573571868991,-0.24159218822645237,-0.04920226903429,-0.14025233911825943,-0.3872513481899424,T2_mid,-0.21038581633464842,-0.0,T3_high,-0.0,-0.21038581633464842
ANDAMAN AND NICOBAR ISLANDS,2020,71.0,120.0,50461.0,624585.0,5811.0,2561.0,219653.0,273.2,399.0,25.98828696925329,43.92386530014641,2.286182284040996,0.184703513909224,145639.09774436092,64185.46365914787,0.1849296007310518,0.1337034630004803,0.1514772151358296,0.0782314617077663,0.1593165318657661,0.1148543384217979,0.0444621934439681,12.299804307403074,178156,666651105.5522575,75046,90923,12187.0,36875.0,0.1349743777452415,0.4465062656641604,1670.8047758201944,0.0076065647900105,3741.951466985437,-2.002670313036651,-0.8063018459215782,7.421060691022212,34.8,46.5,40.65,11.7,44.1,27.9,,,52.5,52.3,83.5,80.8,89.2,66.9,49.1,81.8,13.9,8582.5185,9.0575,7332.0,10268.0,86.63,False,42.5926,12.317417944328747,-0.47650725595549553,-1.287474887486236,-0.8652339956026812,-1.3131875060298428,,,1.0924317419800864,0.5933837550178113,1.4151977144446686,0.7686970420721857,0.9262583748594659,0.48371276280910314,-0.08778110949545376,0.7232301104598766,1.1483292573400756,0.23386685419908168,0.6666435102980908,1.8406723178237658,-0.16583444415526963,0.0790213159273324,0.21350768233014827,0.14348559872501365,0.21777172013410376,,,-0.18116281070884055,-0.09840346518414542,-0.2346885263447396,-0.12747644669584082,-0.15360554273898291,-0.08021623715125739,0.014557131500511435,-0.1199364633644679,-0.19043254409822502,-0.0387831797724462,-0.11055245598000164,-0.305246870698296,T2_mid,-0.16583444415526963,-0.0,T3_high,-0.0,-0.16583444415526963
ANDAMAN AND NICOBAR ISLANDS,2021,72.0,128.0,58904.0,583380.0,6043.0,2812.0,205368.0,276.3,400.0,26.058631921824105,46.32645674990952,2.111400651465798,0.2131885631559898,151075.0,70300.0,0.1599526357363751,0.1699386630676398,0.1584024296433382,0.0868370795729212,0.1649456494020074,0.1226197546081297,0.0423258947938777,12.232558770766,810949,2283943594.9079094,298875,339251,172823.0,69111.0,0.2501302931596091,2.0273725,5709.858987269774,0.0278030607848826,2816.3837613806904,-1.385773324244745,0.7067406197033087,8.64994960659551,34.8,46.5,40.65,11.7,44.1,27.9,,,52.5,52.3,83.5,80.8,89.2,66.9,49.1,81.8,13.9,8582.5185,9.0575,7332.0,10268.0,86.63,False,42.5926,12.317417944328747,-0.47650725595549553,-1.287474887486236,-0.8652339956026812,-1.3131875060298428,,,1.0924317419800864,0.5933837550178113,1.4151977144446686,0.7686970420721857,0.9262583748594659,0.48371276280910314,-0.08778110949545376,0.7232301104598766,1.1483292573400756,0.23386685419908168,0.6666435102980908,1.8406723178237658,-0.05067852874090201,0.02414868666618893,0.06524733308866079,0.04384878591375596,0.06655041076652682,,,-0.05536283343341145,-0.030071815683054504,-0.07172013804554296,-0.03895643513970162,-0.04694141167181663,-0.024513851152362248,0.004448617480473619,-0.03665223793922659,-0.058195637272127676,-0.0118520280920725,-0.0337845122965776,-0.09328256496141443,T2_mid,-0.05067852874090201,-0.0,T3_high,-0.0,-0.05067852874090201
ANDAMAN AND NICOBAR ISLANDS,2022,72.0,123.0,94580.0,608150.0,6773.0,3462.0,229570.0,279.6,402.0,25.751072961373392,43.99141630901288,2.1750715307582262,0.3382689556509299,168482.58706467663,86119.40298507463,0.1690514483509274,0.3290506592334028,0.1805792953800173,0.109101357574656,0.2490510537921651,0.1448403264773367,0.1042107273148284,12.343963272869615,2766636,7102150179.306252,1096489,948661,721486.0,102605.0,0.3669706723891273,6.882179104477612,17667.040247030476,0.0769570947729689,2567.0706877616904,-1.0024733458669275,1.9289353320987772,9.779456049700904,34.8,46.5,40.65,11.7,44.1,27.9,,,52.5,52.3,83.5,80.8,89.2,66.9,49.1,81.8,13.9,8582.5185,9.0575,7332.0,10268.0,86.63,False,42.5926,12.317417944328747,-0.47650725595549553,-1.287474887486236,-0.8652339956026812,-1.3131875060298428,,,1.0924317419800864,0.5933837550178113,1.4151977144446686,0.7686970420721857,0.9262583748594659,0.48371276280910314,-0.08778110949545376,0.7232301104598766,1.1483292573400756,0.23386685419908168,0.6666435102980908,1.8406723178237658,0.06616185048861617,-0.03152660182526825,-0.08518172101371227,-0.057245482254732576,-0.08688291543746521,,,0.072277305581905,0.03925936728186207,0.09363209959491949,0.05085841876862145,0.061282968111280575,0.03200333149241134,-0.005807760642163057,0.047850242437111716,0.07597558863583773,0.01547306384176264,0.04410636825754854,0.12178228669039058,T2_mid,0.06616185048861617,0.0,T3_high,0.0,0.06616185048861617
ANDAMAN AND NICOBAR ISLANDS,2023,70.0,124.0,74253.0,643072.0,7122.0,3705.0,263984.0,282.3,403.0,24.79631597591215,43.92490258590152,2.2779737867516827,0.263028692879915,176724.5657568238,91935.48387096774,0.1837565750164312,0.2333391878929445,0.1910793867586332,0.1172869282846425,0.2085478814546879,0.1541831575216379,0.0543647239330499,12.483643774231226,8009579,15926618316.085451,2941580,3879828,1188171.0,134328.0,0.4758342189160467,19.874885856079405,39520.14470492668,0.1497065909484161,1988.446373534171,-0.7426857650022755,2.9894569174335595,10.58456581341701,34.8,46.5,40.65,11.7,44.1,27.9,,,52.5,52.3,83.5,80.8,89.2,66.9,49.1,81.8,13.9,8582.5185,9.0575,7332.0,10268.0,86.63,False,42.5926,12.317417944328747,-0.47650725595549553,-1.287474887486236,-0.8652339956026812,-1.3131875060298428,,,1.0924317419800864,0.5933837550178113,1.4151977144446686,0.7686970420721857,0.9262583748594659,0.48371276280910314,-0.08778110949545376,0.7232301104598766,1.1483292573400756,0.23386685419908168,0.6666435102980908,1.8406723178237658,0.1750253970155356,-0.08340087165439404,-0.2253408033298105,-0.15143792359169747,-0.2298411645987143,,,0.19120329935243777,0.10385722730456173,0.2476955418261567,0.13454150497335218,0.16211873979874283,0.08466201835214487,-0.015363923539905996,0.12658363721682958,0.2009867841705019,0.04093263900496865,0.11667954505775363,0.32216440320261075,T2_mid,0.1750253970155356,0.0,T3_high,0.0,0.1750253970155356
ANDHRA PRADESH,2019,7087.0,10556.0,14465301.0,91670674.0,300452.0,373572.0,154031.0,38539.8,52221.0,18.388782505358098,27.38986709842812,2.378597553697736,0.3753340961810907,57534.70825912947,71536.73809387028,0.1981360968667193,0.376200403332239,0.0392342483669971,0.0885776686939672,0.2871682500994791,0.0639059585304822,0.2232622915689969,11.9449091598392,147663871,222629544072.1353,86306754,53823135,7533982.0,7399826.0,0.1920047846641653,2.8276722199881275,4263.218706499977,0.0276776668754989,1507.6778264341676,-1.6502349871389954,1.0394538360792165,8.357779718874047,21.0,48.8,34.9,27.8,33.9,15.4,14.4,17.1,39.6,47.9,65.6,48.9,81.8,36.2,34.3,66.3,12.7,5448.7676,8.6031,4870.0,6782.0,67.02,True,30.2703,12.087429648563806,-1.301336368669879,-1.1208343790072344,-1.251765353578609,0.8447150960655789,-0.45288430290550924,-0.5872040024928057,-1.0039377467375314,0.1554256290400406,0.03712789473710274,-1.2102717701183805,0.6896861871536986,-0.48746149086557095,-0.4438254326702288,-1.236944530350753,-1.1585602354190057,-0.37082410517740155,-0.4590417101778784,0.6943872333760125,-0.10880403723634582,0.14159065071376856,0.12195130550927967,0.13619712414193458,-0.09190841276642268,0.049275640557087545,0.06389016615255853,0.1092324799790035,-0.01691093592955505,-0.004039664841482855,0.13168245474205845,-0.0750406415884644,0.05303777820342223,0.04828999890268887,0.13458455873957761,0.1260560309950791,0.04034715974785662,0.049945591327229755,-0.07555213439668682,T1_low,-0.0,-0.0,T2_mid,-0.10880403723634582,-0.0
ANDHRA PRADESH,2020,7252.0,11049.0,15114394.0,92229340.0,324873.0,418830.0,160341.0,39028.9,52504.0,18.581102721316768,28.30979094978337,2.363103751322738,0.3872615933321205,61875.85707755599,79771.06506170958,0.1959219731407136,0.3913731082071344,0.0447647721628278,0.1001666866197465,0.293647540673924,0.0724657293912871,0.2211818112826368,11.985058076324409,456224368,904711355337.2408,251058314,175099458,30066596.0,11664133.0,0.2988588712466915,8.689325918025293,17231.284384756225,0.107466489449088,1983.0404046660676,-1.2077838195391304,2.1620953664211124,9.754481870258326,21.0,48.8,34.9,27.8,33.9,15.4,14.4,17.1,39.6,47.9,65.6,48.9,81.8,36.2,34.3,66.3,12.7,5448.7676,8.6031,4870.0,6782.0,67.02,True,30.2703,12.087429648563806,-1.301336368669879,-1.1208343790072344,-1.251765353578609,0.8447150960655789,-0.45288430290550924,-0.5872040024928057,-1.0039377467375314,0.1554256290400406,0.03712789473710274,-1.2102717701183805,0.6896861871536986,-0.48746149086557095,-0.4438254326702288,-1.236944530350753,-1.1585602354190057,-0.37082410517740155,-0.4590417101778784,0.6943872333760125,-0.0019499506538195877,0.002537541702927038,0.002185571730168628,0.002440880669639316,-0.0016471527538643514,0.0008831020425552259,0.0011450188285863252,0.001957629065645013,-0.00030307230696694783,-7.239756261755831e-05,0.002359970229441726,-0.001344854031570693,0.000950525852825191,0.000865437692617074,0.0024119807956960136,0.0022591352885446654,0.0007230887063427376,0.0008951086828918157,-0.0013540208397255303,T1_low,-0.0,-0.0,T2_mid,-0.0019499506538195877,-0.0
ANDHRA PRADESH,2021,7431.0,11635.0,16651870.0,95917846.0,359770.0,486536.0,168063.0,39521.0,52787.0,18.80266187596468,29.440044533286105,2.4270095898383137,0.4213423243338984,68155.03817227726,92169.66298520468,0.205054362328532,0.4347264510638148,0.052764304525156,0.1176165127137446,0.3198904066961734,0.0851904086194503,0.234699998076723,12.032094188090468,1114327170,2554043032593.083,596523678,390253826,127549666.0,16309736.0,0.412685306545887,21.109878758027545,48383.93984490657,0.2878916825530103,2292.0046296574487,-0.8850699460900571,3.0497411185006547,10.786923216253598,21.0,48.8,34.9,27.8,33.9,15.4,14.4,17.1,39.6,47.9,65.6,48.9,81.8,36.2,34.3,66.3,12.7,5448.7676,8.6031,4870.0,6782.0,67.02,True,30.2703,12.087429648563806,-1.301336368669879,-1.1208343790072344,-1.251765353578609,0.8447150960655789,-0.45288430290550924,-0.5872040024928057,-1.0039377467375314,0.1554256290400406,0.03712789473710274,-1.2102717701183805,0.6896861871536986,-0.48746149086557095,-0.4438254326702288,-1.236944530350753,-1.1585602354190057,-0.37082410517740155,-0.4590417101778784,0.6943872333760125,0.11187648464537586,-0.1455889382679649,-0.12539501019301225,-0.14004310735925074,0.09450375547469794,-0.050667103760139956,-0.06569431956858962,-0.11231702590779467,0.017388473000795986,0.004153738345470606,-0.13540095110638087,0.07715966612722858,-0.05453547799803407,-0.04965362920335815,-0.13838500575696766,-0.12961564638859743,-0.04148649730901481,-0.051355972840302494,0.07768560265273648,T1_low,0.0,0.0,T2_mid,0.11187648464537586,0.0
ANDHRA PRADESH,2022,7446.0,12101.0,18331300.0,98507220.0,385881.0,550560.0,193703.0,39880.6,52972.0,18.67073213542424,30.34307407611721,2.470053610025928,0.459654568888131,72846.22064486898,103934.15389262252,0.2112055177423805,0.4834626085623726,0.0587407631494554,0.1341738945794672,0.3473340631523766,0.0964573288644613,0.2508767342879152,12.174081337142988,2305299781,5104045332237.873,1176723791,851602577,276973413.0,20341205.0,0.5100526321068389,43.51921356565733,96353.6459306402,0.4974298071307115,2214.0484176091945,-0.6732413583790527,3.773202531742346,11.47578051361065,21.0,48.8,34.9,27.8,33.9,15.4,14.4,17.1,39.6,47.9,65.6,48.9,81.8,36.2,34.3,66.3,12.7,5448.7676,8.6031,4870.0,6782.0,67.02,True,30.2703,12.087429648563806,-1.301336368669879,-1.1208343790072344,-1.251765353578609,0.8447150960655789,-0.45288430290550924,-0.5872040024928057,-1.0039377467375314,0.1554256290400406,0.03712789473710274,-1.2102717701183805,0.6896861871536986,-0.48746149086557095,-0.4438254326702288,-1.236944530350753,-1.1585602354190057,-0.37082410517740155,-0.4590417101778784,0.6943872333760125,0.20924381020632782,-0.27229658014055197,-0.23452765607371706,-0.2619241520670593,0.17675140523956598,-0.09476323712258546,-0.12286880285000068,-0.21006775933731645,0.032521850824053365,0.007768782159730843,-0.2532418765647268,0.14431256564671438,-0.10199829967756913,-0.09286772459839068,-0.2588229865444682,-0.2424215580126129,-0.07759264868367155,-0.09605163648124813,0.1452962304702274,T1_low,0.0,0.0,T2_mid,0.20924381020632782,0.0
ANDHRA PRADESH,2023,7663.0,12393.0,20317775.0,100356722.0,429719.0,641272.0,219917.0,40240.9,53156.0,19.04281464877773,30.79702491743475,2.4938985460066747,0.504903593110492,80841.10918805026,120639.6267589736,0.214613050459156,0.5410228897940139,0.0689260673586541,0.1576852301461629,0.3778179701265849,0.1133056487524085,0.2645123213741764,12.301005481421964,3965913589,8033362248535.126,1830016550,1777024322,358872717.0,23903359.0,0.5940065704295878,74.60895456768756,151128.04290268503,0.6872049132294685,2025.601937171992,-0.5208648983513957,4.312260534425565,11.925882722719749,21.0,48.8,34.9,27.8,33.9,15.4,14.4,17.1,39.6,47.9,65.6,48.9,81.8,36.2,34.3,66.3,12.7,5448.7676,8.6031,4870.0,6782.0,67.02,True,30.2703,12.087429648563806,-1.301336368669879,-1.1208343790072344,-1.251765353578609,0.8447150960655789,-0.45288430290550924,-0.5872040024928057,-1.0039377467375314,0.1554256290400406,0.03712789473710274,-1.2102717701183805,0.6896861871536986,-0.48746149086557095,-0.4438254326702288,-1.236944530350753,-1.1585602354190057,-0.37082410517740155,-0.4590417101778784,0.6943872333760125,0.2931977485290767,-0.381548893373013,-0.32862611639890693,-0.36701478335595183,0.2476685643149505,-0.1327846579560557,-0.17216689145815298,-0.29435228700679866,0.04557044449825538,0.01088581514454308,-0.35484895810700945,0.20221443726506785,-0.14292261161641248,-0.1301286175988544,-0.3626693513541969,-0.3396872525601695,-0.10872479273832367,-0.1345899959050909,0.2035927734331814,T1_low,0.0,0.0,T2_mid,0.2931977485290767,0.0
ARUNACHAL PRADESH,2019,155.0,207.0,91622.0,1548936.0,16659.0,3869.0,155103.0,1034.1,1504.0,14.988879218644232,20.017406440382945,1.4978590078328984,0.0886007155981046,110764.62765957449,25724.73404255319,0.0722751839926845,0.0114532224040855,0.1070479419784067,0.024101708698672,0.041864203198385,0.0655748253385393,-0.0237106221401543,11.951844691337335,776624,1990153904.2255032,279732,488744,8148.0,88991.0,0.086056474228798,0.5163723404255319,1323.2406278095102,0.0085313670774228,2562.5706960195707,-2.4527515211676305,-0.6609271837494827,7.187839028007184,52.9,71.6,62.25,18.7,70.0,49.6,,,39.4,48.2,71.2,76.4,78.2,59.8,31.0,56.6,16.6,5819.5294,8.669,5276.0,8636.0,65.38,False,16.1765,12.112236099398885,0.6053338266626453,0.5310802267846098,0.5867794534895,-0.3749689833796595,,,0.8032773297431741,0.20266362732059107,0.23698441128360354,0.31102021580009986,1.458545797197442,-0.502518456038822,-0.41954968336285736,-0.6237055365775944,-1.351487250621703,-1.0624477016861928,-0.7100390904191415,-0.02296536785903293,-0.2147523476717131,-0.12999686040090494,-0.11405072550402076,-0.12601226520239492,0.08052546948485745,,,-0.17250569239381147,-0.04352248975476207,-0.05089295868475268,-0.06679232151643429,-0.31322613413486106,0.10791701818270157,0.09009927946709749,0.13394222823588395,0.29023505991939963,0.22816313821552583,0.1524825616061984,0.004931866662871825,T3_high,-0.0,-0.2147523476717131,T2_mid,-0.2147523476717131,-0.0
ARUNACHAL PRADESH,2020,164.0,249.0,114234.0,1668551.0,17171.0,4338.0,182171.0,1058.1,1519.0,15.499480200359136,23.53274737737454,1.5769312919383802,0.1079614403175503,113041.47465437787,28558.26201448321,0.0835749163676069,0.036081571387332,0.1099485927072591,0.0280896249653138,0.0598282438774695,0.0690191088362865,-0.0091908649588169,12.112701085387862,2110367,5954407867.609406,866832,1012783,230752.0,169049.0,0.1597665627067385,1.3893133640552997,3919.9525132385834,0.0215179831764582,2821.5034956523705,-1.834041512183359,0.3288096423989249,8.273834818741385,52.9,71.6,62.25,18.7,70.0,49.6,,,39.4,48.2,71.2,76.4,78.2,59.8,31.0,56.6,16.6,5819.5294,8.669,5276.0,8636.0,65.38,False,16.1765,12.112236099398885,0.6053338266626453,0.5310802267846098,0.5867794534895,-0.3749689833796595,,,0.8032773297431741,0.20266362732059107,0.23698441128360354,0.31102021580009986,1.458545797197442,-0.502518456038822,-0.41954968336285736,-0.6237055365775944,-1.351487250621703,-1.0624477016861928,-0.7100390904191415,-0.02296536785903293,-0.1410422591937726,-0.08537765047891105,-0.07490475499884247,-0.0827606997686463,0.05288647254345935,,,-0.11329604934611831,-0.028584135853700943,-0.03342481676114562,-0.043866993891380775,-0.20571659437430934,0.07087633832628196,0.059174235185529354,0.08796883795056809,0.19061681509926537,0.14985002412105203,0.1001455174286071,0.003239087366054057,T3_high,-0.0,-0.1410422591937726,T2_mid,-0.1410422591937726,-0.0
ARUNACHAL PRADESH,2021,169.0,254.0,130083.0,1603533.0,19525.0,5897.0,181537.0,1081.7,1533.0,15.623555514467968,23.481556808727003,1.482419339927891,0.1202579273365997,127364.64448793216,38467.05805609915,0.0700687962898641,0.0517236600984503,0.12819598179928,0.0420352959834408,0.0608962281941572,0.0851156388913604,-0.0242194106972032,12.10921476866039,5037736,14846765417.099852,2144552,1640726,1252458.0,279538.0,0.2584247018581861,3.286194390084801,9684.778484735716,0.0533487855629194,2947.110649922872,-1.3531509162162247,1.189730174920997,9.17831070358528,52.9,71.6,62.25,18.7,70.0,49.6,,,39.4,48.2,71.2,76.4,78.2,59.8,31.0,56.6,16.6,5819.5294,8.669,5276.0,8636.0,65.38,False,16.1765,12.112236099398885,0.6053338266626453,0.5310802267846098,0.5867794534895,-0.3749689833796595,,,0.8032773297431741,0.20266362732059107,0.23698441128360354,0.31102021580009986,1.458545797197442,-0.502518456038822,-0.41954968336285736,-0.6237055365775944,-1.351487250621703,-1.0624477016861928,-0.7100390904191415,-0.02296536785903293,-0.042384120042325,-0.025656541574949517,-0.022509368084144086,-0.024870130795068827,0.015892730403712058,,,-0.03404620277111298,-0.008589719508568948,-0.010044375736003973,-0.01318231816206126,-0.061819180155645,0.02129880256423325,0.01778224414337079,0.02643521033336749,0.057281597866022035,0.0450309109269599,0.03009438204306815,0.000973366908153404,T3_high,-0.0,-0.042384120042325,T2_mid,-0.042384120042325,-0.0
ARUNACHAL PRADESH,2022,172.0,274.0,135606.0,1946181.0,24121.0,6053.0,190851.0,1103.9,1548.0,15.581121478394785,24.82108886674518,1.7630048011595254,0.1228426487906513,155820.4134366925,39102.06718346253,0.1101655338013561,0.0550116269962457,0.1644479772691842,0.0429290098460054,0.0825885803988009,0.1036884935575948,-0.0210999131587938,12.159248297876704,11103928,30914662515.980244,5524678,2401306,3177944.0,378277.0,0.3426732493885315,7.173080103359173,19970.71221962548,0.1046403331375024,2784.119504015178,-1.0709779115418356,1.9703351444260355,9.90202209025189,52.9,71.6,62.25,18.7,70.0,49.6,,,39.4,48.2,71.2,76.4,78.2,59.8,31.0,56.6,16.6,5819.5294,8.669,5276.0,8636.0,65.38,False,16.1765,12.112236099398885,0.6053338266626453,0.5310802267846098,0.5867794534895,-0.3749689833796595,,,0.8032773297431741,0.20266362732059107,0.23698441128360354,0.31102021580009986,1.458545797197442,-0.502518456038822,-0.41954968336285736,-0.6237055365775944,-1.351487250621703,-1.0624477016861928,-0.7100390904191415,-0.02296536785903293,0.041864427488020384,0.025341954092364217,0.022233369644545715,0.024565185882071402,-0.015697861814954476,,,0.03362874552380375,0.008484396730422072,0.00992121670197362,0.013020683271671732,0.061061184764729194,-0.02103764746422922,-0.017564207296766252,-0.026111075209929547,-0.05657924000463632,-0.044478764767055534,-0.0297253800145121,-0.000961431977470198,T3_high,0.0,0.041864427488020384,T2_mid,0.041864427488020384,0.0
ARUNACHAL PRADESH,2023,187.0,283.0,148780.0,2093419.0,26656.0,7510.0,204469.0,1125.5,1562.0,16.614837849844513,25.14438027543314,1.859990226565971,0.1321901377165704,170653.00896286813,48079.38540332906,0.124025122704832,0.0669023605674608,0.183344362982397,0.0555637160195396,0.0954637416361464,0.1194540395009683,-0.0239902978648219,12.22817165373213,27121308,57221528096.05059,12956372,9635070,4529866.0,493307.0,0.4383003109729009,17.363193341869398,36633.50070169692,0.1791640820940921,2109.836594018644,-0.8248509620597906,2.8543526405801627,10.508718420458305,52.9,71.6,62.25,18.7,70.0,49.6,,,39.4,48.2,71.2,76.4,78.2,59.8,31.0,56.6,16.6,5819.5294,8.669,5276.0,8636.0,65.38,False,16.1765,12.112236099398885,0.6053338266626453,0.5310802267846098,0.5867794534895,-0.3749689833796595,,,0.8032773297431741,0.20266362732059107,0.23698441128360354,0.31102021580009986,1.458545797197442,-0.502518456038822,-0.41954968336285736,-0.6237055365775944,-1.351487250621703,-1.0624477016861928,-0.7100390904191415,-0.02296536785903293,0.13749148907238978,0.08322824921373499,0.07301901119751845,0.08067718081735444,-0.051555043880829564,,,0.11044379620448207,0.02786452390111992,0.0325833395943263,0.042762632601971745,0.20053763353695214,-0.06909201080713587,-0.0576845107054089,-0.08575420296674732,-0.185817994550328,-0.14607751656637283,-0.09762433184133297,-0.0031575426240336374,T3_high,0.0,0.13749148907238978,T2_mid,0.13749148907238978,0.0
ASSAM,2019,2404.0,3700.0,4565307.0,41005351.0,147091.0,67360.0,81034.0,22702.9,34293.0,10.58895559598113,16.29747741477961,1.806172383263812,0.2010891560109061,42892.42702592366,19642.492636981307,0.1163343466865414,0.1545472752979343,0.0205803186878849,0.0155415428279954,0.1354408109922379,0.0180609307579402,0.1173798802342977,11.302624098669314,13967217,22214537015.4834,4978222,8588416,400579.0,1461630.0,0.0643807619290927,0.4072906132446855,647.7863416873239,0.0079940067340539,1590.4769730063906,-2.742940418308988,-0.8982283108867711,6.4735609223644826,28.2,42.3,35.25,14.1,49.0,24.4,10.0,16.6,29.6,35.5,78.2,57.2,78.5,46.0,26.2,45.4,11.2,3849.6911,8.2557,3432.0,6136.0,72.19,False,15.4472,11.4677917440195,-0.8709907446449832,-1.5917749464478919,-1.2282373578757264,-0.9915125839783513,-0.8895297264239683,-0.6324051503403975,-0.45848737819971835,-1.0245277010040856,-1.0164404489389738,-0.5785488268132489,0.3939709525214897,-1.240309749528109,-1.4472230707082312,0.1428432056388527,-0.5503695838348928,-1.0982365655081472,-1.0751261889518882,-0.851248783718055,-0.23642805997141841,0.20592665200947446,0.37634026249978353,0.29038977570697877,0.23442139666724968,0.2103097875053254,0.14951832281091337,0.10839928134914141,0.2422270967353734,0.24031504341911916,0.1367851767221966,-0.09314578798974761,0.2932440278445667,0.342164142953426,-0.03377214198929232,0.13012281297336062,0.2596539405727648,0.25418999907835954,0.2012590984874893,T1_low,-0.0,-0.0,T1_low,-0.0,-0.0
ASSAM,2020,2957.0,3926.0,5328692.0,44199128.0,164299.0,72954.0,90123.0,23178.0,34668.0,12.757787557166278,16.938476141168348,1.90694313573216,0.2299030114764,47392.11953386408,21043.61370716511,0.1307348733311605,0.1912007424713123,0.026312823499389,0.0175134850719658,0.1609678079012364,0.0219131542856774,0.1390546536155589,11.408930682940186,27206629,56679473553.30218,11721338,12542472,2942819.0,2534072.0,0.1093309172491155,0.78477642206069,1634.9219324247772,0.0181410065402258,2083.2964478363774,-2.213376057841535,-0.2423564144280989,7.399350334438964,28.2,42.3,35.25,14.1,49.0,24.4,10.0,16.6,29.6,35.5,78.2,57.2,78.5,46.0,26.2,45.4,11.2,3849.6911,8.2557,3432.0,6136.0,72.19,False,15.4472,11.4677917440195,-0.8709907446449832,-1.5917749464478919,-1.2282373578757264,-0.9915125839783513,-0.8895297264239683,-0.6324051503403975,-0.45848737819971835,-1.0245277010040856,-1.0164404489389738,-0.5785488268132489,0.3939709525214897,-1.240309749528109,-1.4472230707082312,0.1428432056388527,-0.5503695838348928,-1.0982365655081472,-1.0751261889518882,-0.851248783718055,-0.1914779046513956,0.16677548275538015,0.30478973142242977,0.2351803157006104,0.18985275201566562,0.17032528814079062,0.12109161307793014,0.08779020248679403,0.19617441744557385,0.19462588736575856,0.11077931709672408,-0.07543673248232932,0.23749191195833963,0.2771112411423707,-0.027351317709415932,0.10538361469656587,0.2102880363750452,0.20586290989634798,0.1629953334433822,T1_low,-0.0,-0.0,T1_low,-0.0,-0.0
ASSAM,2021,3020.0,4218.0,6014883.0,47975276.0,173014.0,83235.0,86947.0,23658.0,35043.0,12.765237974469525,17.829064164341872,2.027866937188266,0.2542430890185138,49371.91450503667,23752.24723910624,0.1480153478952881,0.2221632158638695,0.0288350367790767,0.0213256245071174,0.1850892818795788,0.0250803306430971,0.1600089512364816,11.373054016599507,55090978,126623992236.7572,23269877,18078968,13742133.0,3929145.0,0.1660810296728379,1.5720965100019977,3613.3890430829897,0.0415585246539039,2298.452429665656,-1.7952794791632956,0.4524100852535753,8.19240140403407,28.2,42.3,35.25,14.1,49.0,24.4,10.0,16.6,29.6,35.5,78.2,57.2,78.5,46.0,26.2,45.4,11.2,3849.6911,8.2557,3432.0,6136.0,72.19,False,15.4472,11.4677917440195,-0.8709907446449832,-1.5917749464478919,-1.2282373578757264,-0.9915125839783513,-0.8895297264239683,-0.6324051503403975,-0.45848737819971835,-1.0245277010040856,-1.0164404489389738,-0.5785488268132489,0.3939709525214897,-1.240309749528109,-1.4472230707082312,0.1428432056388527,-0.5503695838348928,-1.0982365655081472,-1.0751261889518882,-0.851248783718055,-0.13472779222767323,0.11734666007675568,0.21445632425824726,0.1654777075581472,0.1335843014053587,0.11984437616198741,0.08520254969877152,0.06177099222910229,0.13803235523237417,0.13694277761645296,0.0779466061324595,-0.053078836635053785,0.1671041942323805,0.19498116917747382,-0.019244949730446145,0.0741500789393384,0.1479629878146151,0.14484937780364013,0.11468686926682566,T1_low,-0.0,-0.0,T1_low,-0.0,-0.0
ASSAM,2022,3043.0,4426.0,5531837.0,51977238.0,189483.0,95992.0,103371.0,24096.3,35378.0,12.628494831156653,18.367965206276484,2.1570630345737727,0.2295720504807792,53559.5567867036,27133.24665046074,0.1664779652441579,0.1907797343211471,0.0341699967760436,0.0260840538163094,0.1786288497826525,0.0301270252961765,0.1485018244864759,11.546079737502389,136368851,304054245176.4786,61297563,37635122,37436166.0,5551092.0,0.2303711358175321,3.8546229577703657,8594.444151067855,0.0831417336687064,2229.6458681497475,-1.4680636365781552,1.3492731962061262,9.058871244529383,28.2,42.3,35.25,14.1,49.0,24.4,10.0,16.6,29.6,35.5,78.2,57.2,78.5,46.0,26.2,45.4,11.2,3849.6911,8.2557,3432.0,6136.0,72.19,False,15.4472,11.4677917440195,-0.8709907446449832,-1.5917749464478919,-1.2282373578757264,-0.9915125839783513,-0.8895297264239683,-0.6324051503403975,-0.45848737819971835,-1.0245277010040856,-1.0164404489389738,-0.5785488268132489,0.3939709525214897,-1.240309749528109,-1.4472230707082312,0.1428432056388527,-0.5503695838348928,-1.0982365655081472,-1.0751261889518882,-0.851248783718055,-0.07043768608297901,0.061350572652483455,0.11212094399264734,0.08651419744943796,0.06983985213759047,0.06265641563132968,0.04454515545693606,0.032294790018639837,0.07216536058664197,0.0715957132644057,0.04075164064674742,-0.02775040227952092,0.08736454878291927,0.10193904434659133,-0.010061544877875923,0.038766759975781974,0.07735724244611189,0.07572940099698268,0.05995999460605005,T1_low,-0.0,-0.0,T1_low,-0.0,-0.0
ASSAM,2023,3085.0,4670.0,5233473.0,56882605.0,207312.0,112374.0,121573.0,24538.6,35713.0,12.572029374128924,19.031240576071983,2.3180868101684693,0.2132751257202937,58049.44978019209,31465.852770699745,0.1894888797612142,0.1700487773879172,0.0398900172314174,0.0321817774297751,0.1797688285745657,0.0360358973305962,0.1437329312439695,11.708270184386103,361442763,662579690506.7854,152381670,150424553,58636540.0,7478158.0,0.3047508007791805,10.120761711421611,18552.89923856258,0.1526070693210053,1833.152461007458,-1.1882608829648793,2.314588928953868,9.82838134900704,28.2,42.3,35.25,14.1,49.0,24.4,10.0,16.6,29.6,35.5,78.2,57.2,78.5,46.0,26.2,45.4,11.2,3849.6911,8.2557,3432.0,6136.0,72.19,False,15.4472,11.4677917440195,-0.8709907446449832,-1.5917749464478919,-1.2282373578757264,-0.9915125839783513,-0.8895297264239683,-0.6324051503403975,-0.45848737819971835,-1.0245277010040856,-1.0164404489389738,-0.5785488268132489,0.3939709525214897,-1.240309749528109,-1.4472230707082312,0.1428432056388527,-0.5503695838348928,-1.0982365655081472,-1.0751261889518882,-0.851248783718055,0.003941978878669372,-0.003433427118907032,-0.006274743218492661,-0.004841685722738788,-0.0039085216639775525,-0.003506507393511828,-0.0024929277454035755,-0.001807347560999786,-0.004038666557969795,-0.004006786781142649,-0.002280627255576772,0.0015530251736489665,-0.004889274835647505,-0.0057049227774548785,0.000563084899589783,-0.0021695452749391996,-0.004329225345015508,-0.004238124728752639,-0.0033556047259095654,T1_low,0.0,0.0,T1_low,0.0,0.0
BIHAR,2019,6917.0,7733.0,10079827.0,125866480.0,353169.0,124996.0,40715.0,69542.5,119520.0,9.946435632886365,11.119818815832046,1.8099217025559908,0.1449448466764928,29548.94578313253,10458.165997322623,0.1168701387794224,0.0831273432577629,0.0035810303383958,0.0026154923470116,0.0999987410185926,0.0030982613427037,0.0969004796758889,10.614351853901232,73844614,116110682066.13985,40908581,31306648,1629385.0,5903371.0,0.0848886795844268,0.617843155957162,971.4749168853735,0.0238603688293104,1572.3649400637378,-2.466414532783356,-0.481520646684903,6.87881544952934,20.6,43.6,32.1,23.0,38.4,17.0,8.0,12.1,28.8,42.8,61.1,51.4,76.7,40.9,22.8,26.4,10.5,3616.8224,8.1934,3384.0,4768.0,61.8,False,16.8224,10.726276325007763,-1.3252444588934842,-1.4975868329597601,-1.4399893192016693,0.201365251962596,-1.0880049189323588,-1.0392154809687233,-0.8396454670574673,-2.4365678320632465,-1.2053791588152494,-0.9073026034312258,0.2559705096931257,-1.3005376102211121,-0.8565131708955364,-1.7297258646327538,-1.7726328081983225,-1.0307515174785962,-1.3337295504125837,-2.2563724356217527,-0.2159201423160843,0.28614697216788326,0.3233591621033654,0.3109226987356658,-0.0434788138612779,0.23492217693647469,0.22438755454784473,0.18129636874210342,0.5261040730618892,0.2602656395162306,0.19590490725662407,-0.05526918888166033,0.2808122658863627,0.18493844575536486,0.3734826548593162,0.38274712822034196,0.22256001434649836,0.2879790743362522,0.48719625741753864,T1_low,-0.0,-0.0,T1_low,-0.0,-0.0
BIHAR,2020,7463.0,8235.0,12646671.0,134966208.0,375707.0,139590.0,44175.0,71482.8,121302.0,10.440273744173425,11.520253823297352,1.8880934714364848,0.1769190770367137,30972.86112347694,11507.642083395163,0.1280411840782471,0.1238010533173512,0.0053950657475476,0.0040925283235613,0.1259211186977992,0.0047437970355544,0.1211773216622447,10.695914297187898,143930233,320833212775.9124,75222861,58047174,10660198.0,9579162.0,0.1340065302422401,1.186544599429523,2644.9128025581804,0.059873521280321,2229.0883999049206,-2.0098667470676017,0.1710453852555172,7.880393376852261,20.6,43.6,32.1,23.0,38.4,17.0,8.0,12.1,28.8,42.8,61.1,51.4,76.7,40.9,22.8,26.4,10.5,3616.8224,8.1934,3384.0,4768.0,61.8,False,16.8224,10.726276325007763,-1.3252444588934842,-1.4975868329597601,-1.4399893192016693,0.201365251962596,-1.0880049189323588,-1.0392154809687233,-0.8396454670574673,-2.4365678320632465,-1.2053791588152494,-0.9073026034312258,0.2559705096931257,-1.3005376102211121,-0.8565131708955364,-1.7297258646327538,-1.7726328081983225,-1.0307515174785962,-1.3337295504125837,-2.2563724356217527,-0.166802291658271,0.2210538127508585,0.2498009156949403,0.24019351840627196,-0.03358818548770617,0.18148171381338882,0.17334352375233536,0.14005478808566485,0.40642509816897476,0.2010600060075026,0.15134015347984392,-0.04269646761374904,0.21693265377265272,0.14286835974086778,0.2885222381613276,0.2956792146761166,0.17193171524567022,0.22246914546117447,0.37636809309626296,T1_low,-0.0,-0.0,T1_low,-0.0,-0.0
BIHAR,2021,7584.0,8550.0,13722593.0,142163767.0,397492.0,163964.0,42128.0,73449.0,123083.0,10.325532001797166,11.640730302658987,1.935543942055032,0.1868315838200656,32294.6304526214,13321.417255023032,0.1348220381425919,0.1364105335871672,0.0070789694866694,0.0066452412604444,0.1356162858648796,0.0068621053735569,0.1287541804913227,10.64846788173609,336121711,822568246527.9785,170777072,115309870,50034769.0,14274751.0,0.1943491538346335,2.7308540659554934,6683.037028086564,0.158636465725564,2447.233307484795,-1.6380989755156954,1.0046144049435195,8.807327808134142,20.6,43.6,32.1,23.0,38.4,17.0,8.0,12.1,28.8,42.8,61.1,51.4,76.7,40.9,22.8,26.4,10.5,3616.8224,8.1934,3384.0,4768.0,61.8,False,16.8224,10.726276325007763,-1.3252444588934842,-1.4975868329597601,-1.4399893192016693,0.201365251962596,-1.0880049189323588,-1.0392154809687233,-0.8396454670574673,-2.4365678320632465,-1.2053791588152494,-0.9073026034312258,0.2559705096931257,-1.3005376102211121,-0.8565131708955364,-1.7297258646327538,-1.7726328081983225,-1.0307515174785962,-1.3337295504125837,-2.2563724356217527,-0.10645966806587762,0.14108508519994392,0.15943259713672497,0.1533007849406188,-0.02143727788393978,0.11582864252358101,0.11063453515285164,0.08938837771595676,0.25939620262144825,0.12832426514099823,0.0965911339965949,-0.02725053549658367,0.1384548022913293,0.09118410786759111,0.18414604139376614,0.1887139003634779,0.10973346440917099,0.14198840522657585,0.2402126605292876,T1_low,-0.0,-0.0,T1_low,-0.0,-0.0
BIHAR,2022,7640.0,9284.0,14316914.0,153926494.0,442417.0,195592.0,47296.0,75318.8,124919.0,10.143549817575426,12.32627179402752,2.043666309075556,0.190084202085004,35416.309768730134,15657.506063929426,0.1502731386754317,0.140548117220993,0.0110559171709806,0.0099330600692392,0.1454106279482123,0.0104944886201099,0.1349161393281024,10.764181004307874,828700722,1836128822596.8748,410957135,293026594,124716993.0,19351497.0,0.256927845371939,6.633904546145903,14698.55524457348,0.310777977938377,2215.671802681107,-1.358959990814259,1.8921935518391768,9.595504485254692,20.6,43.6,32.1,23.0,38.4,17.0,8.0,12.1,28.8,42.8,61.1,51.4,76.7,40.9,22.8,26.4,10.5,3616.8224,8.1934,3384.0,4768.0,61.8,False,16.8224,10.726276325007763,-1.3252444588934842,-1.4975868329597601,-1.4399893192016693,0.201365251962596,-1.0880049189323588,-1.0392154809687233,-0.8396454670574673,-2.4365678320632465,-1.2053791588152494,-0.9073026034312258,0.2559705096931257,-1.3005376102211121,-0.8565131708955364,-1.7297258646327538,-1.7726328081983225,-1.0307515174785962,-1.3337295504125837,-2.2563724356217527,-0.04388097652857209,0.058153020995325204,0.06571557266660585,0.06318813751728296,-0.00883610389504068,0.04774271831064182,0.045601790128517304,0.03684446303227067,0.1069189758490411,0.05289321457600193,0.039813324245477975,-0.011232235927850684,0.05706886034863786,0.03758463434847989,0.07590206006681394,0.07778485865032742,0.045230383145268345,0.05852535509711759,0.09901182588723517,T1_low,-0.0,-0.0,T1_low,-0.0,-0.0
BIHAR,2023,7832.0,9680.0,16096444.0,158631066.0,478429.0,231859.0,54637.0,77212.0,126756.0,10.143501010205668,12.536911360928354,2.054487204061545,0.2084707558410609,37744.09100949857,18291.757392155007,0.1518194860306655,0.1639372449042443,0.014021456958263,0.0136405137546525,0.1578783654674549,0.0138309853564578,0.1440473801109971,10.90846658790572,1784928984,3408588350078.5093,798460459,797788818,188679707.0,24855994.0,0.3219187950059576,14.08161336741456,26890.942835672548,0.4921745856410957,1909.649280522025,-1.1334559546653205,2.644869929919325,10.19954481133594,20.6,43.6,32.1,23.0,38.4,17.0,8.0,12.1,28.8,42.8,61.1,51.4,76.7,40.9,22.8,26.4,10.5,3616.8224,8.1934,3384.0,4768.0,61.8,False,16.8224,10.726276325007763,-1.3252444588934842,-1.4975868329597601,-1.4399893192016693,0.201365251962596,-1.0880049189323588,-1.0392154809687233,-0.8396454670574673,-2.4365678320632465,-1.2053791588152494,-0.9073026034312258,0.2559705096931257,-1.3005376102211121,-0.8565131708955364,-1.7297258646327538,-1.7726328081983225,-1.0307515174785962,-1.3337295504125837,-2.2563724356217527,0.02110997310544649,-0.027975874885383438,-0.03161401776685132,-0.030398135800477438,0.0042508150533018575,-0.022967754577255584,-0.021937810854013386,-0.017724893227693193,-0.05143588140445119,-0.025445521624455625,-0.019153133556934758,0.005403530575409313,-0.027454313974389327,-0.018080970002065464,-0.03651446648219261,-0.03742023090689867,-0.02175913681237132,-0.02815499493914888,-0.04763196143184599,T1_low,0.0,0.0,T1_low,0.0,0.0
CHANDIGARH,2019,442.0,707.0,573780.0,4185926.0,68300.0,77956.0,307812.0,800.3,1179.0,55.229289016618765,88.34187179807572,5.230446082718981,0.7169561414469574,579304.4953350297,661204.4105173877,0.6056761789107399,0.8107702385578649,0.7039569621150793,0.9184778235771612,0.7082232087343023,0.8112173928461202,-0.1029941841118178,12.637244485981745,2217558,4668563332.842735,1134987,1008318,74253.0,207673.0,0.2594939397725853,1.8808804071246816,3959.7653374408274,0.0128642331599834,2105.272255716755,-1.3490219301264037,0.6317399688849211,8.283940044270675,75.2,91.9,83.55,16.7,75.2,,,,59.6,64.5,86.7,70.0,87.1,74.2,59.2,79.6,-4.2,12575.0,9.4395,7467.0,12575.0,86.05,False,100.0,12.714922471467876,1.9382098566286423,2.001863845099279,2.018626049122067,-0.6430314184225691,,,0.38268909376220966,1.3503367868862697,2.5736983111178473,1.2392661733096817,-2.6420387897025215,1.0182350264595053,0.8994326956709684,1.073652392615967,1.0800989714757074,3.051014284574055,1.4348476134607453,1.6779737897086007,-0.041314882127925834,-0.08007691176579639,-0.0827067687964331,-0.08339929727983883,0.026566767256681396,,,-0.01581075480042845,-0.05578900518320834,-0.10633204235667565,-0.051200135875415206,0.1091555211739675,-0.0420682600966999,-0.03715995580364865,-0.04435782204729422,-0.04462416169301278,-0.12605229553779504,-0.05928056002166638,-0.06932528933555984,T3_high,-0.0,-0.041314882127925834,T3_high,-0.0,-0.041314882127925834
CHANDIGARH,2020,454.0,667.0,689948.0,4354455.0,72552.0,78002.0,330703.0,816.9,1193.0,55.57595788958257,81.65014077610478,5.330462724935733,0.8445929734361611,608147.5272422464,653830.6789606035,0.6199689403109294,0.9731342247669574,0.7407023216912532,0.9081000103660494,0.7965515825389434,0.8244011660286512,-0.0278495834897077,12.7089759705949,5949334,11492301628.334667,2544405,2983605,421324.0,316683.0,0.3876643408005876,4.986868398994132,9633.111172116234,0.0291291919701854,1931.6954852988024,-0.9476154148041264,1.6068081374037098,9.17296152344845,75.2,91.9,83.55,16.7,75.2,,,,59.6,64.5,86.7,70.0,87.1,74.2,59.2,79.6,-4.2,12575.0,9.4395,7467.0,12575.0,86.05,False,100.0,12.714922471467876,1.9382098566286423,2.001863845099279,2.018626049122067,-0.6430314184225691,,,0.38268909376220966,1.3503367868862697,2.5736983111178473,1.2392661733096817,-2.6420387897025215,1.0182350264595053,0.8994326956709684,1.073652392615967,1.0800989714757074,3.051014284574055,1.4348476134607453,1.6779737897086007,0.08685551890007648,0.16834422283472356,0.1738729230334002,0.1753288129617084,-0.05585082751614443,,,0.03323865981611674,0.11728420231486894,0.2235399023043911,0.10763710653812451,-0.22947565003374254,0.08843933158537343,0.07812069349819653,0.09325263567896845,0.09381255663096147,0.26499742885822514,0.1246244340096694,0.14574128420586832,T3_high,0.0,0.08685551890007648,T3_high,0.0,0.08685551890007648
CHANDIGARH,2021,442.0,736.0,722264.0,4275328.0,81320.0,80793.0,290417.0,834.3,1208.0,52.97854488793,88.2176675056934,5.124449238882896,0.8657125734148388,673178.8079470198,668816.2251655629,0.5905288237851888,1.0,0.8235506783024076,0.9291907156872202,0.7952644118925944,0.876370696994814,-0.0811062851022195,12.579073100164289,8787462,16365180842.437569,3091875,4605443,1090144.0,420246.0,0.5037108953613808,7.274389072847682,13547.335134468189,0.0466478723162493,1862.3330425141603,-0.6857527958085636,1.9843598332904857,9.513945137923017,75.2,91.9,83.55,16.7,75.2,,,,59.6,64.5,86.7,70.0,87.1,74.2,59.2,79.6,-4.2,12575.0,9.4395,7467.0,12575.0,86.05,False,100.0,12.714922471467876,1.9382098566286423,2.001863845099279,2.018626049122067,-0.6430314184225691,,,0.38268909376220966,1.3503367868862697,2.5736983111178473,1.2392661733096817,-2.6420387897025215,1.0182350264595053,0.8994326956709684,1.073652392615967,1.0800989714757074,3.051014284574055,1.4348476134607453,1.6779737897086007,0.2029020734608697,0.3932667987122465,0.406182324956993,0.4095834109089908,-0.13047240809842334,,,0.07764841061521352,0.2739861339297126,0.5222087237885498,0.2514496761344519,-0.5360751485946883,0.20660199813911714,0.1824967588901389,0.21784629663800342,0.21915432085537379,0.6190571244988077,0.2911335558715657,0.3404643611448684,T3_high,0.0,0.2029020734608697,T3_high,0.0,0.2029020734608697
CHANDIGARH,2022,438.0,755.0,688165.0,4526153.0,89738.0,82007.0,337406.0,847.9,1219.0,51.65703502771554,89.04351928293431,5.338074065337894,0.8116110390376223,736160.787530763,672739.9507793273,0.6210566300182879,0.931178636725674,0.9037882723968352,0.9347129795773176,0.7761176333719809,0.9192506259870764,-0.1431329926150955,12.729042231982715,19171048,30009017419.684216,5910181,10934707,2326160.0,509170.0,0.6005071352753862,15.726864643150122,24617.733732308625,0.0729617544806809,1565.3300445382129,-0.5099807553089013,2.755370373817397,10.111222345635984,75.2,91.9,83.55,16.7,75.2,,,,59.6,64.5,86.7,70.0,87.1,74.2,59.2,79.6,-4.2,12575.0,9.4395,7467.0,12575.0,86.05,False,100.0,12.714922471467876,1.9382098566286423,2.001863845099279,2.018626049122067,-0.6430314184225691,,,0.38268909376220966,1.3503367868862697,2.5736983111178473,1.2392661733096817,-2.6420387897025215,1.0182350264595053,0.8994326956709684,1.073652392615967,1.0800989714757074,3.051014284574055,1.4348476134607453,1.6779737897086007,0.2996983133748751,0.5808782249981627,0.5999552179823963,0.6049788222564714,-0.19271543154829754,,,0.11469127594749368,0.40469365751786324,0.7713330429777835,0.3714059819634473,-0.791814569144842,0.30516332004913505,0.2695584618868066,0.3217718112179045,0.3237038400292069,0.9143838351694955,0.43002140970415015,0.502885914662915,T3_high,0.0,0.2996983133748751,T3_high,0.0,0.2996983133748751
CHANDIGARH,2023,449.0,744.0,719278.0,6633819.0,99918.0,77839.0,408512.0,862.4,1231.0,52.06400742115027,86.2708719851577,7.69227620593692,0.8340422077922078,811681.5597075549,632323.314378554,0.957481136356713,0.9597128295410472,1.0,0.8778304771484431,0.95859698294888,0.9389152385742215,0.0196817443746585,12.92027656861573,36864527,48855249989.82359,9986293,23913895,2964339.0,587987.0,0.6818031076066791,29.94681316003249,39687.44922000292,0.0971512445656502,1325.2645284130078,-0.3830143613440472,3.3994229135588565,10.58879027613824,75.2,91.9,83.55,16.7,75.2,,,,59.6,64.5,86.7,70.0,87.1,74.2,59.2,79.6,-4.2,12575.0,9.4395,7467.0,12575.0,86.05,False,100.0,12.714922471467876,1.9382098566286423,2.001863845099279,2.018626049122067,-0.6430314184225691,,,0.38268909376220966,1.3503367868862697,2.5736983111178473,1.2392661733096817,-2.6420387897025215,1.0182350264595053,0.8994326956709684,1.073652392615967,1.0800989714757074,3.051014284574055,1.4348476134607453,1.6779737897086007,0.38099428570616795,0.7384468798748838,0.7626986857446028,0.7690849896931259,-0.2449912959485307,,,0.1458023579254738,0.5144705995824963,0.980564349667515,0.4721533304999383,-1.0066016814907006,0.3879417265869402,0.34267871742793377,0.4090554264214385,0.4115115361293538,1.1624190080306072,0.5466687415876764,0.6392984254437,T3_high,0.0,0.38099428570616795,T3_high,0.0,0.38099428570616795
CHHATTISGARH,2019,2634.0,3279.0,2196361.0,39671833.0,142656.0,94404.0,102024.0,18850.3,28724.0,13.973252415080928,17.39494862150735,2.104573030667947,0.1165159705681076,49664.39214594068,32865.89611474725,0.1589769425634012,0.0469635997954348,0.0292076465698082,0.0341522028785586,0.102970271179418,0.0316799247241834,0.0712903464552346,11.532963358706736,23052352,36919605442.13843,9791781,11994013,1266558.0,1925189.0,0.1021304170225407,0.8025467205124635,1285.3225679619284,0.012598237355543,1601.554819314681,-2.2815046841483286,-0.2199652069654897,7.158764991478959,26.7,56.3,41.5,29.6,44.5,20.8,10.8,12.9,36.9,41.5,69.3,40.7,80.3,31.0,26.5,51.3,9.7,2968.1224,7.9957,2466.0,4483.0,70.28,False,24.8945,11.643828610438623,-0.9606460829835032,-0.5774414165757067,-0.8080945774671091,1.0859712876041976,-0.810139649420612,-0.9668936444125765,-1.5428164240881415,-0.6893072678794604,-1.8049487084547438,-1.545471699219063,0.09825571788928082,-0.6907305207044565,-0.9617080845608107,-0.8317687666077734,-0.7750589734916922,-0.6346301851637757,-1.0523082452935915,-0.41492091286374894,-0.1986784048779704,0.1908596314194328,0.11472513955573702,0.16055094164170272,-0.2157590431644776,0.16095725327528534,0.19210088695853822,0.30652430615736626,0.13695046845308304,0.35860433028234134,0.3070518519848899,-0.019521289300382175,0.13723323805409132,0.19107062819879014,0.16525449177694926,0.15398748053968653,0.12608731287574995,0.20907092361486676,0.08243582511828099,T1_low,-0.0,-0.0,T1_low,-0.0,-0.0
CHHATTISGARH,2020,2823.0,3594.0,2621265.0,40993071.0,160542.0,104647.0,106611.0,19248.6,29109.0,14.6660016832393,18.67148779651508,2.1296650665502947,0.1361795143542907,55152.0148407709,35950.04981277268,0.1625626906345489,0.0719771582045918,0.0361987517278431,0.0384928505880646,0.1172699244195704,0.0373458011579538,0.0799241232616165,11.576941974883646,58052733,100716908852.8911,24728887,27495707,5828139.0,3094859.0,0.1607835894558565,1.9943224775842523,3459.9920592562817,0.0324543626760492,1734.9210562212652,-1.8276959830680832,0.6903043824277543,8.149021573036501,26.7,56.3,41.5,29.6,44.5,20.8,10.8,12.9,36.9,41.5,69.3,40.7,80.3,31.0,26.5,51.3,9.7,2968.1224,7.9957,2466.0,4483.0,70.28,False,24.8945,11.643828610438623,-0.9606460829835032,-0.5774414165757067,-0.8080945774671091,1.0859712876041976,-0.810139649420612,-0.9668936444125765,-1.5428164240881415,-0.6893072678794604,-1.8049487084547438,-1.545471699219063,0.09825571788928082,-0.6907305207044565,-0.9617080845608107,-0.8317687666077734,-0.7750589734916922,-0.6346301851637757,-1.0523082452935915,-0.41492091286374894,-0.14002523244465462,0.134514691066812,0.08085636857918396,0.11315363104709691,-0.15206338197499863,0.1134399927227522,0.13538950730813026,0.21603322840237285,0.09652041041061125,0.2527383624520546,0.21640503391978463,-0.013758279736462957,0.09671970171825885,0.13466339808453107,0.11646861488445716,0.1085278129214896,0.0888642391939519,0.14734970665066177,0.05809939726989473,T1_low,-0.0,-0.0,T1_low,-0.0,-0.0
CHHATTISGARH,2021,2844.0,3829.0,3269960.0,42380082.0,173217.0,115659.0,106117.0,19650.0,29493.0,14.473282442748092,19.486005089058523,2.156747175572519,0.1664101781170483,58731.563421828905,39215.74610924626,0.1664328277826219,0.1104329158238601,0.0407590143297247,0.0430890019271842,0.138432871803241,0.0419240081284545,0.0965088636747865,11.572297537968923,137726923,244467951742.5121,56217444,57899892,23609587.0,4682835.0,0.238312213740458,4.669817346488998,8289.016096786088,0.0781120470498232,1775.019338394078,-1.4341736425590628,1.5411199588150508,9.02268655553512,26.7,56.3,41.5,29.6,44.5,20.8,10.8,12.9,36.9,41.5,69.3,40.7,80.3,31.0,26.5,51.3,9.7,2968.1224,7.9957,2466.0,4483.0,70.28,False,24.8945,11.643828610438623,-0.9606460829835032,-0.5774414165757067,-0.8080945774671091,1.0859712876041976,-0.810139649420612,-0.9668936444125765,-1.5428164240881415,-0.6893072678794604,-1.8049487084547438,-1.545471699219063,0.09825571788928082,-0.6907305207044565,-0.9617080845608107,-0.8317687666077734,-0.7750589734916922,-0.6346301851637757,-1.0523082452935915,-0.41492091286374894,-0.06249660816005312,0.06003712182870987,0.03608812994711794,0.050503170164225605,-0.06786952203446789,0.05063098022476279,0.060427573227298526,0.09642079351913091,0.043079366222539404,0.11280317218129007,0.09658673920854524,-0.006140649100411105,0.04316831469665588,0.06010349332515222,0.05198272668645669,0.048438556967243286,0.039662234008722444,0.06576569606970664,0.025931149708657262,T1_low,-0.0,-0.0,T1_low,-0.0,-0.0
CHHATTISGARH,2022,2897.0,4156.0,3314286.0,44757758.0,197250.0,138103.0,123493.0,20009.0,29836.0,14.478484681893148,20.770653206057275,2.236881303413464,0.1656397621070518,66111.40903606382,46287.37096125486,0.1778843016959412,0.1094528866859314,0.0501607679866925,0.0530416292025398,0.1436685941909363,0.0516011985946162,0.0920673955963201,11.723939753281844,347830466,558727312374.3186,136062854,152446822,59320790.0,6380734.0,0.3188931980608726,11.658079702372971,18726.6159128006,0.1516411125553723,1606.3207998988755,-1.1428990345731147,2.4559994763106565,9.837701101740844,26.7,56.3,41.5,29.6,44.5,20.8,10.8,12.9,36.9,41.5,69.3,40.7,80.3,31.0,26.5,51.3,9.7,2968.1224,7.9957,2466.0,4483.0,70.28,False,24.8945,11.643828610438623,-0.9606460829835032,-0.5774414165757067,-0.8080945774671091,1.0859712876041976,-0.810139649420612,-0.9668936444125765,-1.5428164240881415,-0.6893072678794604,-1.8049487084547438,-1.545471699219063,0.09825571788928082,-0.6907305207044565,-0.9617080845608107,-0.8317687666077734,-0.7750589734916922,-0.6346301851637757,-1.0523082452935915,-0.41492091286374894,0.01808437616036146,-0.017372685121651483,-0.010442667787927061,-0.014613886312063555,0.019639113264386387,-0.014650870162545706,-0.01748566837261981,-0.0279008725595937,-0.012465691922403203,-0.032641371393854174,-0.027948891553870536,0.0017768933622161111,-0.01249143056186173,-0.01739189075765841,-0.015042019253774873,-0.014016458023087382,-0.011476890991221563,-0.019030338144539225,-0.007503585865028596,T1_low,0.0,0.0,T1_low,0.0,0.0
CHHATTISGARH,2023,2979.0,4390.0,3583952.0,45493127.0,216407.0,165326.0,134996.0,20371.7,30180.0,14.623227320253095,21.5495024961098,2.2331531978185426,0.1759279785192203,71705.43406229292,54779.98674618953,0.1773515411216815,0.1225402988508053,0.0572874272688421,0.0649941636297937,0.1499459199862434,0.0611407954493179,0.0888051245369255,11.813000427351971,719754516,1016183070075.9812,259514284,376947206,83293026.0,8004123.0,0.3929040286279495,23.848724850894637,33670.74453532078,0.2494203127153454,1411.8467442529825,-0.9341898988995356,3.171730750533732,10.424384624631776,26.7,56.3,41.5,29.6,44.5,20.8,10.8,12.9,36.9,41.5,69.3,40.7,80.3,31.0,26.5,51.3,9.7,2968.1224,7.9957,2466.0,4483.0,70.28,False,24.8945,11.643828610438623,-0.9606460829835032,-0.5774414165757067,-0.8080945774671091,1.0859712876041976,-0.810139649420612,-0.9668936444125765,-1.5428164240881415,-0.6893072678794604,-1.8049487084547438,-1.545471699219063,0.09825571788928082,-0.6907305207044565,-0.9617080845608107,-0.8317687666077734,-0.7750589734916922,-0.6346301851637757,-1.0523082452935915,-0.41492091286374894,0.09209520672743837,-0.08847089960426964,-0.05317958663252457,-0.07442163716715537,0.10001275023197101,-0.0746099784914857,-0.08904627006562252,-0.14208599751888462,-0.06348189533408465,-0.16622712443756252,-0.14233053563098505,0.009048880651166182,-0.06361297009722808,-0.08856870485907664,-0.07660191651016933,-0.07137921638967357,-0.05844639809813041,-0.09691254539130123,-0.0382122272457244,T1_low,0.0,0.0,T1_low,0.0,0.0
DELHI,2019,3716.0,8080.0,5882615.0,50850314.0,1210108.0,1314165.0,338730.0,14289.6,19814.0,26.00492665994849,56.54461986339716,3.558554053297504,0.4116710754674728,610733.8245684869,663250.7318057939,0.3667564018239053,0.4224238696451076,0.7439972050283903,0.9213578226573368,0.3945901357345064,0.8326775138428636,-0.4380873781083572,12.732958608842678,81210271,108647790291.45103,26476060,48542988,6191223.0,5182927.0,0.362706233904378,4.098630816594327,5483.384995026297,0.0161880701296793,1337.8577482083645,-1.0141620453461448,1.4106529707653728,8.609477889066369,63.8,85.2,74.5,21.4,63.7,69.2,42.8,50.5,59.7,60.9,83.8,73.8,72.5,66.6,54.2,64.5,7.2,8187.1636,9.0103,6576.0,8217.0,86.21,False,98.1818,12.792638764687789,1.2568292852558902,1.5164327986604473,1.4102593030903896,-0.013084696071731785,2.365463430713635,2.4322326737263236,0.6324133588759069,1.4983290228534372,1.27205313810181,0.7493585846240687,-0.39460300649773383,1.0257635090461308,0.6081237039825159,0.7560821994120097,1.0989211193003603,2.9617899431492942,1.054548552489134,0.5612702558272413,0.06189741200386689,0.07779448008800939,0.09386326571486264,0.08729140111567203,-0.000809908823697361,0.14641606455096232,0.150548907894905,0.03914475023109134,0.09274268884491049,0.07873679717989952,0.04638335705111053,-0.024424904871154795,0.0634921065379606,0.037641283454723375,0.046799531405795014,0.06802037328108496,0.18332713238002135,0.06527382623150138,0.034741176270454525,T3_high,0.0,0.06189741200386689,T3_high,0.0,0.06189741200386689
DELHI,2020,3825.0,8559.0,6713375.0,53149594.0,1238245.0,1370412.0,355798.0,14682.4,20193.0,26.051599193592327,58.2942843131913,3.619952732523293,0.4572396202255762,613205.0710642302,678656.9603327886,0.3755305083426903,0.4803906058713634,0.7471455162523822,0.9430405976145771,0.4279605571070268,0.8450930569334797,-0.4171324998264528,12.782118433062603,226222870,330387808912.8812,78427269,122142106,25653495.0,7506500.0,0.5112583773769955,11.20303421977913,16361.501951809105,0.0459853679666808,1460.4527336819713,-0.6708801856919028,2.4161846540911687,9.702686412288092,63.8,85.2,74.5,21.4,63.7,69.2,42.8,50.5,59.7,60.9,83.8,73.8,72.5,66.6,54.2,64.5,7.2,8187.1636,9.0103,6576.0,8217.0,86.21,False,98.1818,12.792638764687789,1.2568292852558902,1.5164327986604473,1.4102593030903896,-0.013084696071731785,2.365463430713635,2.4322326737263236,0.6324133588759069,1.4983290228534372,1.27205313810181,0.7493585846240687,-0.39460300649773383,1.0257635090461308,0.6081237039825159,0.7560821994120097,1.0989211193003603,2.9617899431492942,1.054548552489134,0.5612702558272413,0.21044955547648442,0.2644991643919297,0.31913260838805235,0.2967884434419492,-0.0027536684718408562,0.4978107274895643,0.511862285001086,0.13309111025282502,0.31532267681702114,0.26770301745599295,0.15770218102662278,-0.08304402730713238,0.21587147450275704,0.12797936317783368,0.1591171627699401,0.23126746106048152,0.623307376950491,0.22192927409970836,0.11811907584101562,T3_high,0.0,0.21044955547648442,T3_high,0.0,0.21044955547648442
DELHI,2021,3747.0,8202.0,7113677.0,52543234.0,1400864.0,1353058.0,322311.0,15079.0,20571.0,24.849127926255058,54.393527422242855,3.484530406525632,0.4717605278864646,680989.7428418647,657750.2309075884,0.3561781390684988,0.4988623307994423,0.8335016297925436,0.9136164002242664,0.4275202349339706,0.8735590150084049,-0.4460387800744343,12.683272196913958,347718038,594187832026.6547,136175553,169847288,41695197.0,9968730.0,0.6611002055839247,16.903312332895823,28884.73248877812,0.0896175820520494,1708.820846465994,-0.4138498536701455,2.827509598753654,10.27106844692194,63.8,85.2,74.5,21.4,63.7,69.2,42.8,50.5,59.7,60.9,83.8,73.8,72.5,66.6,54.2,64.5,7.2,8187.1636,9.0103,6576.0,8217.0,86.21,False,98.1818,12.792638764687789,1.2568292852558902,1.5164327986604473,1.4102593030903896,-0.013084696071731785,2.365463430713635,2.4322326737263236,0.6324133588759069,1.4983290228534372,1.27205313810181,0.7493585846240687,-0.39460300649773383,1.0257635090461308,0.6081237039825159,0.7560821994120097,1.0989211193003603,2.9617899431492942,1.054548552489134,0.5612702558272413,0.36029138368341357,0.4528247622386804,0.5463576712922839,0.508104275662843,-0.004714303252761171,0.8522560925043301,0.8763124754568657,0.22785308412927568,0.5398350368568818,0.4583097852455295,0.26998744132925007,-0.14217206321670356,0.3695737540061842,0.21910173075854325,0.2724099018045516,0.3959318106316524,1.067107396796878,0.37994475713765097,0.2022208370923403,T3_high,0.0,0.36029138368341357,T3_high,0.0,0.36029138368341357
DELHI,2022,3712.0,7996.0,7372252.0,57770996.0,1489930.0,1425079.0,370824.0,15448.5,20965.0,24.02822280480305,51.7590704599152,3.739586108683691,0.4772147457681975,710674.9344145004,679741.9508704984,0.3926265761876205,0.5058005205298642,0.8713198814220188,0.9445676167431508,0.4492135483587424,0.9079437490825848,-0.4587302007238424,12.823482835498364,697547141,1179138455399.825,269537655,347027930,80981556.0,12414526.0,0.8036072110560896,33.27198383019318,56243.18890531004,0.1516708435951018,1690.406835743629,-0.2186446726419851,3.5047157164520693,10.937440226607327,63.8,85.2,74.5,21.4,63.7,69.2,42.8,50.5,59.7,60.9,83.8,73.8,72.5,66.6,54.2,64.5,7.2,8187.1636,9.0103,6576.0,8217.0,86.21,False,98.1818,12.792638764687789,1.2568292852558902,1.5164327986604473,1.4102593030903896,-0.013084696071731785,2.365463430713635,2.4322326737263236,0.6324133588759069,1.4983290228534372,1.27205313810181,0.7493585846240687,-0.39460300649773383,1.0257635090461308,0.6081237039825159,0.7560821994120097,1.0989211193003603,2.9617899431492942,1.054548552489134,0.5612702558272413,0.5027983891555785,0.6319317400702187,0.7624599684291586,0.7090761058855166,-0.006578964107457067,1.189351202569244,1.2229226704011613,0.31797641812327476,0.7533574191157602,0.6395862687578887,0.376776289248886,-0.19840575602300886,0.5157522400029683,0.30576361876973285,0.3801569119335654,0.5525357685932665,1.4891832124326576,0.5302253134778836,0.2822057805108764,T3_high,0.0,0.5027983891555785,T3_high,0.0,0.5027983891555785
DELHI,2023,3775.0,7887.0,8354710.0,126406800.0,1658866.0,1535986.0,417217.0,15821.0,21359.0,23.86069148599962,49.85146324505404,7.989811010682005,0.5280772391125719,776659.0196170233,719128.2363406527,1.0,0.5705015714665137,0.9553820890592452,1.0,0.7852507857332569,0.9776910445296224,-0.1924402587963656,12.941361749121343,1390114904,2117683265358.796,467613563,807917435,114583906.0,14595060.0,0.9225118513368308,65.08333274029683,99147.1166889272,0.2376392061898896,1523.387210125758,-0.0806550561723821,4.175668490939729,11.50436005323188,63.8,85.2,74.5,21.4,63.7,69.2,42.8,50.5,59.7,60.9,83.8,73.8,72.5,66.6,54.2,64.5,7.2,8187.1636,9.0103,6576.0,8217.0,86.21,False,98.1818,12.792638764687789,1.2568292852558902,1.5164327986604473,1.4102593030903896,-0.013084696071731785,2.365463430713635,2.4322326737263236,0.6324133588759069,1.4983290228534372,1.27205313810181,0.7493585846240687,-0.39460300649773383,1.0257635090461308,0.6081237039825159,0.7560821994120097,1.0989211193003603,2.9617899431492942,1.054548552489134,0.5612702558272413,0.6217030294363197,0.7813745741278714,0.9427708648637968,0.8767624810220482,-0.008134795187049163,1.470615780895497,1.5121264215496553,0.39317330106914977,0.9315156926003426,0.7908392895618725,0.46587850219489624,-0.2453258845643209,0.6377202810592093,0.3780723490379659,0.470058593877322,0.6832025889805853,1.8413537802099413,0.6556160297701804,0.34894341838029413,T3_high,0.0,0.6217030294363197,T3_high,0.0,0.6217030294363197
GOA,2019,697.0,1008.0,439323.0,5782595.0,71135.0,19416.0,423716.0,1045.3,1540.0,66.67942217545203,96.43164641729648,5.531995599349469,0.4202841289581938,461915.5844155844,126077.92207792208,0.6487687602653676,0.4333803441704538,0.5544061882620992,0.1653391042494296,0.5410745522179107,0.3598726462557644,0.1812019059621462,12.956818698469515,2082749,4317080588.455332,969161,1069226,44362.0,248825.0,0.2380417105137281,1.3524344155844157,2803.299083412553,0.0066159859042673,2072.7800558086124,-1.4353093664065342,0.3019062393127909,7.93855224665441,73.7,82.9,78.3,9.2,78.1,68.3,,,71.5,76.6,89.0,91.2,88.3,80.9,58.2,82.8,10.3,8120.2449,9.0021,7367.0,8734.0,88.7,False,55.102,13.02407016199534,1.8485545182901222,1.3497922901814459,1.6657061135788287,-1.6482655498334797,,,1.7758876254491534,1.939035193226661,1.2471848006863113,1.6711583896509454,0.21654181174216466,1.9141244542679257,1.8785545844015996,1.3255184079156563,1.39184079482153,0.8477393526144895,1.358787801266423,1.91462619423975,-0.06276711138678301,-0.1160284273540571,-0.08472256302683974,-0.10455156116864776,0.10345686736139516,,,-0.11146733639697659,-0.12170763795615014,-0.07828218730458048,-0.10489378478817782,-0.013591704017516247,-0.12014406282920014,-0.11791144484528707,-0.08319896155487327,-0.08736182620123156,-0.05321015037251298,-0.08528718527309155,-0.12017555559789883,T3_high,-0.0,-0.06276711138678301,T3_high,-0.0,-0.06276711138678301
GOA,2020,697.0,1001.0,491872.0,5976224.0,76533.0,20146.0,435949.0,1060.6,1549.0,65.71751838581935,94.38053931736754,5.6347576843296245,0.4637676786724495,494080.05164622335,130058.10200129116,0.6634538559559865,0.4886948043940121,0.5953829800837028,0.1709408221141569,0.5760743301749993,0.3831619010989299,0.1929124290760694,12.985280543012294,6628530,13255529063.79043,3214179,2815876,598475.0,410941.0,0.3874608712049783,4.279231762427372,8557.475186436688,0.0196295327812122,1999.76903835246,-0.9481404128228498,1.4537734987226332,9.054560470772522,73.7,82.9,78.3,9.2,78.1,68.3,,,71.5,76.6,89.0,91.2,88.3,80.9,58.2,82.8,10.3,8120.2449,9.0021,7367.0,8734.0,88.7,False,55.102,13.02407016199534,1.8485545182901222,1.3497922901814459,1.6657061135788287,-1.6482655498334797,,,1.7758876254491534,1.939035193226661,1.2471848006863113,1.6711583896509454,0.21654181174216466,1.9141244542679257,1.8785545844015996,1.3255184079156563,1.39184079482153,0.8477393526144895,1.358787801266423,1.91462619423975,0.08665204930446718,0.16018103726087124,0.11696226807959233,0.14433684828058507,-0.1428255876910254,,,0.15388430207961318,0.16802137316657367,0.10807111884085233,0.1448092991756077,0.018763791747560703,0.16586280658611063,0.16278060446870027,0.11485888643668629,0.120605857176844,0.07345835218008784,0.11774174754964664,0.16590628338288718,T3_high,0.0,0.08665204930446718,T3_high,0.0,0.08665204930446718
GOA,2021,687.0,989.0,529515.0,5868775.0,85771.0,22166.0,423047.0,1076.7,1559.0,63.80607411535247,91.85474133927742,5.450705860499675,0.4917943716912789,550166.7735728031,142180.8851828095,0.6371521451110025,0.5243469396583893,0.6668361744382599,0.1880024656643422,0.5807495423846959,0.427419320051301,0.1533302223333948,12.955238562967144,14189295,25224579440.47266,5747525,6298227,2143543.0,596406.0,0.553920312064642,9.101536241180243,16179.973983625823,0.0382462799254594,1777.7190086239425,-0.59073444361952,2.2084432169868125,9.691529582677065,73.7,82.9,78.3,9.2,78.1,68.3,,,71.5,76.6,89.0,91.2,88.3,80.9,58.2,82.8,10.3,8120.2449,9.0021,7367.0,8734.0,88.7,False,55.102,13.02407016199534,1.8485545182901222,1.3497922901814459,1.6657061135788287,-1.6482655498334797,,,1.7758876254491534,1.939035193226661,1.2471848006863113,1.6711583896509454,0.21654181174216466,1.9141244542679257,1.8785545844015996,1.3255184079156563,1.39184079482153,0.8477393526144895,1.358787801266423,1.91462619423975,0.25311149016413087,0.4678903887740499,0.3416479379798807,0.42160935658344034,-0.41719494950455255,,,0.4494975632414751,0.4907920872382936,0.3156768034117668,0.42298939030484006,0.05480922065289999,0.48448689297935843,0.47548375021254846,0.33550393946751805,0.35229089764850574,0.21457257081102904,0.3439248051953872,0.4846138891313018,T3_high,0.0,0.25311149016413087,T3_high,0.0,0.25311149016413087
GOA,2022,663.0,1027.0,545107.0,6013367.0,92900.0,24092.0,459094.0,1090.0,1567.0,60.825688073394495,94.22018348623853,5.516850458715596,0.5000981651376146,592852.5845564774,153746.01148691768,0.6466044616381137,0.5349100113328574,0.7212169163256358,0.2042792611542085,0.5907572364854856,0.4627480887399221,0.1280091477455635,13.037010261103775,38155824,61083005672.85698,14620846,18413048,5121930.0,759279.0,0.6965862385321101,24.34960051052968,38980.858757407135,0.0849082295943905,1600.8828867870077,-0.361563676439013,3.192515443255605,10.57082600353738,73.7,82.9,78.3,9.2,78.1,68.3,,,71.5,76.6,89.0,91.2,88.3,80.9,58.2,82.8,10.3,8120.2449,9.0021,7367.0,8734.0,88.7,False,55.102,13.02407016199534,1.8485545182901222,1.3497922901814459,1.6657061135788287,-1.6482655498334797,,,1.7758876254491534,1.939035193226661,1.2471848006863113,1.6711583896509454,0.21654181174216466,1.9141244542679257,1.8785545844015996,1.3255184079156563,1.39184079482153,0.8477393526144895,1.358787801266423,1.91462619423975,0.395777416631599,0.7316161317515345,0.5342173055972622,0.6592488624996896,-0.6523462812359567,,,0.7028562166282906,0.7674263395330012,0.493607578477824,0.6614067502382742,0.08570235884403998,0.7575672316215288,0.7434894804159122,0.5246102511824885,0.5508591541369365,0.3355160909547068,0.5377775257357554,0.7577658089713983,T3_high,0.0,0.395777416631599,T3_high,0.0,0.395777416631599
GOA,2023,668.0,1038.0,576839.0,6320770.0,102038.0,27004.0,532854.0,1103.3,1575.0,60.54563581981329,94.08139218707514,5.728967642526965,0.5228305991117557,647860.3174603175,171453.96825396825,0.6769168199606997,0.5638274369595663,0.7912955034701447,0.2292014957465183,0.620372128460133,0.5102484996083315,0.1101236288518014,13.186002744423966,81550319,119463175405.89644,27552244,46985750,7012325.0,904953.0,0.8202238738330463,51.77798031746032,75849.63517834694,0.1423459994263849,1464.9013869080811,-0.1981779591165931,3.946964968492383,11.23650817498722,73.7,82.9,78.3,9.2,78.1,68.3,,,71.5,76.6,89.0,91.2,88.3,80.9,58.2,82.8,10.3,8120.2449,9.0021,7367.0,8734.0,88.7,False,55.102,13.02407016199534,1.8485545182901222,1.3497922901814459,1.6657061135788287,-1.6482655498334797,,,1.7758876254491534,1.939035193226661,1.2471848006863113,1.6711583896509454,0.21654181174216466,1.9141244542679257,1.8785545844015996,1.3255184079156563,1.39184079482153,0.8477393526144895,1.358787801266423,1.91462619423975,0.5194150519325351,0.9601670411177863,0.7011024325027312,0.8651928274888886,-0.8561339361653654,,,0.9224227631990185,1.0071640655888394,0.6478065580179488,0.8680248217480376,0.1124750763916217,0.99422505281891,0.9757495270150588,0.688494212685042,0.722943058724046,0.44032857986350876,0.7057748363600943,0.9944856641124318,T3_high,0.0,0.5194150519325351,T3_high,0.0,0.5194150519325351
GUJARAT,2019,8150.0,11476.0,9404949.0,98768872.0,674922.0,591533.0,197457.0,46986.9,67936.0,17.345260061847025,24.42382876929527,2.1020512525831667,0.2001610874520345,99346.73810645314,87072.09726801695,0.1586165708125492,0.1533666998453372,0.0925018131740521,0.1104421825341127,0.1559916353289432,0.1014719978540824,0.0545196374748608,12.193276118099556,63581519,95224986625.66844,28708832,31867199,3005488.0,6920980.0,0.1472959484452049,0.9359031882948656,1401.686684904446,0.0070986933099583,1497.6834168694277,-1.9153114613554807,-0.0662432391628358,7.245431565376156,30.8,58.9,44.85,28.1,48.9,17.5,22.2,25.1,33.8,45.6,72.9,48.8,70.0,47.9,33.0,48.6,0.9,4993.7293,8.5159,3798.0,6621.0,78.03,False,42.3567,12.322371829710574,-0.7155881581915485,-0.3890651895994436,-0.5828980471680902,0.8849244613220154,0.3211689478772135,0.1360143630686624,-1.0105094379247341,0.6028172540179126,-0.22732564460818516,-0.4560719296418459,-1.636606991953011,-0.9241134808898435,-0.6299395106934065,-0.43754369918217123,0.1366388117649565,0.22229055778389029,-0.5579194660304971,-0.6145963791869057,-0.1535128734553062,0.10985199437457482,0.0597265152168441,0.08948235415226015,-0.13584729684843155,-0.04930356805324851,-0.020879955705863647,0.15512620746953232,-0.092540208832727,0.034897412913882236,0.07001291242162601,0.25124024205175194,0.14186331585018508,0.09670382438957442,0.06716859052371922,-0.020975816619557174,-0.03412446226738778,0.08564782038699172,0.09434845618420884,T1_low,-0.0,-0.0,T3_high,-0.0,-0.1535128734553062
GUJARAT,2020,8626.0,12111.0,11538101.0,103155310.0,738912.0,611499.0,212428.0,47943.2,68862.0,17.992124013415875,25.261142351782944,2.151615036126082,0.2406618874000901,107303.30225668728,88800.64476779646,0.1656994253912334,0.2048868701734408,0.1026382929876772,0.1128749457749635,0.1852931477823371,0.1077566193813203,0.0775365284010167,12.266358386403535,153082679,259251072361.4629,61283830,77563492,14235357.0,10722212.0,0.2236440621401992,2.2230356219685747,3764.79150128464,0.0177226707462511,1693.5362906829118,-1.4976994992424555,0.7988736591310337,8.233447760555718,30.8,58.9,44.85,28.1,48.9,17.5,22.2,25.1,33.8,45.6,72.9,48.8,70.0,47.9,33.0,48.6,0.9,4993.7293,8.5159,3798.0,6621.0,78.03,False,42.3567,12.322371829710574,-0.7155881581915485,-0.3890651895994436,-0.5828980471680902,0.8849244613220154,0.3211689478772135,0.1360143630686624,-1.0105094379247341,0.6028172540179126,-0.22732564460818516,-0.4560719296418459,-1.636606991953011,-0.9241134808898435,-0.6299395106934065,-0.43754369918217123,0.1366388117649565,0.22229055778389029,-0.5579194660304971,-0.6145963791869057,-0.07716475976031192,0.05521818831417493,0.030022121886541273,0.04497918777448065,-0.06828498346393676,-0.024782924705417323,-0.010495515650145178,0.07797571801298994,-0.04651624858566316,0.017541528753548655,0.03519268088423492,0.12628838535610085,0.07130899474413037,0.048609131006185156,0.03376295443203043,-0.010543701083777352,-0.017152997488379628,0.04305172156184482,0.04742518194951515,T1_low,-0.0,-0.0,T3_high,-0.0,-0.07716475976031192
GUJARAT,2021,8582.0,12283.0,12769737.0,105125462.0,830161.0,659772.0,207324.0,48908.0,69788.0,17.5472315367629,25.114500695182794,2.149453300073608,0.2610971006788256,118954.6913509486,94539.46237175446,0.165390505026348,0.2308820522479153,0.1174818948395138,0.1209517758965755,0.1981362786371316,0.1192168353680446,0.078919443269087,12.242038065962785,273898749,502651740461.2488,101172999,123999143,48726607.0,15212633.0,0.3110459025108367,3.9247255831948182,7202.552594446735,0.0347405635355614,1835.1735533529168,-1.167814781196327,1.3672964336805962,8.882190769180788,30.8,58.9,44.85,28.1,48.9,17.5,22.2,25.1,33.8,45.6,72.9,48.8,70.0,47.9,33.0,48.6,0.9,4993.7293,8.5159,3798.0,6621.0,78.03,False,42.3567,12.322371829710574,-0.7155881581915485,-0.3890651895994436,-0.5828980471680902,0.8849244613220154,0.3211689478772135,0.1360143630686624,-1.0105094379247341,0.6028172540179126,-0.22732564460818516,-0.4560719296418459,-1.636606991953011,-0.9241134808898435,-0.6299395106934065,-0.43754369918217123,0.1366388117649565,0.22229055778389029,-0.5579194660304971,-0.6145963791869057,0.010237080610325577,-0.007325533659201294,-0.003982891708601108,-0.0059671742964611,0.00905904304460241,0.0032878324089524883,0.0013923899988959871,-0.010344666573530293,0.0061710888226764815,-0.0023271509486482156,-0.004668845107850312,-0.01675407770404544,-0.009460224196957892,-0.006448741550597453,-0.004479170119067932,0.0013987825305369628,0.0022756063589479208,-0.0057114665478240016,-0.0062916726765505785,T1_low,0.0,0.0,T3_high,0.0,0.010237080610325577
GUJARAT,2022,8599.0,13570.0,14327974.0,108522063.0,928468.0,758868.0,241584.0,49774.1,70648.0,17.27605320839553,27.263175024761875,2.1802918184356925,0.2878600316228721,131421.6962971351,107415.3549994338,0.1697974474622821,0.2649265837753167,0.1333645725364774,0.1390733480730737,0.2173620156187994,0.1362189603047756,0.0811430553140238,12.39497251768425,613091145,1135875409592.921,224890114,273262841,114938190.0,19483483.0,0.3914381776867889,8.67811042067716,16077.95563346338,0.0665522370416227,1852.7023573190263,-0.937927687420881,2.160803811503223,9.68520439742791,30.8,58.9,44.85,28.1,48.9,17.5,22.2,25.1,33.8,45.6,72.9,48.8,70.0,47.9,33.0,48.6,0.9,4993.7293,8.5159,3798.0,6621.0,78.03,False,42.3567,12.322371829710574,-0.7155881581915485,-0.3890651895994436,-0.5828980471680902,0.8849244613220154,0.3211689478772135,0.1360143630686624,-1.0105094379247341,0.6028172540179126,-0.22732564460818516,-0.4560719296418459,-1.636606991953011,-0.9241134808898435,-0.6299395106934065,-0.43754369918217123,0.1366388117649565,0.22229055778389029,-0.5579194660304971,-0.6145963791869057,0.09062935578627779,-0.06485329378518909,-0.0352607274922636,-0.05282767450392338,0.08020013384913315,0.02910733484466849,0.012326894102593767,-0.09158181937507232,0.0546329393884964,-0.020602376724540152,-0.0413335051756451,-0.1483246373560193,-0.08375180944646124,-0.05709101203846648,-0.0396543035852251,0.012383487485660483,0.020146050049326333,-0.05056388178696805,-0.055700473914288166,T1_low,0.0,0.0,T3_high,0.0,0.09062935578627779
GUJARAT,2023,8862.0,14297.0,15470786.0,115748971.0,1027453.0,828364.0,272451.0,50645.8,71507.0,17.497995885147436,28.22938920897685,2.285460413301794,0.3054702660437786,143685.65315283815,115843.76354762472,0.1848264426364736,0.2873281728314975,0.1489885716340458,0.1509355170314198,0.2360773077339856,0.1499620443327328,0.0861152634012527,12.515214060402746,1239112850,2068555140371.5952,412486880,668000128,158625842.0,23551635.0,0.4650264187751008,17.32855314864279,28928.00901130792,0.1061769235984008,1669.3839793297238,-0.765661060438558,2.852355611993059,10.27256557470001,30.8,58.9,44.85,28.1,48.9,17.5,22.2,25.1,33.8,45.6,72.9,48.8,70.0,47.9,33.0,48.6,0.9,4993.7293,8.5159,3798.0,6621.0,78.03,False,42.3567,12.322371829710574,-0.7155881581915485,-0.3890651895994436,-0.5828980471680902,0.8849244613220154,0.3211689478772135,0.1360143630686624,-1.0105094379247341,0.6028172540179126,-0.22732564460818516,-0.4560719296418459,-1.636606991953011,-0.9241134808898435,-0.6299395106934065,-0.43754369918217123,0.1366388117649565,0.22229055778389029,-0.5579194660304971,-0.6145963791869057,0.1642175968745897,-0.11751216769012984,-0.06389135046357723,-0.09572211652883501,0.14532016845384216,0.052741592811136356,0.022335951843563684,-0.16594343151509222,0.09899320080936072,-0.0373308710655232,-0.07489503628774088,-0.26875966724667444,-0.15175569507114217,-0.10344715262242611,-0.07185237480731453,0.022438497307840574,0.03650402120718258,-0.09162019396108252,-0.10092754043789774,T1_low,0.0,0.0,T3_high,0.0,0.1642175968745897
HARYANA,2019,5008.0,6433.0,5471358.0,51270033.0,409974.0,278875.0,223022.0,19709.4,28672.0,25.40919561224593,32.639248277471665,2.6012985174586745,0.2776014490547657,142987.58370535713,97263.88113839286,0.2299609178972963,0.2518768681669431,0.1480992472059016,0.1247861315211721,0.2409188930321197,0.1364426893635368,0.1044762036685828,12.31502570028472,56065374,96628625080.15952,27294770,26761469,2009135.0,4759566.0,0.2414871076745106,1.9554050641741072,3370.138988565832,0.0151112400954427,1723.4991615352376,-1.4209391916850622,0.6705973659265768,8.122709265393816,48.4,72.4,60.4,24.0,60.2,42.8,24.3,30.9,49.5,62.2,73.8,50.4,73.6,50.5,45.8,45.6,-0.1,5841.2529,8.6727,4859.0,7911.0,75.55,False,32.1839,12.41185666861365,0.33636781164708546,0.5890421427773069,0.4624171904885492,0.3353964694840508,0.5295679000110236,0.6603476781007265,-0.905362378929493,0.7732198922002843,0.2482054903613288,-0.2884719650915047,-1.8337504817078172,0.2578582852103417,0.7133186176477907,-0.3389874323257718,-0.15510447951717155,-0.27691820937362793,0.41564613005682705,-0.836458008434858,-0.05932171422600052,-0.019953915197353574,-0.0349429896609064,-0.02743138042735176,-0.019896293515142365,-0.03141487562771716,-0.03917295625009428,0.05370764831382738,-0.0458687294789642,-0.014723975168539074,0.01711265147537104,0.10878122203766193,-0.015296595506054427,-0.042315283188187974,0.020109315586635125,0.009201063609090203,0.016427262880438134,-0.02465684094637414,0.049620122938422176,T2_mid,-0.05932171422600052,-0.0,T3_high,-0.0,-0.05932171422600052
HARYANA,2020,5224.0,6968.0,7052823.0,54161437.0,475352.0,308058.0,232530.0,20142.7,29077.0,25.934954102478816,34.593177677272664,2.688886643796512,0.350142880547295,163480.41407297863,105945.59273652716,0.2424775967568341,0.3441552160300201,0.1742066419837501,0.1370047999964689,0.2933164063934271,0.1556057209901095,0.1377106854033175,12.356774527943667,160512982,290656200867.4215,67908289,80232318,12372375.0,7305629.0,0.3626936309432201,5.520273136843553,9996.086283571947,0.0429883726124454,1810.7955957569927,-1.0141967929709237,1.708427340377082,9.209948923727508,48.4,72.4,60.4,24.0,60.2,42.8,24.3,30.9,49.5,62.2,73.8,50.4,73.6,50.5,45.8,45.6,-0.1,5841.2529,8.6727,4859.0,7911.0,75.55,False,32.1839,12.41185666861365,0.33636781164708546,0.5890421427773069,0.4624171904885492,0.3353964694840508,0.5295679000110236,0.6603476781007265,-0.905362378929493,0.7732198922002843,0.2482054903613288,-0.2884719650915047,-1.8337504817078172,0.2578582852103417,0.7133186176477907,-0.3389874323257718,-0.15510447951717155,-0.27691820937362793,0.41564613005682705,-0.836458008434858,0.06188480904270899,0.02081605779189379,0.036452760523881765,0.028616599531449852,0.020755946467619253,0.0327722083673306,0.04086548996105972,-0.05602817793450441,0.04785056537683862,0.015360149374362779,-0.017852032473862783,-0.11348129839246389,0.015957510740322388,0.04414358643974267,-0.02097817251735862,-0.00959861109658893,-0.017137030507535872,0.025722181387907727,-0.051764044124235846,T2_mid,0.06188480904270899,0.0,T3_high,0.0,0.06188480904270899
HARYANA,2021,5225.0,6963.0,7643585.0,54791434.0,538565.0,321936.0,225137.0,20581.0,29483.0,25.387493319080704,33.83217530732229,2.6622338078810555,0.3713903600408143,182669.67404945224,109193.77268256283,0.2386688043805368,0.3711836639607518,0.1986533180511083,0.1415762987683524,0.3049262341706443,0.1701148084097303,0.1348114257609139,12.32446438477782,310989848,588403258619.7633,129734133,144201675,37054040.0,10053988.0,0.4885082357514212,10.548107316080452,19957.37403316363,0.0886454649087605,1892.0336544868928,-0.7163989483754559,2.3559464425083454,9.90135397974574,48.4,72.4,60.4,24.0,60.2,42.8,24.3,30.9,49.5,62.2,73.8,50.4,73.6,50.5,45.8,45.6,-0.1,5841.2529,8.6727,4859.0,7911.0,75.55,False,32.1839,12.41185666861365,0.33636781164708546,0.5890421427773069,0.4624171904885492,0.3353964694840508,0.5295679000110236,0.6603476781007265,-0.905362378929493,0.7732198922002843,0.2482054903613288,-0.2884719650915047,-1.8337504817078172,0.2578582852103417,0.7133186176477907,-0.3389874323257718,-0.15510447951717155,-0.27691820937362793,0.41564613005682705,-0.836458008434858,0.1876994138509101,0.06313604108447127,0.11056286493278461,0.08679543560928532,0.06295372072982099,0.0993995844263265,0.12394687211731582,-0.1699359878477314,0.14513292054385726,0.046588025055399135,-0.05414601876009563,-0.34419389056538136,0.04839984899058194,0.13388948642143178,-0.06362774235037241,-0.029113019891023592,-0.05197738558407356,0.07801653498106559,-0.15700267789412245,T2_mid,0.1876994138509101,0.0,T3_high,0.0,0.1876994138509101
HARYANA,2022,5190.0,7075.0,8122278.0,60376428.0,614014.0,372955.0,265163.0,20968.5,29846.0,24.75141283353602,33.74108782220951,2.879387080620931,0.3873561771228271,205727.4006567044,124959.79360718354,0.2697008391074685,0.3914934261518103,0.2280283316737435,0.1637654466886693,0.3305971326296394,0.1958968891812064,0.134700243448433,12.488100010214994,683415412,1203927461067.9343,270689657,326511490,86214265.0,12718254.0,0.6065409542885757,22.8980570930778,40337.98368518175,0.1521252349882214,1761.633466158844,-0.499983027257709,3.1310520638637755,10.60504882724418,48.4,72.4,60.4,24.0,60.2,42.8,24.3,30.9,49.5,62.2,73.8,50.4,73.6,50.5,45.8,45.6,-0.1,5841.2529,8.6727,4859.0,7911.0,75.55,False,32.1839,12.41185666861365,0.33636781164708546,0.5890421427773069,0.4624171904885492,0.3353964694840508,0.5295679000110236,0.6603476781007265,-0.905362378929493,0.7732198922002843,0.2482054903613288,-0.2884719650915047,-1.8337504817078172,0.2578582852103417,0.7133186176477907,-0.3389874323257718,-0.15510447951717155,-0.27691820937362793,0.41564613005682705,-0.836458008434858,0.30573213238806457,0.1028384483215703,0.18008911037774084,0.14137579370096198,0.10254147781078728,0.1619059233146396,0.20188950374324235,-0.27679837069404484,0.23639816644726233,0.07588439383859426,-0.08819514902160105,-0.5606364450401715,0.0788355633912875,0.21808442204556555,-0.10363935053771293,-0.04742042326572574,-0.0846627946488838,0.12707637766112054,-0.2557320905718628,T2_mid,0.30573213238806457,0.0,T3_high,0.0,0.30573213238806457
HARYANA,2023,5326.0,7263.0,9017016.0,66351754.0,702370.0,453537.0,289213.0,21359.3,30209.0,24.935274096061203,34.003923349547975,3.1064573277214143,0.4221587786116586,232503.5585421563,150133.07292528715,0.3021500474687719,0.4357650444621985,0.2621405412616389,0.1991943999483069,0.3689575459654852,0.2306674706049729,0.1382900753605123,12.57491871984705,1326036215,2086557819907.584,456564804,746864612,122606799.0,15150515.0,0.7093170188161597,43.89540252904764,69070.73454624727,0.238823063092763,1573.5300411139856,-0.3434527172424594,3.781809588607173,11.14288639683532,48.4,72.4,60.4,24.0,60.2,42.8,24.3,30.9,49.5,62.2,73.8,50.4,73.6,50.5,45.8,45.6,-0.1,5841.2529,8.6727,4859.0,7911.0,75.55,False,32.1839,12.41185666861365,0.33636781164708546,0.5890421427773069,0.4624171904885492,0.3353964694840508,0.5295679000110236,0.6603476781007265,-0.905362378929493,0.7732198922002843,0.2482054903613288,-0.2884719650915047,-1.8337504817078172,0.2578582852103417,0.7133186176477907,-0.3389874323257718,-0.15510447951717155,-0.27691820937362793,0.41564613005682705,-0.836458008434858,0.4085081969156486,0.1374090082364134,0.2406285436532877,0.18890121270927723,0.13701220700080394,0.21633282797790973,0.26975743931836293,-0.3698479529717494,0.3158666639820503,0.10139397733207083,-0.11784316232024451,-0.7491021028756625,0.10533722315103775,0.2913965023216619,-0.13847914475646647,-0.0633614512610999,-0.11312335840433081,0.1697948511444816,-0.3416999528213782,T2_mid,0.4085081969156486,0.0,T3_high,0.0,0.4085081969156486
HIMACHAL PRADESH,2019,1635.0,1829.0,939105.0,13464595.0,95529.0,30332.0,174804.0,5366.8,7300.0,30.465081612879185,34.07989863605873,2.508868413207125,0.1749841618841768,130861.64383561644,41550.68493150685,0.2167523018411898,0.1213396906194049,0.1326510785755712,0.0463752022411215,0.1690459962302974,0.0895131404083463,0.079532855821951,12.071420625236948,5537320,9182031566.192154,2394091,2976831,166398.0,664582.0,0.1238320787061191,0.7585369863013699,1257.8125433139935,0.0071955592738952,1658.2085857765403,-2.0888288351228765,-0.2763637189547521,7.137129414482953,49.7,67.9,58.8,18.2,78.9,45.2,24.6,33.5,65.9,71.3,81.0,79.5,83.1,73.9,59.4,68.8,5.6,5896.6973,8.6821,5561.0,8075.0,82.8,False,13.3531,12.14418585750308,0.414069104873803,0.2630063653183902,0.3548606387039431,-0.4419845921403869,0.5593391788872822,0.8953936469082038,1.0069997565464532,0.2635043589683338,0.27671309666689725,1.2199277158615656,-0.7100325901054234,1.4925294294169047,1.4496830133047116,0.4494627025254312,0.6977740937874354,-1.2010001192302848,1.4500595758996093,0.8792719244159727,-0.176976743194392,-0.0732806016379828,-0.04654600997344319,-0.06280208012570565,0.07822099365910734,-0.09899002622049663,-0.1584638515067633,-0.1782155373111369,-0.04663414326774169,-0.04897178264734244,-0.2158988340857535,0.1256592553587365,-0.26414299753998793,-0.2565601783589003,-0.07954444528030064,-0.12348978660391854,0.21254908967745229,-0.25662682118055413,-0.15561068156540445,T3_high,-0.0,-0.176976743194392,T2_mid,-0.176976743194392,-0.0
HIMACHAL PRADESH,2020,1652.0,1855.0,1002960.0,14095312.0,103545.0,32327.0,186559.0,5444.6,7347.0,30.341990228850605,34.070455129853435,2.588860889688866,0.1842118796605811,140935.07554103716,44000.27221995373,0.2281835332325223,0.1330780659648243,0.1454843989897507,0.0498227591704793,0.1806307995986733,0.097653579080115,0.0829772205185583,12.136502821924068,13223599,24381652096.814342,5320058,6480425,1423116.0,1132310.0,0.2079693641406164,1.799863753913162,3318.5861027377628,0.0177883999310553,1843.7985072607196,-1.5703644979142282,0.5877109697668489,8.107294098531666,49.7,67.9,58.8,18.2,78.9,45.2,24.6,33.5,65.9,71.3,81.0,79.5,83.1,73.9,59.4,68.8,5.6,5896.6973,8.6821,5561.0,8075.0,82.8,False,13.3531,12.14418585750308,0.414069104873803,0.2630063653183902,0.3548606387039431,-0.4419845921403869,0.5593391788872822,0.8953936469082038,1.0069997565464532,0.2635043589683338,0.27671309666689725,1.2199277158615656,-0.7100325901054234,1.4925294294169047,1.4496830133047116,0.4494627025254312,0.6977740937874354,-1.2010001192302848,1.4500595758996093,0.8792719244159727,-0.09283945775989472,-0.03844195117160885,-0.024417368343560127,-0.03294506927760398,0.04103360987254174,-0.05192874607176003,-0.08312786066061227,-0.09348931136211872,-0.02446360180398876,-0.02568989384961607,-0.11325742764685466,0.0659190406572411,-0.13856562291775049,-0.13458778487893966,-0.04172787358575789,-0.06478096850612743,0.11150019983890855,-0.13462274474606262,-0.08163112868627803,T3_high,-0.0,-0.09283945775989472,T2_mid,-0.09283945775989472,-0.0
HIMACHAL PRADESH,2021,1683.0,1929.0,1134908.0,13811004.0,112344.0,35899.0,173565.0,5523.0,7394.0,30.47256925583922,34.92667028788702,2.5006344378055405,0.2054875973202969,151939.4103327022,48551.52826616175,0.2155756352067027,0.1601424350411646,0.1595036685352369,0.0562282113841599,0.1878590351239337,0.1078659399596984,0.0799930951642352,12.064307447978548,26791652,48344454803.5383,9235727,11283234,6272691.0,1638990.0,0.2967571971754481,3.623431430889911,6538.335786250785,0.0376708194984633,1804.4596430088857,-1.21484099245724,1.2874214859411803,8.785437945134909,49.7,67.9,58.8,18.2,78.9,45.2,24.6,33.5,65.9,71.3,81.0,79.5,83.1,73.9,59.4,68.8,5.6,5896.6973,8.6821,5561.0,8075.0,82.8,False,13.3531,12.14418585750308,0.414069104873803,0.2630063653183902,0.3548606387039431,-0.4419845921403869,0.5593391788872822,0.8953936469082038,1.0069997565464532,0.2635043589683338,0.27671309666689725,1.2199277158615656,-0.7100325901054234,1.4925294294169047,1.4496830133047116,0.4494627025254312,0.6977740937874354,-1.2010001192302848,1.4500595758996093,0.8792719244159727,-0.004051624725063041,-0.0016776526231914216,-0.0010656030925729526,-0.0014377621377245585,0.0017907557016128954,-0.002266232446876172,-0.003627799038477645,-0.004079985111756073,-0.0010676207759579882,-0.0011211376242043602,-0.004942689296374399,0.002876785597671685,-0.006047169139109764,-0.005873571540209263,-0.0018210541985456915,-0.0028271187708976304,0.004866001777877082,-0.005875097230529284,-0.0035624798690175163,T3_high,-0.0,-0.004051624725063041,T2_mid,-0.004051624725063041,-0.0
HIMACHAL PRADESH,2022,1674.0,2178.0,1205487.0,15319423.0,123672.0,40942.0,193016.0,5587.9,7431.0,29.957586928899943,38.97707546663326,2.741534923674368,0.2157316702160024,166427.12959224868,55096.21854393756,0.25000123768045,0.1731736932167354,0.1779606898131386,0.0654392292662588,0.2115874654485927,0.1216999595396987,0.0898875059088939,12.170528366005282,53985001,90944937659.4068,19009082,21197631,13778288.0,2050007.0,0.3668653698169258,7.264836630332391,12238.586685426832,0.0634071096977806,1684.6334347461957,-1.0027603379656194,1.9830458095474357,9.412349082522612,49.7,67.9,58.8,18.2,78.9,45.2,24.6,33.5,65.9,71.3,81.0,79.5,83.1,73.9,59.4,68.8,5.6,5896.6973,8.6821,5561.0,8075.0,82.8,False,13.3531,12.14418585750308,0.414069104873803,0.2630063653183902,0.3548606387039431,-0.4419845921403869,0.5593391788872822,0.8953936469082038,1.0069997565464532,0.2635043589683338,0.27671309666689725,1.2199277158615656,-0.7100325901054234,1.4925294294169047,1.4496830133047116,0.4494627025254312,0.6977740937874354,-1.2010001192302848,1.4500595758996093,0.8792719244159727,0.06605654791641469,0.027351975666803308,0.01737329257297631,0.023440868784196538,-0.029195976389038467,0.036948015271695805,0.059146613341045054,0.06651892767012871,0.01740618831437588,0.01827871192907639,0.08058421361737182,-0.04690230181051493,0.09859134177093684,0.09576105543197512,0.029689954546012386,0.04609254786110256,-0.07933392192355507,0.0957859298570685,0.05808166800674185,T3_high,0.0,0.06605654791641469,T2_mid,0.06605654791641469,0.0
HIMACHAL PRADESH,2023,1734.0,2271.0,1284705.0,16594860.0,136486.0,46720.0,214952.0,5653.1,7468.0,30.673435813978173,40.17264863526207,2.935532716562594,0.2272567263979055,182761.11408677025,62560.257096946974,0.2777242656131995,0.1878344618507909,0.1987698105565327,0.0759441408306622,0.2327793637319952,0.1373569756935975,0.0954223880383977,12.278170026370557,102815660,146493015745.569,32300513,54526212,15988935.0,2420834.0,0.4282312359590313,13.767495982860204,19616.097448522894,0.0912580364384741,1424.8122877932117,-0.8480919583618184,2.6223104503701973,9.884105806531656,49.7,67.9,58.8,18.2,78.9,45.2,24.6,33.5,65.9,71.3,81.0,79.5,83.1,73.9,59.4,68.8,5.6,5896.6973,8.6821,5561.0,8075.0,82.8,False,13.3531,12.14418585750308,0.414069104873803,0.2630063653183902,0.3548606387039431,-0.4419845921403869,0.5593391788872822,0.8953936469082038,1.0069997565464532,0.2635043589683338,0.27671309666689725,1.2199277158615656,-0.7100325901054234,1.4925294294169047,1.4496830133047116,0.4494627025254312,0.6977740937874354,-1.2010001192302848,1.4500595758996093,0.8792719244159727,0.12742241405852017,0.05276168493007054,0.03351290598162634,0.04521719923800476,-0.05631874370719854,0.07127234845132796,0.11409322002170555,0.12831433993549118,0.03357636153468796,0.0352594507789047,0.15544613453197714,-0.0904740666914568,0.1901817029496877,0.18472210917491616,0.057271622585056976,0.08891205949789129,-0.15303433447689344,0.18477009168980219,0.11203895122296392,T3_high,0.0,0.12742241405852017,T2_mid,0.12742241405852017,0.0
JAMMU AND KASHMIR,2019,1830.0,2614.0,1805158.0,21661174.0,118122.0,54282.0,98738.0,9180.3,13496.0,19.93398908532401,28.47401501040271,2.3595279021382742,0.1966338790671329,87523.71072910492,40220.80616478957,0.1954109705908995,0.1488798162033865,0.0774395480953622,0.0445035266413069,0.172145393397143,0.0609715373683346,0.1111738560288084,11.500225156391997,5614196,10453042388.342484,2834974,2587669,191553.0,784387.0,0.0854424147359018,0.4159896265560166,774.5289262257323,0.007844284127952,1861.894808863546,-2.459912641811224,-0.8770949551952066,6.65225500741738,43.5865,71.9081,57.7473,28.3216,55.2515,39.2302,12.6,21.8,51.2716,68.2984,70.0541,75.3312,84.9765,54.2784,37.264,60.3477,21.0529,4804.0546,8.4772,4290.2917,6179.7874,67.16,False,27.1905,11.768269926546347,0.04866383091877508,0.5534028096812977,0.28409514991415924,0.9146257791247696,-0.6315119761630608,-0.16231321272544325,0.7330390943343524,-0.4523383151095871,-0.3446920663130342,-0.04491053968496298,2.3364060427266176,0.3912328827149969,1.206796049568029,-0.7491895656784265,-1.1420908560724339,-0.521958813526305,-0.23360042683390694,0.2541915747851508,-0.2153664071646093,-0.010480554423842619,-0.11918437483586117,-0.06118455172990354,-0.19697966795023314,0.13600646538766079,0.034956813460023654,-0.1578719960579886,0.09741847774804469,0.07423509189998342,0.009672221575774083,-0.5031833750997143,-0.08425842031498186,-0.25990332937591015,0.1613502650453768,0.245968004327873,0.11241239435706259,0.05030968463933773,-0.05474432619299203,T2_mid,-0.2153664071646093,-0.0,T2_mid,-0.2153664071646093,-0.0
JAMMU AND KASHMIR,2020,1835.0,2690.0,2607118.0,22158550.0,132981.0,61014.0,101868.0,9396.9,13600.0,19.527716587385203,28.626461918292204,2.3580702146452555,0.2774444763698666,97780.14705882352,44863.23529411765,0.1952026614628185,0.2516771866921763,0.0905060121937966,0.0510372961417256,0.2234399240774974,0.0707716541677611,0.1526682699097363,11.531433136525967,4678582,14136785668.18799,2322457,1971650,384475.0,1078683.0,0.1147913673658334,0.3440133823529411,1039.4695344255874,0.0102040830724622,3021.5962161586544,-2.1646389950858493,-1.0670747201766269,6.946465798956689,43.5865,71.9081,57.7473,28.3216,55.2515,39.2302,12.6,21.8,51.2716,68.2984,70.0541,75.3312,84.9765,54.2784,37.264,60.3477,21.0529,4804.0546,8.4772,4290.2917,6179.7874,67.16,False,27.1905,11.768269926546347,0.04866383091877508,0.5534028096812977,0.28409514991415924,0.9146257791247696,-0.6315119761630608,-0.16231321272544325,0.7330390943343524,-0.4523383151095871,-0.3446920663130342,-0.04491053968496298,2.3364060427266176,0.3912328827149969,1.206796049568029,-0.7491895656784265,-1.1420908560724339,-0.521958813526305,-0.23360042683390694,0.2541915747851508,-0.18601745453467772,-0.009052321955416488,-0.10294258198925371,-0.05284665663267957,-0.170136359284586,0.11747225031401663,0.03019309066853261,-0.13635806640248174,0.08414282196519034,0.06411874077384895,0.00835414427397544,-0.43461230482744484,-0.07277614497290784,-0.2244851292831495,0.13936233597144165,0.21244883389392513,0.09709344986410377,0.043453756777857594,-0.047284069705694924,T2_mid,-0.18601745453467772,-0.0,T2_mid,-0.18601745453467772,-0.0
JAMMU AND KASHMIR,2021,1875.0,2786.0,2712271.0,22646991.0,149058.0,72089.0,101645.0,9616.4,13705.0,19.49794101742856,28.97134062642985,2.355038371947922,0.2820463999001705,108761.7657789128,52600.51076249544,0.1947693995244505,0.2575311916605288,0.104496341986316,0.0619267622085863,0.2261502955924896,0.0832115520974512,0.1429387434950384,11.529241629455164,19546667,50942785186.26042,7887433,6694999,4964235.0,1645988.0,0.1711646770101077,1.426243487778183,3717.094869482701,0.0365693823550858,2606.2133859578425,-1.765129162438146,0.3550440562087431,8.220697693103826,43.5865,71.9081,57.7473,28.3216,55.2515,39.2302,12.6,21.8,51.2716,68.2984,70.0541,75.3312,84.9765,54.2784,37.264,60.3477,21.0529,4804.0546,8.4772,4290.2917,6179.7874,67.16,False,27.1905,11.768269926546347,0.04866383091877508,0.5534028096812977,0.28409514991415924,0.9146257791247696,-0.6315119761630608,-0.16231321272544325,0.7330390943343524,-0.4523383151095871,-0.3446920663130342,-0.04491053968496298,2.3364060427266176,0.3912328827149969,1.206796049568029,-0.7491895656784265,-1.1420908560724339,-0.521958813526305,-0.23360042683390694,0.2541915747851508,-0.1296441448904034,-0.00630898074655577,-0.0717454340410785,-0.03683127277813214,-0.11857587702934974,0.08187183013770884,0.021042957668204233,-0.09503422655621288,0.058643014063548264,0.04468730818765954,0.005822388514023553,-0.30290136352606367,-0.050721052532593264,-0.156454041903364,0.09712804060319233,0.14806539242265948,0.06766890404762735,0.03028492758291511,-0.032954449351365905,T2_mid,-0.1296441448904034,-0.0,T2_mid,-0.1296441448904034,-0.0
JAMMU AND KASHMIR,2022,1897.0,2843.0,2810884.0,23707551.0,160684.0,82715.0,112898.0,9829.8,13804.0,19.29845978555006,28.92225681092189,2.411804004150644,0.2859553602311339,116403.9408866995,59921.03738046943,0.2028814258714871,0.2625036934954388,0.1142322973873654,0.0722296946198441,0.2326925596834629,0.0932309960036048,0.1394615636798581,11.634240035188991,55720249,114013429389.9702,20521036,17445476,17753737.0,2357661.0,0.2398483183788073,4.036529194436396,8259.448666326442,0.0731585029524565,2046.1758774618936,-1.4277485621955723,1.3953852124382968,9.019113116869208,43.5865,71.9081,57.7473,28.3216,55.2515,39.2302,12.6,21.8,51.2716,68.2984,70.0541,75.3312,84.9765,54.2784,37.264,60.3477,21.0529,4804.0546,8.4772,4290.2917,6179.7874,67.16,False,27.1905,11.768269926546347,0.04866383091877508,0.5534028096812977,0.28409514991415924,0.9146257791247696,-0.6315119761630608,-0.16231321272544325,0.7330390943343524,-0.4523383151095871,-0.3446920663130342,-0.04491053968496298,2.3364060427266176,0.3912328827149969,1.206796049568029,-0.7491895656784265,-1.1420908560724339,-0.521958813526305,-0.23360042683390694,0.2541915747851508,-0.06096050352170382,-0.0029665716361035877,-0.033735713928497536,-0.01731858338684108,-0.055756048029376615,0.0384972880468864,0.009894695175968443,-0.04468643229171587,0.027574771451239558,0.021012601922379085,0.0027377691126268047,-0.14242848879576606,-0.023849753524553905,-0.07356689482967009,0.045670973156963474,0.06962243365370933,0.031818872090154666,0.0142403996426799,-0.015495646389877625,T2_mid,-0.06096050352170382,-0.0,T2_mid,-0.06096050352170382,-0.0
JAMMU AND KASHMIR,2023,1967.0,2987.0,3072153.0,25126764.0,171157.0,95578.0,310584.0,10045.3,13903.0,19.58129672583198,29.7352990950992,2.501345305764885,0.3058298905956019,123107.96231029274,68746.31374523485,0.2156772209618807,0.2877856432564736,0.1227730665620051,0.0846504166036421,0.2517314321091771,0.1037117415828236,0.1480196905263534,12.646209675169615,142778670,227741026462.60715,47232275,66746144,28800251.0,3148217.0,0.3134019889898758,10.26963029561965,16380.711102827245,0.0527416451035057,1595.063369497749,-1.160268602590643,2.3291910248134067,9.703859769335764,43.5865,71.9081,57.7473,28.3216,55.2515,39.2302,12.6,21.8,51.2716,68.2984,70.0541,75.3312,84.9765,54.2784,37.264,60.3477,21.0529,4804.0546,8.4772,4290.2917,6179.7874,67.16,False,27.1905,11.768269926546347,0.04866383091877508,0.5534028096812977,0.28409514991415924,0.9146257791247696,-0.6315119761630608,-0.16231321272544325,0.7330390943343524,-0.4523383151095871,-0.3446920663130342,-0.04491053968496298,2.3364060427266176,0.3912328827149969,1.206796049568029,-0.7491895656784265,-1.1420908560724339,-0.521958813526305,-0.23360042683390694,0.2541915747851508,0.012593167089364699,0.0006128317539687266,0.006969094050040475,0.0035776576921471206,0.011518035260758595,-0.00795273583475632,-0.002044037408663103,0.009231283797989072,-0.005696371983096731,-0.004340764785458417,-0.0005655659303262831,0.02942275168465765,0.004926861062883778,0.015197384294995432,-0.009434669382196994,-0.01438254098175573,-0.00657311455250331,-0.002941769207266303,0.0032010769739781466,T2_mid,0.012593167089364699,0.0,T2_mid,0.012593167089364699,0.0
JHARKHAND,2019,3051.0,3481.0,3328128.0,45663953.0,218585.0,63245.0,75421.0,23619.1,37403.0,12.9175116748733,14.738072153469014,1.9333485611221424,0.1409083326629719,58440.4994251798,16909.07146485576,0.1345083097953804,0.0779925832091937,0.0403882054892757,0.0116945171893256,0.1062504465022871,0.0260413613393007,0.0802090851629863,11.23084102980692,30875407,42693949424.77113,18823083,11585101,467223.0,2344245.0,0.0992520883522234,0.8254794267839478,1141.45788906695,0.0151344836195084,1382.7817532825115,-2.310092318303977,-0.1917909380597746,7.040061574415033,31.4,58.0,44.7,26.6,57.8,22.7,8.2,12.4,33.2,46.6,64.5,49.0,79.6,35.2,28.7,45.1,13.8,3300.3675,8.1018,2763.0,4931.0,66.41,False,24.7863,11.294640470600056,-0.6797260228561407,-0.4542723450912268,-0.5929814738978969,0.6838776350398333,-1.0681573996815197,-1.0120947922601682,-0.9973660555503288,-1.354253207100922,-1.4831766840908054,-1.2747332949454349,0.9065440258839854,-0.9692843764095953,-0.549020346335503,-1.3574021898419084,-1.2303196740004967,-0.6399398726250886,-0.8849766584660826,-0.8734349466428499,-0.2015567335482877,0.13700335687465248,0.09156165001790821,0.11951940893350933,-0.13784014226535685,0.2152943163952399,0.20399452036919233,0.20102584430866433,0.2729588528205546,0.29894424772032335,0.25693107907444784,-0.18272005267489047,0.19536579278850702,0.11065874765893362,0.27359355149582776,0.2479792147117343,0.12898419039362016,0.17837300454690222,0.1760466948122558,T2_mid,-0.2015567335482877,-0.0,T1_low,-0.0,-0.0
JHARKHAND,2020,3169.0,3629.0,4414091.0,47965103.0,234106.0,71055.0,75016.0,24237.1,37937.0,13.074996596127423,14.972913426111209,1.9789951355566464,0.182121252129999,61709.14937923399,18729.736141497742,0.1410313801831512,0.1304186250005383,0.0445523903876155,0.0142569264374459,0.1357250025918448,0.0294046584125307,0.1063203441793141,11.22545670309946,68994130,114851597681.96744,33742020,31096811,4155299.0,3782690.0,0.156070239426334,1.818650130479479,3027.429624956308,0.0403571188140704,1664.6575249512885,-1.857449120333036,0.5980945393534222,8.015469229890781,31.4,58.0,44.7,26.6,57.8,22.7,8.2,12.4,33.2,46.6,64.5,49.0,79.6,35.2,28.7,45.1,13.8,3300.3675,8.1018,2763.0,4931.0,66.41,False,24.7863,11.294640470600056,-0.6797260228561407,-0.4542723450912268,-0.5929814738978969,0.6838776350398333,-1.0681573996815197,-1.0120947922601682,-0.9973660555503288,-1.354253207100922,-1.4831766840908054,-1.2747332949454349,0.9065440258839854,-0.9692843764095953,-0.549020346335503,-1.3574021898419084,-1.2303196740004967,-0.6399398726250886,-0.8849766584660826,-0.8734349466428499,-0.14473858247417712,0.09838258101900792,0.06575073528572438,0.08582729796542986,-0.09898347948145812,0.1546035878892062,0.1464891655612335,0.14435734908821599,0.19601268950689565,0.21467289081405358,0.18450309014303937,-0.1312118972568818,0.14029284665589156,0.07946442667808248,0.1964684688050617,0.1780747256049236,0.09262399003246077,0.12809026706911478,0.12641973606049461,T2_mid,-0.14473858247417712,-0.0,T1_low,-0.0,-0.0
JHARKHAND,2021,3190.0,3700.0,4959862.0,50250909.0,256070.0,80679.0,69963.0,24863.0,38471.0,12.830310099344407,14.881550898926116,2.021112054056228,0.1994876724449986,66561.82579085545,20971.381040264096,0.1470500492134631,0.1525100635342399,0.0507345885776481,0.017411824587167,0.1497800563738515,0.0340732065824075,0.1157068497914439,11.155721809859802,149633676,277110290653.6448,65630876,63956066,20046734.0,5505298.0,0.2214253308128544,3.889518754386421,7203.095595478277,0.1029557851361187,1851.9246339550248,-1.507669853269973,1.358285436451864,8.882266156421215,31.4,58.0,44.7,26.6,57.8,22.7,8.2,12.4,33.2,46.6,64.5,49.0,79.6,35.2,28.7,45.1,13.8,3300.3675,8.1018,2763.0,4931.0,66.41,False,24.7863,11.294640470600056,-0.6797260228561407,-0.4542723450912268,-0.5929814738978969,0.6838776350398333,-1.0681573996815197,-1.0120947922601682,-0.9973660555503288,-1.354253207100922,-1.4831766840908054,-1.2747332949454349,0.9065440258839854,-0.9692843764095953,-0.549020346335503,-1.3574021898419084,-1.2303196740004967,-0.6399398726250886,-0.8849766584660826,-0.8734349466428499,-0.07938349108765672,0.05395902467744879,0.03606172465791832,0.047072939548319245,-0.05428859414623236,0.0847940634178325,0.08034361792124883,0.07917439938191086,0.10750534739632656,0.11773974308294269,0.1011927791584402,-0.0719646295993298,0.07694517765611601,0.04358315177026661,0.10775532463968085,0.09766707087598714,0.05080066117516989,0.07025253668012649,0.0693363153024706,T2_mid,-0.07938349108765672,-0.0,T1_low,-0.0,-0.0
JHARKHAND,2022,3206.0,4097.0,5248065.0,52988029.0,282989.0,92188.0,88500.0,25436.2,38969.0,12.60408394335632,16.106965663110056,2.083173941076104,0.2063226818471312,72619.00485000898,23656.752803510484,0.1559189306671943,0.1612047275666467,0.0584512954502767,0.021191225335181,0.1585618291169205,0.0398212603927289,0.1187405687241916,11.39075783099602,381445518,656317474256.5989,159336081,167424933,54684504.0,7352042.0,0.2890385356303221,9.78843485847725,16842.040448987627,0.1903055417964703,1720.6060716031243,-1.241195258477472,2.2812015723088326,9.731633447260704,31.4,58.0,44.7,26.6,57.8,22.7,8.2,12.4,33.2,46.6,64.5,49.0,79.6,35.2,28.7,45.1,13.8,3300.3675,8.1018,2763.0,4931.0,66.41,False,24.7863,11.294640470600056,-0.6797260228561407,-0.4542723450912268,-0.5929814738978969,0.6838776350398333,-1.0681573996815197,-1.0120947922601682,-0.9973660555503288,-1.354253207100922,-1.4831766840908054,-1.2747332949454349,0.9065440258839854,-0.9692843764095953,-0.549020346335503,-1.3574021898419084,-1.2303196740004967,-0.6399398726250886,-0.8849766584660826,-0.8734349466428499,-0.011770286270189001,0.008000569874313808,0.005346915546353827,0.006979561700696853,-0.008049435538198675,0.012572518375872177,0.011912645437469647,0.011739283989996595,0.015939947929899403,0.017457414161018456,0.015003975799649039,-0.010670282701184136,0.011408754587562566,0.006462126644527181,0.0159770123582207,0.014481214766831453,0.007532275496505578,0.010416428612581073,0.010280579360373599,T2_mid,-0.011770286270189001,-0.0,T1_low,-0.0,-0.0
JHARKHAND,2023,3298.0,4157.0,5736948.0,54789800.0,304044.0,109382.0,95839.0,26015.1,39466.0,12.67725282624322,15.97918132161706,2.106076855364769,0.2205237727319902,77039.47701819288,27715.50195104647,0.1591918448746866,0.1792696206594051,0.0640828753701306,0.0269035217755273,0.1692307327670459,0.045493198572829,0.1237375341942169,11.47042497923808,799633918,1218807520761.628,305136931,412840207,81656780.0,9222109.0,0.3544906227537084,20.261336796229667,30882.468979922665,0.3222327964599241,1524.2068818316784,-1.0370733853944891,3.008714478688717,10.3379439549556,31.4,58.0,44.7,26.6,57.8,22.7,8.2,12.4,33.2,46.6,64.5,49.0,79.6,35.2,28.7,45.1,13.8,3300.3675,8.1018,2763.0,4931.0,66.41,False,24.7863,11.294640470600056,-0.6797260228561407,-0.4542723450912268,-0.5929814738978969,0.6838776350398333,-1.0681573996815197,-1.0120947922601682,-0.9973660555503288,-1.354253207100922,-1.4831766840908054,-1.2747332949454349,0.9065440258839854,-0.9692843764095953,-0.549020346335503,-1.3574021898419084,-1.2303196740004967,-0.6399398726250886,-0.8849766584660826,-0.8734349466428499,0.05368180085319729,-0.036488916993699175,-0.024386157562302155,-0.03183231339142231,0.03671178301216387,-0.0573406128095724,-0.054331071082668436,-0.05354040597179165,-0.07269875096839544,-0.07961959538546813,-0.06842997888020085,0.04866491586215984,-0.05203293086453542,-0.02947240089633588,-0.07286779403278723,-0.06604577572546527,-0.034353124800280445,-0.047507140739504246,-0.04688756086390447,T2_mid,0.05368180085319729,0.0,T1_low,0.0,0.0
KARNATAKA,2019,10285.0,17869.0,17637535.0,125117732.0,934364.0,701678.0,205245.0,47511.7,65798.0,21.647299507279257,37.60968350953554,2.633408865605735,0.3712250877152364,142004.92416182862,106641.23529590564,0.2345496096826928,0.3709734246969541,0.146847361537846,0.1379838495438162,0.3027615171898235,0.1424156055408311,0.1603459116489924,12.23195966648202,166875428,257129595744.04065,78797116,82081438,5996874.0,10393952.0,0.2187661565467032,2.5361778169549227,3907.863396213269,0.0190399931604339,1540.8475581200646,-1.5197518979726032,0.9306581512126806,8.270746057642132,35.0,62.4,48.7,27.4,50.1,24.8,19.3,21.4,50.2,56.5,73.0,61.8,88.7,47.1,45.5,59.4,14.7,5714.9368,8.6508,4397.0,7666.0,75.36,False,40.3162,12.399947098072763,-0.4645532108436927,-0.1354818071313973,-0.3240900944363819,0.7911026090569967,0.03337991874004745,-0.19847413100351682,-0.15618958358840077,0.750540941613087,0.18178883311749877,-0.5076411495034892,1.0839731666633106,0.3105576633167196,0.2520793808077409,-0.426593002864794,-0.1774557800589472,0.12215731134388226,0.3928281863985306,0.18410548610572233,-0.08204266535380791,0.03811318361628605,0.011115288564010374,0.026589215162328088,-0.0649041666153875,-0.0027385775027270144,0.016283346711309363,0.012814209738093772,-0.061576379307094385,-0.014914440400518186,0.04164823294853713,-0.08893204776506544,-0.025478978444554174,-0.020681264282204594,0.03499882697631232,0.014558945178475145,-0.010022111415107055,-0.032228671438237926,-0.01510450478637191,T2_mid,-0.08204266535380791,-0.0,T3_high,-0.0,-0.08204266535380791
KARNATAKA,2020,10778.0,17896.0,21089978.0,132963226.0,1061242.0,741838.0,222141.0,48212.2,66322.0,22.355337445708763,37.11923538025645,2.757875102152567,0.4374406892861143,160013.57015771538,111853.98510298242,0.2523363117946088,0.4552048244639913,0.1697899625351189,0.1453202901773689,0.3537705681293001,0.1575551263562439,0.1962154417730561,12.311067594376595,823773701,1063684025958.7844,325279720,460137775,38356206.0,17044952.0,0.3535402242585901,12.420821160399264,16038.177768444624,0.0721981883958595,1291.2332897585236,-1.0397580115514973,2.519374190293944,9.682727269508351,35.0,62.4,48.7,27.4,50.1,24.8,19.3,21.4,50.2,56.5,73.0,61.8,88.7,47.1,45.5,59.4,14.7,5714.9368,8.6508,4397.0,7666.0,75.36,False,40.3162,12.399947098072763,-0.4645532108436927,-0.1354818071313973,-0.3240900944363819,0.7911026090569967,0.03337991874004745,-0.19847413100351682,-0.15618958358840077,0.750540941613087,0.18178883311749877,-0.5076411495034892,1.0839731666633106,0.3105576633167196,0.2520793808077409,-0.426593002864794,-0.1774557800589472,0.12215731134388226,0.3928281863985306,0.18410548610572233,0.052731402358078994,-0.024496542277736268,-0.0071441456840453665,-0.017089725169992673,0.04171594998471056,0.0017601699257614233,-0.010465819259616526,-0.008236095776340772,0.039577076378411166,0.009585980103324503,-0.02676862970798622,0.05715942519668405,0.01637614109973877,0.013292499255548401,-0.022494847277204598,-0.009357492139055115,0.006441526335455383,0.020714381154575374,0.009708140464170565,T2_mid,0.052731402358078994,0.0,T3_high,0.0,0.052731402358078994
KARNATAKA,2021,10875.0,18347.0,22558957.0,131364488.0,1256023.0,793376.0,221683.0,48917.0,66845.0,22.23153504916491,37.50638837214056,2.685456753275957,0.4611680397407854,187900.8153190216,118688.9071733114,0.2419874522593532,0.4853878613034389,0.2053176717696227,0.1549397812060488,0.3636876567813961,0.1801287264878358,0.1835589302935603,12.30900371246586,1464453019,2208931635280.9067,560268457,772292469,131892093.0,24058436.0,0.4918215753214628,21.908190874410952,33045.577609109234,0.1490668098551049,1508.3663365242492,-0.7096392800495349,3.086860579427384,10.405643027222489,35.0,62.4,48.7,27.4,50.1,24.8,19.3,21.4,50.2,56.5,73.0,61.8,88.7,47.1,45.5,59.4,14.7,5714.9368,8.6508,4397.0,7666.0,75.36,False,40.3162,12.399947098072763,-0.4645532108436927,-0.1354818071313973,-0.3240900944363819,0.7911026090569967,0.03337991874004745,-0.19847413100351682,-0.15618958358840077,0.750540941613087,0.18178883311749877,-0.5076411495034892,1.0839731666633106,0.3105576633167196,0.2520793808077409,-0.426593002864794,-0.1774557800589472,0.12215731134388226,0.3928281863985306,0.18410548610572233,0.1910127534209517,-0.08873558791379767,-0.025878753018614527,-0.06190534129474957,0.15111068759447566,0.0063759901875040876,-0.03791109024581242,-0.02983420241689232,0.1433628918126695,0.03472398555495533,-0.09696593371643845,0.20705269919878713,0.05932047436610349,0.048150376608735196,-0.08148470406731624,-0.033896317159522314,0.023333604390295408,0.07503519350534218,0.03516649582095679,T2_mid,0.1910127534209517,0.0,T3_high,0.0,0.1910127534209517
KARNATAKA,2022,10780.0,19018.0,23427263.0,133941008.0,1382552.0,888922.0,268963.0,49507.4,67268.0,21.77452259662192,38.414459252556185,2.7054744947220013,0.47320729830288,205528.92905987988,132146.340013082,0.2448480642127014,0.5007027353933018,0.2277754834220605,0.1738798149239467,0.3727753998030016,0.2008276491730036,0.1719477506299979,12.502329102655192,3111517945,4662188858507.812,1176776723,1624598730,310142492.0,30809500.0,0.6223211075515983,46.25554416661711,69307.67762543574,0.2576848028369543,1498.364766303095,-0.4742990693712313,3.834181330646938,11.146310967287256,35.0,62.4,48.7,27.4,50.1,24.8,19.3,21.4,50.2,56.5,73.0,61.8,88.7,47.1,45.5,59.4,14.7,5714.9368,8.6508,4397.0,7666.0,75.36,False,40.3162,12.399947098072763,-0.4645532108436927,-0.1354818071313973,-0.3240900944363819,0.7911026090569967,0.03337991874004745,-0.19847413100351682,-0.15618958358840077,0.750540941613087,0.18178883311749877,-0.5076411495034892,1.0839731666633106,0.3105576633167196,0.2520793808077409,-0.426593002864794,-0.1774557800589472,0.12215731134388226,0.3928281863985306,0.18410548610572233,0.3215122856510872,-0.14935956462490707,-0.043559065474955305,-0.10419894701911785,0.2543492080224535,0.010732053968960214,-0.063811871501554,-0.050216870014398264,0.2413081336127428,0.05844734324145109,-0.16321286626741208,0.34851069039836785,0.0998481041594193,0.08104661788900758,-0.1371548913938207,-0.05705421344874873,0.03927507637916307,0.1262990880771629,0.059192175638755264,T2_mid,0.3215122856510872,0.0,T3_high,0.0,0.3215122856510872
KARNATAKA,2023,11034.0,19238.0,25215292.0,143759011.0,1485253.0,1027656.0,310325.0,50102.1,67692.0,22.02302897483339,38.39759211689729,2.869321066382447,0.5032781460258153,219413.3723335106,151813.5082432193,0.2682623671034817,0.5389551945689994,0.2454639449626414,0.2015594499516271,0.4036087808362406,0.2235116974571342,0.1800970833791063,12.645375414384148,6230666456,8539485187066.939,2083731873,3683974614,462959969.0,36773789.0,0.7339769989681071,92.04435466524848,126152.05913648495,0.4065159401804075,1370.5572666056607,-0.309277587414334,4.522270576795111,11.745243276856993,35.0,62.4,48.7,27.4,50.1,24.8,19.3,21.4,50.2,56.5,73.0,61.8,88.7,47.1,45.5,59.4,14.7,5714.9368,8.6508,4397.0,7666.0,75.36,False,40.3162,12.399947098072763,-0.4645532108436927,-0.1354818071313973,-0.3240900944363819,0.7911026090569967,0.03337991874004745,-0.19847413100351682,-0.15618958358840077,0.750540941613087,0.18178883311749877,-0.5076411495034892,1.0839731666633106,0.3105576633167196,0.2520793808077409,-0.426593002864794,-0.1774557800589472,0.12215731134388226,0.3928281863985306,0.18410548610572233,0.43316817706759597,-0.20122966749206092,-0.05868640742093099,-0.14038551541267258,0.3426804750386383,0.014459118551290838,-0.08597267752186862,-0.06765635719993446,0.3251104514931379,0.07874513745275236,-0.21989399133492535,0.4695426805937356,0.13452369689327565,0.10919276586081746,-0.18478651340073457,-0.0768681967582424,0.05291465987030824,0.1701606694030213,0.07974863780455936,T2_mid,0.43316817706759597,0.0,T3_high,0.0,0.43316817706759597
KERALA,2019,6622.0,9582.0,13756280.0,73495187.0,495762.0,334847.0,205437.0,26192.5,35125.0,25.282046387324616,36.58299131430753,2.805963042855779,0.525199198243772,141142.20640569396,95330.10676156584,0.2592082627766061,0.5668404794396406,0.1457482789495836,0.1220645313217885,0.4130243711081233,0.1339064051356861,0.2791179659724371,12.232894696573371,16465255,27144830559.195114,7782907,8401451,280897.0,2073323.0,0.0791571251312398,0.4687617081850533,772.8065639628502,0.0037617691261206,1648.6128249574704,-2.536320476097254,-0.7576607245480009,6.650028776602984,61.1,76.1,68.6,15.0,64.9,57.5,41.5,43.9,77.0,73.3,95.5,86.6,78.5,81.2,72.2,70.6,5.4,6485.4054,8.7773,5924.0,7078.0,94.0,False,48.6486,12.293063864259729,1.0954496762465546,0.8571160042435264,1.0136445183846547,-0.870884488209042,2.2364545555831814,1.835577522138112,1.473589830837835,0.5470071894997067,0.5654284286126732,1.6904968470990616,-0.7494612880563845,2.3281909965323218,1.6115213420205183,2.0373136685452145,2.0153244415131732,0.5310523187620274,2.423625171986934,1.0123889019647438,-0.22165169676927132,-0.24280827946539776,-0.1899812166686756,-0.22467602742082957,0.19303302450157261,-0.4957139469923788,-0.40685887233344725,-0.3266236863471496,-0.12124507169760033,-0.1253281706035818,-0.3747014945426104,0.16611936616058123,-0.5160474847843298,-0.3571964398387411,-0.4515740314842756,-0.44670008200197897,-0.11770864752685932,-0.537200631703621,-0.22439771791086496,T3_high,-0.0,-0.22165169676927132,T2_mid,-0.22165169676927132,-0.0
KERALA,2020,6801.0,9931.0,14049449.0,76371710.0,545024.0,360892.0,208879.0,26449.6,35307.0,25.71305426169016,37.54688161635715,2.8874429102897587,0.531178127457504,154367.12266689326,102215.42470331662,0.2708520480341549,0.5744461428306408,0.1625965182382199,0.1317549496599588,0.4226490954323978,0.1471757339490893,0.2754733614833085,12.249510415923789,45705289,78115478537.69186,20220886,21458633,4025770.0,3898086.0,0.1473778809509406,1.2945106919307785,2212.4643424162878,0.0105920860518112,1709.1124516834773,-1.914755371878414,0.2581327796815477,7.701862260330197,61.1,76.1,68.6,15.0,64.9,57.5,41.5,43.9,77.0,73.3,95.5,86.6,78.5,81.2,72.2,70.6,5.4,6485.4054,8.7773,5924.0,7078.0,94.0,False,48.6486,12.293063864259729,1.0954496762465546,0.8571160042435264,1.0136445183846547,-0.870884488209042,2.2364545555831814,1.835577522138112,1.473589830837835,0.5470071894997067,0.5654284286126732,1.6904968470990616,-0.7494612880563845,2.3281909965323218,1.6115213420205183,2.0373136685452145,2.0153244415131732,0.5310523187620274,2.423625171986934,1.0123889019647438,-0.15343094094957052,-0.16807587458941128,-0.13150811503402032,-0.15552443224413182,0.13362062648429845,-0.3431413268540811,-0.28163438640753163,-0.22609427431916748,-0.08392782779112004,-0.08675421584167951,-0.2593745219226913,0.11499055063176819,-0.3572165353082724,-0.2472572358665228,-0.3125869531743137,-0.30921312538003387,-0.08147985696110913,-0.37185909064701994,-0.15533178183535315,T3_high,-0.0,-0.15343094094957052,T2_mid,-0.15343094094957052,-0.0
KERALA,2021,6869.0,10356.0,13702398.0,76629780.0,607649.0,388732.0,194432.0,26708.0,35489.0,25.71888572712296,38.774898906694624,2.869169537217313,0.5130447057061555,171221.78703260166,109535.91253627885,0.2682407130051794,0.5513790187624983,0.1840689731675756,0.1420578274850678,0.4098098658838388,0.1630634003263217,0.2467464655575171,12.17783776651539,116222381,191469796669.54025,42634643,52285899,21301839.0,6650208.0,0.2489968548749438,3.2748846403110825,5395.18714727212,0.0277484526583696,1647.4434185747773,-1.3903150136215234,1.18628264413433,8.593262566112294,61.1,76.1,68.6,15.0,64.9,57.5,41.5,43.9,77.0,73.3,95.5,86.6,78.5,81.2,72.2,70.6,5.4,6485.4054,8.7773,5924.0,7078.0,94.0,False,48.6486,12.293063864259729,1.0954496762465546,0.8571160042435264,1.0136445183846547,-0.870884488209042,2.2364545555831814,1.835577522138112,1.473589830837835,0.5470071894997067,0.5654284286126732,1.6904968470990616,-0.7494612880563845,2.3281909965323218,1.6115213420205183,2.0373136685452145,2.0153244415131732,0.5310523187620274,2.423625171986934,1.0123889019647438,-0.05181196702556731,-0.05675740250385488,-0.044408866148951606,-0.05251891636219279,0.04512223838616495,-0.11587510968805559,-0.09510488204989241,-0.07634958772458122,-0.028341518465107057,-0.029295959098598164,-0.08758796689872209,0.0388310635437166,-0.12062815514155535,-0.08349609063376508,-0.10555722861540222,-0.1044179235095004,-0.027514865228549224,-0.12557278749332193,-0.052453860405647604,T3_high,-0.0,-0.05181196702556731,T2_mid,-0.05181196702556731,-0.0
KERALA,2022,6814.0,10926.0,13611613.0,83172705.0,670289.0,424247.0,230280.0,26913.1,35633.0,25.31852517918784,40.59732992483215,3.0904171202871464,0.5057616179481368,188109.0562119384,119060.14088064437,0.2998578403661709,0.5421143641806407,0.2055829658799404,0.1554622567047432,0.4209861022734058,0.1805226112923418,0.2404634909810639,12.347051238789746,286929168,433839214641.3373,100339987,128590070,57999111.0,8855141.0,0.3290271652095076,8.0523438385766,12175.20878515245,0.0528713252785845,1512.0080599172034,-1.1116149625995404,2.085963209123232,9.407157096481573,61.1,76.1,68.6,15.0,64.9,57.5,41.5,43.9,77.0,73.3,95.5,86.6,78.5,81.2,72.2,70.6,5.4,6485.4054,8.7773,5924.0,7078.0,94.0,False,48.6486,12.293063864259729,1.0954496762465546,0.8571160042435264,1.0136445183846547,-0.870884488209042,2.2364545555831814,1.835577522138112,1.473589830837835,0.5470071894997067,0.5654284286126732,1.6904968470990616,-0.7494612880563845,2.3281909965323218,1.6115213420205183,2.0373136685452145,2.0153244415131732,0.5310523187620274,2.423625171986934,1.0123889019647438,0.028218343308996474,0.03091177504205432,0.024186393663379106,0.028603369013060577,-0.024574917470762438,0.06310904244441536,0.05179695668997032,0.04158226374322807,0.015435636665792016,0.015955453515258816,0.04770302039421744,-0.021148555923177756,0.06569769282906368,0.04547446247890971,0.05748961652711991,0.05686911696963031,0.014985416645865519,0.06839068715545292,0.028567937597859118,T3_high,0.0,0.028218343308996474,T2_mid,0.028218343308996474,0.0
KERALA,2023,6921.0,11633.0,14497035.0,90843196.0,724013.0,489203.0,257307.0,27118.3,35776.0,25.52151130417468,42.89723175862794,3.349885354170431,0.5345849481715299,202373.9378354204,136740.5523255814,0.336936845176045,0.5787798839836312,0.2237560971323193,0.1803457239232298,0.4578583645798381,0.2020509105277745,0.2558074540520635,12.45802520349635,536308687,719106602321.3627,169868486,296439427,70000774.0,10759741.0,0.3967704834005081,14.990739238595706,20100.251630181203,0.0781177800455533,1340.8445914682018,-0.9243972929297004,2.7074326263485533,9.908487612883292,61.1,76.1,68.6,15.0,64.9,57.5,41.5,43.9,77.0,73.3,95.5,86.6,78.5,81.2,72.2,70.6,5.4,6485.4054,8.7773,5924.0,7078.0,94.0,False,48.6486,12.293063864259729,1.0954496762465546,0.8571160042435264,1.0136445183846547,-0.870884488209042,2.2364545555831814,1.835577522138112,1.473589830837835,0.5470071894997067,0.5654284286126732,1.6904968470990616,-0.7494612880563845,2.3281909965323218,1.6115213420205183,2.0373136685452145,2.0153244415131732,0.5310523187620274,2.423625171986934,1.0123889019647438,0.09596166149999696,0.10512117102225314,0.08225027586544724,0.09727101215455569,-0.08357152246311418,0.2146138950229994,0.1761450688364207,0.14140812853669812,0.05249171875683555,0.054259451469004544,0.16222288620813227,-0.07191955043181848,0.22341707631657526,0.15464426552299382,0.1955040046302529,0.19339388186915757,0.05096066285183016,0.23257509835708207,0.09715052111669437,T3_high,0.0,0.09596166149999696,T2_mid,0.09596166149999696,0.0
MADHYA PRADESH,2019,6747.0,10216.0,8708168.0,105532190.0,368951.0,262105.0,92337.0,52625.3,82232.0,12.820829524962328,19.412715937011285,2.005350848356209,0.1654749331595259,44867.083373869056,31873.84473197782,0.1447977125277195,0.1092432114335307,0.0230959854797132,0.0327559866118118,0.1270204619806252,0.0279259860457625,0.0990944759348626,11.433200206904234,91048445,127041494730.55975,51325916,37080392,2642137.0,6383958.0,0.1213096742441373,1.1072142839770405,1544.9155405506342,0.016731272843504,1395.3175667147282,-2.109408711520388,0.1018472067888751,7.34272452152732,26.9,55.7,41.3,28.8,46.5,20.1,9.6,13.5,29.3,39.9,67.5,38.5,74.7,28.7,23.2,37.3,9.8,3595.697,8.1875,3113.0,4987.0,69.32,False,25.7576,11.586016520704323,-0.9486920378717005,-0.6209128535702285,-0.8215391464401851,0.9787463135870337,-0.9292247649256464,-0.9126522669954664,-1.687393630206598,-0.7993966721888441,-1.2232722308581088,-1.6937332063212878,0.11797006686476169,-1.2628951972879854,-1.0911787475334562,-1.028881300320574,-0.8879918604396135,-0.5922753677159094,-1.303305625534855,-1.4502751826875262,-0.17949914765637381,0.17028941218635854,0.11145332798474286,0.1474655765523581,-0.1756841290606905,0.16679505328534786,0.16382030403234352,0.30288571838287875,0.1434910212972392,0.21957632279074146,0.3040236668919683,-0.02117552645119015,0.22668861149252142,0.1958656551230049,0.18468331644712457,0.15939378207470828,0.10631292368287111,0.23394224891926357,0.26032315915960275,T1_low,-0.0,-0.0,T1_low,-0.0,-0.0
MADHYA PRADESH,2020,7234.0,10577.0,10955380.0,110583441.0,396779.0,285989.0,101909.0,53781.3,83374.0,13.450771922582756,19.66668711987252,2.0561689843867663,0.2037024021360584,47590.25595509391,34301.940652961355,0.1520598188831105,0.1578715277978796,0.0265652447450697,0.0361732965223476,0.1549656733404951,0.0313692706337086,0.1235964027067864,11.531835537194867,247537259,383750765252.299,112759695,116727299,18050265.0,10260896.0,0.1907892892139089,2.968998236860412,4602.763034666671,0.0451654224324315,1550.2747618785704,-1.656585657739092,1.0882246019318045,8.434412061863494,26.9,55.7,41.3,28.8,46.5,20.1,9.6,13.5,29.3,39.9,67.5,38.5,74.7,28.7,23.2,37.3,9.8,3595.697,8.1875,3113.0,4987.0,69.32,False,25.7576,11.586016520704323,-0.9486920378717005,-0.6209128535702285,-0.8215391464401851,0.9787463135870337,-0.9292247649256464,-0.9126522669954664,-1.687393630206598,-0.7993966721888441,-1.2232722308581088,-1.6937332063212878,0.11797006686476169,-1.2628951972879854,-1.0911787475334562,-1.028881300320574,-0.8879918604396135,-0.5922753677159094,-1.303305625534855,-1.4502751826875262,-0.11001953268660222,0.10437465467014483,0.06831254198890122,0.09038535297509924,-0.10768121203958009,0.10223287439793742,0.10040957592020934,0.18564625865367917,0.08794924830544158,0.13458383918750652,0.1863437358552485,-0.012979011627468298,0.13894313943777847,0.12005097588118276,0.11319703985125318,0.09769644951507278,0.06516185917788984,0.14338907586916452,0.1595585978662583,T1_low,-0.0,-0.0,T1_low,-0.0,-0.0
MADHYA PRADESH,2021,7248.0,10763.0,12471562.0,112592643.0,453372.0,320452.0,101958.0,54949.0,84516.0,13.190412928351744,19.587253635189,2.049038981601121,0.2269661322317057,53643.3338066165,37916.13422310568,0.151040914165463,0.1874648034500144,0.0342767267734593,0.0412599240312173,0.1692528588077387,0.0377683254023383,0.1314845334054003,11.53231624276216,516750101,932708630508.766,225371667,221055986,70322448.0,15131202.0,0.2753681049700631,6.114228086989446,11035.882324160702,0.1082394939500647,1804.9510366883624,-1.2896465128655656,1.8106185284629317,9.30890727237354,26.9,55.7,41.3,28.8,46.5,20.1,9.6,13.5,29.3,39.9,67.5,38.5,74.7,28.7,23.2,37.3,9.8,3595.697,8.1875,3113.0,4987.0,69.32,False,25.7576,11.586016520704323,-0.9486920378717005,-0.6209128535702285,-0.8215391464401851,0.9787463135870337,-0.9292247649256464,-0.9126522669954664,-1.687393630206598,-0.7993966721888441,-1.2232722308581088,-1.6937332063212878,0.11797006686476169,-1.2628951972879854,-1.0911787475334562,-1.028881300320574,-0.8879918604396135,-0.5922753677159094,-1.303305625534855,-1.4502751826875262,-0.025440716930448026,0.024135405589663813,0.01579646814615691,0.020900544871866638,-0.02490000791068724,0.02364014420923548,0.023218527980563335,0.042928503696327155,0.020337224452298536,0.031120922554138813,0.04308978705772001,-0.0030012430773724286,0.03212895922702595,0.027760369636519473,0.026175477916487003,0.022591149557986117,0.015067909974937467,0.03315702949309274,0.03689604039400715,T1_low,-0.0,-0.0,T1_low,-0.0,-0.0
MADHYA PRADESH,2022,7338.0,11291.0,13117402.0,119624584.0,510313.0,359322.0,117402.0,55981.4,85548.0,13.107925132276078,20.169199055400544,2.136863029506229,0.2343171481956507,59652.24201617805,42002.38462617478,0.1635913071209294,0.1968158679976971,0.0419319376934083,0.0470109258259416,0.1802035875593133,0.044471431759675,0.1357321557996383,11.673359222006154,1229678935,2062216848055.2607,503026490,555472816,171179629.0,20115633.0,0.359327080065879,14.37414007340908,24105.96212717142,0.2053283770904364,1677.0368177895646,-1.0235222187467938,2.66543076391383,10.090214480051536,26.9,55.7,41.3,28.8,46.5,20.1,9.6,13.5,29.3,39.9,67.5,38.5,74.7,28.7,23.2,37.3,9.8,3595.697,8.1875,3113.0,4987.0,69.32,False,25.7576,11.586016520704323,-0.9486920378717005,-0.6209128535702285,-0.8215391464401851,0.9787463135870337,-0.9292247649256464,-0.9126522669954664,-1.687393630206598,-0.7993966721888441,-1.2232722308581088,-1.6937332063212878,0.11797006686476169,-1.2628951972879854,-1.0911787475334562,-1.028881300320574,-0.8879918604396135,-0.5922753677159094,-1.303305625534855,-1.4502751826875262,0.058518258165367876,-0.05551580559160513,-0.036334738663417895,-0.048075039864342715,0.05727452945688814,-0.05437661468757225,-0.05340682097524896,-0.098743336079027,-0.046779300839682736,-0.0715837602118803,-0.09911431703076541,0.006903402828577835,-0.07390242719070153,-0.06385387965272557,-0.06020834155367874,-0.05196373693795062,-0.034658922872987774,-0.07626717506342491,-0.08486757755133471,T1_low,0.0,0.0,T1_low,0.0,0.0
MADHYA PRADESH,2023,7541.0,11495.0,14029167.0,129791040.0,547367.0,411420.0,127947.0,57021.8,86579.0,13.224766668186554,20.15895674987461,2.2761652560950374,0.2460316405304637,63221.68193210825,47519.60637105996,0.1834981290559646,0.2117176141649554,0.0464793220883056,0.0547758812317325,0.19760787161046,0.0506276016600191,0.1469802699504409,11.759371394654206,2426363819,3592556306516.2905,885843997,1294446929,246072893.0,24981019.0,0.4380959387462338,28.024853821365458,41494.54609681667,0.3243104261672151,1480.633810306702,-0.8253173543576517,3.333091752936251,10.633317278228697,26.9,55.7,41.3,28.8,46.5,20.1,9.6,13.5,29.3,39.9,67.5,38.5,74.7,28.7,23.2,37.3,9.8,3595.697,8.1875,3113.0,4987.0,69.32,False,25.7576,11.586016520704323,-0.9486920378717005,-0.6209128535702285,-0.8215391464401851,0.9787463135870337,-0.9292247649256464,-0.9126522669954664,-1.687393630206598,-0.7993966721888441,-1.2232722308581088,-1.6937332063212878,0.11797006686476169,-1.2628951972879854,-1.0911787475334562,-1.028881300320574,-0.8879918604396135,-0.5922753677159094,-1.303305625534855,-1.4502751826875262,0.1372871168457227,-0.13024319465389894,-0.08524333547910708,-0.11278674079066899,0.13436925951574344,-0.12757058887828643,-0.1252953984185203,-0.2316574064749014,-0.10974686434087173,-0.16793951769194504,-0.2325277486017112,0.01619577035396026,-0.17337924051397768,-0.14980478421219495,-0.14125214729748975,-0.1219098423022239,-0.08131177761245743,-0.17892707169849134,-0.19910409846407426,T1_low,0.0,0.0,T1_low,0.0,0.0
MAHARASHTRA,2019,12943.0,25692.0,32407969.0,197887425.0,2607845.0,2426920.0,182865.0,88420.7,122153.0,14.637975044305236,29.05654445169513,2.238021470085625,0.3665201587411092,213490.0493643218,198678.7062127005,0.1780472358820972,0.3649883887855759,0.2379177676714048,0.267517678412165,0.2715178123338365,0.2527177230417849,0.0188000892920516,12.116503454667356,172083416,269058788305.77765,75895885,86446671,9740860.0,16274312.0,0.184055453078295,1.4087530883400323,2202.6375799675625,0.0120451567001206,1563.537001763015,-1.6925181913520864,0.3427049786250148,7.697410821224977,38.0,61.5,49.75,23.5,54.3,23.7,24.4,28.8,50.4,61.0,79.6,54.8,72.8,45.6,42.0,45.3,9.2,5246.9967,8.5654,4010.0,6657.0,82.34,False,46.732,12.224538821562525,-0.2852425341666528,-0.20068896262318053,-0.25350610732773443,0.2683808607233234,0.539491659636443,0.47050285714084134,-0.6162079666925803,0.4165175087861868,-0.07720580289268189,-0.6043334367440705,-0.00031602698812214673,0.32561462848997,0.6162156204183064,0.29615295408214115,0.6436604187915576,0.43699920426708977,0.12661884371840287,-0.8586441713596534,-0.11675336882221612,0.0333030267953428,0.023431112471692144,0.029597692047519285,-0.03133436961685399,-0.06298746871404311,-0.05493279361167111,0.07194435600644669,-0.04862982232422432,0.00901403758034461,0.07055796463177788,3.689721550199911e-05,-0.03801660481399835,-0.07194524960470926,-0.03457685507574106,-0.0751495222714328,-0.0510211292708105,-0.014783176560497234,0.10024959962579975,T2_mid,-0.11675336882221612,-0.0,T2_mid,-0.11675336882221612,-0.0
MAHARASHTRA,2020,13578.0,27887.0,39746027.0,211184851.0,2807751.0,2511092.0,189843.0,89921.6,123295.0,15.099820287895232,31.012570950694823,2.348544187381008,0.4420075599188626,227726.2662719494,203665.355448315,0.1938413556664838,0.4610142394179521,0.2560543807347594,0.2745359043833733,0.3274277975422179,0.2652951425590664,0.0621326549831515,12.153952693766072,678328019,910226346683.9688,257195878,367705965,53426176.0,26163809.0,0.2909624495115745,5.501666888357192,7382.508185116742,0.0388874395427629,1341.8675348629065,-1.23456105961608,1.7050511169322036,8.90686872233629,38.0,61.5,49.75,23.5,54.3,23.7,24.4,28.8,50.4,61.0,79.6,54.8,72.8,45.6,42.0,45.3,9.2,5246.9967,8.5654,4010.0,6657.0,82.34,False,46.732,12.224538821562525,-0.2852425341666528,-0.20068896262318053,-0.25350610732773443,0.2683808607233234,0.539491659636443,0.47050285714084134,-0.6162079666925803,0.4165175087861868,-0.07720580289268189,-0.6043334367440705,-0.00031602698812214673,0.32561462848997,0.6162156204183064,0.29615295408214115,0.6436604187915576,0.43699920426708977,0.12661884371840287,-0.8586441713596534,-0.009846372388936597,0.002808604212568834,0.0019760582603372137,0.0024961155356186017,-0.00264257789674517,-0.005312035781505853,-0.0046327463414673605,0.006067413109084585,-0.004101186498020966,0.0007601970858681842,0.005950492065267978,3.1117194100046994e-06,-0.003206122887397489,-0.006067488470518247,-0.0029160322699764026,-0.0063377201754405595,-0.004302856898882736,-0.0012467362867079601,0.008454530260797035,T2_mid,-0.009846372388936597,-0.0,T2_mid,-0.009846372388936597,-0.0
MAHARASHTRA,2021,13648.0,27471.0,43477791.0,220073570.0,3163108.0,2504795.0,182454.0,91435.0,124437.0,14.926450483950347,30.04429376059496,2.4068854377426585,0.4755049051238584,254193.52764852892,201290.21111084323,0.2021785438856274,0.5036254701273228,0.2897730632715858,0.2711931186996398,0.3529020070064751,0.2804830909856128,0.0724189160208623,12.114253365439014,1324814427,2009718002782.4543,492430510,661345730,171038187.0,36994904.0,0.4046033138294964,10.646467103835676,16150.485810349448,0.0885181240770246,1516.9807648708934,-0.9048481638977116,2.365228109782376,9.689705409334564,38.0,61.5,49.75,23.5,54.3,23.7,24.4,28.8,50.4,61.0,79.6,54.8,72.8,45.6,42.0,45.3,9.2,5246.9967,8.5654,4010.0,6657.0,82.34,False,46.732,12.224538821562525,-0.2852425341666528,-0.20068896262318053,-0.25350610732773443,0.2683808607233234,0.539491659636443,0.47050285714084134,-0.6162079666925803,0.4165175087861868,-0.07720580289268189,-0.6043334367440705,-0.00031602698812214673,0.32561462848997,0.6162156204183064,0.29615295408214115,0.6436604187915576,0.43699920426708977,0.12661884371840287,-0.8586441713596534,0.10379449192898527,-0.029606603910363946,-0.020830408911228136,-0.026312537610977006,0.02785645508224111,0.05599626271188964,0.04883560500806956,-0.06395899282544945,0.043232223203988916,-0.008013537085215298,-0.06272648202254835,-3.280186066798568e-05,0.03379700492876173,0.06395978724002255,0.030739045402223945,0.06680840614326759,0.04535811038027343,0.013142338552387214,-0.08912253551405978,T2_mid,0.10379449192898527,0.0,T2_mid,0.10379449192898527,0.0
MAHARASHTRA,2022,13590.0,28817.0,55676170.0,233188807.0,3491988.0,2717399.0,219620.0,92754.5,125411.0,14.65158024678048,31.068034434986984,2.514043059905449,0.6002530335455423,278443.5177137572,216679.4778767413,0.2174917786817454,0.6623148005267301,0.3206669931306899,0.2928520216204441,0.4399032896042377,0.306759507375567,0.1331437822286707,12.299654059151704,3158886000,4516257848558.119,1130980276,1630313884,397591840.0,47511322.0,0.5122265981704391,25.18826897162131,36011.65646201784,0.163972572907831,1429.6995360257126,-0.6689881772982208,3.226378369131546,10.491597955640986,38.0,61.5,49.75,23.5,54.3,23.7,24.4,28.8,50.4,61.0,79.6,54.8,72.8,45.6,42.0,45.3,9.2,5246.9967,8.5654,4010.0,6657.0,82.34,False,46.732,12.224538821562525,-0.2852425341666528,-0.20068896262318053,-0.25350610732773443,0.2683808607233234,0.539491659636443,0.47050285714084134,-0.6162079666925803,0.4165175087861868,-0.07720580289268189,-0.6043334367440705,-0.00031602698812214673,0.32561462848997,0.6162156204183064,0.29615295408214115,0.6436604187915576,0.43699920426708977,0.12661884371840287,-0.8586441713596534,0.21141777626992803,-0.0603053422711127,-0.04242921419971153,-0.05359569748207532,0.0567404847675343,0.11405812699650966,0.0994726677853643,-0.1302773180379592,0.08805920548506582,-0.016322679162705182,-0.1277668313219946,-6.681372307006721e-05,0.06884072067630821,0.1302789361716324,0.06261199898781639,0.1360812544138817,0.09238939999787617,0.02676947437281428,-0.18153264131599295,T2_mid,0.21141777626992803,0.0,T2_mid,0.21141777626992803,0.0
MAHARASHTRA,2023,13972.0,29612.0,73146443.0,258512123.0,3922908.0,3332739.0,252289.0,94083.4,126385.0,14.850653781644796,31.47420267549855,2.747691122982375,0.777463856535797,310393.4802389524,263697.35332515725,0.2508809821498821,0.8877407623880007,0.3613705108888154,0.3590251288497203,0.5693108722689414,0.3601978198692679,0.2091130523996734,12.43833053478848,6257211435,8171208905187.323,1985162180,3728505531,543543724.0,56723036.0,0.6029016383336486,49.50913031609764,64653.31253857122,0.2562668706862813,1305.8866541541636,-0.506001216068594,3.902157103395937,11.076794620916324,38.0,61.5,49.75,23.5,54.3,23.7,24.4,28.8,50.4,61.0,79.6,54.8,72.8,45.6,42.0,45.3,9.2,5246.9967,8.5654,4010.0,6657.0,82.34,False,46.732,12.224538821562525,-0.2852425341666528,-0.20068896262318053,-0.25350610732773443,0.2683808607233234,0.539491659636443,0.47050285714084134,-0.6162079666925803,0.4165175087861868,-0.07720580289268189,-0.6043334367440705,-0.00031602698812214673,0.32561462848997,0.6162156204183064,0.29615295408214115,0.6436604187915576,0.43699920426708977,0.12661884371840287,-0.8586441713596534,0.3020928164331375,-0.08616972051292959,-0.06062669394588127,-0.07658237394563654,0.08107593009265839,0.16297655490176066,0.1421355332535149,-0.18615200016669856,0.12582694732293329,-0.023323318440831946,-0.1825647899707336,-9.5469482910701e-05,0.09836584019236479,0.18615431230225937,0.08946567999366767,0.1944451887392744,0.1320143203960851,0.038250643112399604,-0.2593902360399353,T2_mid,0.3020928164331375,0.0,T2_mid,0.3020928164331375,0.0
MANIPUR,2019,192.0,330.0,202376.0,2743213.0,9927.0,4946.0,73795.0,2133.6,3103.0,8.998875140607424,15.46681664791901,1.285720378702662,0.0948518935133108,31991.621011923944,15939.413470834676,0.0419597610518617,0.0194052073366241,0.006692942425117,0.010329817449022,0.0306824841942429,0.0085113799370695,0.0221711042571733,11.209046257615876,1012926,2213488002.062048,436191,562999,13736.0,112463.0,0.0527104424446944,0.3264344183048662,713.3380606065252,0.0096664822902164,2185.2415695342484,-2.9429416942080304,-1.1195262132135118,6.569955446344323,44.8,73.9,59.35,29.1,50.8,40.4,,,48.1,58.7,84.0,72.2,74.0,63.1,45.9,34.8,9.1,4580.0,8.4295,4360.0,4880.0,76.94,False,42.3077,11.359885439859488,0.12119499963463749,0.6977207352636124,0.3918332033799017,1.0189556788434702,,,0.5272662998806663,-1.23000964778718,-0.4893530046934248,0.5237432477293792,-0.02003037596360267,0.15245952899758647,0.4301015423951287,0.7779835920467657,0.008412929709504875,0.2198859858282126,0.4232521112762594,-1.6351598737274864,-0.2480983794558167,-0.030068283007501858,-0.17310338373162315,-0.09721318277553505,-0.25280125265836656,,,-0.13081391454205799,0.30516340033101924,0.12140768744627335,-0.12993985101258532,0.004969503816460565,-0.0378249620768983,-0.10670749566967867,-0.19301646843001777,-0.0020872342274038543,-0.05455335674902422,-0.10500816290889295,0.40568051482296724,T2_mid,-0.2480983794558167,-0.0,T1_low,-0.0,-0.0
MANIPUR,2020,203.0,337.0,251916.0,2896180.0,10369.0,6129.0,78574.0,2183.1,3134.0,9.298703678255691,15.436764234345656,1.3266364344281067,0.1153937061976089,33085.513720485,19556.47734524569,0.0478068221904798,0.0455359921532298,0.0080865365882804,0.0154204846332324,0.0466714071718548,0.0117535106107564,0.0349178965610984,11.271796134890542,1898206,5225202703.252603,870755,859280,168171.0,193166.0,0.0884824332371398,0.6056815571155073,1667.2631471769632,0.0212190183416519,2752.7058197332653,-2.424951241166488,-0.5014009143353064,7.4189387270275615,44.8,73.9,59.35,29.1,50.8,40.4,,,48.1,58.7,84.0,72.2,74.0,63.1,45.9,34.8,9.1,4580.0,8.4295,4360.0,4880.0,76.94,False,42.3077,11.359885439859488,0.12119499963463749,0.6977207352636124,0.3918332033799017,1.0189556788434702,,,0.5272662998806663,-1.23000964778718,-0.4893530046934248,0.5237432477293792,-0.02003037596360267,0.15245952899758647,0.4301015423951287,0.7779835920467657,0.008412929709504875,0.2198859858282126,0.4232521112762594,-1.6351598737274864,-0.21232638866337133,-0.02573289659648119,-0.148144524014075,-0.08319652903205484,-0.21635117949686802,,,-0.11195254931756006,0.26116350653575726,0.1039025562681247,-0.11120451237720454,0.004252977391921352,-0.03237118120937608,-0.09132190725530358,-0.1651864465386473,-0.0017862869832979556,-0.04668759728858963,-0.08986759228143554,0.34718759087581147,T2_mid,-0.21232638866337133,-0.0,T1_low,-0.0,-0.0
MANIPUR,2021,210.0,386.0,309117.0,3069499.0,12323.0,7405.0,75784.0,2233.3,3165.0,9.403125419782386,17.28384005731429,1.3744230510903148,0.1384126628755653,38935.22906793049,23396.52448657188,0.0546357128124534,0.0748178969636183,0.0155389394615846,0.0208249791754675,0.0647268048880359,0.018181959318526,0.0465448455695098,11.23564246755537,4259959,12473820391.81626,1881402,1406751,971806.0,326912.0,0.146380692249138,1.3459586097946288,3941.175479246843,0.0520053768506128,2928.1550343128324,-1.921544569696464,0.297106480225679,8.279234302782472,44.8,73.9,59.35,29.1,50.8,40.4,,,48.1,58.7,84.0,72.2,74.0,63.1,45.9,34.8,9.1,4580.0,8.4295,4360.0,4880.0,76.94,False,42.3077,11.359885439859488,0.12119499963463749,0.6977207352636124,0.3918332033799017,1.0189556788434702,,,0.5272662998806663,-1.23000964778718,-0.4893530046934248,0.5237432477293792,-0.02003037596360267,0.15245952899758647,0.4301015423951287,0.7779835920467657,0.008412929709504875,0.2198859858282126,0.4232521112762594,-1.6351598737274864,-0.15442812965137312,-0.018715917116675918,-0.10774770816574053,-0.06051006873326431,-0.15735541968144232,,,-0.08142474851877132,0.18994808936091842,0.07556986925408521,-0.0808806901643838,0.003093253496272981,-0.023544039910626563,-0.06641977675225048,-0.1201425510192389,-0.0012991929999273076,-0.033956581527999206,-0.06536203191538759,0.25251468098071117,T2_mid,-0.15442812965137312,-0.0,T1_low,-0.0,-0.0
MANIPUR,2022,225.0,396.0,353300.0,3471552.0,13813.0,9163.0,98826.0,2277.6,3194.0,9.87881981032666,17.38672286617492,1.524214963119073,0.1551194239550404,43246.71258609893,28688.165309956166,0.0760415509895188,0.0960701975984064,0.0210316703468632,0.0282724512759199,0.0860558742939626,0.0246520608113915,0.061403813482571,11.501116007010731,7248073,22083214067.437004,3431618,1464924,2351531.0,406492.0,0.178473832103969,2.269277708202881,6913.968086235755,0.0699610232756132,3046.7703715783496,-1.723313287366422,0.8194615906410673,8.84129900465312,44.8,73.9,59.35,29.1,50.8,40.4,,,48.1,58.7,84.0,72.2,74.0,63.1,45.9,34.8,9.1,4580.0,8.4295,4360.0,4880.0,76.94,False,42.3077,11.359885439859488,0.12119499963463749,0.6977207352636124,0.3918332033799017,1.0189556788434702,,,0.5272662998806663,-1.23000964778718,-0.4893530046934248,0.5237432477293792,-0.02003037596360267,0.15245952899758647,0.4301015423951287,0.7779835920467657,0.008412929709504875,0.2198859858282126,0.4232521112762594,-1.6351598737274864,-0.12233498979654212,-0.014826389043695303,-0.08535565902930989,-0.04793491093742668,-0.12465393257444457,,,-0.06450311741596183,0.15047321771169303,0.05986499483607735,-0.06407212486698144,0.002450415839128235,-0.018651134924305358,-0.0526164678003851,-0.09517461479491826,-0.0010291956701713048,-0.026899749832696992,-0.0517785427143461,0.20003726646816714,T2_mid,-0.12233498979654212,-0.0,T1_low,-0.0,-0.0
MANIPUR,2023,240.0,400.0,368547.0,3598482.0,14851.0,11313.0,107133.0,2322.4,3223.0,10.334137099552189,17.223561832586977,1.5494669307612814,0.1586923010678608,46078.18802358052,35100.83772882407,0.0796501539219511,0.1006151754173625,0.0246389049613121,0.0372976668041188,0.0901326646696568,0.0309682858827155,0.0591643787869413,11.58182633222492,12080206,32463601489.998207,6003083,3485586,2591537.0,486209.0,0.209356269376507,3.748124728513807,10072.479519081046,0.0940184585429423,2687.338402176106,-1.5637178400988578,1.3212556425081,9.217562183713328,44.8,73.9,59.35,29.1,50.8,40.4,,,48.1,58.7,84.0,72.2,74.0,63.1,45.9,34.8,9.1,4580.0,8.4295,4360.0,4880.0,76.94,False,42.3077,11.359885439859488,0.12119499963463749,0.6977207352636124,0.3918332033799017,1.0189556788434702,,,0.5272662998806663,-1.23000964778718,-0.4893530046934248,0.5237432477293792,-0.02003037596360267,0.15245952899758647,0.4301015423951287,0.7779835920467657,0.008412929709504875,0.2198859858282126,0.4232521112762594,-1.6351598737274864,-0.09145255252400411,-0.011083592069733344,-0.06380834218878229,-0.035834146612749244,-0.09318609773906472,,,-0.04821984898397394,0.11248752191928887,0.04475258136450466,-0.04789765687206355,0.0018318290098869225,-0.013942813083436704,-0.03933388389654569,-0.07114858531447023,-0.0007693838961392492,-0.020109134668247035,-0.038707485937387744,0.1495395442372069,T2_mid,-0.09145255252400411,-0.0,T1_low,-0.0,-0.0
MEGHALAYA,2019,346.0,389.0,278005.0,2840817.0,24063.0,7448.0,88954.0,2216.8,3224.0,15.608083724287262,17.547816672681343,1.2814944965716348,0.1254082461205341,74637.09677419355,23101.736972704715,0.0413558663032937,0.0582752665193765,0.0610222981676915,0.0204100942922408,0.0498155664113351,0.0407161962299661,0.0090993701813689,11.395874661166657,619713,1178941696.2843208,212486,392674,14553.0,69850.0,0.031509382894262,0.1922186724565756,365.676704802829,0.0041108517301395,1902.3994918362544,-3.4574699078457978,-1.6491216359859615,5.901749622833329,34.7,42.1,38.4,7.4,57.8,28.0,,,35.1,34.7,85.9,67.5,70.4,64.3,33.6,54.4,3.2,4170.2852,8.3357,3514.0,6433.0,74.43,False,22.4832,11.520176282288238,-0.4824842785113965,-1.6062654254460655,-1.0164853965497833,-1.8895217413720982,,,0.21839681408214556,-0.9247737803357257,-0.7738225229341203,0.601097077521844,-1.1831769655169575,-0.8262432072637131,-1.5119584021945538,0.9860468220769448,-0.28685951428974416,-0.7529596618316473,-0.5122835787139036,-0.18566389597419813,-0.2692994390062491,0.12993274553245393,0.4325663779677595,0.2737389470489013,0.5088471449416169,,,-0.05881413951307388,0.24904106025209916,0.20838997131655893,-0.16187510576492842,0.3186288930588328,0.22250683219884193,0.4071695495117781,-0.2655418560192159,0.0772511062718332,0.20277161452559764,0.13795768035976788,0.049999183029566144,T2_mid,-0.2692994390062491,-0.0,T1_low,-0.0,-0.0
MEGHALAYA,2020,364.0,407.0,277395.0,2995065.0,23756.0,8435.0,95422.0,2268.1,3256.0,16.048675102508707,17.94453507340946,1.320517172964155,0.1223028085181429,72960.68796068797,25906.019656019656,0.0469323562804956,0.0543249081456237,0.058886591878315,0.0243568506468062,0.0506286322130596,0.0416217212625606,0.009006910950499,11.466064438816906,1419913,3141558020.8005905,565736,696270,157907.0,129019.0,0.0568841761827079,0.4360912162162162,964.8519719903534,0.0101114205528112,2212.500357980095,-2.8667380752486515,-0.8299038460096947,6.87197469267129,34.7,42.1,38.4,7.4,57.8,28.0,,,35.1,34.7,85.9,67.5,70.4,64.3,33.6,54.4,3.2,4170.2852,8.3357,3514.0,6433.0,74.43,False,22.4832,11.520176282288238,-0.4824842785113965,-1.6062654254460655,-1.0164853965497833,-1.8895217413720982,,,0.21839681408214556,-0.9247737803357257,-0.7738225229341203,0.601097077521844,-1.1831769655169575,-0.8262432072637131,-1.5119584021945538,0.9860468220769448,-0.28685951428974416,-0.7529596618316473,-0.5122835787139036,-0.18566389597419813,-0.2439246457178032,0.11768980670030228,0.391807724830688,0.2479458402307266,0.4609009213402756,,,-0.05327236550088429,0.22557511673750544,0.18875438475516196,-0.1466223916765227,0.2886060221351893,0.20154108160854267,0.36880391759536235,-0.24052112173628448,0.06997210539390694,0.18366541875208148,0.12495859044483729,0.04528800004809335,T2_mid,-0.2439246457178032,-0.0,T1_low,-0.0,-0.0
MEGHALAYA,2021,367.0,415.0,309950.0,3175652.0,25821.0,9785.0,90751.0,2320.1,3288.0,15.818283694668333,17.887160036205337,1.3687565191155553,0.133593379595707,78531.02189781022,29759.732360097325,0.0538259436811696,0.0686873934734126,0.0659830692575779,0.0297805781454579,0.0612566685772911,0.0478818237015179,0.0133748448757731,11.415874771350133,3052075,7012073008.460988,1109229,1096275,846571.0,213559.0,0.0920473255463126,0.9282466545012166,2132.625610845799,0.0234997477806944,2297.477292812591,-2.3854524260834995,-0.0744577900238564,7.665109180724104,34.7,42.1,38.4,7.4,57.8,28.0,,,35.1,34.7,85.9,67.5,70.4,64.3,33.6,54.4,3.2,4170.2852,8.3357,3514.0,6433.0,74.43,False,22.4832,11.520176282288238,-0.4824842785113965,-1.6062654254460655,-1.0164853965497833,-1.8895217413720982,,,0.21839681408214556,-0.9247737803357257,-0.7738225229341203,0.601097077521844,-1.1831769655169575,-0.8262432072637131,-1.5119584021945538,0.9860468220769448,-0.28685951428974416,-0.7529596618316473,-0.5122835787139036,-0.18566389597419813,-0.2087614963541985,0.100724139949415,0.3353263737581339,0.2122030124059236,0.39445938612263004,,,-0.0455928457067784,0.19305715817201496,0.16154434780030805,-0.1254859253575958,0.24700179377313997,0.17248776830086493,0.31563869846743814,-0.20584861005208513,0.05988522144656558,0.15718898569832598,0.10694508644999835,0.03875947274252385,T2_mid,-0.2087614963541985,-0.0,T1_low,-0.0,-0.0
MEGHALAYA,2022,368.0,451.0,310794.0,3338442.0,29441.0,9512.0,107971.0,2366.0,3318.0,15.553677092138631,19.061707523245985,1.411006762468301,0.1313584108199492,88731.16335141652,28667.87221217601,0.0598636653438511,0.0658443392089854,0.0789778149780103,0.0282438907056556,0.0628540022764182,0.053610852841833,0.0092431494345852,11.589617951530286,6050629,15056795919.021364,2586556,1325619,2138454.0,287587.0,0.1215498732037193,1.8235771549125976,4537.91317631747,0.04202900016039,2488.4678797892525,-2.1074306213820515,0.600800041812458,8.420222532569156,34.7,42.1,38.4,7.4,57.8,28.0,,,35.1,34.7,85.9,67.5,70.4,64.3,33.6,54.4,3.2,4170.2852,8.3357,3514.0,6433.0,74.43,False,22.4832,11.520176282288238,-0.4824842785113965,-1.6062654254460655,-1.0164853965497833,-1.8895217413720982,,,0.21839681408214556,-0.9247737803357257,-0.7738225229341203,0.601097077521844,-1.1831769655169575,-0.8262432072637131,-1.5119584021945538,0.9860468220769448,-0.28685951428974416,-0.7529596618316473,-0.5122835787139036,-0.18566389597419813,-0.17925894869679182,0.08648962452868304,0.2879374514934667,0.1822141035511557,0.33871368089809367,,,-0.039149583291094116,0.16577397564534008,0.1387146119390695,-0.10775203018127974,0.2120950589608301,0.14811148870195867,0.27103207365067683,-0.17675771669132567,0.051422134955251865,0.13497475739103298,0.09183141575488456,0.033281914803285274,T2_mid,-0.17925894869679182,-0.0,T1_low,-0.0,-0.0
MEGHALAYA,2023,374.0,459.0,327485.0,3506501.0,31275.0,11874.0,124673.0,2413.2,3349.0,15.498093817337974,19.020387866732968,1.453050306646776,0.1357057019724846,93386.08539862646,35455.35980889818,0.0658718489025332,0.0713744319708996,0.0849080786539657,0.037796622305535,0.0686231404367164,0.0613523504797504,0.007270789956966,11.733449588577212,13518063,31261589343.18917,6349762,4250862,2917439.0,373661.0,0.1548404607989391,4.0364475962974025,9334.604163388824,0.074872700291072,2312.5790539065524,-1.8653599773087688,1.3953649973079647,9.14148365158334,34.7,42.1,38.4,7.4,57.8,28.0,,,35.1,34.7,85.9,67.5,70.4,64.3,33.6,54.4,3.2,4170.2852,8.3357,3514.0,6433.0,74.43,False,22.4832,11.520176282288238,-0.4824842785113965,-1.6062654254460655,-1.0164853965497833,-1.8895217413720982,,,0.21839681408214556,-0.9247737803357257,-0.7738225229341203,0.601097077521844,-1.1831769655169575,-0.8262432072637131,-1.5119584021945538,0.9860468220769448,-0.28685951428974416,-0.7529596618316473,-0.5122835787139036,-0.18566389597419813,-0.14596836110157202,0.07042743939158297,0.2344639316464815,0.1483747074180534,0.2758103918538736,,,-0.03187902502137551,0.13498771310531105,0.11295360545617718,-0.08774115526880816,0.17270640254964148,0.1206053668355907,0.22069809002209048,-0.14393163858798502,0.041872413167266934,0.10990828781315945,0.07477719440411668,0.027101054611086455,T2_mid,-0.14596836110157202,-0.0,T1_low,-0.0,-0.0
MIZORAM,2019,192.0,181.0,143572.0,1416119.0,9255.0,3837.0,164708.0,819.6,1192.0,23.42606149341142,22.08394338701806,1.7278172279160566,0.1751732552464616,77642.61744966442,32189.59731543624,0.1051370947588748,0.121580232096248,0.0648512624142057,0.0332003778005638,0.1133586634275614,0.0490258201073848,0.0643328433201766,12.011929488149422,228627,694815993.7847703,102335,122667,3625.0,27134.0,0.0331063933626159,0.1918011744966443,582.8993236449414,0.0035389861065943,3039.081096216852,-3.408028862301628,-1.651295993002829,6.368014484723059,67.6,79.7,73.65,12.1,83.8,48.0,,,50.0,49.1,93.2,82.3,80.7,77.0,39.9,57.1,5.3,6554.9385,8.788,5224.0,7655.0,91.33,False,54.7486,12.138123674101347,1.4839561423801406,1.1179446262106605,1.353119884954818,-1.259575019021261,,,1.191007109788125,0.2519603694225788,0.5978785762158222,1.4197584428254335,-0.7691756370318652,0.29550069814346863,-0.34672243544074444,1.785447653245525,1.7012298496892695,0.8303969907953774,-0.0331067618896739,0.014011570348959118,-0.2677024285378952,-0.39725866315889025,-0.2992764914074833,-0.3622334793053222,0.3371912915176571,,,-0.31883549569618064,-0.0674504027897296,-0.1600535468237547,-0.380072783081549,0.20591018600561292,-0.07910625452765006,0.09281843799606088,-0.4779686728011129,-0.4554233622629759,-0.22229929108648278,0.008862760558891541,-0.00375093141004592,T3_high,-0.0,-0.2677024285378952,T2_mid,-0.2677024285378952,-0.0
MIZORAM,2020,203.0,173.0,161832.0,1490844.0,11332.0,4174.0,195365.0,838.7,1204.0,24.204125432216525,20.627161082627875,1.77756527959938,0.1929557648742101,94119.60132890363,34667.77408637874,0.1122462819608718,0.1442009686263353,0.0858425610863116,0.0366881716583827,0.1282236252936036,0.0612653663723471,0.0669582589212564,12.182624882792611,538958,1654145048.3923247,242912,237506,58540.0,52556.0,0.0626636461189936,0.4476395348837209,1373.8746249105686,0.0070323477844576,3069.153901402938,-2.7699738062107904,-0.8037669800737741,7.225390220373337,67.6,79.7,73.65,12.1,83.8,48.0,,,50.0,49.1,93.2,82.3,80.7,77.0,39.9,57.1,5.3,6554.9385,8.788,5224.0,7655.0,91.33,False,54.7486,12.138123674101347,1.4839561423801406,1.1179446262106605,1.353119884954818,-1.259575019021261,,,1.191007109788125,0.2519603694225788,0.5978785762158222,1.4197584428254335,-0.7691756370318652,0.29550069814346863,-0.34672243544074444,1.785447653245525,1.7012298496892695,0.8303969907953774,-0.0331067618896739,0.014011570348959118,-0.2381451757815175,-0.3533969963791812,-0.2662331195229406,-0.32223897285603187,0.29996171431482643,,,-0.2836325975175301,-0.060003146466116125,-0.1423818986289204,-0.3381086239339564,0.18317546728781425,-0.07037206570293748,0.08257027533543194,-0.42519574523085346,-0.4051396815990157,-0.19775503734140834,0.007884215629773235,-0.0033367878837279675,T3_high,-0.0,-0.2381451757815175,T2_mid,-0.2381451757815175,-0.0
MIZORAM,2021,210.0,177.0,172990.0,1558558.0,12000.0,5063.0,173521.0,858.0,1216.0,24.47552447552448,20.62937062937063,1.8165011655011656,0.2016200466200466,98684.2105263158,41636.51315789474,0.1178103692443981,0.1552226094800638,0.0916577682678303,0.04649599715952,0.136516489362231,0.0690768827136752,0.0674396066485557,12.064053908508583,1247012,3756673607.933133,521550,388190,337272.0,94488.0,0.1101258741258741,1.0255032894736842,3089.369743366064,0.0178040107155103,3012.5400621109766,-2.206131257178416,0.0251835062030514,8.035722382539586,67.6,79.7,73.65,12.1,83.8,48.0,,,50.0,49.1,93.2,82.3,80.7,77.0,39.9,57.1,5.3,6554.9385,8.788,5224.0,7655.0,91.33,False,54.7486,12.138123674101347,1.4839561423801406,1.1179446262106605,1.353119884954818,-1.259575019021261,,,1.191007109788125,0.2519603694225788,0.5978785762158222,1.4197584428254335,-0.7691756370318652,0.29550069814346863,-0.34672243544074444,1.785447653245525,1.7012298496892695,0.8303969907953774,-0.0331067618896739,0.014011570348959118,-0.190682947774637,-0.28296513159732417,-0.21317297677466346,-0.2580168883556624,0.2401794775702685,,,-0.2271047465149504,-0.04804454596388385,-0.11400524932413596,-0.2707237250058821,0.1466686778256703,-0.0563469441914598,0.06611405604944243,-0.34045442161816464,-0.32439552258095256,-0.15834254602805067,0.006312894948396031,-0.002671767537091224,T3_high,-0.0,-0.190682947774637,T2_mid,-0.190682947774637,-0.0
MIZORAM,2022,220.0,175.0,174667.0,1587447.0,13102.0,5982.0,190965.0,875.0,1227.0,25.142857142857142,20.0,1.8142251428571428,0.1996194285714285,106780.76609616952,48753.05623471882,0.1174851168876758,0.1526776675836451,0.1019725939317824,0.056511842487136,0.1350813922356605,0.0792422182094592,0.0558391740262012,12.159845444163857,2267139,6886352301.222475,1047797,410527,808815.0,123574.0,0.1412274285714285,1.847709046454768,5612.349063750999,0.029389412006132,3037.4636496582148,-1.957383719449003,0.6139465184295313,8.632724638816017,67.6,79.7,73.65,12.1,83.8,48.0,,,50.0,49.1,93.2,82.3,80.7,77.0,39.9,57.1,5.3,6554.9385,8.788,5224.0,7655.0,91.33,False,54.7486,12.138123674101347,1.4839561423801406,1.1179446262106605,1.353119884954818,-1.259575019021261,,,1.191007109788125,0.2519603694225788,0.5978785762158222,1.4197584428254335,-0.7691756370318652,0.29550069814346863,-0.34672243544074444,1.785447653245525,1.7012298496892695,0.8303969907953774,-0.0331067618896739,0.014011570348959118,-0.1595813933290826,-0.23681178884027335,-0.17840316111545765,-0.21593275658237784,0.20100473653791853,,,-0.19006257404483265,-0.04020818681616551,-0.09541029623412901,-0.22656703049681134,0.12274611987232976,-0.04715641313945138,0.05533044934608689,-0.2849242242210616,-0.2714846297864394,-0.13251590880740372,0.005283223190968333,-0.0022359859190153562,T3_high,-0.0,-0.1595813933290826,T2_mid,-0.1595813933290826,-0.0
MIZORAM,2023,227.0,182.0,184844.0,1664672.0,14682.0,6954.0,213665.0,892.1,1238.0,25.44557785001681,20.40130030265665,1.8660150207375847,0.2072009864364981,118594.50726979,56171.24394184168,0.1248860888767769,0.1623219993761461,0.117023028600404,0.0669522234254218,0.1436040441264615,0.0919876260129129,0.0516164181135486,12.272164646892262,3744283,10454129153.39726,1938513,913972,891798.0,153259.0,0.1717957628068602,3.0244612277867526,8444.369267687609,0.039521537302261,2792.024308364849,-1.7614489332584822,1.1067329691031795,9.041255139381944,67.6,79.7,73.65,12.1,83.8,48.0,,,50.0,49.1,93.2,82.3,80.7,77.0,39.9,57.1,5.3,6554.9385,8.788,5224.0,7655.0,91.33,False,54.7486,12.138123674101347,1.4839561423801406,1.1179446262106605,1.353119884954818,-1.259575019021261,,,1.191007109788125,0.2519603694225788,0.5978785762158222,1.4197584428254335,-0.7691756370318652,0.29550069814346863,-0.34672243544074444,1.785447653245525,1.7012298496892695,0.8303969907953774,-0.0331067618896739,0.014011570348959118,-0.1290130590936509,-0.19144972148927533,-0.14422945612474541,-0.17457013567847005,0.1625016263618764,,,-0.15365547063605373,-0.03250617802957327,-0.07713414408415974,-0.18316737988294746,0.09923370191378861,-0.038123449031798415,0.04473172205261133,-0.23034606359678525,-0.21948086712984458,-0.10713205604467392,0.004271204628071929,-0.0018076755534251095,T3_high,-0.0,-0.1290130590936509,T2_mid,-0.1290130590936509,-0.0
NAGALAND,2019,164.0,296.0,148940.0,1479138.0,11183.0,3991.0,109198.0,1478.3,2150.0,11.093823987012108,20.022999391192588,1.0005668673476291,0.1007508624771697,52013.95348837209,18562.79069767442,0.0012102316746284,0.0269091550652615,0.0322009337059056,0.0140219668896101,0.0140596933699449,0.0231114502977578,-0.0090517569278128,11.600918027106903,588194,1489889668.8447118,209586,369501,9107.0,55915.0,0.037823851721572,0.2735786046511628,692.9719389975404,0.006346013104613,2532.990252951767,-3.2748153774268927,-1.296166295665877,6.540989506303036,49.9,64.6,57.25,14.7,66.5,40.3,,,44.4,53.1,85.2,82.5,63.7,70.4,33.3,38.8,12.1,5384.145,8.5912,4393.0,7098.0,79.55,False,36.6412,11.721491905530652,0.4260231499856054,0.0239134618485172,0.2506652291626062,-0.9110938534654786,,,1.2041504921625301,-0.5414159542687608,0.001038478243884112,0.9943123789668756,0.5714000933008151,-0.12609432670755286,-0.02304577800913066,0.9093919478552998,0.31544921609916327,-0.05818558533194764,-0.5351015223722007,-1.3393443680635502,-0.2629849701789391,-0.11203768539450215,-0.006288881051107495,-0.06592118781622493,0.2396039898838336,,,-0.31667348127231787,0.14238425858777193,-0.00027310416999934027,-0.2614892113311538,-0.1502696364969579,0.0331609127489192,0.006060693242481678,-0.23915641428769338,-0.08295840268880818,0.015301934423366368,0.14072365790375813,0.35222743869452283,T3_high,-0.0,-0.2629849701789391,T1_low,-0.0,-0.0
NAGALAND,2020,176.0,317.0,172471.0,1571267.0,12242.0,4644.0,122759.0,1512.3,2171.0,11.63790253256629,20.961449447860875,1.0389916021953316,0.1140454936189909,56388.76093965914,21391.064025794563,0.0067012735139812,0.0438209608013065,0.0377743378262209,0.0180024877538658,0.0252611171576439,0.0278884127900433,-0.0026272956323994,11.717978362724606,1432781,3957253237.7258143,598788,672407,161586.0,110228.0,0.072887654565893,0.6599636112390603,1822.779013231605,0.0148484348457677,2761.938661753481,-2.618836001827049,-0.4155705799678997,7.508117545845065,49.9,64.6,57.25,14.7,66.5,40.3,,,44.4,53.1,85.2,82.5,63.7,70.4,33.3,38.8,12.1,5384.145,8.5912,4393.0,7098.0,79.55,False,36.6412,11.721491905530652,0.4260231499856054,0.0239134618485172,0.2506652291626062,-0.9110938534654786,,,1.2041504921625301,-0.5414159542687608,0.001038478243884112,0.9943123789668756,0.5714000933008151,-0.12609432670755286,-0.02304577800913066,0.9093919478552998,0.31544921609916327,-0.05818558533194764,-0.5351015223722007,-1.3393443680635502,-0.22792116733461812,-0.09709969365629029,-0.005450384139525895,-0.057131911640940766,0.20765757463324738,,,-0.2744513858202388,0.12340015631052217,-0.00023669117359767104,-0.2266248381093915,-0.13023417628023148,0.02873956613745816,0.005252620625975532,-0.20726967431988208,-0.0718975535681115,0.01326172653090554,0.12196096362160325,0.3052649318320908,T3_high,-0.0,-0.22792116733461812,T1_low,-0.0,-0.0
NAGALAND,2021,180.0,320.0,198130.0,1639343.0,12579.0,7208.0,119781.0,1546.7,2192.0,11.637680222409,20.689209284282665,1.0598972004913687,0.1280985323592164,57385.948905109486,32883.211678832115,0.0096887636131382,0.0616975200409374,0.0390447323698104,0.0341765728584438,0.0356931418270378,0.0366106526141271,-0.0009175107870893,11.693420354422775,3110247,9239769912.134188,1362272,925345,822630.0,208308.0,0.1346789939871985,1.418908302919708,4215.223500061217,0.0351910862328851,2970.7511693232686,-2.004861154369682,0.3498877751735403,8.34645789395574,49.9,64.6,57.25,14.7,66.5,40.3,,,44.4,53.1,85.2,82.5,63.7,70.4,33.3,38.8,12.1,5384.145,8.5912,4393.0,7098.0,79.55,False,36.6412,11.721491905530652,0.4260231499856054,0.0239134618485172,0.2506652291626062,-0.9110938534654786,,,1.2041504921625301,-0.5414159542687608,0.001038478243884112,0.9943123789668756,0.5714000933008151,-0.12609432670755286,-0.02304577800913066,0.9093919478552998,0.31544921609916327,-0.05818558533194764,-0.5351015223722007,-1.3393443680635502,-0.16612982791331263,-0.070775152594196,-0.003972739301705729,-0.04164297138463484,0.15135986508909682,,,-0.20004531404469184,0.08994533931219116,-0.0001725222119481866,-0.16518494440984355,-0.09492659916971519,0.020948028796770775,0.003828591134785281,-0.15107712780295313,-0.05240552398594336,0.009666361278231828,0.0888963238278453,0.22250504938306204,T3_high,-0.0,-0.16612982791331263,T1_low,-0.0,-0.0
NAGALAND,2022,182.0,327.0,198538.0,1717794.0,14579.0,6381.0,127225.0,1578.1,2213.0,11.532855966035106,20.72112033457956,1.088520372599962,0.1258082504277295,65878.8974243109,28834.161771351108,0.0137791245810468,0.0587841031365573,0.049864553538538,0.0284779271593545,0.0362816138588021,0.0391712403489463,-0.0028896264901441,11.753712451457034,5503745,16960050017.589794,2732112,860156,1911477.0,266042.0,0.1685837399404347,2.487006326253954,7663.827391590508,0.0602383760392258,3081.5472042381675,-1.7803226796996077,0.9110797085470046,8.944266797422975,49.9,64.6,57.25,14.7,66.5,40.3,,,44.4,53.1,85.2,82.5,63.7,70.4,33.3,38.8,12.1,5384.145,8.5912,4393.0,7098.0,79.55,False,36.6412,11.721491905530652,0.4260231499856054,0.0239134618485172,0.2506652291626062,-0.9110938534654786,,,1.2041504921625301,-0.5414159542687608,0.001038478243884112,0.9943123789668756,0.5714000933008151,-0.12609432670755286,-0.02304577800913066,0.9093919478552998,0.31544921609916327,-0.05818558533194764,-0.5351015223722007,-1.3393443680635502,-0.1322250819600764,-0.0563309459237366,-0.0031619594528693473,-0.033144230470566936,0.12046945944779475,,,-0.1592188975184569,0.07158876892767987,-0.0001373128709113329,-0.13147303580281366,-0.07555342416869558,0.016672832683606826,0.003047229886091028,-0.12024442483900054,-0.041710298452953716,0.007693593789411796,0.07075384265262588,0.17709491883996967,T3_high,-0.0,-0.1322250819600764,T1_low,-0.0,-0.0
NAGALAND,2023,192.0,332.0,210762.0,1832801.0,15579.0,7805.0,138889.0,1609.0,2233.0,11.932877563704164,20.633934120571784,1.1390932256059665,0.1309894344313238,69767.12942230183,34952.978056426335,0.0210061790523938,0.0653749725196011,0.0548180717172567,0.0370895686316015,0.0431905757859975,0.0459538201744291,-0.0027632443884316,11.841430331941943,9785812,28181167021.93062,5211904,2288165,2285743.0,325241.0,0.2021385954008701,4.382360949395432,12620.316624241208,0.0908662070015711,2879.7985309681626,-1.598801701004909,1.4775876087064514,9.443063224864568,49.9,64.6,57.25,14.7,66.5,40.3,,,44.4,53.1,85.2,82.5,63.7,70.4,33.3,38.8,12.1,5384.145,8.5912,4393.0,7098.0,79.55,False,36.6412,11.721491905530652,0.4260231499856054,0.0239134618485172,0.2506652291626062,-0.9110938534654786,,,1.2041504921625301,-0.5414159542687608,0.001038478243884112,0.9943123789668756,0.5714000933008151,-0.12609432670755286,-0.02304577800913066,0.9093919478552998,0.31544921609916327,-0.05818558533194764,-0.5351015223722007,-1.3393443680635502,-0.09867022649964102,-0.04203580070317023,-0.0023595466969837165,-0.024733194937058774,0.08989783688386951,,,-0.11881380180133105,0.053421634838217914,-0.00010246688353899478,-0.09810902764405852,-0.05638017662790744,0.012441755776553974,0.0022739321360213684,-0.08972990947183217,-0.031125445601638647,0.0057411848837174645,0.052798588412767765,0.13215341215784907,T3_high,-0.0,-0.09867022649964102,T1_low,-0.0,-0.0
ODISHA,2019,4914.0,6888.0,7126096.0,62128831.0,309554.0,127646.0,98005.0,30614.0,43671.0,16.051479715162998,22.499510028091724,2.029425458940354,0.232772457045796,70883.19479746284,29229.007808385428,0.1482380666253503,0.1948509006082408,0.0562399133479401,0.0290336347258606,0.1715444836167955,0.0426367740369003,0.1289077095798951,11.492773776759377,104244439,101343003471.1919,71855919,31490363,898157.0,4265066.0,0.1393175017965636,2.3870403471411232,2320.601851828259,0.0236784026511735,972.1669994424536,-1.970999765050765,0.8700542500798334,7.749581849908584,24.9,50.7,37.8,25.8,39.7,21.3,8.5,10.9,33.0,38.6,71.5,50.1,86.5,39.2,26.7,56.2,10.9,3387.6739,8.1279,2950.0,5187.0,72.87,False,19.5652,11.641906568218479,-1.0682324889897272,-0.9831748285245803,-1.0568191034690106,0.5766526610226694,-1.0383861208052612,-1.1476982358029435,-0.9250774524911005,-0.6929673411279045,-1.4040225857317234,-1.0168871956372179,0.33482790559504816,-0.9843413415828463,-1.1963736611987306,-0.5908534476254612,-0.470375455580115,-0.8961543754371087,-1.0370962828547272,-0.05254691842542646,-0.1614913201039475,0.17251027482487663,0.1587742009514067,0.17066711213028082,-0.09312439947000505,0.16769034542645875,0.18534330318078898,0.14939197900118462,0.11190821070766781,0.22673746082557383,0.16421845562025544,-0.05407180048218424,0.15896258268510458,0.19320396188457584,0.09541770324500434,0.0759615532661285,0.1447211531062673,0.16748204779310685,0.008485871223916563,T1_low,-0.0,-0.0,T1_low,-0.0,-0.0
ODISHA,2020,5223.0,7068.0,8509070.0,65762478.0,341140.0,143879.0,104633.0,30990.5,43852.0,16.853551894935546,22.806989238637648,2.122020554686113,0.2745702715348251,77793.48718416491,32810.13408738484,0.1614702605981668,0.2480209743988607,0.065043466987609,0.0340737232241552,0.2047456174985138,0.0495585951058821,0.1551870223926317,11.55821426842892,190990273,274964611036.74786,105735544,75723934,9530795.0,6631513.0,0.2139853503493005,4.3553377953115024,6270.286669633036,0.0599264731932854,1439.6786114691186,-1.5418477226152054,1.4714021722359572,8.743577353416416,24.9,50.7,37.8,25.8,39.7,21.3,8.5,10.9,33.0,38.6,71.5,50.1,86.5,39.2,26.7,56.2,10.9,3387.6739,8.1279,2950.0,5187.0,72.87,False,19.5652,11.641906568218479,-1.0682324889897272,-0.9831748285245803,-1.0568191034690106,0.5766526610226694,-1.0383861208052612,-1.1476982358029435,-0.9250774524911005,-0.6929673411279045,-1.4040225857317234,-1.0168871956372179,0.33482790559504816,-0.9843413415828463,-1.1963736611987306,-0.5908534476254612,-0.470375455580115,-0.8961543754371087,-1.0370962828547272,-0.05254691842542646,-0.08682347155121062,0.0927476531178785,0.08536265175427027,0.09175670336481756,-0.05006698590923164,0.09015628781890754,0.09964714512561149,0.08031843587902746,0.06016583022833668,0.12190211502953546,0.08828967650119833,-0.0290709211359831,0.08546393246759874,0.10387331453770568,0.05129994750084394,0.040839629985947846,0.07780723392125673,0.09004429961030369,0.004562305877013799,T1_low,-0.0,-0.0,T1_low,-0.0,-0.0
ODISHA,2021,5289.0,7620.0,9429978.0,68638037.0,363567.0,155954.0,103211.0,31369.0,44033.0,16.86059485479295,24.291497975708506,2.1880849564857026,0.3006145557716216,82566.93843253923,35417.52776326846,0.1709111167501007,0.2811513313714202,0.0711247341409752,0.0377433773643657,0.2260312240607604,0.0544340557526704,0.1715971683080899,11.544530715496666,329398590,621888775632.3123,164668568,120506379,44223643.0,9201367.0,0.2933267557142401,7.4807210501215,14123.243377292309,0.1368385479967475,1887.9521482842783,-1.2264680841308635,2.0123291844155533,9.555577185611392,24.9,50.7,37.8,25.8,39.7,21.3,8.5,10.9,33.0,38.6,71.5,50.1,86.5,39.2,26.7,56.2,10.9,3387.6739,8.1279,2950.0,5187.0,72.87,False,19.5652,11.641906568218479,-1.0682324889897272,-0.9831748285245803,-1.0568191034690106,0.5766526610226694,-1.0383861208052612,-1.1476982358029435,-0.9250774524911005,-0.6929673411279045,-1.4040225857317234,-1.0168871956372179,0.33482790559504816,-0.9843413415828463,-1.1963736611987306,-0.5908534476254612,-0.470375455580115,-0.8961543754371087,-1.0370962828547272,-0.05254691842542646,-0.007482066186271008,0.007992586184946155,0.007356179139696559,0.007907190479070726,-0.004314553376260913,0.007769273682770167,0.008587154162144093,0.006921490726965388,0.005184827511243221,0.010504989913464116,0.007608417301729179,-0.002505204550672651,0.007364907067605654,0.008951346916600269,0.004420804601520111,0.003519380291047799,0.006705086350136806,0.0077596230298547075,0.00039315952154362434,T1_low,-0.0,-0.0,T1_low,-0.0,-0.0
ODISHA,2022,5367.0,8203.0,9970819.0,73806889.0,421413.0,183405.0,133768.0,31662.4,44162.0,16.950704937086257,25.907701248168173,2.3310579425438376,0.3149103984536864,95424.34672342738,41530.04845795027,0.1913425042783185,0.2993367561261998,0.0875047767240905,0.046346158402699,0.2453396302022591,0.0669254675633947,0.1784141626388644,11.803862235142503,802771719,1385868584162.6897,377640038,313602452,111529229.0,12011836.0,0.3793722522613573,18.17788413115348,31381.472400767398,0.2345962592007609,1726.3545181798934,-0.9692373599982744,2.9002056975511388,10.353972946816812,24.9,50.7,37.8,25.8,39.7,21.3,8.5,10.9,33.0,38.6,71.5,50.1,86.5,39.2,26.7,56.2,10.9,3387.6739,8.1279,2950.0,5187.0,72.87,False,19.5652,11.641906568218479,-1.0682324889897272,-0.9831748285245803,-1.0568191034690106,0.5766526610226694,-1.0383861208052612,-1.1476982358029435,-0.9250774524911005,-0.6929673411279045,-1.4040225857317234,-1.0168871956372179,0.33482790559504816,-0.9843413415828463,-1.1963736611987306,-0.5908534476254612,-0.470375455580115,-0.8961543754371087,-1.0370962828547272,-0.05254691842542646,0.07856343036084618,-0.08392400875793782,-0.07724158717332774,-0.0830273340393995,0.045303811176651124,-0.08157917568955333,-0.09016711042377057,-0.07267725801717356,-0.05444189144704286,-0.11030483063918943,-0.07989014637928073,0.026305228844084545,-0.07733323244074584,-0.09399121881713704,-0.046419473685988796,-0.036954309347919656,-0.0704049618672209,-0.08147784159554979,-0.004128266166393057,T1_low,0.0,0.0,T1_low,0.0,0.0
ODISHA,2023,5548.0,8626.0,10502404.0,79578034.0,463318.0,216311.0,134612.0,31957.0,44291.0,17.36082861344932,26.992521200362987,2.490159714616516,0.3286417373345432,104607.70811225758,48838.59023277867,0.2140787571276595,0.3168040881019136,0.099204168016796,0.0566322233076512,0.2654414226147866,0.0779181956622236,0.187523226952563,11.81015184526493,1608802170,2471387916925.528,674939835,779431388,154430947.0,14605734.0,0.4570433394874362,36.32345555530469,55798.87374242008,0.4145163413545604,1536.166449182206,-0.7829770578198336,3.592463691148593,10.929508964338108,24.9,50.7,37.8,25.8,39.7,21.3,8.5,10.9,33.0,38.6,71.5,50.1,86.5,39.2,26.7,56.2,10.9,3387.6739,8.1279,2950.0,5187.0,72.87,False,19.5652,11.641906568218479,-1.0682324889897272,-0.9831748285245803,-1.0568191034690106,0.5766526610226694,-1.0383861208052612,-1.1476982358029435,-0.9250774524911005,-0.6929673411279045,-1.4040225857317234,-1.0168871956372179,0.33482790559504816,-0.9843413415828463,-1.1963736611987306,-0.5908534476254612,-0.470375455580115,-0.8961543754371087,-1.0370962828547272,-0.05254691842542646,0.15623451758692508,-0.16689478758799028,-0.1536058450381456,-0.16511162280712754,0.09009305031009339,-0.1622317546529685,-0.17931008020603786,-0.14452902952048868,-0.1082654182446123,-0.21935679136294298,-0.15887288045070183,0.05231167630528284,-0.15378809464306262,-0.18691486181108702,-0.09231170335433543,-0.07348888238728937,-0.14001024652982882,-0.16203023744300152,-0.008209642450876008,T1_low,0.0,0.0,T1_low,0.0,0.0
PUDUCHERRY,2019,253.0,561.0,632880.0,2830751.0,17818.0,12363.0,204140.0,1020.9,1504.0,24.78205504946616,54.9515133705554,2.7727994906455087,0.6199235968263297,118470.74468085106,82200.79787234042,0.2544690640950817,0.6873372882794581,0.116865357907279,0.1035863002939705,0.4709031761872698,0.1102258291006247,0.360677347086645,12.22656131195749,1130255,2223390386.2119875,637708,469687,22860.0,129946.0,0.1272857282789695,0.751499335106383,1478.3180759388215,0.0072416874494896,1967.158195462075,-2.0613208906308595,-0.2856849545448113,7.298660285349586,61.9,80.7,71.3,18.8,66.9,50.4,,,65.4,74.2,84.6,82.9,92.6,67.3,60.3,68.2,15.6,7367.8182,8.9049,6590.0,7706.0,85.85,False,69.697,12.294341095851559,1.143265856693765,1.1903970212015307,1.1951461995211774,-0.36156586162751386,,,1.2304372569113409,0.5494393739399499,0.952404020590412,0.7944816520030069,1.261402307442636,1.4548870164837777,1.684348589942632,0.8436877699510319,1.0565712866948902,1.5639582851270706,1.5185134068744992,0.8348995985663826,-0.1735230936215416,-0.19838302828538418,-0.20656137375675745,-0.20738546587094292,0.06274002685754444,,,-0.21350927932645944,-0.09534041992354314,-0.1652640920304427,-0.1378609140811148,-0.21888243068879712,-0.2524564959700799,-0.29227337806392695,-0.14639931189256258,-0.18333951829899012,-0.27138287993029037,-0.2634971440666498,-0.14487436120662192,T3_high,-0.0,-0.1735230936215416,T3_high,-0.0,-0.1735230936215416
PUDUCHERRY,2020,267.0,623.0,759321.0,3034786.0,20043.0,13322.0,217937.0,1052.4,1537.0,25.37058152793615,59.19802356518434,2.883681109844166,0.7215136830102623,130403.38321405336,86675.34157449577,0.2703144723366278,0.8165677862092701,0.1320672650786717,0.1098837873110021,0.543441129272949,0.1209755261948369,0.422465603078112,12.291961309179642,3755875,6881989004.670558,1950475,1616976,188424.0,225275.0,0.2140583428354238,2.443640208197788,4477.546522231983,0.0205451415878532,1832.326423182496,-1.5415066710450367,0.8934888161505663,8.406830524105787,61.9,80.7,71.3,18.8,66.9,50.4,,,65.4,74.2,84.6,82.9,92.6,67.3,60.3,68.2,15.6,7367.8182,8.9049,6590.0,7706.0,85.85,False,69.697,12.294341095851559,1.143265856693765,1.1903970212015307,1.1951461995211774,-0.36156586162751386,,,1.2304372569113409,0.5494393739399499,0.952404020590412,0.7944816520030069,1.261402307442636,1.4548870164837777,1.684348589942632,0.8436877699510319,1.0565712866948902,1.5639582851270706,1.5185134068744992,0.8348995985663826,-0.08675047906508732,-0.09917886076694157,-0.1032675118668857,-0.10367950536128057,0.031366011709767896,,,-0.10674102149659075,-0.0476641289065123,-0.08262150504973352,-0.06892166391968284,-0.10942725446445523,-0.1262121456655433,-0.14611804709012763,-0.0731903182246072,-0.09165806528719744,-0.1356741304725858,-0.13173176551312066,-0.07242794014688278,T3_high,-0.0,-0.08675047906508732,T3_high,-0.0,-0.08675047906508732
PUDUCHERRY,2021,268.0,633.0,793865.0,3075824.0,22138.0,14885.0,208862.0,1085.0,1571.0,24.70046082949309,58.3410138248848,2.8348608294930875,0.7316728110599078,140916.6136218969,94748.56779121578,0.2633378672128911,0.8294909879281013,0.1454608789291878,0.1212460715280193,0.5464144275704962,0.1333534752286035,0.4130609523418926,12.249429025780088,8249009,14385318141.56104,3423869,3898837,926303.0,338921.0,0.3123695852534562,5.250801400381922,9156.79066935776,0.043841343419855,1743.884403758202,-1.1635682240998475,1.6583807126458536,9.122251032669276,61.9,80.7,71.3,18.8,66.9,50.4,,,65.4,74.2,84.6,82.9,92.6,67.3,60.3,68.2,15.6,7367.8182,8.9049,6590.0,7706.0,85.85,False,69.697,12.294341095851559,1.143265856693765,1.1903970212015307,1.1951461995211774,-0.36156586162751386,,,1.2304372569113409,0.5494393739399499,0.952404020590412,0.7944816520030069,1.261402307442636,1.4548870164837777,1.684348589942632,0.8436877699510319,1.0565712866948902,1.5639582851270706,1.5185134068744992,0.8348995985663826,0.011560763352945091,0.013217026018738653,0.013761898258161657,0.01381680238483603,-0.004179977362779378,,,0.014224793947798913,0.006351938578910067,0.011010517498439197,0.009184814367063638,0.014582773569203202,0.016819604502841277,0.01947235545219352,0.009753674652177859,0.012214770610996328,0.018080551628231887,0.01755517414515051,0.009652076682494804,T3_high,0.0,0.011560763352945091,T3_high,0.0,0.011560763352945091
PUDUCHERRY,2022,265.0,670.0,796548.0,3245201.0,24552.0,16156.0,231557.0,1118.5,1608.0,23.69244523915959,59.901654000894055,2.901386678587394,0.7121573535985695,152686.5671641791,100472.6368159204,0.2728446659513384,0.8046658068519611,0.1604555291621201,0.1293021444523504,0.5387552364016497,0.1448788368072353,0.3938763995944144,12.352581342503557,19114117,30457482277.826904,7180440,9605278,2328399.0,433835.0,0.3878721502011623,11.88688868159204,18941.22032203165,0.0817993855596317,1593.4548416663404,-0.9470795034499624,2.475436001236209,9.849095795605969,61.9,80.7,71.3,18.8,66.9,50.4,,,65.4,74.2,84.6,82.9,92.6,67.3,60.3,68.2,15.6,7367.8182,8.9049,6590.0,7706.0,85.85,False,69.697,12.294341095851559,1.143265856693765,1.1903970212015307,1.1951461995211774,-0.36156586162751386,,,1.2304372569113409,0.5494393739399499,0.952404020590412,0.7944816520030069,1.261402307442636,1.4548870164837777,1.684348589942632,0.8436877699510319,1.0565712866948902,1.5639582851270706,1.5185134068744992,0.8348995985663826,0.08706332830065117,0.09953653061625448,0.10363992666498607,0.10405340593618781,-0.03147912731318405,,,0.10712596285182473,0.0478360205946381,0.08291946391952316,0.06917021689718149,0.10982188321207713,0.126667305956482,0.14664499425891425,0.07345426529849094,0.09198861280655865,0.13616341362654155,0.1322068312716548,0.07268913784806684,T3_high,0.0,0.08706332830065117,T3_high,0.0,0.08706332830065117
PUDUCHERRY,2023,272.0,671.0,824586.0,3518046.0,26469.0,18315.0,231231.0,1153.1,1646.0,23.588587286445232,58.19096348972335,3.05094614517388,0.7151036336831151,160808.01944106925,111269.74483596598,0.2942172867840565,0.8084137044733605,0.1708020726584852,0.1444980285700924,0.5513154956287085,0.1576500506142888,0.3936654450144197,12.351172489837014,36303914,51959850235.818726,11942732,21511434,2849748.0,511080.0,0.4432226172925158,22.055840826245444,31567.3452222471,0.136518655466815,1431.246510660496,-0.8136831130539481,3.0935774568948307,10.359878486227943,61.9,80.7,71.3,18.8,66.9,50.4,,,65.4,74.2,84.6,82.9,92.6,67.3,60.3,68.2,15.6,7367.8182,8.9049,6590.0,7706.0,85.85,False,69.697,12.294341095851559,1.143265856693765,1.1903970212015307,1.1951461995211774,-0.36156586162751386,,,1.2304372569113409,0.5494393739399499,0.952404020590412,0.7944816520030069,1.261402307442636,1.4548870164837777,1.684348589942632,0.8436877699510319,1.0565712866948902,1.5639582851270706,1.5185134068744992,0.8348995985663826,0.14241379539200466,0.16281682979385076,0.16952895781264662,0.17020530632214093,-0.051491966638554626,,,0.17523123974847118,0.07824774658059516,0.1356354713188855,0.11314514743105808,0.17964109011913812,0.20719598188400484,0.23987447545690155,0.12015277744454296,0.1504703270404332,0.2227292352197171,0.21625725762664086,0.11890122060309964,T3_high,0.0,0.14241379539200466,T3_high,0.0,0.14241379539200466
PUNJAB,2019,6614.0,7210.0,5210584.0,59582908.0,379577.0,236211.0,149974.0,22036.3,29859.0,30.014113077059218,32.7187413495006,2.703852643138821,0.2364545772203137,127123.145450283,79108.81141364413,0.2446162954071192,0.1995348441057273,0.1278883175771461,0.0992346287322204,0.2220755697564232,0.1135614731546832,0.10851409660174,11.9182172247211,20127610,39437434913.21482,9656814,9736558,734238.0,2322582.0,0.1053980023869705,0.6740885495160588,1320.788871469735,0.0088067856526446,1959.36998546846,-2.250011595739768,-0.3943937975953639,7.1859844669721,54.8,78.2,66.5,23.4,64.1,48.8,26.6,35.0,56.0,58.7,77.2,61.2,81.6,57.2,55.1,58.8,4.0,5796.9608,8.6651,5315.0,6544.0,75.84,False,39.2157,11.993110034496478,0.7188972552247705,1.0092660337243549,0.8724765441673596,0.2549777389711777,0.7578143713956728,1.030997090450979,-0.19561973071161579,-0.024183691001583758,0.22515678739086759,0.1434202512497591,-1.0254621737131129,0.7472096533409915,0.4301015423951287,0.03333624246507454,-0.12098933658498653,0.06815258813524246,1.123002383464024,0.13973316025613175,-0.1954108195135406,-0.14048030178950738,-0.1972215027572569,-0.17049135650208555,-0.049825408930067476,-0.14808512735356705,-0.20146798636110178,0.03822621189137497,0.00472575487748172,-0.04399807234308546,-0.02802586883155332,0.20038640374541614,-0.14601285070779174,-0.08404649487346993,-0.00651426245960231,0.02364262541447182,-0.013317753099476533,-0.2194468160683643,-0.027305371358867608,T3_high,-0.0,-0.1954108195135406,T2_mid,-0.1954108195135406,-0.0
PUNJAB,2020,6735.0,7437.0,6192224.0,62079607.0,410987.0,244057.0,154385.0,22385.8,30099.0,30.0860366839693,33.22195320247657,2.773169017859536,0.2766139248988198,136545.06794245655,81084.75364630054,0.2545218709498601,0.2506206605665326,0.1398916302312202,0.1020155761058184,0.2525712657581964,0.1209536031685193,0.131617662589677,11.947204761594351,49620677,103775005548.75038,21716932,23412688,4491057.0,3875890.0,0.1731405623207569,1.6485822452573176,3447.789147438466,0.0223324101916537,2091.366176820812,-1.7536515154190455,0.4999156732510549,8.1454884777787,54.8,78.2,66.5,23.4,64.1,48.8,26.6,35.0,56.0,58.7,77.2,61.2,81.6,57.2,55.1,58.8,4.0,5796.9608,8.6651,5315.0,6544.0,75.84,False,39.2157,11.993110034496478,0.7188972552247705,1.0092660337243549,0.8724765441673596,0.2549777389711777,0.7578143713956728,1.030997090450979,-0.19561973071161579,-0.024183691001583758,0.22515678739086759,0.1434202512497591,-1.0254621737131129,0.7472096533409915,0.4301015423951287,0.03333624246507454,-0.12098933658498653,0.06815258813524246,1.123002383464024,0.13973316025613175,-0.12766825957975422,-0.09178036139120883,-0.12885123797854992,-0.11138756191800538,-0.03255256416603113,-0.09674884188061102,-0.13162560416966695,0.024974430559412182,0.0030874897403867616,-0.028745375178760815,-0.018310213865547816,0.1309189709828247,-0.09539495598323587,-0.054910315360153956,-0.004255980056444762,0.015446498029514316,-0.008700922313082211,-0.1433717598007677,-0.017839489375479224,T3_high,-0.0,-0.12766825957975422,T2_mid,-0.12766825957975422,-0.0
PUNJAB,2021,6700.0,7464.0,6988155.0,60968084.0,459027.0,263532.0,150620.0,22738.0,30339.0,29.46609200457384,32.826106077931215,2.6813301081889347,0.307333758466004,151299.31770987838,86862.45426678532,0.2413977388646138,0.2896986802565686,0.1586882052488744,0.1101471303083781,0.2655482095605912,0.1344176677786263,0.1311305417819649,11.922515387655343,83155280,185160743806.08325,33795354,34144361,15215565.0,5679863.0,0.2497960682557832,2.7408708263291475,6103.060213127765,0.0405195871273918,2226.6865532300926,-1.3871104209830498,1.0082756897341116,8.716545598648171,54.8,78.2,66.5,23.4,64.1,48.8,26.6,35.0,56.0,58.7,77.2,61.2,81.6,57.2,55.1,58.8,4.0,5796.9608,8.6651,5315.0,6544.0,75.84,False,39.2157,11.993110034496478,0.7188972552247705,1.0092660337243549,0.8724765441673596,0.2549777389711777,0.7578143713956728,1.030997090450979,-0.19561973071161579,-0.024183691001583758,0.22515678739086759,0.1434202512497591,-1.0254621737131129,0.7472096533409915,0.4301015423951287,0.03333624246507454,-0.12098933658498653,0.06815258813524246,1.123002383464024,0.13973316025613175,-0.051012753644727904,-0.0366729285766523,-0.05148543954037216,-0.04450743100841308,-0.013007116583026425,-0.03865819783644179,-0.052594000583607046,0.00997910113083967,0.0012336766712840153,-0.011485867726608706,-0.00731626194466894,0.0523116492396142,-0.03811722196684654,-0.021940664024420194,-0.0017005735243117645,0.006171999220848983,-0.0034766511887937292,-0.05728744393009251,-0.007128173280145333,T3_high,-0.0,-0.051012753644727904,T2_mid,-0.051012753644727904,-0.0
PUNJAB,2022,6550.0,7649.0,7237221.0,67768161.0,510138.0,288331.0,170276.0,23017.5,30535.0,28.45660910177039,33.231237102204844,2.9442016291951774,0.3144225480612577,167066.64483379727,94426.39593908627,0.2789630864445176,0.2987161724502035,0.1787754175290299,0.1207926458401528,0.2888396294473606,0.1497840316845914,0.1390555977627691,12.045175928945012,174317197,362558020929.9304,68200457,71537048,34579692.0,7199914.0,0.3128017378081894,5.708766890453578,11873.522873094167,0.0697310417974005,2079.875234168264,-1.162185714673634,1.7420030442083072,9.382066231531637,54.8,78.2,66.5,23.4,64.1,48.8,26.6,35.0,56.0,58.7,77.2,61.2,81.6,57.2,55.1,58.8,4.0,5796.9608,8.6651,5315.0,6544.0,75.84,False,39.2157,11.993110034496478,0.7188972552247705,1.0092660337243549,0.8724765441673596,0.2549777389711777,0.7578143713956728,1.030997090450979,-0.19561973071161579,-0.024183691001583758,0.22515678739086759,0.1434202512497591,-1.0254621737131129,0.7472096533409915,0.4301015423951287,0.03333624246507454,-0.12098933658498653,0.06815258813524246,1.123002383464024,0.13973316025613175,0.011992915907678259,0.008621674328171389,0.012104042670932158,0.010463537825620881,0.0030579265818112718,0.009088404029778363,0.012364661406839547,-0.0023460509803070744,-0.0002900329725192694,0.0027002864172216675,0.0017200270126964486,-0.012298281615846318,0.008961222537923934,0.005158171629707494,0.00039979875256161197,-0.001451014939389524,0.0008173482583965938,0.013468073149006292,0.001675808040465918,T3_high,0.0,0.011992915907678259,T2_mid,0.011992915907678259,0.0
PUNJAB,2023,6612.0,7948.0,7781977.0,71320660.0,560275.0,314823.0,185802.0,23298.0,30730.0,28.380118465104303,34.11451626749077,3.0612352991673104,0.3340191003519615,182321.83534005852,102448.0963228116,0.2956876463140158,0.3236445124621424,0.1982101795318188,0.1320824124361733,0.3096660793880791,0.1651462959839961,0.1445197834040829,12.13243686956659,347678372,631138465293.9308,120514288,178004688,49159396.0,8680448.0,0.3725833977165422,11.31397240481614,20538.186309597488,0.1105380260147764,1815.2940076868824,-0.9872943797340008,2.426038457888128,9.930041179174758,54.8,78.2,66.5,23.4,64.1,48.8,26.6,35.0,56.0,58.7,77.2,61.2,81.6,57.2,55.1,58.8,4.0,5796.9608,8.6651,5315.0,6544.0,75.84,False,39.2157,11.993110034496478,0.7188972552247705,1.0092660337243549,0.8724765441673596,0.2549777389711777,0.7578143713956728,1.030997090450979,-0.19561973071161579,-0.024183691001583758,0.22515678739086759,0.1434202512497591,-1.0254621737131129,0.7472096533409915,0.4301015423951287,0.03333624246507454,-0.12098933658498653,0.06815258813524246,1.123002383464024,0.13973316025613175,0.07177457581603108,0.05159854554906694,0.07243964145609369,0.06262163386704894,0.018300919057186976,0.05439180505421665,0.07399937883468126,-0.014040523193072451,-0.0017357741633046422,0.016160532907079816,0.010293927696880062,-0.07360211253364386,0.053630655914193304,0.030870355763231074,0.0023926946622310876,-0.00868395831165042,0.0048916231041717,0.0806030197135222,0.01002928830481735,T3_high,0.0,0.07177457581603108,T2_mid,0.07177457581603108,0.0
RAJASTHAN,2019,7391.0,10534.0,8598702.0,91436253.0,379008.0,325240.0,106604.0,49207.8,77264.0,15.019976507789416,21.40717528521901,1.8581658395620209,0.1747426627485886,49053.63429281425,42094.636570718576,0.1237644108115797,0.1210324849193805,0.0284295551056619,0.0471407615056737,0.1223984478654801,0.0377851583056678,0.0846132895598122,11.576876313462051,100854436,153891896551.47815,53537949,42612877,4703610.0,7779148.0,0.1580877015432512,1.3053224787740734,1991.7671431905956,0.0186837936962083,1525.881286485784,-1.8446053268926843,0.2664501204196708,7.596777535323018,36.9,65.2,51.05,28.3,56.1,30.8,14.2,17.1,33.4,51.9,63.5,50.2,79.6,41.4,25.1,58.2,8.8,4660.8261,8.4469,4263.0,5913.0,66.11,False,24.1107,11.722283408735338,-0.3509897822815675,0.06738489884304004,-0.16611640900274224,0.9117307048263062,-0.4727318221563484,-0.5872040024928057,-0.9185057613038978,-0.5399087242635255,-0.43658360578737365,-0.8750718410176986,-0.07917342289004424,-0.9542274112363448,-0.12014877523861502,-1.4669091530156864,-1.2656112011717215,-0.6730935218752084,-1.1587919823656425,0.09536083440654172,-0.14272112035725992,0.05009365496117606,-0.009617248258039302,0.023708320002596192,-0.13012322765692466,0.067468815286683,0.08380641311404048,0.13109017130789025,0.07705637801754929,0.062309701347586274,0.12489123354313598,0.011299719617386243,0.13618840520725892,0.017147767811607744,0.209358917780718,0.18062944856792557,0.0960646615472436,0.16538408998423468,-0.013610005124704774,T2_mid,-0.14272112035725992,-0.0,T2_mid,-0.14272112035725992,-0.0
RAJASTHAN,2020,7775.0,11149.0,11063138.0,96474388.0,420150.0,352425.0,115534.0,50352.3,78273.0,15.441201295670703,22.141987555682658,1.915987710591175,0.2197146505720692,53677.51331876892,45025.1044421448,0.1320273777340367,0.1782403542856831,0.0343202706861873,0.0512651112947361,0.1551338660098599,0.0427926909904617,0.1123411750193981,11.657320137919337,299120003,532021197651.4253,141944538,133115702,24059763.0,12268753.0,0.2436582440126866,3.8214965952499584,6796.9951024162265,0.0588311241921531,1778.6212634245835,-1.4119886747933,1.3406421247544302,8.82423589679558,36.9,65.2,51.05,28.3,56.1,30.8,14.2,17.1,33.4,51.9,63.5,50.2,79.6,41.4,25.1,58.2,8.8,4660.8261,8.4469,4263.0,5913.0,66.11,False,24.1107,11.722283408735338,-0.3509897822815675,0.06738489884304004,-0.16611640900274224,0.9117307048263062,-0.4727318221563484,-0.5872040024928057,-0.9185057613038978,-0.5399087242635255,-0.43658360578737365,-0.8750718410176986,-0.07917342289004424,-0.9542274112363448,-0.12014877523861502,-1.4669091530156864,-1.2656112011717215,-0.6730935218752084,-1.1587919823656425,0.09536083440654172,-0.057150577887824516,0.020059268890113294,-0.003851085909792336,0.009493648771156934,-0.052105936658896956,0.027016896822199595,0.03355904808050739,0.052493135051813966,0.030856095598338587,0.024951005367098572,0.05001086140752398,0.004524806871523142,0.05453464798855988,0.006866571937401189,0.08383470580378567,0.07233041152826762,0.038467683747719215,0.06622563144397423,-0.005449926794198999,T2_mid,-0.057150577887824516,-0.0,T2_mid,-0.057150577887824516,-0.0
RAJASTHAN,2021,7871.0,10874.0,12332401.0,99425466.0,474438.0,388631.0,114925.0,51509.0,79281.0,15.280824710244811,21.110873827874737,1.930254246830651,0.2394222563047234,59842.58523479774,49019.43719176095,0.1340661204268387,0.2033099629207639,0.0421744305781219,0.0568867478920713,0.1686880416738013,0.0495305892350966,0.1191574524387047,11.652035020674427,666940701,1303921188644.2012,311993308,265119066,89828327.0,17806048.0,0.3456880933429109,8.412364891966549,16446.830749412864,0.1431092516807732,1955.078145162116,-1.0622183748145793,2.1297026344515704,9.70788807802211,36.9,65.2,51.05,28.3,56.1,30.8,14.2,17.1,33.4,51.9,63.5,50.2,79.6,41.4,25.1,58.2,8.8,4660.8261,8.4469,4263.0,5913.0,66.11,False,24.1107,11.722283408735338,-0.3509897822815675,0.06738489884304004,-0.16611640900274224,0.9117307048263062,-0.4727318221563484,-0.5872040024928057,-0.9185057613038978,-0.5399087242635255,-0.43658360578737365,-0.8750718410176986,-0.07917342289004424,-0.9542274112363448,-0.12014877523861502,-1.4669091530156864,-1.2656112011717215,-0.6730935218752084,-1.1587919823656425,0.09536083440654172,0.04487927144239978,-0.01575216571252327,0.003024185166295445,-0.007455183410670772,0.04091780978427027,-0.02121585976601502,-0.026353287819938225,-0.041221869382965695,-0.02423071019034254,-0.019593554151433202,-0.039272586684633806,-0.0035532455369062035,-0.042825031006654364,-0.005392189497405685,-0.06583381405953175,-0.056799708637927326,-0.030207946874358335,-0.05200573992186421,0.004279724772304923,T2_mid,0.04487927144239978,0.0,T2_mid,0.04487927144239978,0.0
RAJASTHAN,2022,7969.0,11244.0,13315280.0,107916435.0,530634.0,442730.0,134143.0,52510.3,80153.0,15.176070218604732,21.412941841886266,2.0551479424036807,0.2535746320245742,66202.63745586565,55235.61189225606,0.1519139080714659,0.2213128865313884,0.0502769908962662,0.065635411907379,0.1866133973014271,0.0579562014018226,0.1286571958996045,11.806661674097246,1604227815,2960459615226.846,717070403,677186558,209970854.0,23412998.0,0.4458743903577012,20.01456982271406,36935.106798583285,0.2753412909997785,1845.4109743925903,-0.8077180025982101,2.996460499468826,10.516917781486566,36.9,65.2,51.05,28.3,56.1,30.8,14.2,17.1,33.4,51.9,63.5,50.2,79.6,41.4,25.1,58.2,8.8,4660.8261,8.4469,4263.0,5913.0,66.11,False,24.1107,11.722283408735338,-0.3509897822815675,0.06738489884304004,-0.16611640900274224,0.9117307048263062,-0.4727318221563484,-0.5872040024928057,-0.9185057613038978,-0.5399087242635255,-0.43658360578737365,-0.8750718410176986,-0.07917342289004424,-0.9542274112363448,-0.12014877523861502,-1.4669091530156864,-1.2656112011717215,-0.6730935218752084,-1.1587919823656425,0.09536083440654172,0.1450655684571901,-0.05091653228934098,0.009775228656095855,-0.024097771302049896,0.1322607329755027,-0.06857711050891398,-0.08518308242195613,-0.1332435603947541,-0.07832216600028463,-0.06333324895263515,-0.12694279405811232,-0.011485337598245774,-0.13842554184843325,-0.017429450379424852,-0.21279801015727579,-0.18359660834376296,-0.09764269437567923,-0.16810081764550613,0.013833573651736947,T2_mid,0.1450655684571901,0.0,T2_mid,0.1450655684571901,0.0
RAJASTHAN,2023,8304.0,11523.0,14524532.0,117782931.0,594426.0,515018.0,150020.0,53521.1,81025.0,15.51537617874072,21.52982655438696,2.2006821795516163,0.2713795493739852,73363.28293736502,63562.85097192225,0.1727113081941993,0.2439621274277648,0.0593994886233295,0.0773551946344212,0.208336717810982,0.0683773416288753,0.1399593761821067,11.918523897523627,3097805000,5216926550159.486,1209124974,1588442408,300237618.0,28357153.0,0.5298312814945881,38.23270595495217,64386.628203140834,0.4291869630925266,1684.071963909764,-0.6351966599185492,3.643691326133424,11.07266125393579,36.9,65.2,51.05,28.3,56.1,30.8,14.2,17.1,33.4,51.9,63.5,50.2,79.6,41.4,25.1,58.2,8.8,4660.8261,8.4469,4263.0,5913.0,66.11,False,24.1107,11.722283408735338,-0.3509897822815675,0.06738489884304004,-0.16611640900274224,0.9117307048263062,-0.4727318221563484,-0.5872040024928057,-0.9185057613038978,-0.5399087242635255,-0.43658360578737365,-0.8750718410176986,-0.07917342289004424,-0.9542274112363448,-0.12014877523861502,-1.4669091530156864,-1.2656112011717215,-0.6730935218752084,-1.1587919823656425,0.09536083440654172,0.22902245959407702,-0.0803845432305142,0.015432655272531105,-0.03804438856874371,0.2088068085067621,-0.1082662046386367,-0.13448290493438889,-0.2103584486051489,-0.12365122398713295,-0.09998745121587524,-0.20041110535139048,-0.01813249204475993,-0.2185395087334365,-0.02751676802236355,-0.3359551422247168,-0.2898533901821619,-0.15415353391669992,-0.2653893899592758,0.021839772844729672,T2_mid,0.22902245959407702,0.0,T2_mid,0.22902245959407702,0.0
SIKKIM,2019,143.0,179.0,82480.0,1030769.0,9632.0,2921.0,375773.0,456.6,664.0,31.31844064826982,39.20280332895313,2.2574879544459043,0.1806395094174332,145060.2409638554,43990.96385542169,0.1808290710856729,0.128533732923549,0.1507397649048273,0.0498096585486746,0.154681402004611,0.100274711726751,0.05440669027786,12.83674051665342,626258,1341121636.7669952,252228,366047,7983.0,64728.0,0.1417608409986859,0.9431596385542168,2019.761501155113,0.0053749511038715,2141.484239350228,-1.9536138595901569,-0.058519722707854,7.610734714689496,76.7,78.2,77.45,1.5,90.0,68.1,,,49.0,55.0,83.7,88.6,76.4,79.8,40.7,63.5,8.8,9448.6438,9.1536,7731.0,12105.0,81.42,False,39.2694,12.983742757342856,2.027865194967162,1.0092660337243549,1.6085666954432571,-2.6803059247486813,,,1.6050236545818861,1.8622412220012732,1.7066424980580035,1.6002507123411853,-0.07917342289004424,0.22021587227721479,0.13070063427088577,0.7451315030946325,0.5354330687998003,0.07078780270707699,0.0277410878657842,0.4873163794112572,-0.1590479809018252,-0.32252786480061324,-0.16052172485665206,-0.25583928505617126,0.4262972455304772,,,-0.2552757715609175,-0.29618570631145014,-0.2714380434373726,-0.254516644734573,0.012592373051747886,-0.03502488984822524,-0.02078767198337228,-0.11851166107354341,-0.08515954850067631,-0.011258657093037352,-0.0044121640130731,-0.07750668620574824,T3_high,-0.0,-0.1590479809018252,T3_high,-0.0,-0.1590479809018252
SIKKIM,2020,162.0,200.0,105024.0,1094265.0,10130.0,3216.0,412627.0,466.7,670.0,34.711806299550034,42.854081851296336,2.3446860938504392,0.2250353546175273,151194.02985074627,48000.0,0.1932900193181537,0.1850087040229477,0.1585540709368069,0.0554519887507757,0.1891493616705507,0.1070030298437913,0.0821463318267593,12.930299316159804,1500797,3564315078.5491776,674532,676152,150113.0,112394.0,0.24082708377973,2.23999552238806,5319.873251565937,0.0128926930413325,2374.9481632420493,-1.423676097703902,0.8064738669310487,8.579204757158251,76.7,78.2,77.45,1.5,90.0,68.1,,,49.0,55.0,83.7,88.6,76.4,79.8,40.7,63.5,8.8,9448.6438,9.1536,7731.0,12105.0,81.42,False,39.2694,12.983742757342856,2.027865194967162,1.0092660337243549,1.6085666954432571,-2.6803059247486813,,,1.6050236545818861,1.8622412220012732,1.7066424980580035,1.6002507123411853,-0.07917342289004424,0.22021587227721479,0.13070063427088577,0.7451315030946325,0.5354330687998003,0.07078780270707699,0.0277410878657842,0.4873163794112572,-0.059981738120781114,-0.12163487906876706,-0.060537530929053694,-0.09648462627588772,0.16076940806185347,,,-0.09627210852678973,-0.11170046529580377,-0.10236738338431085,-0.0959858191552424,0.004748959517916491,-0.01320893078097128,-0.00783965121705626,-0.044694282684166246,-0.032116206113955804,-0.004245975444121412,-0.0016639586675510464,-0.02923008345181324,T3_high,-0.0,-0.059981738120781114,T3_high,-0.0,-0.059981738120781114
SIKKIM,2021,164.0,192.0,118389.0,1105684.0,10604.0,3847.0,415045.0,477.7,677.0,34.331170190496124,40.19258949131254,2.314599120787105,0.2478312748586979,156632.20088626293,56824.22451994092,0.1889904755850594,0.2140068891234215,0.1654821758177226,0.0678712303648272,0.2014986823542404,0.1166767030912749,0.0848219792629655,12.936142227069263,2844974,7276537693.672953,1258272,904685,682017.0,169708.0,0.3552606238224827,4.202324963072378,10748.209296414996,0.0258964914561433,2557.6816145500634,-1.0349036072515645,1.4356379347663266,9.282494442602632,76.7,78.2,77.45,1.5,90.0,68.1,,,49.0,55.0,83.7,88.6,76.4,79.8,40.7,63.5,8.8,9448.6438,9.1536,7731.0,12105.0,81.42,False,39.2694,12.983742757342856,2.027865194967162,1.0092660337243549,1.6085666954432571,-2.6803059247486813,,,1.6050236545818861,1.8622412220012732,1.7066424980580035,1.6002507123411853,-0.07917342289004424,0.22021587227721479,0.13070063427088577,0.7451315030946325,0.5354330687998003,0.07078780270707699,0.0277410878657842,0.4873163794112572,0.05445180192197158,0.11042091392081219,0.054956354154932455,0.08758935507855661,-0.14594748730470206,,,0.08739643011937179,0.10140239015134363,0.09292975925587317,0.08713653481389613,-0.004311135540693179,0.011991151057313092,0.007116885048394321,0.04057375301232988,0.02915529540476011,0.0038545234114973595,0.0015105522215676905,0.026535254965034127,T3_high,0.0,0.05445180192197158,T3_high,0.0,0.05445180192197158
SIKKIM,2022,165.0,227.0,142910.0,1152756.0,12411.0,5182.0,466518.0,487.0,683.0,33.88090349075976,46.61190965092403,2.36705544147844,0.2934496919917864,181713.0307467057,75871.15666178624,0.1964866848054035,0.272037066892985,0.1974345764757206,0.0946779431520495,0.2342618758491942,0.1460562598138851,0.0882056160353091,13.053051883734147,5692587,14350419313.53017,2851040,1225426,1616121.0,217994.0,0.4476262833675564,8.334680819912153,21010.86283093729,0.0450376251954636,2520.8959149030434,-0.8037965836080436,2.120425221517774,9.95279486062727,76.7,78.2,77.45,1.5,90.0,68.1,,,49.0,55.0,83.7,88.6,76.4,79.8,40.7,63.5,8.8,9448.6438,9.1536,7731.0,12105.0,81.42,False,39.2694,12.983742757342856,2.027865194967162,1.0092660337243549,1.6085666954432571,-2.6803059247486813,,,1.6050236545818861,1.8622412220012732,1.7066424980580035,1.6002507123411853,-0.07917342289004424,0.22021587227721479,0.13070063427088577,0.7451315030946325,0.5354330687998003,0.07078780270707699,0.0277410878657842,0.4873163794112572,0.14681746146704527,0.2977260201224536,0.1481778770163231,0.23616567882541276,-0.39351571182668266,,,0.23564549856027225,0.2734095288535152,0.2505649191966528,0.23494474729676373,-0.011624040964373151,0.032331535342491745,0.019189135335784147,0.10939831574347773,0.07861092394669648,0.01039288549628308,0.004072876098788689,0.07154655375647227,T3_high,0.0,0.14681746146704527,T3_high,0.0,0.14681746146704527
SIKKIM,2023,168.0,235.0,130109.0,1232900.0,13554.0,5885.0,520466.0,496.5,689.0,33.8368580060423,47.3313192346425,2.4831822759315205,0.2620523665659617,196719.8838896952,85413.64296081277,0.213081654404565,0.2320972248192473,0.2165529623867389,0.1081080686751,0.2225894396119062,0.1623305155309195,0.0602589240809867,13.162479843097644,12011132,25351189914.18642,6049069,3865563,2096500.0,262655.0,0.5290130916414905,17.432702467343976,36794.17984642441,0.0706946848524676,2110.6411880400965,-0.6367420995255432,2.8583478944063443,10.513094955301826,76.7,78.2,77.45,1.5,90.0,68.1,,,49.0,55.0,83.7,88.6,76.4,79.8,40.7,63.5,8.8,9448.6438,9.1536,7731.0,12105.0,81.42,False,39.2694,12.983742757342856,2.027865194967162,1.0092660337243549,1.6085666954432571,-2.6803059247486813,,,1.6050236545818861,1.8622412220012732,1.7066424980580035,1.6002507123411853,-0.07917342289004424,0.22021587227721479,0.13070063427088577,0.7451315030946325,0.5354330687998003,0.07078780270707699,0.0277410878657842,0.4873163794112572,0.22820426974097935,0.46276749595063,0.23031881820044103,0.36708178806328884,-0.6116572562396931,,,0.3662732510108572,0.42497139814834956,0.38946310497824743,0.3651840452123022,-0.018067713153516286,0.05025420231839458,0.029826442798470305,0.1700421905247089,0.12218811246063,0.016154078823337026,0.006330634698231626,0.11120767849636398,T3_high,0.0,0.22820426974097935,T3_high,0.0,0.22820426974097935
TAMIL NADU,2019,11206.0,25701.0,31754087.0,141073289.0,798738.0,891030.0,194373.0,56698.5,75695.0,19.7641912925386,45.32924151432577,2.488130885296789,0.5600516239406687,105520.57599577252,117713.19109584516,0.2137888296441341,0.6111754780212647,0.1003671407144375,0.1535665552998647,0.4124821538326994,0.1269668480071511,0.2855153058255483,12.177534272473633,60243140,117233075264.95737,31970872,26288478,1983790.0,6377974.0,0.1124892898401192,0.795866834004888,1548.7558658426233,0.0079679578225505,1945.99875213937,-2.184897263290768,-0.2283234010966586,7.345207220405186,46.9,70.2,58.55,23.3,55.8,39.2,27.4,27.1,56.6,59.1,80.4,74.6,92.2,62.0,50.9,77.0,12.6,6386.1446,8.7619,5310.0,7630.0,80.09,False,46.3855,12.318132802175828,0.24671247330856552,0.4296468737973919,0.3380549274875984,0.24157461721903253,0.8372044483990286,0.3168189544590294,0.6849868883735273,0.5947450321297908,0.51872447785674,0.4528355704196194,0.669971838178218,0.7923805488607439,0.46246920813828996,0.38375852462116494,0.37897396500736924,0.41999544543765444,0.8035511722478705,1.4856937110270425,-0.18831953206039193,-0.046460777526930994,-0.08091089822473511,-0.06366234575517425,-0.0454932188723565,-0.1576619499613836,-0.05966319725158704,-0.12899641028600659,-0.11200210614592496,-0.09768595093825241,-0.08527778272172339,-0.12616878305936263,-0.1492207341752118,-0.08709198486894276,-0.07226922578084417,-0.07136819975325912,-0.07909334575231496,-0.15132438074429838,-0.2797851444456798,T2_mid,-0.18831953206039193,-0.0,T3_high,-0.0,-0.18831953206039193
TAMIL NADU,2020,11829.0,26892.0,35469823.0,150024247.0,899038.0,981665.0,206165.0,57293.6,76049.0,20.646285099906446,46.93717971989891,2.6185166755100044,0.619088746387031,118218.2540204342,129083.22265907508,0.232421458656554,0.6862752935315439,0.1165436906104258,0.1695687738318212,0.459348376094049,0.1430562322211235,0.3162921438729254,12.23643209803952,190911091,342303330194.05286,92188471,86321935,12400685.0,10970688.0,0.1914819107195219,2.5103695117621534,4501.089168747161,0.0218324602563343,1792.9986592243238,-1.652961935817821,0.9204299581499992,8.412074683971431,46.9,70.2,58.55,23.3,55.8,39.2,27.4,27.1,56.6,59.1,80.4,74.6,92.2,62.0,50.9,77.0,12.6,6386.1446,8.7619,5310.0,7630.0,80.09,False,46.3855,12.318132802175828,0.24671247330856552,0.4296468737973919,0.3380549274875984,0.24157461721903253,0.8372044483990286,0.3168189544590294,0.6849868883735273,0.5947450321297908,0.51872447785674,0.4528355704196194,0.669971838178218,0.7923805488607439,0.46246920813828996,0.38375852462116494,0.37897396500736924,0.41999544543765444,0.8035511722478705,1.4856937110270425,-0.10932691118098922,-0.026972312656647717,-0.04697196561083715,-0.03695850103173243,-0.02641060672028664,-0.09152897637044968,-0.034636837694596176,-0.0748875007053548,-0.06502163730298822,-0.056710544918048826,-0.049507114186858325,-0.07324595164627412,-0.08662851788684205,-0.050560330042077245,-0.041955134136205566,-0.041432053012267975,-0.04591680475978245,-0.08784976763772272,-0.16242630438760775,T2_mid,-0.10932691118098922,-0.0,T3_high,-0.0,-0.10932691118098922
TAMIL NADU,2021,12028.0,27727.0,37906107.0,151821541.0,1008731.0,1046952.0,209628.0,57891.0,76402.0,20.77697742308822,47.89518232540464,2.6225413449413555,0.6547841115199253,132029.39713620063,137032.01486872073,0.2329965993393643,0.7316825766945732,0.1341387694349879,0.1807559292320944,0.4823395880169687,0.1574473493335411,0.3248922386834276,12.253089810293227,368737250,675956092704.573,153286954,161892568,53557728.0,16872782.0,0.2914577740926914,4.826277453469804,8847.361230132366,0.0422050548120115,1833.1646523495333,-1.2328601409993765,1.574075456944762,9.087874527454892,46.9,70.2,58.55,23.3,55.8,39.2,27.4,27.1,56.6,59.1,80.4,74.6,92.2,62.0,50.9,77.0,12.6,6386.1446,8.7619,5310.0,7630.0,80.09,False,46.3855,12.318132802175828,0.24671247330856552,0.4296468737973919,0.3380549274875984,0.24157461721903253,0.8372044483990286,0.3168189544590294,0.6849868883735273,0.5947450321297908,0.51872447785674,0.4528355704196194,0.669971838178218,0.7923805488607439,0.46246920813828996,0.38375852462116494,0.37897396500736924,0.41999544543765444,0.8035511722478705,1.4856937110270425,-0.009351047807819701,-0.002307020132693838,-0.00401764845735969,-0.0031611677886055553,-0.002258975794770918,-0.00782873882189864,-0.0029625891895698367,-0.0064053451409105105,-0.005561489228908938,-0.004850617391524688,-0.0042344870680751665,-0.006264938688697362,-0.007409588394383231,-0.00432457167494567,-0.0035885443103908675,-0.0035438036647029002,-0.003927397489354037,-0.007514045427719401,-0.013892792919590943,T2_mid,-0.009351047807819701,-0.0,T3_high,-0.0,-0.009351047807819701
TAMIL NADU,2022,12094.0,29169.0,39708600.0,158085491.0,1117412.0,1158606.0,242339.0,58347.4,76631.0,20.727573122367065,49.991944799596894,2.7093836400593685,0.6805547462269098,145817.2280147721,151192.85928671164,0.2454066960598351,0.7644648301629006,0.1517041490052894,0.200685946639131,0.5049357631113679,0.1761950478222103,0.3287407152891576,12.398092851343064,840333787,1469442782029.6504,337766840,367204076,135362871.0,22131653.0,0.3793082982275131,10.965977045843069,19175.565789688902,0.0791270319250673,1748.6417953936802,-0.9694059527846705,2.3947974837682,9.861392132433204,46.9,70.2,58.55,23.3,55.8,39.2,27.4,27.1,56.6,59.1,80.4,74.6,92.2,62.0,50.9,77.0,12.6,6386.1446,8.7619,5310.0,7630.0,80.09,False,46.3855,12.318132802175828,0.24671247330856552,0.4296468737973919,0.3380549274875984,0.24157461721903253,0.8372044483990286,0.3168189544590294,0.6849868883735273,0.5947450321297908,0.51872447785674,0.4528355704196194,0.669971838178218,0.7923805488607439,0.46246920813828996,0.38375852462116494,0.37897396500736924,0.41999544543765444,0.8035511722478705,1.4856937110270425,0.078499476327002,0.01936679995806185,0.03372705459862878,0.026537134777539106,0.018963480945590014,0.0657201107779603,0.0248701220155021,0.053771112028184465,0.046687173570274555,0.040719599869751634,0.03554735514017936,0.05259243845082904,0.062201458137270814,0.03630359065621905,0.03012484321878435,0.029749257794646062,0.03296942252658181,0.06307834622340641,0.11662617829794307,T2_mid,0.078499476327002,0.0,T3_high,0.0,0.078499476327002
TAMIL NADU,2023,12407.0,30078.0,42716301.0,178253442.0,1211394.0,1325333.0,275272.0,58805.4,76860.0,21.098402527659022,51.14836392576192,3.031242743013397,0.726400993786285,157610.4605776737,172434.68644288316,0.2914015951190489,0.8227848259702132,0.1667284561753285,0.2305817616402413,0.5570932105446311,0.1986551089077849,0.3584381016368462,12.52551497872969,1645136244,2603249179813.165,608622700,856887221,179626323.0,26767037.0,0.4551799154499417,21.40432271662764,33870.01274802453,0.1230419830132542,1582.3912392104378,-0.787062519617207,3.063592897733435,10.430285322192749,46.9,70.2,58.55,23.3,55.8,39.2,27.4,27.1,56.6,59.1,80.4,74.6,92.2,62.0,50.9,77.0,12.6,6386.1446,8.7619,5310.0,7630.0,80.09,False,46.3855,12.318132802175828,0.24671247330856552,0.4296468737973919,0.3380549274875984,0.24157461721903253,0.8372044483990286,0.3168189544590294,0.6849868883735273,0.5947450321297908,0.51872447785674,0.4528355704196194,0.669971838178218,0.7923805488607439,0.46246920813828996,0.38375852462116494,0.37897396500736924,0.41999544543765444,0.8035511722478705,1.4856937110270425,0.15437109354943057,0.038085274296927964,0.06632505774819758,0.05218590883603402,0.03729213783388715,0.12924016622380588,0.048907688457027615,0.10574217502524313,0.09181144099296702,0.08007606489760234,0.06990472220375682,0.10342428530689365,0.12232065183493104,0.07139187739324704,0.05924122310468531,0.05850262540495123,0.06483515619799092,0.12404507318283062,0.22934816285075624,T2_mid,0.15437109354943057,0.0,T3_high,0.0,0.15437109354943057
TELANGANA,2019,5227.0,9982.0,11136898.0,68060069.0,458581.0,518518.0,209848.0,26946.4,37220.0,19.397767419766648,37.04390939049373,2.5257573924531664,0.4132981771219903,123208.22138635142,139311.6603976357,0.2191658016878782,0.4244936696117599,0.122900794320044,0.1839643095893721,0.3218297356498191,0.1534325519547081,0.168397183695111,12.254138738099211,126707049,202251419084.17767,72154780,52823353,1728916.0,8100506.0,0.3006155182139358,3.4042732133261686,5433.944628806493,0.0258946696123217,1596.2128443554682,-1.2019231788642195,1.2250314699245155,8.600420600167446,26.5,57.4,41.95,30.9,43.9,15.8,19.8,25.0,45.5,61.2,60.9,60.0,84.4,47.4,43.6,59.5,12.6,6079.9075,8.7127,4802.0,8158.0,67.02,True,38.0783,12.417241426488149,-0.9726001280953058,-0.49774378208574915,-0.7778442972776884,1.2602118703820884,0.08299871686714506,0.12697413349914394,-0.27448002495804674,0.7834738856033647,0.3695144533637529,-0.488302692055373,0.669971838178218,-0.04328101825467356,0.6323994532898873,-1.7516272572675098,-1.1585602354190057,0.012337075025286378,0.2483145432293185,0.19150087374732083,-0.00019330368657533015,0.00018800719032446096,9.621570804712309e-05,0.0001503601702453742,-0.0002436036004108498,-1.6043957951441176e-05,-2.4544568105092646e-05,5.305800071567906e-05,-0.00015144839042262887,-7.142850607808133e-05,9.439071053896178e-05,-0.00012950802622150006,8.36638038736256e-06,-0.00012224514570915852,0.0003385960063356439,0.0002239539646260762,-2.3848020839442914e-06,-4.8000116636496456e-05,-3.7017824877753974e-05,T1_low,-0.0,-0.0,T3_high,-0.0,-0.00019330368657533015
TELANGANA,2020,5388.0,10884.0,12595625.0,69524662.0,498184.0,550411.0,231326.0,27355.5,37473.0,19.696221966332185,39.78724570927236,2.541524081080587,0.4604421414340809,132944.7869132442,146882.02172230673,0.2214189219049561,0.4844644621495886,0.135304954967009,0.1946188601602806,0.3529416920272723,0.1649619075636448,0.1879797844636275,12.351583250030185,525406638,883812295049.3268,248387011,251524922,25494705.0,12385312.0,0.4527539982818812,14.02093875590425,23585.30929067133,0.1019570186259708,1682.1490843998945,-0.7924063511546128,2.640551837703226,10.068379309504383,26.5,57.4,41.95,30.9,43.9,15.8,19.8,25.0,45.5,61.2,60.9,60.0,84.4,47.4,43.6,59.5,12.6,6079.9075,8.7127,4802.0,8158.0,67.02,True,38.0783,12.417241426488149,-0.9726001280953058,-0.49774378208574915,-0.7778442972776884,1.2602118703820884,0.08299871686714506,0.12697413349914394,-0.27448002495804674,0.7834738856033647,0.3695144533637529,-0.488302692055373,0.669971838178218,-0.04328101825467356,0.6323994532898873,-1.7516272572675098,-1.1585602354190057,0.012337075025286378,0.2483145432293185,0.19150087374732083,0.15194517638137006,-0.14778189801198435,-0.07562976676174937,-0.11818968894710122,0.1914831149231027,0.012611254673805751,0.019293107110399055,-0.04170591580541327,0.1190450777382006,0.056145938791820976,-0.07419523867185149,0.10179898912254005,-0.006576341952671671,0.09609004647361392,-0.26615131255992724,-0.17603763931918243,0.0018745590407473344,0.03773019706903814,0.029097634038723143,T1_low,0.0,0.0,T3_high,0.0,0.15194517638137006
TELANGANA,2021,5579.0,11109.0,14205374.0,71324744.0,605468.0,601477.0,225734.0,27767.0,37725.0,20.09219577195952,40.00792307415277,2.5686874347246733,0.5115919616811323,160495.16235917827,159437.24320742214,0.225300669220793,0.5495310152734728,0.1704034999284401,0.2122891187523209,0.3874158422471329,0.1913463093403805,0.1960695329067523,12.327112593905918,1060098887,2100902539268.764,477901690,477094943,105102254.0,17082180.0,0.6151971765044837,28.10069945659377,55689.92814496392,0.2467059820184993,1981.7986463641707,-0.485812450358316,3.3357944677236357,10.92755458631468,26.5,57.4,41.95,30.9,43.9,15.8,19.8,25.0,45.5,61.2,60.9,60.0,84.4,47.4,43.6,59.5,12.6,6079.9075,8.7127,4802.0,8158.0,67.02,True,38.0783,12.417241426488149,-0.9726001280953058,-0.49774378208574915,-0.7778442972776884,1.2602118703820884,0.08299871686714506,0.12697413349914394,-0.27448002495804674,0.7834738856033647,0.3695144533637529,-0.488302692055373,0.669971838178218,-0.04328101825467356,0.6323994532898873,-1.7516272572675098,-1.1585602354190057,0.012337075025286378,0.2483145432293185,0.19150087374732083,0.3143883546039726,-0.30577415395949614,-0.15648484866429696,-0.24454518875921577,0.39619593638181955,0.02609383003010272,0.03991918890806102,-0.08629332341821765,0.24631506577002288,0.11617104099541663,-0.15351667990397905,0.21063134383584894,-0.013607048114671321,0.1988190235722595,-0.5506912112918018,-0.3642378461229723,0.003878632717825548,0.07806720067010246,0.060205644602643285,T1_low,0.0,0.0,T3_high,0.0,0.3143883546039726
TELANGANA,2022,5605.0,11712.0,15086377.0,74587894.0,638949.0,660857.0,269000.0,28080.2,37907.0,19.96068404071196,41.70910463600686,2.6562451122143003,0.5372603115362427,168556.99475030997,174336.402247606,0.2378129968232526,0.5821831544478282,0.1806740890609529,0.2332582425034313,0.4099980756355404,0.2069661657821921,0.2030319098533483,12.502466658583977,2516509331,4782177153882.732,1064905554,1208288044,243315733.0,21608530.0,0.7695290631833107,66.38640174637929,126155.51623401303,0.4689796142528366,1900.3216459294476,-0.2619765574972486,4.195492242533228,11.745270680691563,26.5,57.4,41.95,30.9,43.9,15.8,19.8,25.0,45.5,61.2,60.9,60.0,84.4,47.4,43.6,59.5,12.6,6079.9075,8.7127,4802.0,8158.0,67.02,True,38.0783,12.417241426488149,-0.9726001280953058,-0.49774378208574915,-0.7778442972776884,1.2602118703820884,0.08299871686714506,0.12697413349914394,-0.27448002495804674,0.7834738856033647,0.3695144533637529,-0.488302692055373,0.669971838178218,-0.04328101825467356,0.6323994532898873,-1.7516272572675098,-1.1585602354190057,0.012337075025286378,0.2483145432293185,0.19150087374732083,0.4687202412827996,-0.45587736671251355,-0.23330258563624556,-0.36459136670044784,0.5906868119529406,0.038903178596131,0.05951534649039315,-0.12865434352564453,0.36723006869878166,0.17319890373814006,-0.22887735563923503,0.31402936164357514,-0.020286689319295843,0.2964184243331465,-0.8210231506639557,-0.5430406330862534,0.005782636782576232,0.11639005261647434,0.08976033574871116,T1_low,0.0,0.0,T3_high,0.0,0.4687202412827996
TELANGANA,2023,5819.0,11549.0,16614598.0,80947704.0,693887.0,776338.0,312046.0,28395.9,38090.0,20.4923950288598,40.67136452797763,2.850682809842266,0.5851055257977384,182170.3859280651,203816.74980309792,0.265598888828866,0.6430459915102655,0.1980172364626158,0.2747489772791052,0.4543224401695658,0.2363831068708605,0.2179393332987052,12.650905891821452,4877796067,8350597431916.913,1828659843,2706809917,342326307.0,25533334.0,0.8991908691043425,128.05975497505906,219233.3271703049,0.7025673367718378,1711.9611638566917,-0.1062599543600786,4.852496990728362,12.2978918625096,26.5,57.4,41.95,30.9,43.9,15.8,19.8,25.0,45.5,61.2,60.9,60.0,84.4,47.4,43.6,59.5,12.6,6079.9075,8.7127,4802.0,8158.0,67.02,True,38.0783,12.417241426488149,-0.9726001280953058,-0.49774378208574915,-0.7778442972776884,1.2602118703820884,0.08299871686714506,0.12697413349914394,-0.27448002495804674,0.7834738856033647,0.3695144533637529,-0.488302692055373,0.669971838178218,-0.04328101825467356,0.6323994532898873,-1.7516272572675098,-1.1585602354190057,0.012337075025286378,0.2483145432293185,0.19150087374732083,0.5983820472038315,-0.5819864557603779,-0.29784094330744837,-0.4654480630108489,0.7540881589098035,0.049664942114253444,0.07597904194515034,-0.16424391925095477,0.46881670759808186,0.22111081507520716,-0.2921915645272362,0.4008991200979962,-0.025898584308297966,0.3784164795101866,-1.048142304141765,-0.6932616454789775,0.007382284210138124,0.14858696472804392,0.1145906848742443,T1_low,0.0,0.0,T3_high,0.0,0.5983820472038315
TRIPURA,2019,463.0,482.0,963092.0,5381675.0,24880.0,10463.0,113016.0,2744.8,3992.0,16.868259982512388,17.560477994753715,1.9606801952783448,0.3508787525502769,62324.64929859719,26209.91983967936,0.1384141050411884,0.34509130250194,0.0453365231351318,0.0247845607304397,0.2417527037715642,0.0350605419327858,0.2066921618387784,11.6352846805915,1970709,2466745964.6914644,859495,1050971,60243.0,187484.0,0.0683051588458175,0.4936645791583166,617.9223358445552,0.0054675650867536,1251.7048253656244,-2.683769983108204,-0.7058989819700853,6.426362779406094,22.9,45.7,34.3,22.8,36.6,17.7,,,23.2,29.4,81.8,53.1,76.9,43.9,23.4,59.2,9.2,5811.0159,8.6675,5206.0,7405.0,87.22,False,27.5132,11.758879429194302,-1.1877729401077537,-1.3454368034789321,-1.2920990604978364,0.17455900845830516,,,-0.7279267168750235,-0.47022028866229515,0.23243532517101237,-0.713918028950063,-0.00031602698812214673,-1.7221326350721338,-1.9408299732914425,0.5370682730644534,1.2177359274434856,-0.5061229896467702,-1.2880936630959905,0.1693147108225258,-0.2325036630546936,0.2761615594522959,0.31281898521744966,0.30041776459527514,-0.0405856088857512,,,0.16924562810881982,0.10932793955661904,-0.05404206452556921,0.16598855685167643,7.347743236254127e-05,0.40040214592030304,0.45125007815660356,-0.12487034079794385,-0.28312806376391497,0.11767544904906684,0.2994864950273562,-0.03936629047528342,T1_low,-0.0,-0.0,T2_mid,-0.2325036630546936,-0.0
TRIPURA,2020,565.0,583.0,1004571.0,5563642.0,26487.0,11346.0,121456.0,2808.7,4032.0,20.116067931783387,20.75693381279596,1.980860184426959,0.3576640438637092,65691.96428571429,28139.88095238096,0.1412979028129082,0.3537227212552038,0.0496264050173794,0.0275007941297827,0.247510312034056,0.038563599573581,0.2089467124604749,11.70730733625655,3815108,6362428288.083867,1712242,1753752,349114.0,314602.0,0.1120098266101755,0.9462073412698412,1577.9832063700069,0.0129922211036919,1667.6928380753225,-2.189168673944907,-0.0552935571279744,7.363902858998117,22.9,45.7,34.3,22.8,36.6,17.7,,,23.2,29.4,81.8,53.1,76.9,43.9,23.4,59.2,9.2,5811.0159,8.6675,5206.0,7405.0,87.22,False,27.5132,11.758879429194302,-1.1877729401077537,-1.3454368034789321,-1.2920990604978364,0.17455900845830516,,,-0.7279267168750235,-0.47022028866229515,0.23243532517101237,-0.713918028950063,-0.00031602698812214673,-1.7221326350721338,-1.9408299732914425,0.5370682730644534,1.2177359274434856,-0.5061229896467702,-1.2880936630959905,0.1693147108225258,-0.18879899529033561,0.22425033772539188,0.2540171167234631,0.24394700443757808,-0.03295656541580521,,,0.13743183279099702,0.08877711806457292,-0.043883555862269594,0.1347870065854286,5.966557784209213e-05,0.32513691125831706,0.3664267489867932,-0.10139795035688441,-0.2299073196302751,0.09555551193865114,0.24319078943237105,-0.031966447291166586,T1_low,-0.0,-0.0,T2_mid,-0.18879899529033561,-0.0
TRIPURA,2021,579.0,526.0,1141700.0,5795488.0,28400.0,12093.0,118401.0,2872.5,4071.0,20.15665796344648,18.31157528285465,2.017576327241079,0.3974586597040905,69761.7293048391,29705.232129697863,0.1465447803039585,0.4043445704252798,0.0548111920917527,0.0297038743481075,0.2754446753646192,0.0422575332199301,0.233187142144689,11.68183244734232,6910676,13625090933.216225,2735018,2672670,1502988.0,458876.0,0.159747954743255,1.6975377057234096,3346.865864214253,0.0282672094341623,1971.6003084526355,-1.8341579886655737,0.5291787927067652,8.115779623985853,22.9,45.7,34.3,22.8,36.6,17.7,,,23.2,29.4,81.8,53.1,76.9,43.9,23.4,59.2,9.2,5811.0159,8.6675,5206.0,7405.0,87.22,False,27.5132,11.758879429194302,-1.1877729401077537,-1.3454368034789321,-1.2920990604978364,0.17455900845830516,,,-0.7279267168750235,-0.47022028866229515,0.23243532517101237,-0.713918028950063,-0.00031602698812214673,-1.7221326350721338,-1.9408299732914425,0.5370682730644534,1.2177359274434856,-0.5061229896467702,-1.2880936630959905,0.1693147108225258,-0.1410608671572561,0.16754828091752336,0.18978848220402494,0.18226461392690071,-0.024623445103239328,,,0.10268197390932526,0.06632968167363863,-0.0327875285266018,0.10070589624289494,4.457904098960589e-05,0.24292552286308566,0.27377515903728505,-0.0757593163211218,-0.17177488589372358,0.07139414780779635,0.1816996090960869,-0.023883679931105545,T1_low,-0.0,-0.0,T2_mid,-0.1410608671572561,-0.0
TRIPURA,2022,589.0,566.0,1065510.0,6099956.0,31304.0,13562.0,137032.0,2930.1,4109.0,20.101703013549027,19.31674686870756,2.081825193679397,0.3636428790826251,76183.9863713799,33005.597468970554,0.1557261894962951,0.3613282650774809,0.0629929999529998,0.0343488190081673,0.258527227286888,0.0486709094805835,0.2098563178063044,11.82796975417782,12144433,24967172161.46193,4933135,3796780,3414518.0,573074.0,0.1955817207603836,2.9555689948892674,6076.2161502706085,0.0443415855440379,2055.853258975691,-1.631776977893622,1.083691185584081,8.712137437518493,22.9,45.7,34.3,22.8,36.6,17.7,,,23.2,29.4,81.8,53.1,76.9,43.9,23.4,59.2,9.2,5811.0159,8.6675,5206.0,7405.0,87.22,False,27.5132,11.758879429194302,-1.1877729401077537,-1.3454368034789321,-1.2920990604978364,0.17455900845830516,,,-0.7279267168750235,-0.47022028866229515,0.23243532517101237,-0.713918028950063,-0.00031602698812214673,-1.7221326350721338,-1.9408299732914425,0.5370682730644534,1.2177359274434856,-0.5061229896467702,-1.2880936630959905,0.1693147108225258,-0.10522710114012751,0.12498590330022522,0.14157641459732745,0.13596383852206956,-0.01836833843796245,,,0.07659761825920906,0.04947991787320728,-0.024458495470308546,0.07512352463808876,3.325460384213901e-05,0.18121502496744973,0.2042279118953296,-0.05651413748890685,-0.12813882159906262,0.05325785502090439,0.13554236216455912,-0.017816496200233366,T1_low,-0.0,-0.0,T2_mid,-0.10522710114012751,-0.0
TRIPURA,2023,613.0,605.0,1009613.0,7100330.0,34065.0,14499.0,153584.0,2988.2,4147.0,20.514021819155342,20.246302121678603,2.376122749481293,0.3378666086607322,82143.7183506149,34962.62358331324,0.1977824378616395,0.3285388425410764,0.0705855614860271,0.0371031437767752,0.263160640201358,0.0538443526314011,0.2093162875699568,11.94200292760332,24338025,45465081462.06435,9900592,10082282,4355151.0,699295.0,0.2340188073087477,5.86882686279238,10963.366641443054,0.0713835206886332,1868.067826459392,-1.4523537937398747,1.7696547608500994,9.302314688647476,22.9,45.7,34.3,22.8,36.6,17.7,,,23.2,29.4,81.8,53.1,76.9,43.9,23.4,59.2,9.2,5811.0159,8.6675,5206.0,7405.0,87.22,False,27.5132,11.758879429194302,-1.1877729401077537,-1.3454368034789321,-1.2920990604978364,0.17455900845830516,,,-0.7279267168750235,-0.47022028866229515,0.23243532517101237,-0.713918028950063,-0.00031602698812214673,-1.7221326350721338,-1.9408299732914425,0.5370682730644534,1.2177359274434856,-0.5061229896467702,-1.2880936630959905,0.1693147108225258,-0.06679001459176342,0.07933137200149862,0.08986174373665341,0.0862993151046543,-0.011658798722053956,,,0.04861823604181727,0.0314060199410979,-0.015524358759813192,0.047682595570897685,2.1107447148069226e-05,0.11502126382541981,0.12962806223626727,-0.03587079779474803,-0.08133260036286497,0.03380396186373471,0.0860317945537392,-0.011308532006436703,T1_low,-0.0,-0.0,T2_mid,-0.06679001459176342,-0.0
UTTAR PRADESH,2019,17462.0,20192.0,19621775.0,270239353.0,1041507.0,470245.0,64113.0,140532.4,224979.0,12.425604344620885,14.368216866715432,1.9229683190495568,0.1396245634458673,46293.52072860134,20901.728605780983,0.1330249334298937,0.0763595288297238,0.0249132338772164,0.0173137955296676,0.1046922311298087,0.021113514703442,0.0835787164263667,11.0684024304583,154024769,214643767447.7702,74580952,75624266,3819551.0,13103108.0,0.0932390537698068,0.6846184266087058,954.061345493447,0.0148809343735817,1393.5665597250154,-2.3725886131950453,-0.3788936373722834,6.860727972833159,30.6,59.1,44.85,28.5,50.2,24.5,9.7,13.0,39.3,48.6,67.4,46.5,75.4,37.1,32.9,54.6,9.4,3629.8677,8.197,3191.0,5040.0,67.68,False,23.7354,11.166810002906775,-0.7275422033033512,-0.3745747106012693,-0.5828980471680902,0.9385369483305971,-0.919301005300227,-0.9578534148430582,-1.1616583352303929,-1.5976759947154262,-1.194461352145035,-1.1522563977740319,0.03911267096283925,-0.5100469386254475,-0.3871820176196961,-1.039831996637951,-1.0809188756423092,-0.6915105801398177,-0.5655254472499294,-0.1708731206910011,-0.20756976813070432,0.15101576644497836,0.07775038582713115,0.12099201249452084,-0.19481189674708085,0.1908190965124915,0.19882141122217692,0.24112515129087264,0.3316292357710734,0.24793406590583247,0.23917359331307642,-0.008118608042729075,0.10587032478625971,0.0803672816216986,0.2158376864370268,0.22436608038517572,0.14353669077955078,0.1173859859576807,0.03546809404160096,T1_low,-0.0,-0.0,T1_low,-0.0,-0.0
UTTAR PRADESH,2020,18041.0,21969.0,21841525.0,281156529.0,1144902.0,507550.0,67639.0,143957.7,227943.0,12.53215354232528,15.26073284027183,1.9530496041545533,0.1517218252306059,50227.55688922231,22266.531545166992,0.1373236643319473,0.0917481875340641,0.029925105506132,0.0192346235210112,0.1145359259330057,0.0245798645135716,0.0899560614194341,11.12194001875184,349750893,587862760666.9883,150916852,172241791,26592250.0,21194763.0,0.1472291027155893,1.5343787394216974,2578.990189069146,0.0381287450889153,1680.8041735778736,-1.9157653835634552,0.4281255690954226,7.85515320171325,30.6,59.1,44.85,28.5,50.2,24.5,9.7,13.0,39.3,48.6,67.4,46.5,75.4,37.1,32.9,54.6,9.4,3629.8677,8.197,3191.0,5040.0,67.68,False,23.7354,11.166810002906775,-0.7275422033033512,-0.3745747106012693,-0.5828980471680902,0.9385369483305971,-0.919301005300227,-0.9578534148430582,-1.1616583352303929,-1.5976759947154262,-1.194461352145035,-1.1522563977740319,0.03911267096283925,-0.5100469386254475,-0.3871820176196961,-1.039831996637951,-1.0809188756423092,-0.6915105801398177,-0.5655254472499294,-0.1708731206910011,-0.1535797191849218,0.11173572727850796,0.05752707886791629,0.08952131839751461,-0.14414024096928657,0.14118599024042516,0.1471068584719153,0.1784071609135075,0.24537063061688577,0.18344503903967646,0.17696321399916537,-0.006006913023045097,0.07833286560522527,0.059463305539484375,0.15969710604315307,0.16600721738282725,0.10620200071127557,0.08685323938057146,0.0262426458919752,T1_low,-0.0,-0.0,T1_low,-0.0,-0.0
UTTAR PRADESH,2021,18125.0,22127.0,24225667.0,283999568.0,1277878.0,565113.0,63464.0,147424.0,230907.0,12.2944703711743,15.009089429129585,1.9264133926633384,0.1643264800846537,55341.67435374415,24473.61924930816,0.1335172476495728,0.1077822897206971,0.0364403735872808,0.0223408857652673,0.1206497686851349,0.029390629676274,0.0912591390088608,11.05822809498184,670887707,1283468921334.705,280299114,287778468,102810125.0,30976739.0,0.2101200550792272,2.905445512695588,5558.380306074329,0.087583201595776,1913.090533546928,-1.560076220764166,1.0665867391978576,8.623062032947951,30.6,59.1,44.85,28.5,50.2,24.5,9.7,13.0,39.3,48.6,67.4,46.5,75.4,37.1,32.9,54.6,9.4,3629.8677,8.197,3191.0,5040.0,67.68,False,23.7354,11.166810002906775,-0.7275422033033512,-0.3745747106012693,-0.5828980471680902,0.9385369483305971,-0.919301005300227,-0.9578534148430582,-1.1616583352303929,-1.5976759947154262,-1.194461352145035,-1.1522563977740319,0.03911267096283925,-0.5100469386254475,-0.3871820176196961,-1.039831996637951,-1.0809188756423092,-0.6915105801398177,-0.5655254472499294,-0.1708731206910011,-0.0906887668212839,0.06597990522802075,0.03396971858686841,0.052862305080208685,-0.0851147584603129,0.08337027450824416,0.08686654498767263,0.10534936188970995,0.1448912657407101,0.10832422704171656,0.10449671177606173,-0.0035470798967065305,0.04625552788491291,0.03511305971330686,0.09430108147640921,0.09802719986584975,0.06271224175675069,0.05128680541715114,0.015496272598371302,T1_low,-0.0,-0.0,T1_low,-0.0,-0.0
UTTAR PRADESH,2022,18073.0,24322.0,25307527.0,305323727.0,1394177.0,646284.0,76063.0,150223.7,233297.0,12.030724845680142,16.19052120271302,2.0324604373344552,0.1684656082895042,59759.748303664426,27702.19934246904,0.1486717766668013,0.1130475830086631,0.0420688982321996,0.0268847996419679,0.1308596798377322,0.0344768489370838,0.0963828309006484,11.239317223249772,1546498062,2871984738673.4497,642325294,654403320,249769448.0,41701425.0,0.2775955125589371,6.628881048620428,12310.422931599847,0.1618450880401752,1857.0891288148605,-1.2815902156136567,1.8914360190072077,9.418201575338916,30.6,59.1,44.85,28.5,50.2,24.5,9.7,13.0,39.3,48.6,67.4,46.5,75.4,37.1,32.9,54.6,9.4,3629.8677,8.197,3191.0,5040.0,67.68,False,23.7354,11.166810002906775,-0.7275422033033512,-0.3745747106012693,-0.5828980471680902,0.9385369483305971,-0.919301005300227,-0.9578534148430582,-1.1616583352303929,-1.5976759947154262,-1.194461352145035,-1.1522563977740319,0.03911267096283925,-0.5100469386254475,-0.3871820176196961,-1.039831996637951,-1.0809188756423092,-0.6915105801398177,-0.5655254472499294,-0.1708731206910011,-0.023213309341574007,0.016888662224331018,0.008695118628717824,0.013530992683512275,-0.02178654851009501,0.021340018614054133,0.022234947622634924,0.026965934284920987,0.037087347092936145,0.027727400863897456,0.02674768420233635,-0.0009079345302355867,0.011839877365035324,0.008987775946500763,0.0241379418012233,0.025091704233431288,0.01605224900975689,0.013127717147544604,0.003966530608760318,T1_low,-0.0,-0.0,T1_low,-0.0,-0.0
UTTAR PRADESH,2023,18415.0,24746.0,28162680.0,361038793.0,1548627.0,755489.0,84640.0,153049.6,235687.0,12.03204712720582,16.1686146190516,2.3589659365329934,0.184010150957598,65706.9333480421,32054.759066049464,0.1953306635526569,0.1328214513510121,0.0496454752586606,0.0330106060201466,0.1640760574518345,0.0413280406394036,0.1227480168124309,11.346162247092126,3332358390,5457674823770.951,1272217096,1694721741,365419553.0,53046420.0,0.3465962668311449,14.138914704671874,23156.45251444056,0.2735875769664527,1637.7814703690833,-1.0595946725862628,2.648930903963448,10.05002874700314,30.6,59.1,44.85,28.5,50.2,24.5,9.7,13.0,39.3,48.6,67.4,46.5,75.4,37.1,32.9,54.6,9.4,3629.8677,8.197,3191.0,5040.0,67.68,False,23.7354,11.166810002906775,-0.7275422033033512,-0.3745747106012693,-0.5828980471680902,0.9385369483305971,-0.919301005300227,-0.9578534148430582,-1.1616583352303929,-1.5976759947154262,-1.194461352145035,-1.1522563977740319,0.03911267096283925,-0.5100469386254475,-0.3871820176196961,-1.039831996637951,-1.0809188756423092,-0.6915105801398177,-0.5655254472499294,-0.1708731206910011,0.0457874449306338,-0.033312298568464176,-0.01715081893406371,-0.026689412234882918,0.042973208837052315,-0.04209244415486044,-0.043857660483746064,-0.05318936705257336,-0.07315350162502816,-0.054691333383111176,-0.05275887635904896,0.001790869267801002,-0.023353746114351034,-0.017728075309893523,-0.047611250283171175,-0.04949251349295484,-0.03166250260710254,-0.025893965272828192,-0.007823843603764757,T1_low,0.0,0.0,T1_low,0.0,0.0
UTTARAKHAND,2019,2126.0,2606.0,1391399.0,19457870.0,137040.0,53036.0,186207.0,7709.6,11141.0,27.57600913147245,33.80201307460828,2.5238494863546745,0.1804761595932344,123005.1162373216,47604.34431379589,0.2188931545960011,0.1283259392311632,0.1226420430293724,0.0548951416814567,0.1736095469135821,0.0887685923554146,0.0848409545581675,12.13461423710343,14632399,21753971084.76715,7588885,6754048,289466.0,1272751.0,0.1650865155131265,1.3133829099721748,1952.6048904736692,0.0104862056231702,1486.698871782211,-1.8012856060546856,0.2726061826390459,7.576919601384189,45.1,74.6,59.85,29.5,58.4,39.4,25.3,35.6,50.4,59.8,75.2,60.9,80.2,55.4,44.6,58.5,5.5,5349.9,8.5848,4641.0,7004.0,78.82,False,30.0,12.16838340076161,0.13912606730234175,0.7484374117572209,0.42544462581259107,1.0725681658520518,0.6288054962652189,1.0852384678680893,-0.21533480427322374,0.309582837281867,-0.018370955836507403,0.027389506561061143,-0.7297469390809039,0.32561462848997,0.519112623188822,-0.18567768388248176,0.2295731666491817,-0.38408850925127275,0.32437435542364074,0.11754699733133674,-0.1357223063873846,-0.01888251073288032,-0.10157965171029466,-0.05774232585540268,-0.14557142522712732,-0.08534293222217947,-0.14729106783936866,0.02922573628143797,-0.042017296693845387,0.002493348496671569,-0.0037173670012796214,0.09904293765119454,-0.04419316837213012,-0.07045516249399224,0.025200603501198137,-0.031158199662282345,0.05212937833247505,-0.04402483565101776,-0.015953749586720765,T2_mid,-0.1357223063873846,-0.0,T2_mid,-0.1357223063873846,-0.0
UTTARAKHAND,2020,2194.0,2781.0,1513394.0,20252707.0,149549.0,56551.0,190558.0,7885.3,11270.0,27.823925532319635,35.26815720391108,2.568412996334952,0.191925988865357,132696.53948535936,50178.34960070985,0.2252614509233537,0.1428910133799217,0.1349886934508538,0.0585178048969938,0.1840762321516377,0.0967532491739238,0.0873229829777138,12.15771188915202,31353104,55022480032.68231,13961367,15114542,2277195.0,2023901.0,0.2566675966672162,2.7819968056787934,4882.207633778377,0.0256205860356341,1754.929273754915,-1.3599734294303172,1.0231689452902373,8.493352780523393,45.1,74.6,59.85,29.5,58.4,39.4,25.3,35.6,50.4,59.8,75.2,60.9,80.2,55.4,44.6,58.5,5.5,5349.9,8.5848,4641.0,7004.0,78.82,False,30.0,12.16838340076161,0.13912606730234175,0.7484374117572209,0.42544462581259107,1.0725681658520518,0.6288054962652189,1.0852384678680893,-0.21533480427322374,0.309582837281867,-0.018370955836507403,0.027389506561061143,-0.7297469390809039,0.32561462848997,0.519112623188822,-0.18567768388248176,0.2295731666491817,-0.38408850925127275,0.32437435542364074,0.11754699733133674,-0.04414122523329489,-0.006141195072615211,-0.03303694436539976,-0.018779647052288448,-0.047344472986937405,-0.027756245038576793,-0.04790375564200119,0.00950514209599184,-0.013665365748821372,0.0008109164993301866,-0.0012090063781406081,0.0322119240012777,-0.014373028655431407,-0.022914267221624332,0.008196040465053156,-0.010133640856582271,0.016954137396380898,-0.014318281482659775,-0.005188668484700048,T2_mid,-0.04414122523329489,-0.0,T2_mid,-0.04414122523329489,-0.0
UTTARAKHAND,2021,2220.0,2809.0,1692536.0,20080177.0,165333.0,60740.0,174526.0,8063.0,11399.0,27.533176237132583,34.83814957211956,2.49041014510728,0.2099139278184298,145041.67032195805,53285.37591016756,0.2141145446043484,0.1657730720035152,0.1507161063339713,0.0628906435924703,0.1899438083039318,0.1068033749632208,0.0831404333407109,12.06982900666032,62954270,109483802456.51337,24080205,29153461,9720604.0,2888932.0,0.3582949274463599,5.522788841126415,9604.684836960556,0.0550329740953242,1739.10050035547,-1.0263988120520473,1.7088829575476456,9.170006262270832,45.1,74.6,59.85,29.5,58.4,39.4,25.3,35.6,50.4,59.8,75.2,60.9,80.2,55.4,44.6,58.5,5.5,5349.9,8.5848,4641.0,7004.0,78.82,False,30.0,12.16838340076161,0.13912606730234175,0.7484374117572209,0.42544462581259107,1.0725681658520518,0.6288054962652189,1.0852384678680893,-0.21533480427322374,0.309582837281867,-0.018370955836507403,0.027389506561061143,-0.7297469390809039,0.32561462848997,0.519112623188822,-0.18567768388248176,0.2295731666491817,-0.38408850925127275,0.32437435542364074,0.11754699733133674,0.057486105545848765,0.007997815789121277,0.043024752046737474,0.024457154663376744,0.06165776678728847,0.03614757912611218,0.06238613310628018,-0.012378759286145225,0.01779671165916873,-0.0010560747061955909,0.001574516065017878,-0.04195030956176491,0.01871831690064675,0.029841763046815042,-0.010673886933177088,0.013197267288489587,-0.022079752581766376,0.01864701843225007,0.006757319095186827,T2_mid,0.057486105545848765,0.0,T2_mid,0.057486105545848765,0.0
UTTARAKHAND,2022,2176.0,2938.0,1763535.0,21882622.0,180784.0,67751.0,194670.0,8212.3,11518.0,26.49684010569512,35.7756048853549,2.6646155157507643,0.2147431292086261,156957.80517450947,58821.84407015107,0.2390091595609569,0.1719161921021484,0.1658969881956186,0.0706826864639949,0.2054626758315527,0.1182898373298067,0.0871728385017459,12.179061096283323,140736216,220659832487.8377,50627443,66822180,23286593.0,3709608.0,0.4517136490386372,12.218806737280778,19157.82535924967,0.0984118013009178,1567.8965852530646,-0.7947068197344088,2.502976300635178,9.860466546088034,45.1,74.6,59.85,29.5,58.4,39.4,25.3,35.6,50.4,59.8,75.2,60.9,80.2,55.4,44.6,58.5,5.5,5349.9,8.5848,4641.0,7004.0,78.82,False,30.0,12.16838340076161,0.13912606730234175,0.7484374117572209,0.42544462581259107,1.0725681658520518,0.6288054962652189,1.0852384678680893,-0.21533480427322374,0.309582837281867,-0.018370955836507403,0.027389506561061143,-0.7297469390809039,0.32561462848997,0.519112623188822,-0.18567768388248176,0.2295731666491817,-0.38408850925127275,0.32437435542364074,0.11754699733133674,0.15090482713812609,0.020994795136667178,0.11294281824492991,0.06420164771509379,0.16185571366176082,0.09488978471740644,0.16376772339727882,-0.03249506141567304,0.04671754454495075,-0.0027722659148702983,0.004133208752995502,-0.11012233569658043,0.04913681922592407,0.07833660066752837,-0.028019658789693532,0.03464369902874698,-0.05796081009430386,0.048949656033245574,0.017738409312891137,T2_mid,0.15090482713812609,0.0,T2_mid,0.15090482713812609,0.0
UTTARAKHAND,2023,2202.0,3051.0,1961119.0,23136832.0,200425.0,77094.0,219850.0,8362.9,11637.0,26.33057910533428,36.48255987755444,2.766603929258989,0.2345022659603726,172230.81550227723,66249.03325599381,0.253583694633809,0.1970513522049587,0.1853544522413462,0.0811357361120187,0.2253175234193838,0.1332450941766825,0.0920724292427013,12.300700774608956,284288332,389674095836.64026,89962000,163366256,30960076.0,4480029.0,0.5357028064427412,24.42969253243963,33485.786357019875,0.1523119688743228,1370.700278464613,-0.624175737276126,3.1957992995350923,10.418876339927449,45.1,74.6,59.85,29.5,58.4,39.4,25.3,35.6,50.4,59.8,75.2,60.9,80.2,55.4,44.6,58.5,5.5,5349.9,8.5848,4641.0,7004.0,78.82,False,30.0,12.16838340076161,0.13912606730234175,0.7484374117572209,0.42544462581259107,1.0725681658520518,0.6288054962652189,1.0852384678680893,-0.21533480427322374,0.309582837281867,-0.018370955836507403,0.027389506561061143,-0.7297469390809039,0.32561462848997,0.519112623188822,-0.18567768388248176,0.2295731666491817,-0.38408850925127275,0.32437435542364074,0.11754699733133674,0.23489398454223004,0.03267987630233752,0.1758034458281273,0.0999343833591976,0.2519398101701399,0.1477026285197916,0.25491598789604036,-0.05058085018635875,0.07271914619502658,-0.00431522701628656,0.006433630330773204,-0.17141316622820954,0.076484917511247,0.12193643248699164,-0.043614571007728746,0.05392535585820369,-0.09022008035491665,0.0761935848287765,0.027611082574132566,T2_mid,0.23489398454223004,0.0,T2_mid,0.23489398454223004,0.0
WEST BENGAL,2019,8170.0,11338.0,13101376.0,147376054.0,779291.0,403677.0,103920.0,70449.7,96906.0,11.596926601532726,16.093751996105023,2.091933024555108,0.185967803979293,80417.20842878666,41656.55377376014,0.1571706372579679,0.1353117383885622,0.0683860275364239,0.0465242023859356,0.146241187823265,0.0574551149611798,0.0887860728620852,11.551376651344482,147471562,129767127842.52698,92270741,50724893,4475928.0,7438601.0,0.1055874049144283,1.5218001155759189,1339.1031292440816,0.0128859038610862,879.9467916568685,-2.2482161864670758,0.4198939207071341,7.199755362325078,25.5,46.7,36.1,21.2,48.1,14.0,13.0,14.9,32.9,34.7,76.8,50.1,76.5,41.8,26.5,43.5,8.3,3922.9296,8.2746,3239.0,5267.0,76.26,False,33.7243,11.655712373085922,-1.0323703536543192,-1.2729844084880617,-1.1710979397401542,-0.03989093957602264,-0.5918169376613825,-0.7860890530222094,-0.9250774524911005,-0.6666774623005925,-0.9591219639203261,-0.849287231086877,-0.1777451677674472,-0.9918698241694718,-1.5119584021945538,-0.010466542804437342,-0.07158119854527117,-0.20132631875064894,-1.0523082452935915,-0.9917611489084246,-0.1952214169860828,0.20154080329481963,0.24851382002622988,0.2286233992255551,0.007787565748937349,0.11553534116661934,0.1534614188082437,0.18059493109718835,0.13014971886300747,0.18724114885900064,0.1657990566809669,0.03469966351399006,0.1936342325401011,0.2951666617004345,0.002043293317227747,0.013974183009569967,0.03930320922309346,0.20543310675235332,0.1936130168016481,T1_low,-0.0,-0.0,T1_low,-0.0,-0.0
WEST BENGAL,2020,9251.0,12292.0,16251170.0,152653530.0,827832.0,429211.0,110316.0,71546.6,97516.0,12.930034411139031,17.180411088717005,2.133623819999832,0.2271410521254678,84891.9151728947,44014.41814676566,0.163128411670992,0.1876873151715596,0.0740867010592043,0.0498426681928002,0.1754078634212758,0.0619646846260022,0.1134431787952735,11.611104253651757,259567316,295639998661.6306,128144555,114398128,17024633.0,12052575.0,0.1684576905121976,2.6617920751466424,3031.707603486921,0.0274820298368951,1138.9723606867,-1.781070655602419,0.97899960841239,8.016881305267248,25.5,46.7,36.1,21.2,48.1,14.0,13.0,14.9,32.9,34.7,76.8,50.1,76.5,41.8,26.5,43.5,8.3,3922.9296,8.2746,3239.0,5267.0,76.26,False,33.7243,11.655712373085922,-1.0323703536543192,-1.2729844084880617,-1.1710979397401542,-0.03989093957602264,-0.5918169376613825,-0.7860890530222094,-0.9250774524911005,-0.6666774623005925,-0.9591219639203261,-0.849287231086877,-0.1777451677674472,-0.9918698241694718,-1.5119584021945538,-0.010466542804437342,-0.07158119854527117,-0.20132631875064894,-1.0523082452935915,-0.9917611489084246,-0.1323511313883135,0.13663538431790248,0.16848092670307802,0.1549961372911324,0.0052796109850294475,0.07832764127425099,0.10403977553945738,0.12243504745901598,0.08823551640657315,0.12694087706423637,0.11240412590799623,0.02352477405282723,0.13127509341875718,0.20010940514251593,0.001385258781891494,0.00947385261359814,0.02664576606489262,0.13927418683385775,0.13126071012500365,T1_low,-0.0,-0.0,T1_low,-0.0,-0.0
WEST BENGAL,2021,9379.0,12766.0,18728314.0,158614408.0,889011.0,437348.0,105108.0,72651.0,98125.0,12.909664010130625,17.571678297614625,2.183237780622428,0.2577846691717939,90599.84713375795,44570.49681528663,0.1702184367466228,0.2266683815139712,0.0813584751574667,0.0506252950769162,0.198443409130297,0.0659918851171915,0.1324515240131054,11.56274367195109,353797857,672080706422.1633,155949700,138371177,59476980.0,16981214.0,0.2337368239941638,3.6055832560509553,6849.230129143066,0.0651637375760462,1899.617799047786,-1.4535594803414786,1.2824835485103645,8.83189153503393,25.5,46.7,36.1,21.2,48.1,14.0,13.0,14.9,32.9,34.7,76.8,50.1,76.5,41.8,26.5,43.5,8.3,3922.9296,8.2746,3239.0,5267.0,76.26,False,33.7243,11.655712373085922,-1.0323703536543192,-1.2729844084880617,-1.1710979397401542,-0.03989093957602264,-0.5918169376613825,-0.7860890530222094,-0.9250774524911005,-0.6666774623005925,-0.9591219639203261,-0.849287231086877,-0.1777451677674472,-0.9918698241694718,-1.5119584021945538,-0.010466542804437342,-0.07158119854527117,-0.20132631875064894,-1.0523082452935915,-0.9917611489084246,-0.06707199790634732,0.06924314219887755,0.08538160758092406,0.07854787856237928,0.002675565015725218,0.03969434440376514,0.05272456331850818,0.06204679295669221,0.044715389355634294,0.06433022635599585,0.05696339138534653,0.011921723520361572,0.0665266907700639,0.10141007078647736,0.0007020119370659161,0.00480109399896226,0.013503358429736139,0.0705804164251638,0.06651940170318248,T1_low,-0.0,-0.0,T1_low,-0.0,-0.0
WEST BENGAL,2022,9616.0,13410.0,17386744.0,172418288.0,978185.0,479463.0,122883.0,73516.6,98604.0,13.08003906600686,18.24077827320632,2.3452973614122525,0.2365009263214022,99203.3791732587,48625.10648655227,0.1933773717948919,0.1995938037703684,0.0923191771888467,0.0563317656052132,0.1964855877826301,0.0743254713970299,0.1221601163856001,11.71898796214598,748489565,1509176371815.04,344437927,258063083,145988555.0,21954680.0,0.2986356822812807,7.590864113017727,15305.427485852906,0.1245528469019547,2016.295807430582,-1.2085309024187108,2.0269454338096877,9.635962782113452,25.5,46.7,36.1,21.2,48.1,14.0,13.0,14.9,32.9,34.7,76.8,50.1,76.5,41.8,26.5,43.5,8.3,3922.9296,8.2746,3239.0,5267.0,76.26,False,33.7243,11.655712373085922,-1.0323703536543192,-1.2729844084880617,-1.1710979397401542,-0.03989093957602264,-0.5918169376613825,-0.7860890530222094,-0.9250774524911005,-0.6666774623005925,-0.9591219639203261,-0.849287231086877,-0.1777451677674472,-0.9918698241694718,-1.5119584021945538,-0.010466542804437342,-0.07158119854527117,-0.20132631875064894,-1.0523082452935915,-0.9917611489084246,-0.0021731396192304353,0.002243484917245137,0.002766372852748027,0.002544959330848466,8.668858124098214e-05,0.0012861008345635791,0.0017082812653658977,0.0020103224628651713,0.0014487832065734226,0.002084305939469365,0.0018456197299814067,0.00038626506620220003,0.0021554716120218047,0.00328569670643733,2.2745258844694017e-05,0.0001555559385507288,0.0004375101996708505,0.0022868127394903627,0.0021552354455063928,T1_low,-0.0,-0.0,T1_low,-0.0,-0.0
WEST BENGAL,2023,9761.0,13633.0,18189485.0,182483391.0,1056367.0,535875.0,137909.0,74387.8,99084.0,13.12177534488182,18.326929953567653,2.453136011550281,0.2445224216874272,106613.27762302692,54082.89935812038,0.2087879280981229,0.2097977703111217,0.101759217467398,0.0640130806259586,0.2092928492046223,0.0828861490466783,0.126406700157944,11.8343493263363,1532335116,2949981078776.841,686607668,636079442,209648006.0,26980199.0,0.3626965577688814,15.465010657623834,29772.527136337256,0.2158853094166244,1925.154000567093,-1.0141887233121198,2.7385800952815638,10.301341339098188,25.5,46.7,36.1,21.2,48.1,14.0,13.0,14.9,32.9,34.7,76.8,50.1,76.5,41.8,26.5,43.5,8.3,3922.9296,8.2746,3239.0,5267.0,76.26,False,33.7243,11.655712373085922,-1.0323703536543192,-1.2729844084880617,-1.1710979397401542,-0.03989093957602264,-0.5918169376613825,-0.7860890530222094,-0.9250774524911005,-0.6666774623005925,-0.9591219639203261,-0.849287231086877,-0.1777451677674472,-0.9918698241694718,-1.5119584021945538,-0.010466542804437342,-0.07158119854527117,-0.20132631875064894,-1.0523082452935915,-0.9917611489084246,0.061887735868370264,-0.0638910637652945,-0.07878212283706272,-0.07247659997063126,-0.0024687599320220074,-0.036626210320415395,-0.04864927168245581,-0.05725094903755407,-0.04125915869625445,-0.059357886768653695,-0.05256046383388418,-0.011000245994670933,-0.061384577694007125,-0.09357168223897969,-0.0006477506365360096,-0.004429998308711112,-0.01245963003819148,-0.06512497473683797,-0.06137785202815601,T1_low,0.0,0.0,T1_low,0.0,0.0
