state_raw,year_label,value,table,source_title,source_url
Chandigarh,2004,107.0,t154_cd_ratio_utilisation,Table 154: State-wise Credit-Deposit Ratio (Place of Utilisation),https://www.rbi.org.in/Scripts/PublicationsView.aspx?id=23603
Chandigarh,2005,97.0,t154_cd_ratio_utilisation,Table 154: State-wise Credit-Deposit Ratio (Place of Utilisation),https://www.rbi.org.in/Scripts/PublicationsView.aspx?id=23603
Chandigarh,2006,85.8,t154_cd_ratio_utilisation,Table 154: State-wise Credit-Deposit Ratio (Place of Utilisation),https://www.rbi.org.in/Scripts/PublicationsView.aspx?id=23603
Chandigarh,2007,101.1,t154_cd_ratio_utilisation,Table 154: State-wise Credit-Deposit Ratio (Place of Utilisation),https://www.rbi.org.in/Scripts/PublicationsView.aspx?id=23603
Chandigarh,2008,95.8,t154_cd_ratio_utilisation,Table 154: State-wise Credit-Deposit Ratio (Place of Utilisation),https://www.rbi.org.in/Scripts/PublicationsView.aspx?id=23603
Chandigarh,2009,119.9,t154_cd_ratio_utilisation,Table 154: State-wise Credit-Deposit Ratio (Place of Utilisation),https://www.rbi.org.in/Scripts/PublicationsView.aspx?id=23603
Chandigarh,2010,133.7,t154_cd_ratio_utilisation,Table 154: State-wise Credit-Deposit Ratio (Place of Utilisation),https://www.rbi.org.in/Scripts/PublicationsView.aspx?id=23603
Chandigarh,2011,119.8,t154_cd_ratio_utilisation,Table 154: State-wise Credit-Deposit Ratio (Place of Utilisation),https://www.rbi.org.in/Scripts/PublicationsView.aspx?id=23603
Chandigarh,2012,114.5,t154_cd_ratio_utilisation,Table 154: State-wise Credit-Deposit Ratio (Place of Utilisation),https://www.rbi.org.in/Scripts/PublicationsView.aspx?id=23603
Chandigarh,2013,123.1,t154_cd_ratio_utilisation,Table 154: State-wise Credit-Deposit Ratio (Place of Utilisation),https://www.rbi.org.in/Scripts/PublicationsView.aspx?id=23603
Chandigarh,2014,122.4,t154_cd_ratio_utilisation,Table 154: State-wise Credit-Deposit Ratio (Place of Utilisation),https://www.rbi.org.in/Scripts/PublicationsView.aspx?id=23603
Delhi,2004,57.9,t154_cd_ratio_utilisation,Table 154: State-wise Credit-Deposit Ratio (Place of Utilisation),https://www.rbi.org.in/Scripts/PublicationsView.aspx?id=23603
Delhi,2005,62.5,t154_cd_ratio_utilisation,Table 154: State-wise Credit-Deposit Ratio (Place of Utilisation),https://www.rbi.org.in/Scripts/PublicationsView.aspx?id=23603
Delhi,2006,68.0,t154_cd_ratio_utilisation,Table 154: State-wise Credit-Deposit Ratio (Place of Utilisation),https://www.rbi.org.in/Scripts/PublicationsView.aspx?id=23603
Delhi,2007,69.6,t154_cd_ratio_utilisation,Table 154: State-wise Credit-Deposit Ratio (Place of Utilisation),https://www.rbi.org.in/Scripts/PublicationsView.aspx?id=23603
Delhi,2008,64.4,t154_cd_ratio_utilisation,Table 154: State-wise Credit-Deposit Ratio (Place of Utilisation),https://www.rbi.org.in/Scripts/PublicationsView.aspx?id=23603
Delhi,2009,68.8,t154_cd_ratio_utilisation,Table 154: State-wise Credit-Deposit Ratio (Place of Utilisation),https://www.rbi.org.in/Scripts/PublicationsView.aspx?id=23603
Delhi,2010,70.6,t154_cd_ratio_utilisation,Table 154: State-wise Credit-Deposit Ratio (Place of Utilisation),https://www.rbi.org.in/Scripts/PublicationsView.aspx?id=23603
Delhi,2011,80.8,t154_cd_ratio_utilisation,Table 154: State-wise Credit-Deposit Ratio (Place of Utilisation),https://www.rbi.org.in/Scripts/PublicationsView.aspx?id=23603
Delhi,2012,93.8,t154_cd_ratio_utilisation,Table 154: State-wise Credit-Deposit Ratio (Place of Utilisation),https://www.rbi.org.in/Scripts/PublicationsView.aspx?id=23603
Delhi,2013,94.9,t154_cd_ratio_utilisation,Table 154: State-wise Credit-Deposit Ratio (Place of Utilisation),https://www.rbi.org.in/Scripts/PublicationsView.aspx?id=23603
Delhi,2014,105.1,t154_cd_ratio_utilisation,Table 154: State-wise Credit-Deposit Ratio (Place of Utilisation),https://www.rbi.org.in/Scripts/PublicationsView.aspx?id=23603
Haryana,2004,59.6,t154_cd_ratio_utilisation,Table 154: State-wise Credit-Deposit Ratio (Place of Utilisation),https://www.rbi.org.in/Scripts/PublicationsView.aspx?id=23603
Haryana,2005,63.2,t154_cd_ratio_utilisation,Table 154: State-wise Credit-Deposit Ratio (Place of Utilisation),https://www.rbi.org.in/Scripts/PublicationsView.aspx?id=23603
Haryana,2006,69.6,t154_cd_ratio_utilisation,Table 154: State-wise Credit-Deposit Ratio (Place of Utilisation),https://www.rbi.org.in/Scripts/PublicationsView.aspx?id=23603
Haryana,2007,68.4,t154_cd_ratio_utilisation,Table 154: State-wise Credit-Deposit Ratio (Place of Utilisation),https://www.rbi.org.in/Scripts/PublicationsView.aspx?id=23603
Haryana,2008,67.2,t154_cd_ratio_utilisation,Table 154: State-wise Credit-Deposit Ratio (Place of Utilisation),https://www.rbi.org.in/Scripts/PublicationsView.aspx?id=23603
Haryana,2009,74.0,t154_cd_ratio_utilisation,Table 154: State-wise Credit-Deposit Ratio (Place of Utilisation),https://www.rbi.org.in/Scripts/PublicationsView.aspx?id=23603
Haryana,2010,76.1,t154_cd_ratio_utilisation,Table 154: State-wise Credit-Deposit Ratio (Place of Utilisation),https://www.rbi.org.in/Scripts/PublicationsView.aspx?id=23603
Haryana,2011,85.6,t154_cd_ratio_utilisation,Table 154: State-wise Credit-Deposit Ratio (Place of Utilisation),https://www.rbi.org.in/Scripts/PublicationsView.aspx?id=23603
Haryana,2012,94.5,t154_cd_ratio_utilisation,Table 154: State-wise Credit-Deposit Ratio (Place of Utilisation),https://www.rbi.org.in/Scripts/PublicationsView.aspx?id=23603
Haryana,2013,86.0,t154_cd_ratio_utilisation,Table 154: State-wise Credit-Deposit Ratio (Place of Utilisation),https://www.rbi.org.in/Scripts/PublicationsView.aspx?id=23603
Haryana,2014,88.5,t154_cd_ratio_utilisation,Table 154: State-wise Credit-Deposit Ratio (Place of Utilisation),https://www.rbi.org.in/Scripts/PublicationsView.aspx?id=23603
Himachal Pradesh,2004,42.7,t154_cd_ratio_utilisation,Table 154: State-wise Credit-Deposit Ratio (Place of Utilisation),https://www.rbi.org.in/Scripts/PublicationsView.aspx?id=23603
Himachal Pradesh,2005,50.9,t154_cd_ratio_utilisation,Table 154: State-wise Credit-Deposit Ratio (Place of Utilisation),https://www.rbi.org.in/Scripts/PublicationsView.aspx?id=23603
Himachal Pradesh,2006,53.0,t154_cd_ratio_utilisation,Table 154: State-wise Credit-Deposit Ratio (Place of Utilisation),https://www.rbi.org.in/Scripts/PublicationsView.aspx?id=23603
Himachal Pradesh,2007,51.1,t154_cd_ratio_utilisation,Table 154: State-wise Credit-Deposit Ratio (Place of Utilisation),https://www.rbi.org.in/Scripts/PublicationsView.aspx?id=23603
Himachal Pradesh,2008,51.3,t154_cd_ratio_utilisation,Table 154: State-wise Credit-Deposit Ratio (Place of Utilisation),https://www.rbi.org.in/Scripts/PublicationsView.aspx?id=23603
Himachal Pradesh,2009,47.1,t154_cd_ratio_utilisation,Table 154: State-wise Credit-Deposit Ratio (Place of Utilisation),https://www.rbi.org.in/Scripts/PublicationsView.aspx?id=23603
Himachal Pradesh,2010,51.0,t154_cd_ratio_utilisation,Table 154: State-wise Credit-Deposit Ratio (Place of Utilisation),https://www.rbi.org.in/Scripts/PublicationsView.aspx?id=23603
Himachal Pradesh,2011,48.6,t154_cd_ratio_utilisation,Table 154: State-wise Credit-Deposit Ratio (Place of Utilisation),https://www.rbi.org.in/Scripts/PublicationsView.aspx?id=23603
Himachal Pradesh,2012,45.0,t154_cd_ratio_utilisation,Table 154: State-wise Credit-Deposit Ratio (Place of Utilisation),https://www.rbi.org.in/Scripts/PublicationsView.aspx?id=23603
Himachal Pradesh,2013,41.6,t154_cd_ratio_utilisation,Table 154: State-wise Credit-Deposit Ratio (Place of Utilisation),https://www.rbi.org.in/Scripts/PublicationsView.aspx?id=23603
Himachal Pradesh,2014,37.8,t154_cd_ratio_utilisation,Table 154: State-wise Credit-Deposit Ratio (Place of Utilisation),https://www.rbi.org.in/Scripts/PublicationsView.aspx?id=23603
Jammu & Kashmir,2004,41.7,t154_cd_ratio_utilisation,Table 154: State-wise Credit-Deposit Ratio (Place of Utilisation),https://www.rbi.org.in/Scripts/PublicationsView.aspx?id=23603
Jammu & Kashmir,2005,50.9,t154_cd_ratio_utilisation,Table 154: State-wise Credit-Deposit Ratio (Place of Utilisation),https://www.rbi.org.in/Scripts/PublicationsView.aspx?id=23603
Jammu & Kashmir,2006,52.7,t154_cd_ratio_utilisation,Table 154: State-wise Credit-Deposit Ratio (Place of Utilisation),https://www.rbi.org.in/Scripts/PublicationsView.aspx?id=23603
Jammu & Kashmir,2007,60.9,t154_cd_ratio_utilisation,Table 154: State-wise Credit-Deposit Ratio (Place of Utilisation),https://www.rbi.org.in/Scripts/PublicationsView.aspx?id=23603
Jammu & Kashmir,2008,56.3,t154_cd_ratio_utilisation,Table 154: State-wise Credit-Deposit Ratio (Place of Utilisation),https://www.rbi.org.in/Scripts/PublicationsView.aspx?id=23603
Jammu & Kashmir,2009,47.3,t154_cd_ratio_utilisation,Table 154: State-wise Credit-Deposit Ratio (Place of Utilisation),https://www.rbi.org.in/Scripts/PublicationsView.aspx?id=23603
Jammu & Kashmir,2010,47.8,t154_cd_ratio_utilisation,Table 154: State-wise Credit-Deposit Ratio (Place of Utilisation),https://www.rbi.org.in/Scripts/PublicationsView.aspx?id=23603
Jammu & Kashmir,2011,35.7,t154_cd_ratio_utilisation,Table 154: State-wise Credit-Deposit Ratio (Place of Utilisation),https://www.rbi.org.in/Scripts/PublicationsView.aspx?id=23603
Jammu & Kashmir,2012,34.1,t154_cd_ratio_utilisation,Table 154: State-wise Credit-Deposit Ratio (Place of Utilisation),https://www.rbi.org.in/Scripts/PublicationsView.aspx?id=23603
Jammu & Kashmir,2013,37.2,t154_cd_ratio_utilisation,Table 154: State-wise Credit-Deposit Ratio (Place of Utilisation),https://www.rbi.org.in/Scripts/PublicationsView.aspx?id=23603
Jammu & Kashmir,2014,40.4,t154_cd_ratio_utilisation,Table 154: State-wise Credit-Deposit Ratio (Place of Utilisation),https://www.rbi.org.in/Scripts/PublicationsView.aspx?id=23603
Ladakh,2004,,t154_cd_ratio_utilisation,Table 154: State-wise Credit-Deposit Ratio (Place of Utilisation),https://www.rbi.org.in/Scripts/PublicationsView.aspx?id=23603
Ladakh,2005,,t154_cd_ratio_utilisation,Table 154: State-wise Credit-Deposit Ratio (Place of Utilisation),https://www.rbi.org.in/Scripts/PublicationsView.aspx?id=23603
Ladakh,2006,,t154_cd_ratio_utilisation,Table 154: State-wise Credit-Deposit Ratio (Place of Utilisation),https://www.rbi.org.in/Scripts/PublicationsView.aspx?id=23603
Ladakh,2007,,t154_cd_ratio_utilisation,Table 154: State-wise Credit-Deposit Ratio (Place of Utilisation),https://www.rbi.org.in/Scripts/PublicationsView.aspx?id=23603
Ladakh,2008,,t154_cd_ratio_utilisation,Table 154: State-wise Credit-Deposit Ratio (Place of Utilisation),https://www.rbi.org.in/Scripts/PublicationsView.aspx?id=23603
Ladakh,2009,,t154_cd_ratio_utilisation,Table 154: State-wise Credit-Deposit Ratio (Place of Utilisation),https://www.rbi.org.in/Scripts/PublicationsView.aspx?id=23603
Ladakh,2010,,t154_cd_ratio_utilisation,Table 154: State-wise Credit-Deposit Ratio (Place of Utilisation),https://www.rbi.org.in/Scripts/PublicationsView.aspx?id=23603
Ladakh,2011,,t154_cd_ratio_utilisation,Table 154: State-wise Credit-Deposit Ratio (Place of Utilisation),https://www.rbi.org.in/Scripts/PublicationsView.aspx?id=23603
Ladakh,2012,,t154_cd_ratio_utilisation,Table 154: State-wise Credit-Deposit Ratio (Place of Utilisation),https://www.rbi.org.in/Scripts/PublicationsView.aspx?id=23603
Ladakh,2013,,t154_cd_ratio_utilisation,Table 154: State-wise Credit-Deposit Ratio (Place of Utilisation),https://www.rbi.org.in/Scripts/PublicationsView.aspx?id=23603
Ladakh,2014,,t154_cd_ratio_utilisation,Table 154: State-wise Credit-Deposit Ratio (Place of Utilisation),https://www.rbi.org.in/Scripts/PublicationsView.aspx?id=23603
Punjab,2004,45.7,t154_cd_ratio_utilisation,Table 154: State-wise Credit-Deposit Ratio (Place of Utilisation),https://www.rbi.org.in/Scripts/PublicationsView.aspx?id=23603
Punjab,2005,49.7,t154_cd_ratio_utilisation,Table 154: State-wise Credit-Deposit Ratio (Place of Utilisation),https://www.rbi.org.in/Scripts/PublicationsView.aspx?id=23603
Punjab,2006,56.3,t154_cd_ratio_utilisation,Table 154: State-wise Credit-Deposit Ratio (Place of Utilisation),https://www.rbi.org.in/Scripts/PublicationsView.aspx?id=23603
Punjab,2007,65.3,t154_cd_ratio_utilisation,Table 154: State-wise Credit-Deposit Ratio (Place of Utilisation),https://www.rbi.org.in/Scripts/PublicationsView.aspx?id=23603
Punjab,2008,76.1,t154_cd_ratio_utilisation,Table 154: State-wise Credit-Deposit Ratio (Place of Utilisation),https://www.rbi.org.in/Scripts/PublicationsView.aspx?id=23603
Punjab,2009,65.5,t154_cd_ratio_utilisation,Table 154: State-wise Credit-Deposit Ratio (Place of Utilisation),https://www.rbi.org.in/Scripts/PublicationsView.aspx?id=23603
Punjab,2010,73.0,t154_cd_ratio_utilisation,Table 154: State-wise Credit-Deposit Ratio (Place of Utilisation),https://www.rbi.org.in/Scripts/PublicationsView.aspx?id=23603
Punjab,2011,92.9,t154_cd_ratio_utilisation,Table 154: State-wise Credit-Deposit Ratio (Place of Utilisation),https://www.rbi.org.in/Scripts/PublicationsView.aspx?id=23603
Punjab,2012,83.2,t154_cd_ratio_utilisation,Table 154: State-wise Credit-Deposit Ratio (Place of Utilisation),https://www.rbi.org.in/Scripts/PublicationsView.aspx?id=23603
Punjab,2013,78.9,t154_cd_ratio_utilisation,Table 154: State-wise Credit-Deposit Ratio (Place of Utilisation),https://www.rbi.org.in/Scripts/PublicationsView.aspx?id=23603
Punjab,2014,81.3,t154_cd_ratio_utilisation,Table 154: State-wise Credit-Deposit Ratio (Place of Utilisation),https://www.rbi.org.in/Scripts/PublicationsView.aspx?id=23603
Rajasthan,2004,62.8,t154_cd_ratio_utilisation,Table 154: State-wise Credit-Deposit Ratio (Place of Utilisation),https://www.rbi.org.in/Scripts/PublicationsView.aspx?id=23603
Rajasthan,2005,76.5,t154_cd_ratio_utilisation,Table 154: State-wise Credit-Deposit Ratio (Place of Utilisation),https://www.rbi.org.in/Scripts/PublicationsView.aspx?id=23603
Rajasthan,2006,86.0,t154_cd_ratio_utilisation,Table 154: State-wise Credit-Deposit Ratio (Place of Utilisation),https://www.rbi.org.in/Scripts/PublicationsView.aspx?id=23603
Rajasthan,2007,90.9,t154_cd_ratio_utilisation,Table 154: State-wise Credit-Deposit Ratio (Place of Utilisation),https://www.rbi.org.in/Scripts/PublicationsView.aspx?id=23603
Rajasthan,2008,100.0,t154_cd_ratio_utilisation,Table 154: State-wise Credit-Deposit Ratio (Place of Utilisation),https://www.rbi.org.in/Scripts/PublicationsView.aspx?id=23603
Rajasthan,2009,87.5,t154_cd_ratio_utilisation,Table 154: State-wise Credit-Deposit Ratio (Place of Utilisation),https://www.rbi.org.in/Scripts/PublicationsView.aspx?id=23603
Rajasthan,2010,96.6,t154_cd_ratio_utilisation,Table 154: State-wise Credit-Deposit Ratio (Place of Utilisation),https://www.rbi.org.in/Scripts/PublicationsView.aspx?id=23603
Rajasthan,2011,95.8,t154_cd_ratio_utilisation,Table 154: State-wise Credit-Deposit Ratio (Place of Utilisation),https://www.rbi.org.in/Scripts/PublicationsView.aspx?id=23603
Rajasthan,2012,96.1,t154_cd_ratio_utilisation,Table 154: State-wise Credit-Deposit Ratio (Place of Utilisation),https://www.rbi.org.in/Scripts/PublicationsView.aspx?id=23603
Rajasthan,2013,102.9,t154_cd_ratio_utilisation,Table 154: State-wise Credit-Deposit Ratio (Place of Utilisation),https://www.rbi.org.in/Scripts/PublicationsView.aspx?id=23603
Rajasthan,2014,91.4,t154_cd_ratio_utilisation,Table 154: State-wise Credit-Deposit Ratio (Place of Utilisation),https://www.rbi.org.in/Scripts/PublicationsView.aspx?id=23603
Arunachal Pradesh,2004,25.2,t154_cd_ratio_utilisation,Table 154: State-wise Credit-Deposit Ratio (Place of Utilisation),https://www.rbi.org.in/Scripts/PublicationsView.aspx?id=23603
Arunachal Pradesh,2005,30.0,t154_cd_ratio_utilisation,Table 154: State-wise Credit-Deposit Ratio (Place of Utilisation),https://www.rbi.org.in/Scripts/PublicationsView.aspx?id=23603
Arunachal Pradesh,2006,41.6,t154_cd_ratio_utilisation,Table 154: State-wise Credit-Deposit Ratio (Place of Utilisation),https://www.rbi.org.in/Scripts/PublicationsView.aspx?id=23603
Arunachal Pradesh,2007,46.0,t154_cd_ratio_utilisation,Table 154: State-wise Credit-Deposit Ratio (Place of Utilisation),https://www.rbi.org.in/Scripts/PublicationsView.aspx?id=23603
Arunachal Pradesh,2008,57.7,t154_cd_ratio_utilisation,Table 154: State-wise Credit-Deposit Ratio (Place of Utilisation),https://www.rbi.org.in/Scripts/PublicationsView.aspx?id=23603
Arunachal Pradesh,2009,33.9,t154_cd_ratio_utilisation,Table 154: State-wise Credit-Deposit Ratio (Place of Utilisation),https://www.rbi.org.in/Scripts/PublicationsView.aspx?id=23603
Arunachal Pradesh,2010,34.4,t154_cd_ratio_utilisation,Table 154: State-wise Credit-Deposit Ratio (Place of Utilisation),https://www.rbi.org.in/Scripts/PublicationsView.aspx?id=23603
Arunachal Pradesh,2011,27.4,t154_cd_ratio_utilisation,Table 154: State-wise Credit-Deposit Ratio (Place of Utilisation),https://www.rbi.org.in/Scripts/PublicationsView.aspx?id=23603
Arunachal Pradesh,2012,28.4,t154_cd_ratio_utilisation,Table 154: State-wise Credit-Deposit Ratio (Place of Utilisation),https://www.rbi.org.in/Scripts/PublicationsView.aspx?id=23603
Arunachal Pradesh,2013,38.4,t154_cd_ratio_utilisation,Table 154: State-wise Credit-Deposit Ratio (Place of Utilisation),https://www.rbi.org.in/Scripts/PublicationsView.aspx?id=23603
Arunachal Pradesh,2014,24.8,t154_cd_ratio_utilisation,Table 154: State-wise Credit-Deposit Ratio (Place of Utilisation),https://www.rbi.org.in/Scripts/PublicationsView.aspx?id=23603
Assam,2004,35.7,t154_cd_ratio_utilisation,Table 154: State-wise Credit-Deposit Ratio (Place of Utilisation),https://www.rbi.org.in/Scripts/PublicationsView.aspx?id=23603
Assam,2005,41.9,t154_cd_ratio_utilisation,Table 154: State-wise Credit-Deposit Ratio (Place of Utilisation),https://www.rbi.org.in/Scripts/PublicationsView.aspx?id=23603
Assam,2006,49.1,t154_cd_ratio_utilisation,Table 154: State-wise Credit-Deposit Ratio (Place of Utilisation),https://www.rbi.org.in/Scripts/PublicationsView.aspx?id=23603
Assam,2007,52.5,t154_cd_ratio_utilisation,Table 154: State-wise Credit-Deposit Ratio (Place of Utilisation),https://www.rbi.org.in/Scripts/PublicationsView.aspx?id=23603
Assam,2008,49.8,t154_cd_ratio_utilisation,Table 154: State-wise Credit-Deposit Ratio (Place of Utilisation),https://www.rbi.org.in/Scripts/PublicationsView.aspx?id=23603
Assam,2009,41.5,t154_cd_ratio_utilisation,Table 154: State-wise Credit-Deposit Ratio (Place of Utilisation),https://www.rbi.org.in/Scripts/PublicationsView.aspx?id=23603
Assam,2010,40.5,t154_cd_ratio_utilisation,Table 154: State-wise Credit-Deposit Ratio (Place of Utilisation),https://www.rbi.org.in/Scripts/PublicationsView.aspx?id=23603
Assam,2011,38.9,t154_cd_ratio_utilisation,Table 154: State-wise Credit-Deposit Ratio (Place of Utilisation),https://www.rbi.org.in/Scripts/PublicationsView.aspx?id=23603
Assam,2012,40.3,t154_cd_ratio_utilisation,Table 154: State-wise Credit-Deposit Ratio (Place of Utilisation),https://www.rbi.org.in/Scripts/PublicationsView.aspx?id=23603
Assam,2013,37.2,t154_cd_ratio_utilisation,Table 154: State-wise Credit-Deposit Ratio (Place of Utilisation),https://www.rbi.org.in/Scripts/PublicationsView.aspx?id=23603
Assam,2014,39.9,t154_cd_ratio_utilisation,Table 154: State-wise Credit-Deposit Ratio (Place of Utilisation),https://www.rbi.org.in/Scripts/PublicationsView.aspx?id=23603
Manipur,2004,31.8,t154_cd_ratio_utilisation,Table 154: State-wise Credit-Deposit Ratio (Place of Utilisation),https://www.rbi.org.in/Scripts/PublicationsView.aspx?id=23603
Manipur,2005,42.6,t154_cd_ratio_utilisation,Table 154: State-wise Credit-Deposit Ratio (Place of Utilisation),https://www.rbi.org.in/Scripts/PublicationsView.aspx?id=23603
Manipur,2006,51.8,t154_cd_ratio_utilisation,Table 154: State-wise Credit-Deposit Ratio (Place of Utilisation),https://www.rbi.org.in/Scripts/PublicationsView.aspx?id=23603
Manipur,2007,55.6,t154_cd_ratio_utilisation,Table 154: State-wise Credit-Deposit Ratio (Place of Utilisation),https://www.rbi.org.in/Scripts/PublicationsView.aspx?id=23603
Manipur,2008,50.3,t154_cd_ratio_utilisation,Table 154: State-wise Credit-Deposit Ratio (Place of Utilisation),https://www.rbi.org.in/Scripts/PublicationsView.aspx?id=23603
Manipur,2009,37.1,t154_cd_ratio_utilisation,Table 154: State-wise Credit-Deposit Ratio (Place of Utilisation),https://www.rbi.org.in/Scripts/PublicationsView.aspx?id=23603
Manipur,2010,44.8,t154_cd_ratio_utilisation,Table 154: State-wise Credit-Deposit Ratio (Place of Utilisation),https://www.rbi.org.in/Scripts/PublicationsView.aspx?id=23603
Manipur,2011,36.6,t154_cd_ratio_utilisation,Table 154: State-wise Credit-Deposit Ratio (Place of Utilisation),https://www.rbi.org.in/Scripts/PublicationsView.aspx?id=23603
Manipur,2012,33.2,t154_cd_ratio_utilisation,Table 154: State-wise Credit-Deposit Ratio (Place of Utilisation),https://www.rbi.org.in/Scripts/PublicationsView.aspx?id=23603
Manipur,2013,30.2,t154_cd_ratio_utilisation,Table 154: State-wise Credit-Deposit Ratio (Place of Utilisation),https://www.rbi.org.in/Scripts/PublicationsView.aspx?id=23603
Manipur,2014,34.0,t154_cd_ratio_utilisation,Table 154: State-wise Credit-Deposit Ratio (Place of Utilisation),https://www.rbi.org.in/Scripts/PublicationsView.aspx?id=23603
Meghalaya,2004,42.6,t154_cd_ratio_utilisation,Table 154: State-wise Credit-Deposit Ratio (Place of Utilisation),https://www.rbi.org.in/Scripts/PublicationsView.aspx?id=23603
Meghalaya,2005,85.7,t154_cd_ratio_utilisation,Table 154: State-wise Credit-Deposit Ratio (Place of Utilisation),https://www.rbi.org.in/Scripts/PublicationsView.aspx?id=23603
Meghalaya,2006,113.9,t154_cd_ratio_utilisation,Table 154: State-wise Credit-Deposit Ratio (Place of Utilisation),https://www.rbi.org.in/Scripts/PublicationsView.aspx?id=23603
Meghalaya,2007,41.2,t154_cd_ratio_utilisation,Table 154: State-wise Credit-Deposit Ratio (Place of Utilisation),https://www.rbi.org.in/Scripts/PublicationsView.aspx?id=23603
Meghalaya,2008,41.1,t154_cd_ratio_utilisation,Table 154: State-wise Credit-Deposit Ratio (Place of Utilisation),https://www.rbi.org.in/Scripts/PublicationsView.aspx?id=23603
Meghalaya,2009,34.6,t154_cd_ratio_utilisation,Table 154: State-wise Credit-Deposit Ratio (Place of Utilisation),https://www.rbi.org.in/Scripts/PublicationsView.aspx?id=23603
Meghalaya,2010,32.7,t154_cd_ratio_utilisation,Table 154: State-wise Credit-Deposit Ratio (Place of Utilisation),https://www.rbi.org.in/Scripts/PublicationsView.aspx?id=23603
Meghalaya,2011,29.6,t154_cd_ratio_utilisation,Table 154: State-wise Credit-Deposit Ratio (Place of Utilisation),https://www.rbi.org.in/Scripts/PublicationsView.aspx?id=23603
Meghalaya,2012,28.2,t154_cd_ratio_utilisation,Table 154: State-wise Credit-Deposit Ratio (Place of Utilisation),https://www.rbi.org.in/Scripts/PublicationsView.aspx?id=23603
Meghalaya,2013,24.6,t154_cd_ratio_utilisation,Table 154: State-wise Credit-Deposit Ratio (Place of Utilisation),https://www.rbi.org.in/Scripts/PublicationsView.aspx?id=23603
Meghalaya,2014,28.6,t154_cd_ratio_utilisation,Table 154: State-wise Credit-Deposit Ratio (Place of Utilisation),https://www.rbi.org.in/Scripts/PublicationsView.aspx?id=23603
Mizoram,2004,39.7,t154_cd_ratio_utilisation,Table 154: State-wise Credit-Deposit Ratio (Place of Utilisation),https://www.rbi.org.in/Scripts/PublicationsView.aspx?id=23603
Mizoram,2005,59.1,t154_cd_ratio_utilisation,Table 154: State-wise Credit-Deposit Ratio (Place of Utilisation),https://www.rbi.org.in/Scripts/PublicationsView.aspx?id=23603
Mizoram,2006,53.7,t154_cd_ratio_utilisation,Table 154: State-wise Credit-Deposit Ratio (Place of Utilisation),https://www.rbi.org.in/Scripts/PublicationsView.aspx?id=23603
Mizoram,2007,58.4,t154_cd_ratio_utilisation,Table 154: State-wise Credit-Deposit Ratio (Place of Utilisation),https://www.rbi.org.in/Scripts/PublicationsView.aspx?id=23603
Mizoram,2008,65.5,t154_cd_ratio_utilisation,Table 154: State-wise Credit-Deposit Ratio (Place of Utilisation),https://www.rbi.org.in/Scripts/PublicationsView.aspx?id=23603
Mizoram,2009,60.2,t154_cd_ratio_utilisation,Table 154: State-wise Credit-Deposit Ratio (Place of Utilisation),https://www.rbi.org.in/Scripts/PublicationsView.aspx?id=23603
Mizoram,2010,57.7,t154_cd_ratio_utilisation,Table 154: State-wise Credit-Deposit Ratio (Place of Utilisation),https://www.rbi.org.in/Scripts/PublicationsView.aspx?id=23603
Mizoram,2011,49.8,t154_cd_ratio_utilisation,Table 154: State-wise Credit-Deposit Ratio (Place of Utilisation),https://www.rbi.org.in/Scripts/PublicationsView.aspx?id=23603
Mizoram,2012,41.9,t154_cd_ratio_utilisation,Table 154: State-wise Credit-Deposit Ratio (Place of Utilisation),https://www.rbi.org.in/Scripts/PublicationsView.aspx?id=23603
Mizoram,2013,38.7,t154_cd_ratio_utilisation,Table 154: State-wise Credit-Deposit Ratio (Place of Utilisation),https://www.rbi.org.in/Scripts/PublicationsView.aspx?id=23603
Mizoram,2014,40.5,t154_cd_ratio_utilisation,Table 154: State-wise Credit-Deposit Ratio (Place of Utilisation),https://www.rbi.org.in/Scripts/PublicationsView.aspx?id=23603
Nagaland,2004,15.2,t154_cd_ratio_utilisation,Table 154: State-wise Credit-Deposit Ratio (Place of Utilisation),https://www.rbi.org.in/Scripts/PublicationsView.aspx?id=23603
Nagaland,2005,23.2,t154_cd_ratio_utilisation,Table 154: State-wise Credit-Deposit Ratio (Place of Utilisation),https://www.rbi.org.in/Scripts/PublicationsView.aspx?id=23603
Nagaland,2006,23.2,t154_cd_ratio_utilisation,Table 154: State-wise Credit-Deposit Ratio (Place of Utilisation),https://www.rbi.org.in/Scripts/PublicationsView.aspx?id=23603
Nagaland,2007,31.9,t154_cd_ratio_utilisation,Table 154: State-wise Credit-Deposit Ratio (Place of Utilisation),https://www.rbi.org.in/Scripts/PublicationsView.aspx?id=23603
Nagaland,2008,43.9,t154_cd_ratio_utilisation,Table 154: State-wise Credit-Deposit Ratio (Place of Utilisation),https://www.rbi.org.in/Scripts/PublicationsView.aspx?id=23603
Nagaland,2009,31.6,t154_cd_ratio_utilisation,Table 154: State-wise Credit-Deposit Ratio (Place of Utilisation),https://www.rbi.org.in/Scripts/PublicationsView.aspx?id=23603
Nagaland,2010,40.2,t154_cd_ratio_utilisation,Table 154: State-wise Credit-Deposit Ratio (Place of Utilisation),https://www.rbi.org.in/Scripts/PublicationsView.aspx?id=23603
Nagaland,2011,27.5,t154_cd_ratio_utilisation,Table 154: State-wise Credit-Deposit Ratio (Place of Utilisation),https://www.rbi.org.in/Scripts/PublicationsView.aspx?id=23603
Nagaland,2012,47.6,t154_cd_ratio_utilisation,Table 154: State-wise Credit-Deposit Ratio (Place of Utilisation),https://www.rbi.org.in/Scripts/PublicationsView.aspx?id=23603
Nagaland,2013,33.5,t154_cd_ratio_utilisation,Table 154: State-wise Credit-Deposit Ratio (Place of Utilisation),https://www.rbi.org.in/Scripts/PublicationsView.aspx?id=23603
Nagaland,2014,32.5,t154_cd_ratio_utilisation,Table 154: State-wise Credit-Deposit Ratio (Place of Utilisation),https://www.rbi.org.in/Scripts/PublicationsView.aspx?id=23603
Tripura,2004,24.7,t154_cd_ratio_utilisation,Table 154: State-wise Credit-Deposit Ratio (Place of Utilisation),https://www.rbi.org.in/Scripts/PublicationsView.aspx?id=23603
Tripura,2005,29.0,t154_cd_ratio_utilisation,Table 154: State-wise Credit-Deposit Ratio (Place of Utilisation),https://www.rbi.org.in/Scripts/PublicationsView.aspx?id=23603
Tripura,2006,33.9,t154_cd_ratio_utilisation,Table 154: State-wise Credit-Deposit Ratio (Place of Utilisation),https://www.rbi.org.in/Scripts/PublicationsView.aspx?id=23603
Tripura,2007,36.2,t154_cd_ratio_utilisation,Table 154: State-wise Credit-Deposit Ratio (Place of Utilisation),https://www.rbi.org.in/Scripts/PublicationsView.aspx?id=23603
Tripura,2008,36.8,t154_cd_ratio_utilisation,Table 154: State-wise Credit-Deposit Ratio (Place of Utilisation),https://www.rbi.org.in/Scripts/PublicationsView.aspx?id=23603
Tripura,2009,31.5,t154_cd_ratio_utilisation,Table 154: State-wise Credit-Deposit Ratio (Place of Utilisation),https://www.rbi.org.in/Scripts/PublicationsView.aspx?id=23603
Tripura,2010,31.6,t154_cd_ratio_utilisation,Table 154: State-wise Credit-Deposit Ratio (Place of Utilisation),https://www.rbi.org.in/Scripts/PublicationsView.aspx?id=23603
Tripura,2011,33.2,t154_cd_ratio_utilisation,Table 154: State-wise Credit-Deposit Ratio (Place of Utilisation),https://www.rbi.org.in/Scripts/PublicationsView.aspx?id=23603
Tripura,2012,31.7,t154_cd_ratio_utilisation,Table 154: State-wise Credit-Deposit Ratio (Place of Utilisation),https://www.rbi.org.in/Scripts/PublicationsView.aspx?id=23603
Tripura,2013,35.7,t154_cd_ratio_utilisation,Table 154: State-wise Credit-Deposit Ratio (Place of Utilisation),https://www.rbi.org.in/Scripts/PublicationsView.aspx?id=23603
Tripura,2014,32.5,t154_cd_ratio_utilisation,Table 154: State-wise Credit-Deposit Ratio (Place of Utilisation),https://www.rbi.org.in/Scripts/PublicationsView.aspx?id=23603
Andaman & Nicobar Islands,2004,42.2,t154_cd_ratio_utilisation,Table 154: State-wise Credit-Deposit Ratio (Place of Utilisation),https://www.rbi.org.in/Scripts/PublicationsView.aspx?id=23603
Andaman & Nicobar Islands,2005,43.8,t154_cd_ratio_utilisation,Table 154: State-wise Credit-Deposit Ratio (Place of Utilisation),https://www.rbi.org.in/Scripts/PublicationsView.aspx?id=23603
Andaman & Nicobar Islands,2006,49.2,t154_cd_ratio_utilisation,Table 154: State-wise Credit-Deposit Ratio (Place of Utilisation),https://www.rbi.org.in/Scripts/PublicationsView.aspx?id=23603
Andaman & Nicobar Islands,2007,56.6,t154_cd_ratio_utilisation,Table 154: State-wise Credit-Deposit Ratio (Place of Utilisation),https://www.rbi.org.in/Scripts/PublicationsView.aspx?id=23603
Andaman & Nicobar Islands,2008,75.0,t154_cd_ratio_utilisation,Table 154: State-wise Credit-Deposit Ratio (Place of Utilisation),https://www.rbi.org.in/Scripts/PublicationsView.aspx?id=23603
Andaman & Nicobar Islands,2009,38.1,t154_cd_ratio_utilisation,Table 154: State-wise Credit-Deposit Ratio (Place of Utilisation),https://www.rbi.org.in/Scripts/PublicationsView.aspx?id=23603
Andaman & Nicobar Islands,2010,41.1,t154_cd_ratio_utilisation,Table 154: State-wise Credit-Deposit Ratio (Place of Utilisation),https://www.rbi.org.in/Scripts/PublicationsView.aspx?id=23603
Andaman & Nicobar Islands,2011,39.1,t154_cd_ratio_utilisation,Table 154: State-wise Credit-Deposit Ratio (Place of Utilisation),https://www.rbi.org.in/Scripts/PublicationsView.aspx?id=23603
Andaman & Nicobar Islands,2012,41.6,t154_cd_ratio_utilisation,Table 154: State-wise Credit-Deposit Ratio (Place of Utilisation),https://www.rbi.org.in/Scripts/PublicationsView.aspx?id=23603
Andaman & Nicobar Islands,2013,38.9,t154_cd_ratio_utilisation,Table 154: State-wise Credit-Deposit Ratio (Place of Utilisation),https://www.rbi.org.in/Scripts/PublicationsView.aspx?id=23603
Andaman & Nicobar Islands,2014,38.5,t154_cd_ratio_utilisation,Table 154: State-wise Credit-Deposit Ratio (Place of Utilisation),https://www.rbi.org.in/Scripts/PublicationsView.aspx?id=23603
Bihar,2004,26.9,t154_cd_ratio_utilisation,Table 154: State-wise Credit-Deposit Ratio (Place of Utilisation),https://www.rbi.org.in/Scripts/PublicationsView.aspx?id=23603
Bihar,2005,31.4,t154_cd_ratio_utilisation,Table 154: State-wise Credit-Deposit Ratio (Place of Utilisation),https://www.rbi.org.in/Scripts/PublicationsView.aspx?id=23603
Bihar,2006,40.0,t154_cd_ratio_utilisation,Table 154: State-wise Credit-Deposit Ratio (Place of Utilisation),https://www.rbi.org.in/Scripts/PublicationsView.aspx?id=23603
Bihar,2007,49.0,t154_cd_ratio_utilisation,Table 154: State-wise Credit-Deposit Ratio (Place of Utilisation),https://www.rbi.org.in/Scripts/PublicationsView.aspx?id=23603
Bihar,2008,45.0,t154_cd_ratio_utilisation,Table 154: State-wise Credit-Deposit Ratio (Place of Utilisation),https://www.rbi.org.in/Scripts/PublicationsView.aspx?id=23603
Bihar,2009,26.6,t154_cd_ratio_utilisation,Table 154: State-wise Credit-Deposit Ratio (Place of Utilisation),https://www.rbi.org.in/Scripts/PublicationsView.aspx?id=23603
Bihar,2010,29.7,t154_cd_ratio_utilisation,Table 154: State-wise Credit-Deposit Ratio (Place of Utilisation),https://www.rbi.org.in/Scripts/PublicationsView.aspx?id=23603
Bihar,2011,31.6,t154_cd_ratio_utilisation,Table 154: State-wise Credit-Deposit Ratio (Place of Utilisation),https://www.rbi.org.in/Scripts/PublicationsView.aspx?id=23603
Bihar,2012,31.7,t154_cd_ratio_utilisation,Table 154: State-wise Credit-Deposit Ratio (Place of Utilisation),https://www.rbi.org.in/Scripts/PublicationsView.aspx?id=23603
Bihar,2013,35.0,t154_cd_ratio_utilisation,Table 154: State-wise Credit-Deposit Ratio (Place of Utilisation),https://www.rbi.org.in/Scripts/PublicationsView.aspx?id=23603
Bihar,2014,34.8,t154_cd_ratio_utilisation,Table 154: State-wise Credit-Deposit Ratio (Place of Utilisation),https://www.rbi.org.in/Scripts/PublicationsView.aspx?id=23603
Jharkhand,2004,26.9,t154_cd_ratio_utilisation,Table 154: State-wise Credit-Deposit Ratio (Place of Utilisation),https://www.rbi.org.in/Scripts/PublicationsView.aspx?id=23603
Jharkhand,2005,30.6,t154_cd_ratio_utilisation,Table 154: State-wise Credit-Deposit Ratio (Place of Utilisation),https://www.rbi.org.in/Scripts/PublicationsView.aspx?id=23603
Jharkhand,2006,31.6,t154_cd_ratio_utilisation,Table 154: State-wise Credit-Deposit Ratio (Place of Utilisation),https://www.rbi.org.in/Scripts/PublicationsView.aspx?id=23603
Jharkhand,2007,33.3,t154_cd_ratio_utilisation,Table 154: State-wise Credit-Deposit Ratio (Place of Utilisation),https://www.rbi.org.in/Scripts/PublicationsView.aspx?id=23603
Jharkhand,2008,40.2,t154_cd_ratio_utilisation,Table 154: State-wise Credit-Deposit Ratio (Place of Utilisation),https://www.rbi.org.in/Scripts/PublicationsView.aspx?id=23603
Jharkhand,2009,35.7,t154_cd_ratio_utilisation,Table 154: State-wise Credit-Deposit Ratio (Place of Utilisation),https://www.rbi.org.in/Scripts/PublicationsView.aspx?id=23603
Jharkhand,2010,36.8,t154_cd_ratio_utilisation,Table 154: State-wise Credit-Deposit Ratio (Place of Utilisation),https://www.rbi.org.in/Scripts/PublicationsView.aspx?id=23603
Jharkhand,2011,35.6,t154_cd_ratio_utilisation,Table 154: State-wise Credit-Deposit Ratio (Place of Utilisation),https://www.rbi.org.in/Scripts/PublicationsView.aspx?id=23603
Jharkhand,2012,34.3,t154_cd_ratio_utilisation,Table 154: State-wise Credit-Deposit Ratio (Place of Utilisation),https://www.rbi.org.in/Scripts/PublicationsView.aspx?id=23603
Jharkhand,2013,35.8,t154_cd_ratio_utilisation,Table 154: State-wise Credit-Deposit Ratio (Place of Utilisation),https://www.rbi.org.in/Scripts/PublicationsView.aspx?id=23603
Jharkhand,2014,33.0,t154_cd_ratio_utilisation,Table 154: State-wise Credit-Deposit Ratio (Place of Utilisation),https://www.rbi.org.in/Scripts/PublicationsView.aspx?id=23603
Odisha,2004,58.6,t154_cd_ratio_utilisation,Table 154: State-wise Credit-Deposit Ratio (Place of Utilisation),https://www.rbi.org.in/Scripts/PublicationsView.aspx?id=23603
Odisha,2005,74.7,t154_cd_ratio_utilisation,Table 154: State-wise Credit-Deposit Ratio (Place of Utilisation),https://www.rbi.org.in/Scripts/PublicationsView.aspx?id=23603
Odisha,2006,78.7,t154_cd_ratio_utilisation,Table 154: State-wise Credit-Deposit Ratio (Place of Utilisation),https://www.rbi.org.in/Scripts/PublicationsView.aspx?id=23603
Odisha,2007,72.6,t154_cd_ratio_utilisation,Table 154: State-wise Credit-Deposit Ratio (Place of Utilisation),https://www.rbi.org.in/Scripts/PublicationsView.aspx?id=23603
Odisha,2008,62.4,t154_cd_ratio_utilisation,Table 154: State-wise Credit-Deposit Ratio (Place of Utilisation),https://www.rbi.org.in/Scripts/PublicationsView.aspx?id=23603
Odisha,2009,55.7,t154_cd_ratio_utilisation,Table 154: State-wise Credit-Deposit Ratio (Place of Utilisation),https://www.rbi.org.in/Scripts/PublicationsView.aspx?id=23603
Odisha,2010,58.1,t154_cd_ratio_utilisation,Table 154: State-wise Credit-Deposit Ratio (Place of Utilisation),https://www.rbi.org.in/Scripts/PublicationsView.aspx?id=23603
Odisha,2011,55.7,t154_cd_ratio_utilisation,Table 154: State-wise Credit-Deposit Ratio (Place of Utilisation),https://www.rbi.org.in/Scripts/PublicationsView.aspx?id=23603
Odisha,2012,50.6,t154_cd_ratio_utilisation,Table 154: State-wise Credit-Deposit Ratio (Place of Utilisation),https://www.rbi.org.in/Scripts/PublicationsView.aspx?id=23603
Odisha,2013,50.9,t154_cd_ratio_utilisation,Table 154: State-wise Credit-Deposit Ratio (Place of Utilisation),https://www.rbi.org.in/Scripts/PublicationsView.aspx?id=23603
Odisha,2014,46.2,t154_cd_ratio_utilisation,Table 154: State-wise Credit-Deposit Ratio (Place of Utilisation),https://www.rbi.org.in/Scripts/PublicationsView.aspx?id=23603
Sikkim,2004,23.0,t154_cd_ratio_utilisation,Table 154: State-wise Credit-Deposit Ratio (Place of Utilisation),https://www.rbi.org.in/Scripts/PublicationsView.aspx?id=23603
Sikkim,2005,29.3,t154_cd_ratio_utilisation,Table 154: State-wise Credit-Deposit Ratio (Place of Utilisation),https://www.rbi.org.in/Scripts/PublicationsView.aspx?id=23603
Sikkim,2006,44.8,t154_cd_ratio_utilisation,Table 154: State-wise Credit-Deposit Ratio (Place of Utilisation),https://www.rbi.org.in/Scripts/PublicationsView.aspx?id=23603
Sikkim,2007,51.2,t154_cd_ratio_utilisation,Table 154: State-wise Credit-Deposit Ratio (Place of Utilisation),https://www.rbi.org.in/Scripts/PublicationsView.aspx?id=23603
Sikkim,2008,53.7,t154_cd_ratio_utilisation,Table 154: State-wise Credit-Deposit Ratio (Place of Utilisation),https://www.rbi.org.in/Scripts/PublicationsView.aspx?id=23603
Sikkim,2009,53.7,t154_cd_ratio_utilisation,Table 154: State-wise Credit-Deposit Ratio (Place of Utilisation),https://www.rbi.org.in/Scripts/PublicationsView.aspx?id=23603
Sikkim,2010,49.5,t154_cd_ratio_utilisation,Table 154: State-wise Credit-Deposit Ratio (Place of Utilisation),https://www.rbi.org.in/Scripts/PublicationsView.aspx?id=23603
Sikkim,2011,62.4,t154_cd_ratio_utilisation,Table 154: State-wise Credit-Deposit Ratio (Place of Utilisation),https://www.rbi.org.in/Scripts/PublicationsView.aspx?id=23603
Sikkim,2012,57.9,t154_cd_ratio_utilisation,Table 154: State-wise Credit-Deposit Ratio (Place of Utilisation),https://www.rbi.org.in/Scripts/PublicationsView.aspx?id=23603
Sikkim,2013,37.5,t154_cd_ratio_utilisation,Table 154: State-wise Credit-Deposit Ratio (Place of Utilisation),https://www.rbi.org.in/Scripts/PublicationsView.aspx?id=23603
Sikkim,2014,37.3,t154_cd_ratio_utilisation,Table 154: State-wise Credit-Deposit Ratio (Place of Utilisation),https://www.rbi.org.in/Scripts/PublicationsView.aspx?id=23603
West Bengal,2004,53.8,t154_cd_ratio_utilisation,Table 154: State-wise Credit-Deposit Ratio (Place of Utilisation),https://www.rbi.org.in/Scripts/PublicationsView.aspx?id=23603
West Bengal,2005,56.8,t154_cd_ratio_utilisation,Table 154: State-wise Credit-Deposit Ratio (Place of Utilisation),https://www.rbi.org.in/Scripts/PublicationsView.aspx?id=23603
West Bengal,2006,61.4,t154_cd_ratio_utilisation,Table 154: State-wise Credit-Deposit Ratio (Place of Utilisation),https://www.rbi.org.in/Scripts/PublicationsView.aspx?id=23603
West Bengal,2007,68.4,t154_cd_ratio_utilisation,Table 154: State-wise Credit-Deposit Ratio (Place of Utilisation),https://www.rbi.org.in/Scripts/PublicationsView.aspx?id=23603
West Bengal,2008,65.8,t154_cd_ratio_utilisation,Table 154: State-wise Credit-Deposit Ratio (Place of Utilisation),https://www.rbi.org.in/Scripts/PublicationsView.aspx?id=23603
West Bengal,2009,62.2,t154_cd_ratio_utilisation,Table 154: State-wise Credit-Deposit Ratio (Place of Utilisation),https://www.rbi.org.in/Scripts/PublicationsView.aspx?id=23603
West Bengal,2010,64.8,t154_cd_ratio_utilisation,Table 154: State-wise Credit-Deposit Ratio (Place of Utilisation),https://www.rbi.org.in/Scripts/PublicationsView.aspx?id=23603
West Bengal,2011,65.1,t154_cd_ratio_utilisation,Table 154: State-wise Credit-Deposit Ratio (Place of Utilisation),https://www.rbi.org.in/Scripts/PublicationsView.aspx?id=23603
West Bengal,2012,65.1,t154_cd_ratio_utilisation,Table 154: State-wise Credit-Deposit Ratio (Place of Utilisation),https://www.rbi.org.in/Scripts/PublicationsView.aspx?id=23603
West Bengal,2013,63.3,t154_cd_ratio_utilisation,Table 154: State-wise Credit-Deposit Ratio (Place of Utilisation),https://www.rbi.org.in/Scripts/PublicationsView.aspx?id=23603
West Bengal,2014,63.9,t154_cd_ratio_utilisation,Table 154: State-wise Credit-Deposit Ratio (Place of Utilisation),https://www.rbi.org.in/Scripts/PublicationsView.aspx?id=23603
Chhattisgarh,2004,44.9,t154_cd_ratio_utilisation,Table 154: State-wise Credit-Deposit Ratio (Place of Utilisation),https://www.rbi.org.in/Scripts/PublicationsView.aspx?id=23603
Chhattisgarh,2005,49.9,t154_cd_ratio_utilisation,Table 154: State-wise Credit-Deposit Ratio (Place of Utilisation),https://www.rbi.org.in/Scripts/PublicationsView.aspx?id=23603
Chhattisgarh,2006,52.5,t154_cd_ratio_utilisation,Table 154: State-wise Credit-Deposit Ratio (Place of Utilisation),https://www.rbi.org.in/Scripts/PublicationsView.aspx?id=23603
Chhattisgarh,2007,58.3,t154_cd_ratio_utilisation,Table 154: State-wise Credit-Deposit Ratio (Place of Utilisation),https://www.rbi.org.in/Scripts/PublicationsView.aspx?id=23603
Chhattisgarh,2008,66.0,t154_cd_ratio_utilisation,Table 154: State-wise Credit-Deposit Ratio (Place of Utilisation),https://www.rbi.org.in/Scripts/PublicationsView.aspx?id=23603
Chhattisgarh,2009,52.3,t154_cd_ratio_utilisation,Table 154: State-wise Credit-Deposit Ratio (Place of Utilisation),https://www.rbi.org.in/Scripts/PublicationsView.aspx?id=23603
Chhattisgarh,2010,55.1,t154_cd_ratio_utilisation,Table 154: State-wise Credit-Deposit Ratio (Place of Utilisation),https://www.rbi.org.in/Scripts/PublicationsView.aspx?id=23603
Chhattisgarh,2011,56.1,t154_cd_ratio_utilisation,Table 154: State-wise Credit-Deposit Ratio (Place of Utilisation),https://www.rbi.org.in/Scripts/PublicationsView.aspx?id=23603
Chhattisgarh,2012,56.1,t154_cd_ratio_utilisation,Table 154: State-wise Credit-Deposit Ratio (Place of Utilisation),https://www.rbi.org.in/Scripts/PublicationsView.aspx?id=23603
Chhattisgarh,2013,61.0,t154_cd_ratio_utilisation,Table 154: State-wise Credit-Deposit Ratio (Place of Utilisation),https://www.rbi.org.in/Scripts/PublicationsView.aspx?id=23603
Chhattisgarh,2014,61.5,t154_cd_ratio_utilisation,Table 154: State-wise Credit-Deposit Ratio (Place of Utilisation),https://www.rbi.org.in/Scripts/PublicationsView.aspx?id=23603
Madhya Pradesh,2004,50.1,t154_cd_ratio_utilisation,Table 154: State-wise Credit-Deposit Ratio (Place of Utilisation),https://www.rbi.org.in/Scripts/PublicationsView.aspx?id=23603
Madhya Pradesh,2005,61.2,t154_cd_ratio_utilisation,Table 154: State-wise Credit-Deposit Ratio (Place of Utilisation),https://www.rbi.org.in/Scripts/PublicationsView.aspx?id=23603
Madhya Pradesh,2006,67.2,t154_cd_ratio_utilisation,Table 154: State-wise Credit-Deposit Ratio (Place of Utilisation),https://www.rbi.org.in/Scripts/PublicationsView.aspx?id=23603
Madhya Pradesh,2007,64.6,t154_cd_ratio_utilisation,Table 154: State-wise Credit-Deposit Ratio (Place of Utilisation),https://www.rbi.org.in/Scripts/PublicationsView.aspx?id=23603
Madhya Pradesh,2008,65.9,t154_cd_ratio_utilisation,Table 154: State-wise Credit-Deposit Ratio (Place of Utilisation),https://www.rbi.org.in/Scripts/PublicationsView.aspx?id=23603
Madhya Pradesh,2009,61.9,t154_cd_ratio_utilisation,Table 154: State-wise Credit-Deposit Ratio (Place of Utilisation),https://www.rbi.org.in/Scripts/PublicationsView.aspx?id=23603
Madhya Pradesh,2010,63.7,t154_cd_ratio_utilisation,Table 154: State-wise Credit-Deposit Ratio (Place of Utilisation),https://www.rbi.org.in/Scripts/PublicationsView.aspx?id=23603
Madhya Pradesh,2011,60.1,t154_cd_ratio_utilisation,Table 154: State-wise Credit-Deposit Ratio (Place of Utilisation),https://www.rbi.org.in/Scripts/PublicationsView.aspx?id=23603
Madhya Pradesh,2012,60.7,t154_cd_ratio_utilisation,Table 154: State-wise Credit-Deposit Ratio (Place of Utilisation),https://www.rbi.org.in/Scripts/PublicationsView.aspx?id=23603
Madhya Pradesh,2013,57.4,t154_cd_ratio_utilisation,Table 154: State-wise Credit-Deposit Ratio (Place of Utilisation),https://www.rbi.org.in/Scripts/PublicationsView.aspx?id=23603
Madhya Pradesh,2014,63.3,t154_cd_ratio_utilisation,Table 154: State-wise Credit-Deposit Ratio (Place of Utilisation),https://www.rbi.org.in/Scripts/PublicationsView.aspx?id=23603
Uttarakhand,2004,23.4,t154_cd_ratio_utilisation,Table 154: State-wise Credit-Deposit Ratio (Place of Utilisation),https://www.rbi.org.in/Scripts/PublicationsView.aspx?id=23603
Uttarakhand,2005,29.1,t154_cd_ratio_utilisation,Table 154: State-wise Credit-Deposit Ratio (Place of Utilisation),https://www.rbi.org.in/Scripts/PublicationsView.aspx?id=23603
Uttarakhand,2006,30.9,t154_cd_ratio_utilisation,Table 154: State-wise Credit-Deposit Ratio (Place of Utilisation),https://www.rbi.org.in/Scripts/PublicationsView.aspx?id=23603
Uttarakhand,2007,32.1,t154_cd_ratio_utilisation,Table 154: State-wise Credit-Deposit Ratio (Place of Utilisation),https://www.rbi.org.in/Scripts/PublicationsView.aspx?id=23603
Uttarakhand,2008,31.6,t154_cd_ratio_utilisation,Table 154: State-wise Credit-Deposit Ratio (Place of Utilisation),https://www.rbi.org.in/Scripts/PublicationsView.aspx?id=23603
Uttarakhand,2009,28.6,t154_cd_ratio_utilisation,Table 154: State-wise Credit-Deposit Ratio (Place of Utilisation),https://www.rbi.org.in/Scripts/PublicationsView.aspx?id=23603
Uttarakhand,2010,38.2,t154_cd_ratio_utilisation,Table 154: State-wise Credit-Deposit Ratio (Place of Utilisation),https://www.rbi.org.in/Scripts/PublicationsView.aspx?id=23603
Uttarakhand,2011,39.1,t154_cd_ratio_utilisation,Table 154: State-wise Credit-Deposit Ratio (Place of Utilisation),https://www.rbi.org.in/Scripts/PublicationsView.aspx?id=23603
Uttarakhand,2012,39.0,t154_cd_ratio_utilisation,Table 154: State-wise Credit-Deposit Ratio (Place of Utilisation),https://www.rbi.org.in/Scripts/PublicationsView.aspx?id=23603
Uttarakhand,2013,37.3,t154_cd_ratio_utilisation,Table 154: State-wise Credit-Deposit Ratio (Place of Utilisation),https://www.rbi.org.in/Scripts/PublicationsView.aspx?id=23603
Uttarakhand,2014,36.7,t154_cd_ratio_utilisation,Table 154: State-wise Credit-Deposit Ratio (Place of Utilisation),https://www.rbi.org.in/Scripts/PublicationsView.aspx?id=23603
Uttar Pradesh,2004,38.0,t154_cd_ratio_utilisation,Table 154: State-wise Credit-Deposit Ratio (Place of Utilisation),https://www.rbi.org.in/Scripts/PublicationsView.aspx?id=23603
Uttar Pradesh,2005,42.2,t154_cd_ratio_utilisation,Table 154: State-wise Credit-Deposit Ratio (Place of Utilisation),https://www.rbi.org.in/Scripts/PublicationsView.aspx?id=23603
Uttar Pradesh,2006,46.3,t154_cd_ratio_utilisation,Table 154: State-wise Credit-Deposit Ratio (Place of Utilisation),https://www.rbi.org.in/Scripts/PublicationsView.aspx?id=23603
Uttar Pradesh,2007,50.4,t154_cd_ratio_utilisation,Table 154: State-wise Credit-Deposit Ratio (Place of Utilisation),https://www.rbi.org.in/Scripts/PublicationsView.aspx?id=23603
Uttar Pradesh,2008,52.6,t154_cd_ratio_utilisation,Table 154: State-wise Credit-Deposit Ratio (Place of Utilisation),https://www.rbi.org.in/Scripts/PublicationsView.aspx?id=23603
Uttar Pradesh,2009,46.5,t154_cd_ratio_utilisation,Table 154: State-wise Credit-Deposit Ratio (Place of Utilisation),https://www.rbi.org.in/Scripts/PublicationsView.aspx?id=23603
Uttar Pradesh,2010,47.4,t154_cd_ratio_utilisation,Table 154: State-wise Credit-Deposit Ratio (Place of Utilisation),https://www.rbi.org.in/Scripts/PublicationsView.aspx?id=23603
Uttar Pradesh,2011,48.2,t154_cd_ratio_utilisation,Table 154: State-wise Credit-Deposit Ratio (Place of Utilisation),https://www.rbi.org.in/Scripts/PublicationsView.aspx?id=23603
Uttar Pradesh,2012,47.4,t154_cd_ratio_utilisation,Table 154: State-wise Credit-Deposit Ratio (Place of Utilisation),https://www.rbi.org.in/Scripts/PublicationsView.aspx?id=23603
Uttar Pradesh,2013,53.0,t154_cd_ratio_utilisation,Table 154: State-wise Credit-Deposit Ratio (Place of Utilisation),https://www.rbi.org.in/Scripts/PublicationsView.aspx?id=23603
Uttar Pradesh,2014,48.0,t154_cd_ratio_utilisation,Table 154: State-wise Credit-Deposit Ratio (Place of Utilisation),https://www.rbi.org.in/Scripts/PublicationsView.aspx?id=23603
Dadra & Nagar Haveli,2004,118.8,t154_cd_ratio_utilisation,Table 154: State-wise Credit-Deposit Ratio (Place of Utilisation),https://www.rbi.org.in/Scripts/PublicationsView.aspx?id=23603
Dadra & Nagar Haveli,2005,110.8,t154_cd_ratio_utilisation,Table 154: State-wise Credit-Deposit Ratio (Place of Utilisation),https://www.rbi.org.in/Scripts/PublicationsView.aspx?id=23603
Dadra & Nagar Haveli,2006,136.7,t154_cd_ratio_utilisation,Table 154: State-wise Credit-Deposit Ratio (Place of Utilisation),https://www.rbi.org.in/Scripts/PublicationsView.aspx?id=23603
Dadra & Nagar Haveli,2007,116.4,t154_cd_ratio_utilisation,Table 154: State-wise Credit-Deposit Ratio (Place of Utilisation),https://www.rbi.org.in/Scripts/PublicationsView.aspx?id=23603
Dadra & Nagar Haveli,2008,121.9,t154_cd_ratio_utilisation,Table 154: State-wise Credit-Deposit Ratio (Place of Utilisation),https://www.rbi.org.in/Scripts/PublicationsView.aspx?id=23603
Dadra & Nagar Haveli,2009,87.7,t154_cd_ratio_utilisation,Table 154: State-wise Credit-Deposit Ratio (Place of Utilisation),https://www.rbi.org.in/Scripts/PublicationsView.aspx?id=23603
Dadra & Nagar Haveli,2010,92.9,t154_cd_ratio_utilisation,Table 154: State-wise Credit-Deposit Ratio (Place of Utilisation),https://www.rbi.org.in/Scripts/PublicationsView.aspx?id=23603
Dadra & Nagar Haveli,2011,56.2,t154_cd_ratio_utilisation,Table 154: State-wise Credit-Deposit Ratio (Place of Utilisation),https://www.rbi.org.in/Scripts/PublicationsView.aspx?id=23603
Dadra & Nagar Haveli,2012,60.5,t154_cd_ratio_utilisation,Table 154: State-wise Credit-Deposit Ratio (Place of Utilisation),https://www.rbi.org.in/Scripts/PublicationsView.aspx?id=23603
Dadra & Nagar Haveli,2013,60.3,t154_cd_ratio_utilisation,Table 154: State-wise Credit-Deposit Ratio (Place of Utilisation),https://www.rbi.org.in/Scripts/PublicationsView.aspx?id=23603
Dadra & Nagar Haveli,2014,52.9,t154_cd_ratio_utilisation,Table 154: State-wise Credit-Deposit Ratio (Place of Utilisation),https://www.rbi.org.in/Scripts/PublicationsView.aspx?id=23603
Daman & Diu,2004,49.8,t154_cd_ratio_utilisation,Table 154: State-wise Credit-Deposit Ratio (Place of Utilisation),https://www.rbi.org.in/Scripts/PublicationsView.aspx?id=23603
Daman & Diu,2005,48.3,t154_cd_ratio_utilisation,Table 154: State-wise Credit-Deposit Ratio (Place of Utilisation),https://www.rbi.org.in/Scripts/PublicationsView.aspx?id=23603
Daman & Diu,2006,45.7,t154_cd_ratio_utilisation,Table 154: State-wise Credit-Deposit Ratio (Place of Utilisation),https://www.rbi.org.in/Scripts/PublicationsView.aspx?id=23603
Daman & Diu,2007,57.1,t154_cd_ratio_utilisation,Table 154: State-wise Credit-Deposit Ratio (Place of Utilisation),https://www.rbi.org.in/Scripts/PublicationsView.aspx?id=23603
Daman & Diu,2008,58.2,t154_cd_ratio_utilisation,Table 154: State-wise Credit-Deposit Ratio (Place of Utilisation),https://www.rbi.org.in/Scripts/PublicationsView.aspx?id=23603
Daman & Diu,2009,49.1,t154_cd_ratio_utilisation,Table 154: State-wise Credit-Deposit Ratio (Place of Utilisation),https://www.rbi.org.in/Scripts/PublicationsView.aspx?id=23603
Daman & Diu,2010,44.7,t154_cd_ratio_utilisation,Table 154: State-wise Credit-Deposit Ratio (Place of Utilisation),https://www.rbi.org.in/Scripts/PublicationsView.aspx?id=23603
Daman & Diu,2011,43.8,t154_cd_ratio_utilisation,Table 154: State-wise Credit-Deposit Ratio (Place of Utilisation),https://www.rbi.org.in/Scripts/PublicationsView.aspx?id=23603
Daman & Diu,2012,33.8,t154_cd_ratio_utilisation,Table 154: State-wise Credit-Deposit Ratio (Place of Utilisation),https://www.rbi.org.in/Scripts/PublicationsView.aspx?id=23603
Daman & Diu,2013,34.2,t154_cd_ratio_utilisation,Table 154: State-wise Credit-Deposit Ratio (Place of Utilisation),https://www.rbi.org.in/Scripts/PublicationsView.aspx?id=23603
Daman & Diu,2014,34.0,t154_cd_ratio_utilisation,Table 154: State-wise Credit-Deposit Ratio (Place of Utilisation),https://www.rbi.org.in/Scripts/PublicationsView.aspx?id=23603
Goa,2004,27.3,t154_cd_ratio_utilisation,Table 154: State-wise Credit-Deposit Ratio (Place of Utilisation),https://www.rbi.org.in/Scripts/PublicationsView.aspx?id=23603
Goa,2005,30.3,t154_cd_ratio_utilisation,Table 154: State-wise Credit-Deposit Ratio (Place of Utilisation),https://www.rbi.org.in/Scripts/PublicationsView.aspx?id=23603
Goa,2006,27.6,t154_cd_ratio_utilisation,Table 154: State-wise Credit-Deposit Ratio (Place of Utilisation),https://www.rbi.org.in/Scripts/PublicationsView.aspx?id=23603
Goa,2007,30.0,t154_cd_ratio_utilisation,Table 154: State-wise Credit-Deposit Ratio (Place of Utilisation),https://www.rbi.org.in/Scripts/PublicationsView.aspx?id=23603
Goa,2008,33.6,t154_cd_ratio_utilisation,Table 154: State-wise Credit-Deposit Ratio (Place of Utilisation),https://www.rbi.org.in/Scripts/PublicationsView.aspx?id=23603
Goa,2009,26.6,t154_cd_ratio_utilisation,Table 154: State-wise Credit-Deposit Ratio (Place of Utilisation),https://www.rbi.org.in/Scripts/PublicationsView.aspx?id=23603
Goa,2010,27.9,t154_cd_ratio_utilisation,Table 154: State-wise Credit-Deposit Ratio (Place of Utilisation),https://www.rbi.org.in/Scripts/PublicationsView.aspx?id=23603
Goa,2011,31.1,t154_cd_ratio_utilisation,Table 154: State-wise Credit-Deposit Ratio (Place of Utilisation),https://www.rbi.org.in/Scripts/PublicationsView.aspx?id=23603
Goa,2012,30.1,t154_cd_ratio_utilisation,Table 154: State-wise Credit-Deposit Ratio (Place of Utilisation),https://www.rbi.org.in/Scripts/PublicationsView.aspx?id=23603
Goa,2013,29.5,t154_cd_ratio_utilisation,Table 154: State-wise Credit-Deposit Ratio (Place of Utilisation),https://www.rbi.org.in/Scripts/PublicationsView.aspx?id=23603
Goa,2014,30.2,t154_cd_ratio_utilisation,Table 154: State-wise Credit-Deposit Ratio (Place of Utilisation),https://www.rbi.org.in/Scripts/PublicationsView.aspx?id=23603
Gujarat,2004,54.8,t154_cd_ratio_utilisation,Table 154: State-wise Credit-Deposit Ratio (Place of Utilisation),https://www.rbi.org.in/Scripts/PublicationsView.aspx?id=23603
Gujarat,2005,60.9,t154_cd_ratio_utilisation,Table 154: State-wise Credit-Deposit Ratio (Place of Utilisation),https://www.rbi.org.in/Scripts/PublicationsView.aspx?id=23603
Gujarat,2006,75.3,t154_cd_ratio_utilisation,Table 154: State-wise Credit-Deposit Ratio (Place of Utilisation),https://www.rbi.org.in/Scripts/PublicationsView.aspx?id=23603
Gujarat,2007,88.4,t154_cd_ratio_utilisation,Table 154: State-wise Credit-Deposit Ratio (Place of Utilisation),https://www.rbi.org.in/Scripts/PublicationsView.aspx?id=23603
Gujarat,2008,97.8,t154_cd_ratio_utilisation,Table 154: State-wise Credit-Deposit Ratio (Place of Utilisation),https://www.rbi.org.in/Scripts/PublicationsView.aspx?id=23603
Gujarat,2009,74.6,t154_cd_ratio_utilisation,Table 154: State-wise Credit-Deposit Ratio (Place of Utilisation),https://www.rbi.org.in/Scripts/PublicationsView.aspx?id=23603
Gujarat,2010,75.2,t154_cd_ratio_utilisation,Table 154: State-wise Credit-Deposit Ratio (Place of Utilisation),https://www.rbi.org.in/Scripts/PublicationsView.aspx?id=23603
Gujarat,2011,74.4,t154_cd_ratio_utilisation,Table 154: State-wise Credit-Deposit Ratio (Place of Utilisation),https://www.rbi.org.in/Scripts/PublicationsView.aspx?id=23603
Gujarat,2012,78.1,t154_cd_ratio_utilisation,Table 154: State-wise Credit-Deposit Ratio (Place of Utilisation),https://www.rbi.org.in/Scripts/PublicationsView.aspx?id=23603
Gujarat,2013,81.5,t154_cd_ratio_utilisation,Table 154: State-wise Credit-Deposit Ratio (Place of Utilisation),https://www.rbi.org.in/Scripts/PublicationsView.aspx?id=23603
Gujarat,2014,81.0,t154_cd_ratio_utilisation,Table 154: State-wise Credit-Deposit Ratio (Place of Utilisation),https://www.rbi.org.in/Scripts/PublicationsView.aspx?id=23603
Maharashtra,2004,66.5,t154_cd_ratio_utilisation,Table 154: State-wise Credit-Deposit Ratio (Place of Utilisation),https://www.rbi.org.in/Scripts/PublicationsView.aspx?id=23603
Maharashtra,2005,75.9,t154_cd_ratio_utilisation,Table 154: State-wise Credit-Deposit Ratio (Place of Utilisation),https://www.rbi.org.in/Scripts/PublicationsView.aspx?id=23603
Maharashtra,2006,81.3,t154_cd_ratio_utilisation,Table 154: State-wise Credit-Deposit Ratio (Place of Utilisation),https://www.rbi.org.in/Scripts/PublicationsView.aspx?id=23603
Maharashtra,2007,76.5,t154_cd_ratio_utilisation,Table 154: State-wise Credit-Deposit Ratio (Place of Utilisation),https://www.rbi.org.in/Scripts/PublicationsView.aspx?id=23603
Maharashtra,2008,73.1,t154_cd_ratio_utilisation,Table 154: State-wise Credit-Deposit Ratio (Place of Utilisation),https://www.rbi.org.in/Scripts/PublicationsView.aspx?id=23603
Maharashtra,2009,78.7,t154_cd_ratio_utilisation,Table 154: State-wise Credit-Deposit Ratio (Place of Utilisation),https://www.rbi.org.in/Scripts/PublicationsView.aspx?id=23603
Maharashtra,2010,75.8,t154_cd_ratio_utilisation,Table 154: State-wise Credit-Deposit Ratio (Place of Utilisation),https://www.rbi.org.in/Scripts/PublicationsView.aspx?id=23603
Maharashtra,2011,75.0,t154_cd_ratio_utilisation,Table 154: State-wise Credit-Deposit Ratio (Place of Utilisation),https://www.rbi.org.in/Scripts/PublicationsView.aspx?id=23603
Maharashtra,2012,82.5,t154_cd_ratio_utilisation,Table 154: State-wise Credit-Deposit Ratio (Place of Utilisation),https://www.rbi.org.in/Scripts/PublicationsView.aspx?id=23603
Maharashtra,2013,80.8,t154_cd_ratio_utilisation,Table 154: State-wise Credit-Deposit Ratio (Place of Utilisation),https://www.rbi.org.in/Scripts/PublicationsView.aspx?id=23603
Maharashtra,2014,81.3,t154_cd_ratio_utilisation,Table 154: State-wise Credit-Deposit Ratio (Place of Utilisation),https://www.rbi.org.in/Scripts/PublicationsView.aspx?id=23603
Andhra Pradesh,2004,70.9,t154_cd_ratio_utilisation,Table 154: State-wise Credit-Deposit Ratio (Place of Utilisation),https://www.rbi.org.in/Scripts/PublicationsView.aspx?id=23603
Andhra Pradesh,2005,83.3,t154_cd_ratio_utilisation,Table 154: State-wise Credit-Deposit Ratio (Place of Utilisation),https://www.rbi.org.in/Scripts/PublicationsView.aspx?id=23603
Andhra Pradesh,2006,86.2,t154_cd_ratio_utilisation,Table 154: State-wise Credit-Deposit Ratio (Place of Utilisation),https://www.rbi.org.in/Scripts/PublicationsView.aspx?id=23603
Andhra Pradesh,2007,91.2,t154_cd_ratio_utilisation,Table 154: State-wise Credit-Deposit Ratio (Place of Utilisation),https://www.rbi.org.in/Scripts/PublicationsView.aspx?id=23603
Andhra Pradesh,2008,97.2,t154_cd_ratio_utilisation,Table 154: State-wise Credit-Deposit Ratio (Place of Utilisation),https://www.rbi.org.in/Scripts/PublicationsView.aspx?id=23603
Andhra Pradesh,2009,104.9,t154_cd_ratio_utilisation,Table 154: State-wise Credit-Deposit Ratio (Place of Utilisation),https://www.rbi.org.in/Scripts/PublicationsView.aspx?id=23603
Andhra Pradesh,2010,109.7,t154_cd_ratio_utilisation,Table 154: State-wise Credit-Deposit Ratio (Place of Utilisation),https://www.rbi.org.in/Scripts/PublicationsView.aspx?id=23603
Andhra Pradesh,2011,114.9,t154_cd_ratio_utilisation,Table 154: State-wise Credit-Deposit Ratio (Place of Utilisation),https://www.rbi.org.in/Scripts/PublicationsView.aspx?id=23603
Andhra Pradesh,2012,119.8,t154_cd_ratio_utilisation,Table 154: State-wise Credit-Deposit Ratio (Place of Utilisation),https://www.rbi.org.in/Scripts/PublicationsView.aspx?id=23603
Andhra Pradesh,2013,116.0,t154_cd_ratio_utilisation,Table 154: State-wise Credit-Deposit Ratio (Place of Utilisation),https://www.rbi.org.in/Scripts/PublicationsView.aspx?id=23603
Andhra Pradesh,2014,115.9,t154_cd_ratio_utilisation,Table 154: State-wise Credit-Deposit Ratio (Place of Utilisation),https://www.rbi.org.in/Scripts/PublicationsView.aspx?id=23603
Karnataka,2004,69.0,t154_cd_ratio_utilisation,Table 154: State-wise Credit-Deposit Ratio (Place of Utilisation),https://www.rbi.org.in/Scripts/PublicationsView.aspx?id=23603
Karnataka,2005,80.5,t154_cd_ratio_utilisation,Table 154: State-wise Credit-Deposit Ratio (Place of Utilisation),https://www.rbi.org.in/Scripts/PublicationsView.aspx?id=23603
Karnataka,2006,93.4,t154_cd_ratio_utilisation,Table 154: State-wise Credit-Deposit Ratio (Place of Utilisation),https://www.rbi.org.in/Scripts/PublicationsView.aspx?id=23603
Karnataka,2007,99.8,t154_cd_ratio_utilisation,Table 154: State-wise Credit-Deposit Ratio (Place of Utilisation),https://www.rbi.org.in/Scripts/PublicationsView.aspx?id=23603
Karnataka,2008,94.3,t154_cd_ratio_utilisation,Table 154: State-wise Credit-Deposit Ratio (Place of Utilisation),https://www.rbi.org.in/Scripts/PublicationsView.aspx?id=23603
Karnataka,2009,82.8,t154_cd_ratio_utilisation,Table 154: State-wise Credit-Deposit Ratio (Place of Utilisation),https://www.rbi.org.in/Scripts/PublicationsView.aspx?id=23603
Karnataka,2010,80.4,t154_cd_ratio_utilisation,Table 154: State-wise Credit-Deposit Ratio (Place of Utilisation),https://www.rbi.org.in/Scripts/PublicationsView.aspx?id=23603
Karnataka,2011,76.3,t154_cd_ratio_utilisation,Table 154: State-wise Credit-Deposit Ratio (Place of Utilisation),https://www.rbi.org.in/Scripts/PublicationsView.aspx?id=23603
Karnataka,2012,74.7,t154_cd_ratio_utilisation,Table 154: State-wise Credit-Deposit Ratio (Place of Utilisation),https://www.rbi.org.in/Scripts/PublicationsView.aspx?id=23603
Karnataka,2013,76.5,t154_cd_ratio_utilisation,Table 154: State-wise Credit-Deposit Ratio (Place of Utilisation),https://www.rbi.org.in/Scripts/PublicationsView.aspx?id=23603
Karnataka,2014,76.5,t154_cd_ratio_utilisation,Table 154: State-wise Credit-Deposit Ratio (Place of Utilisation),https://www.rbi.org.in/Scripts/PublicationsView.aspx?id=23603
Kerala,2004,47.8,t154_cd_ratio_utilisation,Table 154: State-wise Credit-Deposit Ratio (Place of Utilisation),https://www.rbi.org.in/Scripts/PublicationsView.aspx?id=23603
Kerala,2005,57.5,t154_cd_ratio_utilisation,Table 154: State-wise Credit-Deposit Ratio (Place of Utilisation),https://www.rbi.org.in/Scripts/PublicationsView.aspx?id=23603
Kerala,2006,64.3,t154_cd_ratio_utilisation,Table 154: State-wise Credit-Deposit Ratio (Place of Utilisation),https://www.rbi.org.in/Scripts/PublicationsView.aspx?id=23603
Kerala,2007,63.8,t154_cd_ratio_utilisation,Table 154: State-wise Credit-Deposit Ratio (Place of Utilisation),https://www.rbi.org.in/Scripts/PublicationsView.aspx?id=23603
Kerala,2008,66.4,t154_cd_ratio_utilisation,Table 154: State-wise Credit-Deposit Ratio (Place of Utilisation),https://www.rbi.org.in/Scripts/PublicationsView.aspx?id=23603
Kerala,2009,61.7,t154_cd_ratio_utilisation,Table 154: State-wise Credit-Deposit Ratio (Place of Utilisation),https://www.rbi.org.in/Scripts/PublicationsView.aspx?id=23603
Kerala,2010,64.5,t154_cd_ratio_utilisation,Table 154: State-wise Credit-Deposit Ratio (Place of Utilisation),https://www.rbi.org.in/Scripts/PublicationsView.aspx?id=23603
Kerala,2011,73.8,t154_cd_ratio_utilisation,Table 154: State-wise Credit-Deposit Ratio (Place of Utilisation),https://www.rbi.org.in/Scripts/PublicationsView.aspx?id=23603
Kerala,2012,75.7,t154_cd_ratio_utilisation,Table 154: State-wise Credit-Deposit Ratio (Place of Utilisation),https://www.rbi.org.in/Scripts/PublicationsView.aspx?id=23603
Kerala,2013,74.0,t154_cd_ratio_utilisation,Table 154: State-wise Credit-Deposit Ratio (Place of Utilisation),https://www.rbi.org.in/Scripts/PublicationsView.aspx?id=23603
Kerala,2014,67.8,t154_cd_ratio_utilisation,Table 154: State-wise Credit-Deposit Ratio (Place of Utilisation),https://www.rbi.org.in/Scripts/PublicationsView.aspx?id=23603
Lakshadweep,2004,10.0,t154_cd_ratio_utilisation,Table 154: State-wise Credit-Deposit Ratio (Place of Utilisation),https://www.rbi.org.in/Scripts/PublicationsView.aspx?id=23603
Lakshadweep,2005,23.7,t154_cd_ratio_utilisation,Table 154: State-wise Credit-Deposit Ratio (Place of Utilisation),https://www.rbi.org.in/Scripts/PublicationsView.aspx?id=23603
Lakshadweep,2006,41.6,t154_cd_ratio_utilisation,Table 154: State-wise Credit-Deposit Ratio (Place of Utilisation),https://www.rbi.org.in/Scripts/PublicationsView.aspx?id=23603
Lakshadweep,2007,24.7,t154_cd_ratio_utilisation,Table 154: State-wise Credit-Deposit Ratio (Place of Utilisation),https://www.rbi.org.in/Scripts/PublicationsView.aspx?id=23603
Lakshadweep,2008,14.9,t154_cd_ratio_utilisation,Table 154: State-wise Credit-Deposit Ratio (Place of Utilisation),https://www.rbi.org.in/Scripts/PublicationsView.aspx?id=23603
Lakshadweep,2009,7.5,t154_cd_ratio_utilisation,Table 154: State-wise Credit-Deposit Ratio (Place of Utilisation),https://www.rbi.org.in/Scripts/PublicationsView.aspx?id=23603
Lakshadweep,2010,7.7,t154_cd_ratio_utilisation,Table 154: State-wise Credit-Deposit Ratio (Place of Utilisation),https://www.rbi.org.in/Scripts/PublicationsView.aspx?id=23603
Lakshadweep,2011,8.8,t154_cd_ratio_utilisation,Table 154: State-wise Credit-Deposit Ratio (Place of Utilisation),https://www.rbi.org.in/Scripts/PublicationsView.aspx?id=23603
Lakshadweep,2012,9.6,t154_cd_ratio_utilisation,Table 154: State-wise Credit-Deposit Ratio (Place of Utilisation),https://www.rbi.org.in/Scripts/PublicationsView.aspx?id=23603
Lakshadweep,2013,9.9,t154_cd_ratio_utilisation,Table 154: State-wise Credit-Deposit Ratio (Place of Utilisation),https://www.rbi.org.in/Scripts/PublicationsView.aspx?id=23603
Lakshadweep,2014,8.6,t154_cd_ratio_utilisation,Table 154: State-wise Credit-Deposit Ratio (Place of Utilisation),https://www.rbi.org.in/Scripts/PublicationsView.aspx?id=23603
Puducherry,2004,42.6,t154_cd_ratio_utilisation,Table 154: State-wise Credit-Deposit Ratio (Place of Utilisation),https://www.rbi.org.in/Scripts/PublicationsView.aspx?id=23603
Puducherry,2005,43.9,t154_cd_ratio_utilisation,Table 154: State-wise Credit-Deposit Ratio (Place of Utilisation),https://www.rbi.org.in/Scripts/PublicationsView.aspx?id=23603
Puducherry,2006,48.7,t154_cd_ratio_utilisation,Table 154: State-wise Credit-Deposit Ratio (Place of Utilisation),https://www.rbi.org.in/Scripts/PublicationsView.aspx?id=23603
Puducherry,2007,51.5,t154_cd_ratio_utilisation,Table 154: State-wise Credit-Deposit Ratio (Place of Utilisation),https://www.rbi.org.in/Scripts/PublicationsView.aspx?id=23603
Puducherry,2008,50.1,t154_cd_ratio_utilisation,Table 154: State-wise Credit-Deposit Ratio (Place of Utilisation),https://www.rbi.org.in/Scripts/PublicationsView.aspx?id=23603
Puducherry,2009,55.8,t154_cd_ratio_utilisation,Table 154: State-wise Credit-Deposit Ratio (Place of Utilisation),https://www.rbi.org.in/Scripts/PublicationsView.aspx?id=23603
Puducherry,2010,59.2,t154_cd_ratio_utilisation,Table 154: State-wise Credit-Deposit Ratio (Place of Utilisation),https://www.rbi.org.in/Scripts/PublicationsView.aspx?id=23603
Puducherry,2011,63.7,t154_cd_ratio_utilisation,Table 154: State-wise Credit-Deposit Ratio (Place of Utilisation),https://www.rbi.org.in/Scripts/PublicationsView.aspx?id=23603
Puducherry,2012,69.9,t154_cd_ratio_utilisation,Table 154: State-wise Credit-Deposit Ratio (Place of Utilisation),https://www.rbi.org.in/Scripts/PublicationsView.aspx?id=23603
Puducherry,2013,80.4,t154_cd_ratio_utilisation,Table 154: State-wise Credit-Deposit Ratio (Place of Utilisation),https://www.rbi.org.in/Scripts/PublicationsView.aspx?id=23603
Puducherry,2014,80.8,t154_cd_ratio_utilisation,Table 154: State-wise Credit-Deposit Ratio (Place of Utilisation),https://www.rbi.org.in/Scripts/PublicationsView.aspx?id=23603
Tamil Nadu,2004,96.1,t154_cd_ratio_utilisation,Table 154: State-wise Credit-Deposit Ratio (Place of Utilisation),https://www.rbi.org.in/Scripts/PublicationsView.aspx?id=23603
Tamil Nadu,2005,105.4,t154_cd_ratio_utilisation,Table 154: State-wise Credit-Deposit Ratio (Place of Utilisation),https://www.rbi.org.in/Scripts/PublicationsView.aspx?id=23603
Tamil Nadu,2006,109.3,t154_cd_ratio_utilisation,Table 154: State-wise Credit-Deposit Ratio (Place of Utilisation),https://www.rbi.org.in/Scripts/PublicationsView.aspx?id=23603
Tamil Nadu,2007,118.6,t154_cd_ratio_utilisation,Table 154: State-wise Credit-Deposit Ratio (Place of Utilisation),https://www.rbi.org.in/Scripts/PublicationsView.aspx?id=23603
Tamil Nadu,2008,117.0,t154_cd_ratio_utilisation,Table 154: State-wise Credit-Deposit Ratio (Place of Utilisation),https://www.rbi.org.in/Scripts/PublicationsView.aspx?id=23603
Tamil Nadu,2009,115.2,t154_cd_ratio_utilisation,Table 154: State-wise Credit-Deposit Ratio (Place of Utilisation),https://www.rbi.org.in/Scripts/PublicationsView.aspx?id=23603
Tamil Nadu,2010,113.5,t154_cd_ratio_utilisation,Table 154: State-wise Credit-Deposit Ratio (Place of Utilisation),https://www.rbi.org.in/Scripts/PublicationsView.aspx?id=23603
Tamil Nadu,2011,119.4,t154_cd_ratio_utilisation,Table 154: State-wise Credit-Deposit Ratio (Place of Utilisation),https://www.rbi.org.in/Scripts/PublicationsView.aspx?id=23603
Tamil Nadu,2012,119.5,t154_cd_ratio_utilisation,Table 154: State-wise Credit-Deposit Ratio (Place of Utilisation),https://www.rbi.org.in/Scripts/PublicationsView.aspx?id=23603
Tamil Nadu,2013,122.2,t154_cd_ratio_utilisation,Table 154: State-wise Credit-Deposit Ratio (Place of Utilisation),https://www.rbi.org.in/Scripts/PublicationsView.aspx?id=23603
Tamil Nadu,2014,120.6,t154_cd_ratio_utilisation,Table 154: State-wise Credit-Deposit Ratio (Place of Utilisation),https://www.rbi.org.in/Scripts/PublicationsView.aspx?id=23603
Telangana,2004,,t154_cd_ratio_utilisation,Table 154: State-wise Credit-Deposit Ratio (Place of Utilisation),https://www.rbi.org.in/Scripts/PublicationsView.aspx?id=23603
Telangana,2005,,t154_cd_ratio_utilisation,Table 154: State-wise Credit-Deposit Ratio (Place of Utilisation),https://www.rbi.org.in/Scripts/PublicationsView.aspx?id=23603
Telangana,2006,,t154_cd_ratio_utilisation,Table 154: State-wise Credit-Deposit Ratio (Place of Utilisation),https://www.rbi.org.in/Scripts/PublicationsView.aspx?id=23603
Telangana,2007,,t154_cd_ratio_utilisation,Table 154: State-wise Credit-Deposit Ratio (Place of Utilisation),https://www.rbi.org.in/Scripts/PublicationsView.aspx?id=23603
Telangana,2008,,t154_cd_ratio_utilisation,Table 154: State-wise Credit-Deposit Ratio (Place of Utilisation),https://www.rbi.org.in/Scripts/PublicationsView.aspx?id=23603
Telangana,2009,,t154_cd_ratio_utilisation,Table 154: State-wise Credit-Deposit Ratio (Place of Utilisation),https://www.rbi.org.in/Scripts/PublicationsView.aspx?id=23603
Telangana,2010,,t154_cd_ratio_utilisation,Table 154: State-wise Credit-Deposit Ratio (Place of Utilisation),https://www.rbi.org.in/Scripts/PublicationsView.aspx?id=23603
Telangana,2011,,t154_cd_ratio_utilisation,Table 154: State-wise Credit-Deposit Ratio (Place of Utilisation),https://www.rbi.org.in/Scripts/PublicationsView.aspx?id=23603
Telangana,2012,,t154_cd_ratio_utilisation,Table 154: State-wise Credit-Deposit Ratio (Place of Utilisation),https://www.rbi.org.in/Scripts/PublicationsView.aspx?id=23603
Telangana,2013,,t154_cd_ratio_utilisation,Table 154: State-wise Credit-Deposit Ratio (Place of Utilisation),https://www.rbi.org.in/Scripts/PublicationsView.aspx?id=23603
Telangana,2014,,t154_cd_ratio_utilisation,Table 154: State-wise Credit-Deposit Ratio (Place of Utilisation),https://www.rbi.org.in/Scripts/PublicationsView.aspx?id=23603
Chandigarh,2015,110.2,t154_cd_ratio_utilisation,Table 154: State-wise Credit-Deposit Ratio (Place of Utilisation),https://www.rbi.org.in/Scripts/PublicationsView.aspx?id=23603
Chandigarh,2016,100.0,t154_cd_ratio_utilisation,Table 154: State-wise Credit-Deposit Ratio (Place of Utilisation),https://www.rbi.org.in/Scripts/PublicationsView.aspx?id=23603
Chandigarh,2017,103.5,t154_cd_ratio_utilisation,Table 154: State-wise Credit-Deposit Ratio (Place of Utilisation),https://www.rbi.org.in/Scripts/PublicationsView.aspx?id=23603
Chandigarh,2018,115.4,t154_cd_ratio_utilisation,Table 154: State-wise Credit-Deposit Ratio (Place of Utilisation),https://www.rbi.org.in/Scripts/PublicationsView.aspx?id=23603
Chandigarh,2019,114.1,t154_cd_ratio_utilisation,Table 154: State-wise Credit-Deposit Ratio (Place of Utilisation),https://www.rbi.org.in/Scripts/PublicationsView.aspx?id=23603
Chandigarh,2020,107.5,t154_cd_ratio_utilisation,Table 154: State-wise Credit-Deposit Ratio (Place of Utilisation),https://www.rbi.org.in/Scripts/PublicationsView.aspx?id=23603
Chandigarh,2021,99.4,t154_cd_ratio_utilisation,Table 154: State-wise Credit-Deposit Ratio (Place of Utilisation),https://www.rbi.org.in/Scripts/PublicationsView.aspx?id=23603
Chandigarh,2022,91.4,t154_cd_ratio_utilisation,Table 154: State-wise Credit-Deposit Ratio (Place of Utilisation),https://www.rbi.org.in/Scripts/PublicationsView.aspx?id=23603
Chandigarh,2023,77.9,t154_cd_ratio_utilisation,Table 154: State-wise Credit-Deposit Ratio (Place of Utilisation),https://www.rbi.org.in/Scripts/PublicationsView.aspx?id=23603
Chandigarh,2024,75.9,t154_cd_ratio_utilisation,Table 154: State-wise Credit-Deposit Ratio (Place of Utilisation),https://www.rbi.org.in/Scripts/PublicationsView.aspx?id=23603
Chandigarh,2025,75.0,t154_cd_ratio_utilisation,Table 154: State-wise Credit-Deposit Ratio (Place of Utilisation),https://www.rbi.org.in/Scripts/PublicationsView.aspx?id=23603
Delhi,2015,105.0,t154_cd_ratio_utilisation,Table 154: State-wise Credit-Deposit Ratio (Place of Utilisation),https://www.rbi.org.in/Scripts/PublicationsView.aspx?id=23603
Delhi,2016,102.9,t154_cd_ratio_utilisation,Table 154: State-wise Credit-Deposit Ratio (Place of Utilisation),https://www.rbi.org.in/Scripts/PublicationsView.aspx?id=23603
Delhi,2017,91.9,t154_cd_ratio_utilisation,Table 154: State-wise Credit-Deposit Ratio (Place of Utilisation),https://www.rbi.org.in/Scripts/PublicationsView.aspx?id=23603
Delhi,2018,96.3,t154_cd_ratio_utilisation,Table 154: State-wise Credit-Deposit Ratio (Place of Utilisation),https://www.rbi.org.in/Scripts/PublicationsView.aspx?id=23603
Delhi,2019,108.6,t154_cd_ratio_utilisation,Table 154: State-wise Credit-Deposit Ratio (Place of Utilisation),https://www.rbi.org.in/Scripts/PublicationsView.aspx?id=23603
Delhi,2020,110.7,t154_cd_ratio_utilisation,Table 154: State-wise Credit-Deposit Ratio (Place of Utilisation),https://www.rbi.org.in/Scripts/PublicationsView.aspx?id=23603
Delhi,2021,96.6,t154_cd_ratio_utilisation,Table 154: State-wise Credit-Deposit Ratio (Place of Utilisation),https://www.rbi.org.in/Scripts/PublicationsView.aspx?id=23603
Delhi,2022,95.6,t154_cd_ratio_utilisation,Table 154: State-wise Credit-Deposit Ratio (Place of Utilisation),https://www.rbi.org.in/Scripts/PublicationsView.aspx?id=23603
Delhi,2023,92.6,t154_cd_ratio_utilisation,Table 154: State-wise Credit-Deposit Ratio (Place of Utilisation),https://www.rbi.org.in/Scripts/PublicationsView.aspx?id=23603
Delhi,2024,91.8,t154_cd_ratio_utilisation,Table 154: State-wise Credit-Deposit Ratio (Place of Utilisation),https://www.rbi.org.in/Scripts/PublicationsView.aspx?id=23603
Delhi,2025,88.1,t154_cd_ratio_utilisation,Table 154: State-wise Credit-Deposit Ratio (Place of Utilisation),https://www.rbi.org.in/Scripts/PublicationsView.aspx?id=23603
Haryana,2015,85.2,t154_cd_ratio_utilisation,Table 154: State-wise Credit-Deposit Ratio (Place of Utilisation),https://www.rbi.org.in/Scripts/PublicationsView.aspx?id=23603
Haryana,2016,82.6,t154_cd_ratio_utilisation,Table 154: State-wise Credit-Deposit Ratio (Place of Utilisation),https://www.rbi.org.in/Scripts/PublicationsView.aspx?id=23603
Haryana,2017,69.1,t154_cd_ratio_utilisation,Table 154: State-wise Credit-Deposit Ratio (Place of Utilisation),https://www.rbi.org.in/Scripts/PublicationsView.aspx?id=23603
Haryana,2018,67.6,t154_cd_ratio_utilisation,Table 154: State-wise Credit-Deposit Ratio (Place of Utilisation),https://www.rbi.org.in/Scripts/PublicationsView.aspx?id=23603
Haryana,2019,68.0,t154_cd_ratio_utilisation,Table 154: State-wise Credit-Deposit Ratio (Place of Utilisation),https://www.rbi.org.in/Scripts/PublicationsView.aspx?id=23603
Haryana,2020,64.8,t154_cd_ratio_utilisation,Table 154: State-wise Credit-Deposit Ratio (Place of Utilisation),https://www.rbi.org.in/Scripts/PublicationsView.aspx?id=23603
Haryana,2021,59.8,t154_cd_ratio_utilisation,Table 154: State-wise Credit-Deposit Ratio (Place of Utilisation),https://www.rbi.org.in/Scripts/PublicationsView.aspx?id=23603
Haryana,2022,60.7,t154_cd_ratio_utilisation,Table 154: State-wise Credit-Deposit Ratio (Place of Utilisation),https://www.rbi.org.in/Scripts/PublicationsView.aspx?id=23603
Haryana,2023,64.6,t154_cd_ratio_utilisation,Table 154: State-wise Credit-Deposit Ratio (Place of Utilisation),https://www.rbi.org.in/Scripts/PublicationsView.aspx?id=23603
Haryana,2024,73.8,t154_cd_ratio_utilisation,Table 154: State-wise Credit-Deposit Ratio (Place of Utilisation),https://www.rbi.org.in/Scripts/PublicationsView.aspx?id=23603
Haryana,2025,76.2,t154_cd_ratio_utilisation,Table 154: State-wise Credit-Deposit Ratio (Place of Utilisation),https://www.rbi.org.in/Scripts/PublicationsView.aspx?id=23603
Himachal Pradesh,2015,36.6,t154_cd_ratio_utilisation,Table 154: State-wise Credit-Deposit Ratio (Place of Utilisation),https://www.rbi.org.in/Scripts/PublicationsView.aspx?id=23603
Himachal Pradesh,2016,33.6,t154_cd_ratio_utilisation,Table 154: State-wise Credit-Deposit Ratio (Place of Utilisation),https://www.rbi.org.in/Scripts/PublicationsView.aspx?id=23603
Himachal Pradesh,2017,31.1,t154_cd_ratio_utilisation,Table 154: State-wise Credit-Deposit Ratio (Place of Utilisation),https://www.rbi.org.in/Scripts/PublicationsView.aspx?id=23603
Himachal Pradesh,2018,31.8,t154_cd_ratio_utilisation,Table 154: State-wise Credit-Deposit Ratio (Place of Utilisation),https://www.rbi.org.in/Scripts/PublicationsView.aspx?id=23603
Himachal Pradesh,2019,31.8,t154_cd_ratio_utilisation,Table 154: State-wise Credit-Deposit Ratio (Place of Utilisation),https://www.rbi.org.in/Scripts/PublicationsView.aspx?id=23603
Himachal Pradesh,2020,31.2,t154_cd_ratio_utilisation,Table 154: State-wise Credit-Deposit Ratio (Place of Utilisation),https://www.rbi.org.in/Scripts/PublicationsView.aspx?id=23603
Himachal Pradesh,2021,32.0,t154_cd_ratio_utilisation,Table 154: State-wise Credit-Deposit Ratio (Place of Utilisation),https://www.rbi.org.in/Scripts/PublicationsView.aspx?id=23603
Himachal Pradesh,2022,33.1,t154_cd_ratio_utilisation,Table 154: State-wise Credit-Deposit Ratio (Place of Utilisation),https://www.rbi.org.in/Scripts/PublicationsView.aspx?id=23603
Himachal Pradesh,2023,34.2,t154_cd_ratio_utilisation,Table 154: State-wise Credit-Deposit Ratio (Place of Utilisation),https://www.rbi.org.in/Scripts/PublicationsView.aspx?id=23603
Himachal Pradesh,2024,36.8,t154_cd_ratio_utilisation,Table 154: State-wise Credit-Deposit Ratio (Place of Utilisation),https://www.rbi.org.in/Scripts/PublicationsView.aspx?id=23603
Himachal Pradesh,2025,39.2,t154_cd_ratio_utilisation,Table 154: State-wise Credit-Deposit Ratio (Place of Utilisation),https://www.rbi.org.in/Scripts/PublicationsView.aspx?id=23603
Jammu & Kashmir,2015,42.5,t154_cd_ratio_utilisation,Table 154: State-wise Credit-Deposit Ratio (Place of Utilisation),https://www.rbi.org.in/Scripts/PublicationsView.aspx?id=23603
Jammu & Kashmir,2016,44.7,t154_cd_ratio_utilisation,Table 154: State-wise Credit-Deposit Ratio (Place of Utilisation),https://www.rbi.org.in/Scripts/PublicationsView.aspx?id=23603
Jammu & Kashmir,2017,40.4,t154_cd_ratio_utilisation,Table 154: State-wise Credit-Deposit Ratio (Place of Utilisation),https://www.rbi.org.in/Scripts/PublicationsView.aspx?id=23603
Jammu & Kashmir,2018,43.6,t154_cd_ratio_utilisation,Table 154: State-wise Credit-Deposit Ratio (Place of Utilisation),https://www.rbi.org.in/Scripts/PublicationsView.aspx?id=23603
Jammu & Kashmir,2019,46.0,t154_cd_ratio_utilisation,Table 154: State-wise Credit-Deposit Ratio (Place of Utilisation),https://www.rbi.org.in/Scripts/PublicationsView.aspx?id=23603
Jammu & Kashmir,2020,46.2,t154_cd_ratio_utilisation,Table 154: State-wise Credit-Deposit Ratio (Place of Utilisation),https://www.rbi.org.in/Scripts/PublicationsView.aspx?id=23603
Jammu & Kashmir,2021,48.9,t154_cd_ratio_utilisation,Table 154: State-wise Credit-Deposit Ratio (Place of Utilisation),https://www.rbi.org.in/Scripts/PublicationsView.aspx?id=23603
Jammu & Kashmir,2022,52.2,t154_cd_ratio_utilisation,Table 154: State-wise Credit-Deposit Ratio (Place of Utilisation),https://www.rbi.org.in/Scripts/PublicationsView.aspx?id=23603
Jammu & Kashmir,2023,56.6,t154_cd_ratio_utilisation,Table 154: State-wise Credit-Deposit Ratio (Place of Utilisation),https://www.rbi.org.in/Scripts/PublicationsView.aspx?id=23603
Jammu & Kashmir,2024,59.5,t154_cd_ratio_utilisation,Table 154: State-wise Credit-Deposit Ratio (Place of Utilisation),https://www.rbi.org.in/Scripts/PublicationsView.aspx?id=23603
Jammu & Kashmir,2025,60.6,t154_cd_ratio_utilisation,Table 154: State-wise Credit-Deposit Ratio (Place of Utilisation),https://www.rbi.org.in/Scripts/PublicationsView.aspx?id=23603
Ladakh,2015,,t154_cd_ratio_utilisation,Table 154: State-wise Credit-Deposit Ratio (Place of Utilisation),https://www.rbi.org.in/Scripts/PublicationsView.aspx?id=23603
Ladakh,2016,,t154_cd_ratio_utilisation,Table 154: State-wise Credit-Deposit Ratio (Place of Utilisation),https://www.rbi.org.in/Scripts/PublicationsView.aspx?id=23603
Ladakh,2017,,t154_cd_ratio_utilisation,Table 154: State-wise Credit-Deposit Ratio (Place of Utilisation),https://www.rbi.org.in/Scripts/PublicationsView.aspx?id=23603
Ladakh,2018,,t154_cd_ratio_utilisation,Table 154: State-wise Credit-Deposit Ratio (Place of Utilisation),https://www.rbi.org.in/Scripts/PublicationsView.aspx?id=23603
Ladakh,2019,,t154_cd_ratio_utilisation,Table 154: State-wise Credit-Deposit Ratio (Place of Utilisation),https://www.rbi.org.in/Scripts/PublicationsView.aspx?id=23603
Ladakh,2020,36.6,t154_cd_ratio_utilisation,Table 154: State-wise Credit-Deposit Ratio (Place of Utilisation),https://www.rbi.org.in/Scripts/PublicationsView.aspx?id=23603
Ladakh,2021,35.4,t154_cd_ratio_utilisation,Table 154: State-wise Credit-Deposit Ratio (Place of Utilisation),https://www.rbi.org.in/Scripts/PublicationsView.aspx?id=23603
Ladakh,2022,36.9,t154_cd_ratio_utilisation,Table 154: State-wise Credit-Deposit Ratio (Place of Utilisation),https://www.rbi.org.in/Scripts/PublicationsView.aspx?id=23603
Ladakh,2023,41.6,t154_cd_ratio_utilisation,Table 154: State-wise Credit-Deposit Ratio (Place of Utilisation),https://www.rbi.org.in/Scripts/PublicationsView.aspx?id=23603
Ladakh,2024,45.0,t154_cd_ratio_utilisation,Table 154: State-wise Credit-Deposit Ratio (Place of Utilisation),https://www.rbi.org.in/Scripts/PublicationsView.aspx?id=23603
Ladakh,2025,44.2,t154_cd_ratio_utilisation,Table 154: State-wise Credit-Deposit Ratio (Place of Utilisation),https://www.rbi.org.in/Scripts/PublicationsView.aspx?id=23603
Punjab,2015,76.8,t154_cd_ratio_utilisation,Table 154: State-wise Credit-Deposit Ratio (Place of Utilisation),https://www.rbi.org.in/Scripts/PublicationsView.aspx?id=23603
Punjab,2016,71.7,t154_cd_ratio_utilisation,Table 154: State-wise Credit-Deposit Ratio (Place of Utilisation),https://www.rbi.org.in/Scripts/PublicationsView.aspx?id=23603
Punjab,2017,71.2,t154_cd_ratio_utilisation,Table 154: State-wise Credit-Deposit Ratio (Place of Utilisation),https://www.rbi.org.in/Scripts/PublicationsView.aspx?id=23603
Punjab,2018,68.3,t154_cd_ratio_utilisation,Table 154: State-wise Credit-Deposit Ratio (Place of Utilisation),https://www.rbi.org.in/Scripts/PublicationsView.aspx?id=23603
Punjab,2019,62.2,t154_cd_ratio_utilisation,Table 154: State-wise Credit-Deposit Ratio (Place of Utilisation),https://www.rbi.org.in/Scripts/PublicationsView.aspx?id=23603
Punjab,2020,59.4,t154_cd_ratio_utilisation,Table 154: State-wise Credit-Deposit Ratio (Place of Utilisation),https://www.rbi.org.in/Scripts/PublicationsView.aspx?id=23603
Punjab,2021,57.4,t154_cd_ratio_utilisation,Table 154: State-wise Credit-Deposit Ratio (Place of Utilisation),https://www.rbi.org.in/Scripts/PublicationsView.aspx?id=23603
Punjab,2022,56.5,t154_cd_ratio_utilisation,Table 154: State-wise Credit-Deposit Ratio (Place of Utilisation),https://www.rbi.org.in/Scripts/PublicationsView.aspx?id=23603
Punjab,2023,56.2,t154_cd_ratio_utilisation,Table 154: State-wise Credit-Deposit Ratio (Place of Utilisation),https://www.rbi.org.in/Scripts/PublicationsView.aspx?id=23603
Punjab,2024,60.9,t154_cd_ratio_utilisation,Table 154: State-wise Credit-Deposit Ratio (Place of Utilisation),https://www.rbi.org.in/Scripts/PublicationsView.aspx?id=23603
Punjab,2025,61.3,t154_cd_ratio_utilisation,Table 154: State-wise Credit-Deposit Ratio (Place of Utilisation),https://www.rbi.org.in/Scripts/PublicationsView.aspx?id=23603
Rajasthan,2015,90.1,t154_cd_ratio_utilisation,Table 154: State-wise Credit-Deposit Ratio (Place of Utilisation),https://www.rbi.org.in/Scripts/PublicationsView.aspx?id=23603
Rajasthan,2016,76.3,t154_cd_ratio_utilisation,Table 154: State-wise Credit-Deposit Ratio (Place of Utilisation),https://www.rbi.org.in/Scripts/PublicationsView.aspx?id=23603
Rajasthan,2017,71.6,t154_cd_ratio_utilisation,Table 154: State-wise Credit-Deposit Ratio (Place of Utilisation),https://www.rbi.org.in/Scripts/PublicationsView.aspx?id=23603
Rajasthan,2018,80.7,t154_cd_ratio_utilisation,Table 154: State-wise Credit-Deposit Ratio (Place of Utilisation),https://www.rbi.org.in/Scripts/PublicationsView.aspx?id=23603
Rajasthan,2019,85.8,t154_cd_ratio_utilisation,Table 154: State-wise Credit-Deposit Ratio (Place of Utilisation),https://www.rbi.org.in/Scripts/PublicationsView.aspx?id=23603
Rajasthan,2020,83.9,t154_cd_ratio_utilisation,Table 154: State-wise Credit-Deposit Ratio (Place of Utilisation),https://www.rbi.org.in/Scripts/PublicationsView.aspx?id=23603
Rajasthan,2021,81.9,t154_cd_ratio_utilisation,Table 154: State-wise Credit-Deposit Ratio (Place of Utilisation),https://www.rbi.org.in/Scripts/PublicationsView.aspx?id=23603
Rajasthan,2022,83.4,t154_cd_ratio_utilisation,Table 154: State-wise Credit-Deposit Ratio (Place of Utilisation),https://www.rbi.org.in/Scripts/PublicationsView.aspx?id=23603
Rajasthan,2023,86.6,t154_cd_ratio_utilisation,Table 154: State-wise Credit-Deposit Ratio (Place of Utilisation),https://www.rbi.org.in/Scripts/PublicationsView.aspx?id=23603
Rajasthan,2024,91.8,t154_cd_ratio_utilisation,Table 154: State-wise Credit-Deposit Ratio (Place of Utilisation),https://www.rbi.org.in/Scripts/PublicationsView.aspx?id=23603
Rajasthan,2025,94.2,t154_cd_ratio_utilisation,Table 154: State-wise Credit-Deposit Ratio (Place of Utilisation),https://www.rbi.org.in/Scripts/PublicationsView.aspx?id=23603
Arunachal Pradesh,2015,29.1,t154_cd_ratio_utilisation,Table 154: State-wise Credit-Deposit Ratio (Place of Utilisation),https://www.rbi.org.in/Scripts/PublicationsView.aspx?id=23603
Arunachal Pradesh,2016,29.1,t154_cd_ratio_utilisation,Table 154: State-wise Credit-Deposit Ratio (Place of Utilisation),https://www.rbi.org.in/Scripts/PublicationsView.aspx?id=23603
Arunachal Pradesh,2017,25.1,t154_cd_ratio_utilisation,Table 154: State-wise Credit-Deposit Ratio (Place of Utilisation),https://www.rbi.org.in/Scripts/PublicationsView.aspx?id=23603
Arunachal Pradesh,2018,30.3,t154_cd_ratio_utilisation,Table 154: State-wise Credit-Deposit Ratio (Place of Utilisation),https://www.rbi.org.in/Scripts/PublicationsView.aspx?id=23603
Arunachal Pradesh,2019,23.2,t154_cd_ratio_utilisation,Table 154: State-wise Credit-Deposit Ratio (Place of Utilisation),https://www.rbi.org.in/Scripts/PublicationsView.aspx?id=23603
Arunachal Pradesh,2020,25.3,t154_cd_ratio_utilisation,Table 154: State-wise Credit-Deposit Ratio (Place of Utilisation),https://www.rbi.org.in/Scripts/PublicationsView.aspx?id=23603
Arunachal Pradesh,2021,30.2,t154_cd_ratio_utilisation,Table 154: State-wise Credit-Deposit Ratio (Place of Utilisation),https://www.rbi.org.in/Scripts/PublicationsView.aspx?id=23603
Arunachal Pradesh,2022,25.1,t154_cd_ratio_utilisation,Table 154: State-wise Credit-Deposit Ratio (Place of Utilisation),https://www.rbi.org.in/Scripts/PublicationsView.aspx?id=23603
Arunachal Pradesh,2023,28.2,t154_cd_ratio_utilisation,Table 154: State-wise Credit-Deposit Ratio (Place of Utilisation),https://www.rbi.org.in/Scripts/PublicationsView.aspx?id=23603
Arunachal Pradesh,2024,31.1,t154_cd_ratio_utilisation,Table 154: State-wise Credit-Deposit Ratio (Place of Utilisation),https://www.rbi.org.in/Scripts/PublicationsView.aspx?id=23603
Arunachal Pradesh,2025,32.2,t154_cd_ratio_utilisation,Table 154: State-wise Credit-Deposit Ratio (Place of Utilisation),https://www.rbi.org.in/Scripts/PublicationsView.aspx?id=23603
Assam,2015,37.2,t154_cd_ratio_utilisation,Table 154: State-wise Credit-Deposit Ratio (Place of Utilisation),https://www.rbi.org.in/Scripts/PublicationsView.aspx?id=23603
Assam,2016,43.4,t154_cd_ratio_utilisation,Table 154: State-wise Credit-Deposit Ratio (Place of Utilisation),https://www.rbi.org.in/Scripts/PublicationsView.aspx?id=23603
Assam,2017,42.1,t154_cd_ratio_utilisation,Table 154: State-wise Credit-Deposit Ratio (Place of Utilisation),https://www.rbi.org.in/Scripts/PublicationsView.aspx?id=23603
Assam,2018,44.0,t154_cd_ratio_utilisation,Table 154: State-wise Credit-Deposit Ratio (Place of Utilisation),https://www.rbi.org.in/Scripts/PublicationsView.aspx?id=23603
Assam,2019,45.8,t154_cd_ratio_utilisation,Table 154: State-wise Credit-Deposit Ratio (Place of Utilisation),https://www.rbi.org.in/Scripts/PublicationsView.aspx?id=23603
Assam,2020,44.4,t154_cd_ratio_utilisation,Table 154: State-wise Credit-Deposit Ratio (Place of Utilisation),https://www.rbi.org.in/Scripts/PublicationsView.aspx?id=23603
Assam,2021,48.1,t154_cd_ratio_utilisation,Table 154: State-wise Credit-Deposit Ratio (Place of Utilisation),https://www.rbi.org.in/Scripts/PublicationsView.aspx?id=23603
Assam,2022,50.7,t154_cd_ratio_utilisation,Table 154: State-wise Credit-Deposit Ratio (Place of Utilisation),https://www.rbi.org.in/Scripts/PublicationsView.aspx?id=23603
Assam,2023,54.2,t154_cd_ratio_utilisation,Table 154: State-wise Credit-Deposit Ratio (Place of Utilisation),https://www.rbi.org.in/Scripts/PublicationsView.aspx?id=23603
Assam,2024,60.6,t154_cd_ratio_utilisation,Table 154: State-wise Credit-Deposit Ratio (Place of Utilisation),https://www.rbi.org.in/Scripts/PublicationsView.aspx?id=23603
Assam,2025,66.0,t154_cd_ratio_utilisation,Table 154: State-wise Credit-Deposit Ratio (Place of Utilisation),https://www.rbi.org.in/Scripts/PublicationsView.aspx?id=23603
Manipur,2015,34.5,t154_cd_ratio_utilisation,Table 154: State-wise Credit-Deposit Ratio (Place of Utilisation),https://www.rbi.org.in/Scripts/PublicationsView.aspx?id=23603
Manipur,2016,42.3,t154_cd_ratio_utilisation,Table 154: State-wise Credit-Deposit Ratio (Place of Utilisation),https://www.rbi.org.in/Scripts/PublicationsView.aspx?id=23603
Manipur,2017,39.7,t154_cd_ratio_utilisation,Table 154: State-wise Credit-Deposit Ratio (Place of Utilisation),https://www.rbi.org.in/Scripts/PublicationsView.aspx?id=23603
Manipur,2018,45.1,t154_cd_ratio_utilisation,Table 154: State-wise Credit-Deposit Ratio (Place of Utilisation),https://www.rbi.org.in/Scripts/PublicationsView.aspx?id=23603
Manipur,2019,49.8,t154_cd_ratio_utilisation,Table 154: State-wise Credit-Deposit Ratio (Place of Utilisation),https://www.rbi.org.in/Scripts/PublicationsView.aspx?id=23603
Manipur,2020,59.1,t154_cd_ratio_utilisation,Table 154: State-wise Credit-Deposit Ratio (Place of Utilisation),https://www.rbi.org.in/Scripts/PublicationsView.aspx?id=23603
Manipur,2021,60.1,t154_cd_ratio_utilisation,Table 154: State-wise Credit-Deposit Ratio (Place of Utilisation),https://www.rbi.org.in/Scripts/PublicationsView.aspx?id=23603
Manipur,2022,66.3,t154_cd_ratio_utilisation,Table 154: State-wise Credit-Deposit Ratio (Place of Utilisation),https://www.rbi.org.in/Scripts/PublicationsView.aspx?id=23603
Manipur,2023,76.2,t154_cd_ratio_utilisation,Table 154: State-wise Credit-Deposit Ratio (Place of Utilisation),https://www.rbi.org.in/Scripts/PublicationsView.aspx?id=23603
Manipur,2024,77.5,t154_cd_ratio_utilisation,Table 154: State-wise Credit-Deposit Ratio (Place of Utilisation),https://www.rbi.org.in/Scripts/PublicationsView.aspx?id=23603
Manipur,2025,79.7,t154_cd_ratio_utilisation,Table 154: State-wise Credit-Deposit Ratio (Place of Utilisation),https://www.rbi.org.in/Scripts/PublicationsView.aspx?id=23603
Meghalaya,2015,26.9,t154_cd_ratio_utilisation,Table 154: State-wise Credit-Deposit Ratio (Place of Utilisation),https://www.rbi.org.in/Scripts/PublicationsView.aspx?id=23603
Meghalaya,2016,25.2,t154_cd_ratio_utilisation,Table 154: State-wise Credit-Deposit Ratio (Place of Utilisation),https://www.rbi.org.in/Scripts/PublicationsView.aspx?id=23603
Meghalaya,2017,26.3,t154_cd_ratio_utilisation,Table 154: State-wise Credit-Deposit Ratio (Place of Utilisation),https://www.rbi.org.in/Scripts/PublicationsView.aspx?id=23603
Meghalaya,2018,30.8,t154_cd_ratio_utilisation,Table 154: State-wise Credit-Deposit Ratio (Place of Utilisation),https://www.rbi.org.in/Scripts/PublicationsView.aspx?id=23603
Meghalaya,2019,31.0,t154_cd_ratio_utilisation,Table 154: State-wise Credit-Deposit Ratio (Place of Utilisation),https://www.rbi.org.in/Scripts/PublicationsView.aspx?id=23603
Meghalaya,2020,35.5,t154_cd_ratio_utilisation,Table 154: State-wise Credit-Deposit Ratio (Place of Utilisation),https://www.rbi.org.in/Scripts/PublicationsView.aspx?id=23603
Meghalaya,2021,37.9,t154_cd_ratio_utilisation,Table 154: State-wise Credit-Deposit Ratio (Place of Utilisation),https://www.rbi.org.in/Scripts/PublicationsView.aspx?id=23603
Meghalaya,2022,32.3,t154_cd_ratio_utilisation,Table 154: State-wise Credit-Deposit Ratio (Place of Utilisation),https://www.rbi.org.in/Scripts/PublicationsView.aspx?id=23603
Meghalaya,2023,38.0,t154_cd_ratio_utilisation,Table 154: State-wise Credit-Deposit Ratio (Place of Utilisation),https://www.rbi.org.in/Scripts/PublicationsView.aspx?id=23603
Meghalaya,2024,41.6,t154_cd_ratio_utilisation,Table 154: State-wise Credit-Deposit Ratio (Place of Utilisation),https://www.rbi.org.in/Scripts/PublicationsView.aspx?id=23603
Meghalaya,2025,40.7,t154_cd_ratio_utilisation,Table 154: State-wise Credit-Deposit Ratio (Place of Utilisation),https://www.rbi.org.in/Scripts/PublicationsView.aspx?id=23603
Mizoram,2015,39.9,t154_cd_ratio_utilisation,Table 154: State-wise Credit-Deposit Ratio (Place of Utilisation),https://www.rbi.org.in/Scripts/PublicationsView.aspx?id=23603
Mizoram,2016,41.7,t154_cd_ratio_utilisation,Table 154: State-wise Credit-Deposit Ratio (Place of Utilisation),https://www.rbi.org.in/Scripts/PublicationsView.aspx?id=23603
Mizoram,2017,37.8,t154_cd_ratio_utilisation,Table 154: State-wise Credit-Deposit Ratio (Place of Utilisation),https://www.rbi.org.in/Scripts/PublicationsView.aspx?id=23603
Mizoram,2018,38.2,t154_cd_ratio_utilisation,Table 154: State-wise Credit-Deposit Ratio (Place of Utilisation),https://www.rbi.org.in/Scripts/PublicationsView.aspx?id=23603
Mizoram,2019,41.5,t154_cd_ratio_utilisation,Table 154: State-wise Credit-Deposit Ratio (Place of Utilisation),https://www.rbi.org.in/Scripts/PublicationsView.aspx?id=23603
Mizoram,2020,36.8,t154_cd_ratio_utilisation,Table 154: State-wise Credit-Deposit Ratio (Place of Utilisation),https://www.rbi.org.in/Scripts/PublicationsView.aspx?id=23603
Mizoram,2021,42.2,t154_cd_ratio_utilisation,Table 154: State-wise Credit-Deposit Ratio (Place of Utilisation),https://www.rbi.org.in/Scripts/PublicationsView.aspx?id=23603
Mizoram,2022,45.7,t154_cd_ratio_utilisation,Table 154: State-wise Credit-Deposit Ratio (Place of Utilisation),https://www.rbi.org.in/Scripts/PublicationsView.aspx?id=23603
Mizoram,2023,47.4,t154_cd_ratio_utilisation,Table 154: State-wise Credit-Deposit Ratio (Place of Utilisation),https://www.rbi.org.in/Scripts/PublicationsView.aspx?id=23603
Mizoram,2024,51.1,t154_cd_ratio_utilisation,Table 154: State-wise Credit-Deposit Ratio (Place of Utilisation),https://www.rbi.org.in/Scripts/PublicationsView.aspx?id=23603
Mizoram,2025,51.8,t154_cd_ratio_utilisation,Table 154: State-wise Credit-Deposit Ratio (Place of Utilisation),https://www.rbi.org.in/Scripts/PublicationsView.aspx?id=23603
Nagaland,2015,34.1,t154_cd_ratio_utilisation,Table 154: State-wise Credit-Deposit Ratio (Place of Utilisation),https://www.rbi.org.in/Scripts/PublicationsView.aspx?id=23603
Nagaland,2016,34.7,t154_cd_ratio_utilisation,Table 154: State-wise Credit-Deposit Ratio (Place of Utilisation),https://www.rbi.org.in/Scripts/PublicationsView.aspx?id=23603
Nagaland,2017,33.1,t154_cd_ratio_utilisation,Table 154: State-wise Credit-Deposit Ratio (Place of Utilisation),https://www.rbi.org.in/Scripts/PublicationsView.aspx?id=23603
Nagaland,2018,34.8,t154_cd_ratio_utilisation,Table 154: State-wise Credit-Deposit Ratio (Place of Utilisation),https://www.rbi.org.in/Scripts/PublicationsView.aspx?id=23603
Nagaland,2019,35.7,t154_cd_ratio_utilisation,Table 154: State-wise Credit-Deposit Ratio (Place of Utilisation),https://www.rbi.org.in/Scripts/PublicationsView.aspx?id=23603
Nagaland,2020,37.9,t154_cd_ratio_utilisation,Table 154: State-wise Credit-Deposit Ratio (Place of Utilisation),https://www.rbi.org.in/Scripts/PublicationsView.aspx?id=23603
Nagaland,2021,57.3,t154_cd_ratio_utilisation,Table 154: State-wise Credit-Deposit Ratio (Place of Utilisation),https://www.rbi.org.in/Scripts/PublicationsView.aspx?id=23603
Nagaland,2022,43.8,t154_cd_ratio_utilisation,Table 154: State-wise Credit-Deposit Ratio (Place of Utilisation),https://www.rbi.org.in/Scripts/PublicationsView.aspx?id=23603
Nagaland,2023,50.1,t154_cd_ratio_utilisation,Table 154: State-wise Credit-Deposit Ratio (Place of Utilisation),https://www.rbi.org.in/Scripts/PublicationsView.aspx?id=23603
Nagaland,2024,52.8,t154_cd_ratio_utilisation,Table 154: State-wise Credit-Deposit Ratio (Place of Utilisation),https://www.rbi.org.in/Scripts/PublicationsView.aspx?id=23603
Nagaland,2025,53.5,t154_cd_ratio_utilisation,Table 154: State-wise Credit-Deposit Ratio (Place of Utilisation),https://www.rbi.org.in/Scripts/PublicationsView.aspx?id=23603
Tripura,2015,34.0,t154_cd_ratio_utilisation,Table 154: State-wise Credit-Deposit Ratio (Place of Utilisation),https://www.rbi.org.in/Scripts/PublicationsView.aspx?id=23603
Tripura,2016,35.9,t154_cd_ratio_utilisation,Table 154: State-wise Credit-Deposit Ratio (Place of Utilisation),https://www.rbi.org.in/Scripts/PublicationsView.aspx?id=23603
Tripura,2017,36.5,t154_cd_ratio_utilisation,Table 154: State-wise Credit-Deposit Ratio (Place of Utilisation),https://www.rbi.org.in/Scripts/PublicationsView.aspx?id=23603
Tripura,2018,41.4,t154_cd_ratio_utilisation,Table 154: State-wise Credit-Deposit Ratio (Place of Utilisation),https://www.rbi.org.in/Scripts/PublicationsView.aspx?id=23603
Tripura,2019,42.1,t154_cd_ratio_utilisation,Table 154: State-wise Credit-Deposit Ratio (Place of Utilisation),https://www.rbi.org.in/Scripts/PublicationsView.aspx?id=23603
Tripura,2020,42.8,t154_cd_ratio_utilisation,Table 154: State-wise Credit-Deposit Ratio (Place of Utilisation),https://www.rbi.org.in/Scripts/PublicationsView.aspx?id=23603
Tripura,2021,42.6,t154_cd_ratio_utilisation,Table 154: State-wise Credit-Deposit Ratio (Place of Utilisation),https://www.rbi.org.in/Scripts/PublicationsView.aspx?id=23603
Tripura,2022,43.3,t154_cd_ratio_utilisation,Table 154: State-wise Credit-Deposit Ratio (Place of Utilisation),https://www.rbi.org.in/Scripts/PublicationsView.aspx?id=23603
Tripura,2023,42.6,t154_cd_ratio_utilisation,Table 154: State-wise Credit-Deposit Ratio (Place of Utilisation),https://www.rbi.org.in/Scripts/PublicationsView.aspx?id=23603
Tripura,2024,46.9,t154_cd_ratio_utilisation,Table 154: State-wise Credit-Deposit Ratio (Place of Utilisation),https://www.rbi.org.in/Scripts/PublicationsView.aspx?id=23603
Tripura,2025,45.4,t154_cd_ratio_utilisation,Table 154: State-wise Credit-Deposit Ratio (Place of Utilisation),https://www.rbi.org.in/Scripts/PublicationsView.aspx?id=23603
Andaman & Nicobar Islands,2015,39.3,t154_cd_ratio_utilisation,Table 154: State-wise Credit-Deposit Ratio (Place of Utilisation),https://www.rbi.org.in/Scripts/PublicationsView.aspx?id=23603
Andaman & Nicobar Islands,2016,43.6,t154_cd_ratio_utilisation,Table 154: State-wise Credit-Deposit Ratio (Place of Utilisation),https://www.rbi.org.in/Scripts/PublicationsView.aspx?id=23603
Andaman & Nicobar Islands,2017,42.4,t154_cd_ratio_utilisation,Table 154: State-wise Credit-Deposit Ratio (Place of Utilisation),https://www.rbi.org.in/Scripts/PublicationsView.aspx?id=23603
Andaman & Nicobar Islands,2018,42.7,t154_cd_ratio_utilisation,Table 154: State-wise Credit-Deposit Ratio (Place of Utilisation),https://www.rbi.org.in/Scripts/PublicationsView.aspx?id=23603
Andaman & Nicobar Islands,2019,42.1,t154_cd_ratio_utilisation,Table 154: State-wise Credit-Deposit Ratio (Place of Utilisation),https://www.rbi.org.in/Scripts/PublicationsView.aspx?id=23603
Andaman & Nicobar Islands,2020,44.1,t154_cd_ratio_utilisation,Table 154: State-wise Credit-Deposit Ratio (Place of Utilisation),https://www.rbi.org.in/Scripts/PublicationsView.aspx?id=23603
Andaman & Nicobar Islands,2021,46.5,t154_cd_ratio_utilisation,Table 154: State-wise Credit-Deposit Ratio (Place of Utilisation),https://www.rbi.org.in/Scripts/PublicationsView.aspx?id=23603
Andaman & Nicobar Islands,2022,51.1,t154_cd_ratio_utilisation,Table 154: State-wise Credit-Deposit Ratio (Place of Utilisation),https://www.rbi.org.in/Scripts/PublicationsView.aspx?id=23603
Andaman & Nicobar Islands,2023,52.0,t154_cd_ratio_utilisation,Table 154: State-wise Credit-Deposit Ratio (Place of Utilisation),https://www.rbi.org.in/Scripts/PublicationsView.aspx?id=23603
Andaman & Nicobar Islands,2024,53.3,t154_cd_ratio_utilisation,Table 154: State-wise Credit-Deposit Ratio (Place of Utilisation),https://www.rbi.org.in/Scripts/PublicationsView.aspx?id=23603
Andaman & Nicobar Islands,2025,52.5,t154_cd_ratio_utilisation,Table 154: State-wise Credit-Deposit Ratio (Place of Utilisation),https://www.rbi.org.in/Scripts/PublicationsView.aspx?id=23603
Bihar,2015,34.3,t154_cd_ratio_utilisation,Table 154: State-wise Credit-Deposit Ratio (Place of Utilisation),https://www.rbi.org.in/Scripts/PublicationsView.aspx?id=23603
Bihar,2016,34.5,t154_cd_ratio_utilisation,Table 154: State-wise Credit-Deposit Ratio (Place of Utilisation),https://www.rbi.org.in/Scripts/PublicationsView.aspx?id=23603
Bihar,2017,32.0,t154_cd_ratio_utilisation,Table 154: State-wise Credit-Deposit Ratio (Place of Utilisation),https://www.rbi.org.in/Scripts/PublicationsView.aspx?id=23603
Bihar,2018,34.0,t154_cd_ratio_utilisation,Table 154: State-wise Credit-Deposit Ratio (Place of Utilisation),https://www.rbi.org.in/Scripts/PublicationsView.aspx?id=23603
Bihar,2019,35.4,t154_cd_ratio_utilisation,Table 154: State-wise Credit-Deposit Ratio (Place of Utilisation),https://www.rbi.org.in/Scripts/PublicationsView.aspx?id=23603
Bihar,2020,37.2,t154_cd_ratio_utilisation,Table 154: State-wise Credit-Deposit Ratio (Place of Utilisation),https://www.rbi.org.in/Scripts/PublicationsView.aspx?id=23603
Bihar,2021,41.2,t154_cd_ratio_utilisation,Table 154: State-wise Credit-Deposit Ratio (Place of Utilisation),https://www.rbi.org.in/Scripts/PublicationsView.aspx?id=23603
Bihar,2022,44.2,t154_cd_ratio_utilisation,Table 154: State-wise Credit-Deposit Ratio (Place of Utilisation),https://www.rbi.org.in/Scripts/PublicationsView.aspx?id=23603
Bihar,2023,48.5,t154_cd_ratio_utilisation,Table 154: State-wise Credit-Deposit Ratio (Place of Utilisation),https://www.rbi.org.in/Scripts/PublicationsView.aspx?id=23603
Bihar,2024,52.8,t154_cd_ratio_utilisation,Table 154: State-wise Credit-Deposit Ratio (Place of Utilisation),https://www.rbi.org.in/Scripts/PublicationsView.aspx?id=23603
Bihar,2025,53.5,t154_cd_ratio_utilisation,Table 154: State-wise Credit-Deposit Ratio (Place of Utilisation),https://www.rbi.org.in/Scripts/PublicationsView.aspx?id=23603
Jharkhand,2015,30.6,t154_cd_ratio_utilisation,Table 154: State-wise Credit-Deposit Ratio (Place of Utilisation),https://www.rbi.org.in/Scripts/PublicationsView.aspx?id=23603
Jharkhand,2016,30.7,t154_cd_ratio_utilisation,Table 154: State-wise Credit-Deposit Ratio (Place of Utilisation),https://www.rbi.org.in/Scripts/PublicationsView.aspx?id=23603
Jharkhand,2017,29.1,t154_cd_ratio_utilisation,Table 154: State-wise Credit-Deposit Ratio (Place of Utilisation),https://www.rbi.org.in/Scripts/PublicationsView.aspx?id=23603
Jharkhand,2018,30.6,t154_cd_ratio_utilisation,Table 154: State-wise Credit-Deposit Ratio (Place of Utilisation),https://www.rbi.org.in/Scripts/PublicationsView.aspx?id=23603
Jharkhand,2019,28.9,t154_cd_ratio_utilisation,Table 154: State-wise Credit-Deposit Ratio (Place of Utilisation),https://www.rbi.org.in/Scripts/PublicationsView.aspx?id=23603
Jharkhand,2020,30.4,t154_cd_ratio_utilisation,Table 154: State-wise Credit-Deposit Ratio (Place of Utilisation),https://www.rbi.org.in/Scripts/PublicationsView.aspx?id=23603
Jharkhand,2021,31.5,t154_cd_ratio_utilisation,Table 154: State-wise Credit-Deposit Ratio (Place of Utilisation),https://www.rbi.org.in/Scripts/PublicationsView.aspx?id=23603
Jharkhand,2022,32.6,t154_cd_ratio_utilisation,Table 154: State-wise Credit-Deposit Ratio (Place of Utilisation),https://www.rbi.org.in/Scripts/PublicationsView.aspx?id=23603
Jharkhand,2023,36.0,t154_cd_ratio_utilisation,Table 154: State-wise Credit-Deposit Ratio (Place of Utilisation),https://www.rbi.org.in/Scripts/PublicationsView.aspx?id=23603
Jharkhand,2024,38.9,t154_cd_ratio_utilisation,Table 154: State-wise Credit-Deposit Ratio (Place of Utilisation),https://www.rbi.org.in/Scripts/PublicationsView.aspx?id=23603
Jharkhand,2025,41.1,t154_cd_ratio_utilisation,Table 154: State-wise Credit-Deposit Ratio (Place of Utilisation),https://www.rbi.org.in/Scripts/PublicationsView.aspx?id=23603
Odisha,2015,43.9,t154_cd_ratio_utilisation,Table 154: State-wise Credit-Deposit Ratio (Place of Utilisation),https://www.rbi.org.in/Scripts/PublicationsView.aspx?id=23603
Odisha,2016,43.3,t154_cd_ratio_utilisation,Table 154: State-wise Credit-Deposit Ratio (Place of Utilisation),https://www.rbi.org.in/Scripts/PublicationsView.aspx?id=23603
Odisha,2017,40.5,t154_cd_ratio_utilisation,Table 154: State-wise Credit-Deposit Ratio (Place of Utilisation),https://www.rbi.org.in/Scripts/PublicationsView.aspx?id=23603
Odisha,2018,40.5,t154_cd_ratio_utilisation,Table 154: State-wise Credit-Deposit Ratio (Place of Utilisation),https://www.rbi.org.in/Scripts/PublicationsView.aspx?id=23603
Odisha,2019,41.2,t154_cd_ratio_utilisation,Table 154: State-wise Credit-Deposit Ratio (Place of Utilisation),https://www.rbi.org.in/Scripts/PublicationsView.aspx?id=23603
Odisha,2020,42.2,t154_cd_ratio_utilisation,Table 154: State-wise Credit-Deposit Ratio (Place of Utilisation),https://www.rbi.org.in/Scripts/PublicationsView.aspx?id=23603
Odisha,2021,42.9,t154_cd_ratio_utilisation,Table 154: State-wise Credit-Deposit Ratio (Place of Utilisation),https://www.rbi.org.in/Scripts/PublicationsView.aspx?id=23603
Odisha,2022,43.5,t154_cd_ratio_utilisation,Table 154: State-wise Credit-Deposit Ratio (Place of Utilisation),https://www.rbi.org.in/Scripts/PublicationsView.aspx?id=23603
Odisha,2023,46.7,t154_cd_ratio_utilisation,Table 154: State-wise Credit-Deposit Ratio (Place of Utilisation),https://www.rbi.org.in/Scripts/PublicationsView.aspx?id=23603
Odisha,2024,51.0,t154_cd_ratio_utilisation,Table 154: State-wise Credit-Deposit Ratio (Place of Utilisation),https://www.rbi.org.in/Scripts/PublicationsView.aspx?id=23603
Odisha,2025,51.0,t154_cd_ratio_utilisation,Table 154: State-wise Credit-Deposit Ratio (Place of Utilisation),https://www.rbi.org.in/Scripts/PublicationsView.aspx?id=23603
Sikkim,2015,37.0,t154_cd_ratio_utilisation,Table 154: State-wise Credit-Deposit Ratio (Place of Utilisation),https://www.rbi.org.in/Scripts/PublicationsView.aspx?id=23603
Sikkim,2016,35.2,t154_cd_ratio_utilisation,Table 154: State-wise Credit-Deposit Ratio (Place of Utilisation),https://www.rbi.org.in/Scripts/PublicationsView.aspx?id=23603
Sikkim,2017,31.6,t154_cd_ratio_utilisation,Table 154: State-wise Credit-Deposit Ratio (Place of Utilisation),https://www.rbi.org.in/Scripts/PublicationsView.aspx?id=23603
Sikkim,2018,29.7,t154_cd_ratio_utilisation,Table 154: State-wise Credit-Deposit Ratio (Place of Utilisation),https://www.rbi.org.in/Scripts/PublicationsView.aspx?id=23603
Sikkim,2019,30.3,t154_cd_ratio_utilisation,Table 154: State-wise Credit-Deposit Ratio (Place of Utilisation),https://www.rbi.org.in/Scripts/PublicationsView.aspx?id=23603
Sikkim,2020,31.7,t154_cd_ratio_utilisation,Table 154: State-wise Credit-Deposit Ratio (Place of Utilisation),https://www.rbi.org.in/Scripts/PublicationsView.aspx?id=23603
Sikkim,2021,36.3,t154_cd_ratio_utilisation,Table 154: State-wise Credit-Deposit Ratio (Place of Utilisation),https://www.rbi.org.in/Scripts/PublicationsView.aspx?id=23603
Sikkim,2022,41.8,t154_cd_ratio_utilisation,Table 154: State-wise Credit-Deposit Ratio (Place of Utilisation),https://www.rbi.org.in/Scripts/PublicationsView.aspx?id=23603
Sikkim,2023,43.4,t154_cd_ratio_utilisation,Table 154: State-wise Credit-Deposit Ratio (Place of Utilisation),https://www.rbi.org.in/Scripts/PublicationsView.aspx?id=23603
Sikkim,2024,44.6,t154_cd_ratio_utilisation,Table 154: State-wise Credit-Deposit Ratio (Place of Utilisation),https://www.rbi.org.in/Scripts/PublicationsView.aspx?id=23603
Sikkim,2025,43.8,t154_cd_ratio_utilisation,Table 154: State-wise Credit-Deposit Ratio (Place of Utilisation),https://www.rbi.org.in/Scripts/PublicationsView.aspx?id=23603
West Bengal,2015,60.3,t154_cd_ratio_utilisation,Table 154: State-wise Credit-Deposit Ratio (Place of Utilisation),https://www.rbi.org.in/Scripts/PublicationsView.aspx?id=23603
West Bengal,2016,57.3,t154_cd_ratio_utilisation,Table 154: State-wise Credit-Deposit Ratio (Place of Utilisation),https://www.rbi.org.in/Scripts/PublicationsView.aspx?id=23603
West Bengal,2017,52.5,t154_cd_ratio_utilisation,Table 154: State-wise Credit-Deposit Ratio (Place of Utilisation),https://www.rbi.org.in/Scripts/PublicationsView.aspx?id=23603
West Bengal,2018,53.8,t154_cd_ratio_utilisation,Table 154: State-wise Credit-Deposit Ratio (Place of Utilisation),https://www.rbi.org.in/Scripts/PublicationsView.aspx?id=23603
West Bengal,2019,51.8,t154_cd_ratio_utilisation,Table 154: State-wise Credit-Deposit Ratio (Place of Utilisation),https://www.rbi.org.in/Scripts/PublicationsView.aspx?id=23603
West Bengal,2020,51.8,t154_cd_ratio_utilisation,Table 154: State-wise Credit-Deposit Ratio (Place of Utilisation),https://www.rbi.org.in/Scripts/PublicationsView.aspx?id=23603
West Bengal,2021,49.2,t154_cd_ratio_utilisation,Table 154: State-wise Credit-Deposit Ratio (Place of Utilisation),https://www.rbi.org.in/Scripts/PublicationsView.aspx?id=23603
West Bengal,2022,49.0,t154_cd_ratio_utilisation,Table 154: State-wise Credit-Deposit Ratio (Place of Utilisation),https://www.rbi.org.in/Scripts/PublicationsView.aspx?id=23603
West Bengal,2023,50.7,t154_cd_ratio_utilisation,Table 154: State-wise Credit-Deposit Ratio (Place of Utilisation),https://www.rbi.org.in/Scripts/PublicationsView.aspx?id=23603
West Bengal,2024,52.6,t154_cd_ratio_utilisation,Table 154: State-wise Credit-Deposit Ratio (Place of Utilisation),https://www.rbi.org.in/Scripts/PublicationsView.aspx?id=23603
West Bengal,2025,54.3,t154_cd_ratio_utilisation,Table 154: State-wise Credit-Deposit Ratio (Place of Utilisation),https://www.rbi.org.in/Scripts/PublicationsView.aspx?id=23603
Chhattisgarh,2015,63.4,t154_cd_ratio_utilisation,Table 154: State-wise Credit-Deposit Ratio (Place of Utilisation),https://www.rbi.org.in/Scripts/PublicationsView.aspx?id=23603
Chhattisgarh,2016,66.3,t154_cd_ratio_utilisation,Table 154: State-wise Credit-Deposit Ratio (Place of Utilisation),https://www.rbi.org.in/Scripts/PublicationsView.aspx?id=23603
Chhattisgarh,2017,65.0,t154_cd_ratio_utilisation,Table 154: State-wise Credit-Deposit Ratio (Place of Utilisation),https://www.rbi.org.in/Scripts/PublicationsView.aspx?id=23603
Chhattisgarh,2018,65.9,t154_cd_ratio_utilisation,Table 154: State-wise Credit-Deposit Ratio (Place of Utilisation),https://www.rbi.org.in/Scripts/PublicationsView.aspx?id=23603
Chhattisgarh,2019,66.2,t154_cd_ratio_utilisation,Table 154: State-wise Credit-Deposit Ratio (Place of Utilisation),https://www.rbi.org.in/Scripts/PublicationsView.aspx?id=23603
Chhattisgarh,2020,65.2,t154_cd_ratio_utilisation,Table 154: State-wise Credit-Deposit Ratio (Place of Utilisation),https://www.rbi.org.in/Scripts/PublicationsView.aspx?id=23603
Chhattisgarh,2021,66.8,t154_cd_ratio_utilisation,Table 154: State-wise Credit-Deposit Ratio (Place of Utilisation),https://www.rbi.org.in/Scripts/PublicationsView.aspx?id=23603
Chhattisgarh,2022,70.0,t154_cd_ratio_utilisation,Table 154: State-wise Credit-Deposit Ratio (Place of Utilisation),https://www.rbi.org.in/Scripts/PublicationsView.aspx?id=23603
Chhattisgarh,2023,76.4,t154_cd_ratio_utilisation,Table 154: State-wise Credit-Deposit Ratio (Place of Utilisation),https://www.rbi.org.in/Scripts/PublicationsView.aspx?id=23603
Chhattisgarh,2024,79.3,t154_cd_ratio_utilisation,Table 154: State-wise Credit-Deposit Ratio (Place of Utilisation),https://www.rbi.org.in/Scripts/PublicationsView.aspx?id=23603
Chhattisgarh,2025,83.2,t154_cd_ratio_utilisation,Table 154: State-wise Credit-Deposit Ratio (Place of Utilisation),https://www.rbi.org.in/Scripts/PublicationsView.aspx?id=23603
Madhya Pradesh,2015,57.6,t154_cd_ratio_utilisation,Table 154: State-wise Credit-Deposit Ratio (Place of Utilisation),https://www.rbi.org.in/Scripts/PublicationsView.aspx?id=23603
Madhya Pradesh,2016,63.5,t154_cd_ratio_utilisation,Table 154: State-wise Credit-Deposit Ratio (Place of Utilisation),https://www.rbi.org.in/Scripts/PublicationsView.aspx?id=23603
Madhya Pradesh,2017,63.4,t154_cd_ratio_utilisation,Table 154: State-wise Credit-Deposit Ratio (Place of Utilisation),https://www.rbi.org.in/Scripts/PublicationsView.aspx?id=23603
Madhya Pradesh,2018,67.7,t154_cd_ratio_utilisation,Table 154: State-wise Credit-Deposit Ratio (Place of Utilisation),https://www.rbi.org.in/Scripts/PublicationsView.aspx?id=23603
Madhya Pradesh,2019,71.0,t154_cd_ratio_utilisation,Table 154: State-wise Credit-Deposit Ratio (Place of Utilisation),https://www.rbi.org.in/Scripts/PublicationsView.aspx?id=23603
Madhya Pradesh,2020,72.1,t154_cd_ratio_utilisation,Table 154: State-wise Credit-Deposit Ratio (Place of Utilisation),https://www.rbi.org.in/Scripts/PublicationsView.aspx?id=23603
Madhya Pradesh,2021,70.7,t154_cd_ratio_utilisation,Table 154: State-wise Credit-Deposit Ratio (Place of Utilisation),https://www.rbi.org.in/Scripts/PublicationsView.aspx?id=23603
Madhya Pradesh,2022,70.4,t154_cd_ratio_utilisation,Table 154: State-wise Credit-Deposit Ratio (Place of Utilisation),https://www.rbi.org.in/Scripts/PublicationsView.aspx?id=23603
Madhya Pradesh,2023,75.2,t154_cd_ratio_utilisation,Table 154: State-wise Credit-Deposit Ratio (Place of Utilisation),https://www.rbi.org.in/Scripts/PublicationsView.aspx?id=23603
Madhya Pradesh,2024,79.2,t154_cd_ratio_utilisation,Table 154: State-wise Credit-Deposit Ratio (Place of Utilisation),https://www.rbi.org.in/Scripts/PublicationsView.aspx?id=23603
Madhya Pradesh,2025,81.7,t154_cd_ratio_utilisation,Table 154: State-wise Credit-Deposit Ratio (Place of Utilisation),https://www.rbi.org.in/Scripts/PublicationsView.aspx?id=23603
Uttarakhand,2015,35.2,t154_cd_ratio_utilisation,Table 154: State-wise Credit-Deposit Ratio (Place of Utilisation),https://www.rbi.org.in/Scripts/PublicationsView.aspx?id=23603
Uttarakhand,2016,35.8,t154_cd_ratio_utilisation,Table 154: State-wise Credit-Deposit Ratio (Place of Utilisation),https://www.rbi.org.in/Scripts/PublicationsView.aspx?id=23603
Uttarakhand,2017,35.3,t154_cd_ratio_utilisation,Table 154: State-wise Credit-Deposit Ratio (Place of Utilisation),https://www.rbi.org.in/Scripts/PublicationsView.aspx?id=23603
Uttarakhand,2018,37.8,t154_cd_ratio_utilisation,Table 154: State-wise Credit-Deposit Ratio (Place of Utilisation),https://www.rbi.org.in/Scripts/PublicationsView.aspx?id=23603
Uttarakhand,2019,38.7,t154_cd_ratio_utilisation,Table 154: State-wise Credit-Deposit Ratio (Place of Utilisation),https://www.rbi.org.in/Scripts/PublicationsView.aspx?id=23603
Uttarakhand,2020,37.8,t154_cd_ratio_utilisation,Table 154: State-wise Credit-Deposit Ratio (Place of Utilisation),https://www.rbi.org.in/Scripts/PublicationsView.aspx?id=23603
Uttarakhand,2021,36.7,t154_cd_ratio_utilisation,Table 154: State-wise Credit-Deposit Ratio (Place of Utilisation),https://www.rbi.org.in/Scripts/PublicationsView.aspx?id=23603
Uttarakhand,2022,37.5,t154_cd_ratio_utilisation,Table 154: State-wise Credit-Deposit Ratio (Place of Utilisation),https://www.rbi.org.in/Scripts/PublicationsView.aspx?id=23603
Uttarakhand,2023,38.5,t154_cd_ratio_utilisation,Table 154: State-wise Credit-Deposit Ratio (Place of Utilisation),https://www.rbi.org.in/Scripts/PublicationsView.aspx?id=23603
Uttarakhand,2024,42.5,t154_cd_ratio_utilisation,Table 154: State-wise Credit-Deposit Ratio (Place of Utilisation),https://www.rbi.org.in/Scripts/PublicationsView.aspx?id=23603
Uttarakhand,2025,43.5,t154_cd_ratio_utilisation,Table 154: State-wise Credit-Deposit Ratio (Place of Utilisation),https://www.rbi.org.in/Scripts/PublicationsView.aspx?id=23603
Uttar Pradesh,2015,48.9,t154_cd_ratio_utilisation,Table 154: State-wise Credit-Deposit Ratio (Place of Utilisation),https://www.rbi.org.in/Scripts/PublicationsView.aspx?id=23603
Uttar Pradesh,2016,49.6,t154_cd_ratio_utilisation,Table 154: State-wise Credit-Deposit Ratio (Place of Utilisation),https://www.rbi.org.in/Scripts/PublicationsView.aspx?id=23603
Uttar Pradesh,2017,43.0,t154_cd_ratio_utilisation,Table 154: State-wise Credit-Deposit Ratio (Place of Utilisation),https://www.rbi.org.in/Scripts/PublicationsView.aspx?id=23603
Uttar Pradesh,2018,43.9,t154_cd_ratio_utilisation,Table 154: State-wise Credit-Deposit Ratio (Place of Utilisation),https://www.rbi.org.in/Scripts/PublicationsView.aspx?id=23603
Uttar Pradesh,2019,45.2,t154_cd_ratio_utilisation,Table 154: State-wise Credit-Deposit Ratio (Place of Utilisation),https://www.rbi.org.in/Scripts/PublicationsView.aspx?id=23603
Uttar Pradesh,2020,44.3,t154_cd_ratio_utilisation,Table 154: State-wise Credit-Deposit Ratio (Place of Utilisation),https://www.rbi.org.in/Scripts/PublicationsView.aspx?id=23603
Uttar Pradesh,2021,44.2,t154_cd_ratio_utilisation,Table 154: State-wise Credit-Deposit Ratio (Place of Utilisation),https://www.rbi.org.in/Scripts/PublicationsView.aspx?id=23603
Uttar Pradesh,2022,46.4,t154_cd_ratio_utilisation,Table 154: State-wise Credit-Deposit Ratio (Place of Utilisation),https://www.rbi.org.in/Scripts/PublicationsView.aspx?id=23603
Uttar Pradesh,2023,48.8,t154_cd_ratio_utilisation,Table 154: State-wise Credit-Deposit Ratio (Place of Utilisation),https://www.rbi.org.in/Scripts/PublicationsView.aspx?id=23603
Uttar Pradesh,2024,53.0,t154_cd_ratio_utilisation,Table 154: State-wise Credit-Deposit Ratio (Place of Utilisation),https://www.rbi.org.in/Scripts/PublicationsView.aspx?id=23603
Uttar Pradesh,2025,54.0,t154_cd_ratio_utilisation,Table 154: State-wise Credit-Deposit Ratio (Place of Utilisation),https://www.rbi.org.in/Scripts/PublicationsView.aspx?id=23603
Dadra & Nagar Haveli,2015,36.2,t154_cd_ratio_utilisation,Table 154: State-wise Credit-Deposit Ratio (Place of Utilisation),https://www.rbi.org.in/Scripts/PublicationsView.aspx?id=23603
Dadra & Nagar Haveli,2016,40.2,t154_cd_ratio_utilisation,Table 154: State-wise Credit-Deposit Ratio (Place of Utilisation),https://www.rbi.org.in/Scripts/PublicationsView.aspx?id=23603
Dadra & Nagar Haveli,2017,41.5,t154_cd_ratio_utilisation,Table 154: State-wise Credit-Deposit Ratio (Place of Utilisation),https://www.rbi.org.in/Scripts/PublicationsView.aspx?id=23603
Dadra & Nagar Haveli,2018,53.8,t154_cd_ratio_utilisation,Table 154: State-wise Credit-Deposit Ratio (Place of Utilisation),https://www.rbi.org.in/Scripts/PublicationsView.aspx?id=23603
Dadra & Nagar Haveli,2019,67.8,t154_cd_ratio_utilisation,Table 154: State-wise Credit-Deposit Ratio (Place of Utilisation),https://www.rbi.org.in/Scripts/PublicationsView.aspx?id=23603
Dadra & Nagar Haveli,2020,64.7,t154_cd_ratio_utilisation,Table 154: State-wise Credit-Deposit Ratio (Place of Utilisation),https://www.rbi.org.in/Scripts/PublicationsView.aspx?id=23603
Dadra & Nagar Haveli,2021,52.4,t154_cd_ratio_utilisation,Table 154: State-wise Credit-Deposit Ratio (Place of Utilisation),https://www.rbi.org.in/Scripts/PublicationsView.aspx?id=23603
Dadra & Nagar Haveli,2022,51.2,t154_cd_ratio_utilisation,Table 154: State-wise Credit-Deposit Ratio (Place of Utilisation),https://www.rbi.org.in/Scripts/PublicationsView.aspx?id=23603
Dadra & Nagar Haveli,2023,52.6,t154_cd_ratio_utilisation,Table 154: State-wise Credit-Deposit Ratio (Place of Utilisation),https://www.rbi.org.in/Scripts/PublicationsView.aspx?id=23603
Dadra & Nagar Haveli,2024,50.0,t154_cd_ratio_utilisation,Table 154: State-wise Credit-Deposit Ratio (Place of Utilisation),https://www.rbi.org.in/Scripts/PublicationsView.aspx?id=23603
Dadra & Nagar Haveli,2025,52.1,t154_cd_ratio_utilisation,Table 154: State-wise Credit-Deposit Ratio (Place of Utilisation),https://www.rbi.org.in/Scripts/PublicationsView.aspx?id=23603
Daman & Diu,2015,33.6,t154_cd_ratio_utilisation,Table 154: State-wise Credit-Deposit Ratio (Place of Utilisation),https://www.rbi.org.in/Scripts/PublicationsView.aspx?id=23603
Daman & Diu,2016,29.2,t154_cd_ratio_utilisation,Table 154: State-wise Credit-Deposit Ratio (Place of Utilisation),https://www.rbi.org.in/Scripts/PublicationsView.aspx?id=23603
Daman & Diu,2017,35.3,t154_cd_ratio_utilisation,Table 154: State-wise Credit-Deposit Ratio (Place of Utilisation),https://www.rbi.org.in/Scripts/PublicationsView.aspx?id=23603
Daman & Diu,2018,32.8,t154_cd_ratio_utilisation,Table 154: State-wise Credit-Deposit Ratio (Place of Utilisation),https://www.rbi.org.in/Scripts/PublicationsView.aspx?id=23603
Daman & Diu,2019,29.5,t154_cd_ratio_utilisation,Table 154: State-wise Credit-Deposit Ratio (Place of Utilisation),https://www.rbi.org.in/Scripts/PublicationsView.aspx?id=23603
Daman & Diu,2020,,t154_cd_ratio_utilisation,Table 154: State-wise Credit-Deposit Ratio (Place of Utilisation),https://www.rbi.org.in/Scripts/PublicationsView.aspx?id=23603
Daman & Diu,2021,,t154_cd_ratio_utilisation,Table 154: State-wise Credit-Deposit Ratio (Place of Utilisation),https://www.rbi.org.in/Scripts/PublicationsView.aspx?id=23603
Daman & Diu,2022,,t154_cd_ratio_utilisation,Table 154: State-wise Credit-Deposit Ratio (Place of Utilisation),https://www.rbi.org.in/Scripts/PublicationsView.aspx?id=23603
Daman & Diu,2023,,t154_cd_ratio_utilisation,Table 154: State-wise Credit-Deposit Ratio (Place of Utilisation),https://www.rbi.org.in/Scripts/PublicationsView.aspx?id=23603
Daman & Diu,2024,,t154_cd_ratio_utilisation,Table 154: State-wise Credit-Deposit Ratio (Place of Utilisation),https://www.rbi.org.in/Scripts/PublicationsView.aspx?id=23603
Daman & Diu,2025,,t154_cd_ratio_utilisation,Table 154: State-wise Credit-Deposit Ratio (Place of Utilisation),https://www.rbi.org.in/Scripts/PublicationsView.aspx?id=23603
Goa,2015,28.2,t154_cd_ratio_utilisation,Table 154: State-wise Credit-Deposit Ratio (Place of Utilisation),https://www.rbi.org.in/Scripts/PublicationsView.aspx?id=23603
Goa,2016,29.0,t154_cd_ratio_utilisation,Table 154: State-wise Credit-Deposit Ratio (Place of Utilisation),https://www.rbi.org.in/Scripts/PublicationsView.aspx?id=23603
Goa,2017,27.6,t154_cd_ratio_utilisation,Table 154: State-wise Credit-Deposit Ratio (Place of Utilisation),https://www.rbi.org.in/Scripts/PublicationsView.aspx?id=23603
Goa,2018,28.1,t154_cd_ratio_utilisation,Table 154: State-wise Credit-Deposit Ratio (Place of Utilisation),https://www.rbi.org.in/Scripts/PublicationsView.aspx?id=23603
Goa,2019,27.3,t154_cd_ratio_utilisation,Table 154: State-wise Credit-Deposit Ratio (Place of Utilisation),https://www.rbi.org.in/Scripts/PublicationsView.aspx?id=23603
Goa,2020,26.3,t154_cd_ratio_utilisation,Table 154: State-wise Credit-Deposit Ratio (Place of Utilisation),https://www.rbi.org.in/Scripts/PublicationsView.aspx?id=23603
Goa,2021,25.8,t154_cd_ratio_utilisation,Table 154: State-wise Credit-Deposit Ratio (Place of Utilisation),https://www.rbi.org.in/Scripts/PublicationsView.aspx?id=23603
Goa,2022,25.9,t154_cd_ratio_utilisation,Table 154: State-wise Credit-Deposit Ratio (Place of Utilisation),https://www.rbi.org.in/Scripts/PublicationsView.aspx?id=23603
Goa,2023,26.5,t154_cd_ratio_utilisation,Table 154: State-wise Credit-Deposit Ratio (Place of Utilisation),https://www.rbi.org.in/Scripts/PublicationsView.aspx?id=23603
Goa,2024,28.1,t154_cd_ratio_utilisation,Table 154: State-wise Credit-Deposit Ratio (Place of Utilisation),https://www.rbi.org.in/Scripts/PublicationsView.aspx?id=23603
Goa,2025,28.6,t154_cd_ratio_utilisation,Table 154: State-wise Credit-Deposit Ratio (Place of Utilisation),https://www.rbi.org.in/Scripts/PublicationsView.aspx?id=23603
Gujarat,2015,79.0,t154_cd_ratio_utilisation,Table 154: State-wise Credit-Deposit Ratio (Place of Utilisation),https://www.rbi.org.in/Scripts/PublicationsView.aspx?id=23603
Gujarat,2016,82.4,t154_cd_ratio_utilisation,Table 154: State-wise Credit-Deposit Ratio (Place of Utilisation),https://www.rbi.org.in/Scripts/PublicationsView.aspx?id=23603
Gujarat,2017,75.2,t154_cd_ratio_utilisation,Table 154: State-wise Credit-Deposit Ratio (Place of Utilisation),https://www.rbi.org.in/Scripts/PublicationsView.aspx?id=23603
Gujarat,2018,82.2,t154_cd_ratio_utilisation,Table 154: State-wise Credit-Deposit Ratio (Place of Utilisation),https://www.rbi.org.in/Scripts/PublicationsView.aspx?id=23603
Gujarat,2019,87.6,t154_cd_ratio_utilisation,Table 154: State-wise Credit-Deposit Ratio (Place of Utilisation),https://www.rbi.org.in/Scripts/PublicationsView.aspx?id=23603
Gujarat,2020,82.8,t154_cd_ratio_utilisation,Table 154: State-wise Credit-Deposit Ratio (Place of Utilisation),https://www.rbi.org.in/Scripts/PublicationsView.aspx?id=23603
Gujarat,2021,79.5,t154_cd_ratio_utilisation,Table 154: State-wise Credit-Deposit Ratio (Place of Utilisation),https://www.rbi.org.in/Scripts/PublicationsView.aspx?id=23603
Gujarat,2022,81.7,t154_cd_ratio_utilisation,Table 154: State-wise Credit-Deposit Ratio (Place of Utilisation),https://www.rbi.org.in/Scripts/PublicationsView.aspx?id=23603
Gujarat,2023,80.6,t154_cd_ratio_utilisation,Table 154: State-wise Credit-Deposit Ratio (Place of Utilisation),https://www.rbi.org.in/Scripts/PublicationsView.aspx?id=23603
Gujarat,2024,83.2,t154_cd_ratio_utilisation,Table 154: State-wise Credit-Deposit Ratio (Place of Utilisation),https://www.rbi.org.in/Scripts/PublicationsView.aspx?id=23603
Gujarat,2025,88.4,t154_cd_ratio_utilisation,Table 154: State-wise Credit-Deposit Ratio (Place of Utilisation),https://www.rbi.org.in/Scripts/PublicationsView.aspx?id=23603
Maharashtra,2015,82.7,t154_cd_ratio_utilisation,Table 154: State-wise Credit-Deposit Ratio (Place of Utilisation),https://www.rbi.org.in/Scripts/PublicationsView.aspx?id=23603
Maharashtra,2016,91.4,t154_cd_ratio_utilisation,Table 154: State-wise Credit-Deposit Ratio (Place of Utilisation),https://www.rbi.org.in/Scripts/PublicationsView.aspx?id=23603
Maharashtra,2017,94.0,t154_cd_ratio_utilisation,Table 154: State-wise Credit-Deposit Ratio (Place of Utilisation),https://www.rbi.org.in/Scripts/PublicationsView.aspx?id=23603
Maharashtra,2018,94.1,t154_cd_ratio_utilisation,Table 154: State-wise Credit-Deposit Ratio (Place of Utilisation),https://www.rbi.org.in/Scripts/PublicationsView.aspx?id=23603
Maharashtra,2019,93.1,t154_cd_ratio_utilisation,Table 154: State-wise Credit-Deposit Ratio (Place of Utilisation),https://www.rbi.org.in/Scripts/PublicationsView.aspx?id=23603
Maharashtra,2020,89.4,t154_cd_ratio_utilisation,Table 154: State-wise Credit-Deposit Ratio (Place of Utilisation),https://www.rbi.org.in/Scripts/PublicationsView.aspx?id=23603
Maharashtra,2021,79.2,t154_cd_ratio_utilisation,Table 154: State-wise Credit-Deposit Ratio (Place of Utilisation),https://www.rbi.org.in/Scripts/PublicationsView.aspx?id=23603
Maharashtra,2022,77.8,t154_cd_ratio_utilisation,Table 154: State-wise Credit-Deposit Ratio (Place of Utilisation),https://www.rbi.org.in/Scripts/PublicationsView.aspx?id=23603
Maharashtra,2023,85.0,t154_cd_ratio_utilisation,Table 154: State-wise Credit-Deposit Ratio (Place of Utilisation),https://www.rbi.org.in/Scripts/PublicationsView.aspx?id=23603
Maharashtra,2024,86.3,t154_cd_ratio_utilisation,Table 154: State-wise Credit-Deposit Ratio (Place of Utilisation),https://www.rbi.org.in/Scripts/PublicationsView.aspx?id=23603
Maharashtra,2025,85.7,t154_cd_ratio_utilisation,Table 154: State-wise Credit-Deposit Ratio (Place of Utilisation),https://www.rbi.org.in/Scripts/PublicationsView.aspx?id=23603
Andhra Pradesh,2015,108.3,t154_cd_ratio_utilisation,Table 154: State-wise Credit-Deposit Ratio (Place of Utilisation),https://www.rbi.org.in/Scripts/PublicationsView.aspx?id=23603
Andhra Pradesh,2016,109.6,t154_cd_ratio_utilisation,Table 154: State-wise Credit-Deposit Ratio (Place of Utilisation),https://www.rbi.org.in/Scripts/PublicationsView.aspx?id=23603
Andhra Pradesh,2017,104.4,t154_cd_ratio_utilisation,Table 154: State-wise Credit-Deposit Ratio (Place of Utilisation),https://www.rbi.org.in/Scripts/PublicationsView.aspx?id=23603
Andhra Pradesh,2018,114.1,t154_cd_ratio_utilisation,Table 154: State-wise Credit-Deposit Ratio (Place of Utilisation),https://www.rbi.org.in/Scripts/PublicationsView.aspx?id=23603
Andhra Pradesh,2019,124.3,t154_cd_ratio_utilisation,Table 154: State-wise Credit-Deposit Ratio (Place of Utilisation),https://www.rbi.org.in/Scripts/PublicationsView.aspx?id=23603
Andhra Pradesh,2020,128.9,t154_cd_ratio_utilisation,Table 154: State-wise Credit-Deposit Ratio (Place of Utilisation),https://www.rbi.org.in/Scripts/PublicationsView.aspx?id=23603
Andhra Pradesh,2021,135.2,t154_cd_ratio_utilisation,Table 154: State-wise Credit-Deposit Ratio (Place of Utilisation),https://www.rbi.org.in/Scripts/PublicationsView.aspx?id=23603
Andhra Pradesh,2022,142.7,t154_cd_ratio_utilisation,Table 154: State-wise Credit-Deposit Ratio (Place of Utilisation),https://www.rbi.org.in/Scripts/PublicationsView.aspx?id=23603
Andhra Pradesh,2023,149.2,t154_cd_ratio_utilisation,Table 154: State-wise Credit-Deposit Ratio (Place of Utilisation),https://www.rbi.org.in/Scripts/PublicationsView.aspx?id=23603
Andhra Pradesh,2024,158.9,t154_cd_ratio_utilisation,Table 154: State-wise Credit-Deposit Ratio (Place of Utilisation),https://www.rbi.org.in/Scripts/PublicationsView.aspx?id=23603
Andhra Pradesh,2025,157.2,t154_cd_ratio_utilisation,Table 154: State-wise Credit-Deposit Ratio (Place of Utilisation),https://www.rbi.org.in/Scripts/PublicationsView.aspx?id=23603
Karnataka,2015,72.6,t154_cd_ratio_utilisation,Table 154: State-wise Credit-Deposit Ratio (Place of Utilisation),https://www.rbi.org.in/Scripts/PublicationsView.aspx?id=23603
Karnataka,2016,75.4,t154_cd_ratio_utilisation,Table 154: State-wise Credit-Deposit Ratio (Place of Utilisation),https://www.rbi.org.in/Scripts/PublicationsView.aspx?id=23603
Karnataka,2017,71.2,t154_cd_ratio_utilisation,Table 154: State-wise Credit-Deposit Ratio (Place of Utilisation),https://www.rbi.org.in/Scripts/PublicationsView.aspx?id=23603
Karnataka,2018,75.7,t154_cd_ratio_utilisation,Table 154: State-wise Credit-Deposit Ratio (Place of Utilisation),https://www.rbi.org.in/Scripts/PublicationsView.aspx?id=23603
Karnataka,2019,75.1,t154_cd_ratio_utilisation,Table 154: State-wise Credit-Deposit Ratio (Place of Utilisation),https://www.rbi.org.in/Scripts/PublicationsView.aspx?id=23603
Karnataka,2020,69.9,t154_cd_ratio_utilisation,Table 154: State-wise Credit-Deposit Ratio (Place of Utilisation),https://www.rbi.org.in/Scripts/PublicationsView.aspx?id=23603
Karnataka,2021,63.2,t154_cd_ratio_utilisation,Table 154: State-wise Credit-Deposit Ratio (Place of Utilisation),https://www.rbi.org.in/Scripts/PublicationsView.aspx?id=23603
Karnataka,2022,64.3,t154_cd_ratio_utilisation,Table 154: State-wise Credit-Deposit Ratio (Place of Utilisation),https://www.rbi.org.in/Scripts/PublicationsView.aspx?id=23603
Karnataka,2023,69.2,t154_cd_ratio_utilisation,Table 154: State-wise Credit-Deposit Ratio (Place of Utilisation),https://www.rbi.org.in/Scripts/PublicationsView.aspx?id=23603
Karnataka,2024,73.6,t154_cd_ratio_utilisation,Table 154: State-wise Credit-Deposit Ratio (Place of Utilisation),https://www.rbi.org.in/Scripts/PublicationsView.aspx?id=23603
Karnataka,2025,72.6,t154_cd_ratio_utilisation,Table 154: State-wise Credit-Deposit Ratio (Place of Utilisation),https://www.rbi.org.in/Scripts/PublicationsView.aspx?id=23603
Kerala,2015,65.4,t154_cd_ratio_utilisation,Table 154: State-wise Credit-Deposit Ratio (Place of Utilisation),https://www.rbi.org.in/Scripts/PublicationsView.aspx?id=23603
Kerala,2016,63.0,t154_cd_ratio_utilisation,Table 154: State-wise Credit-Deposit Ratio (Place of Utilisation),https://www.rbi.org.in/Scripts/PublicationsView.aspx?id=23603
Kerala,2017,61.2,t154_cd_ratio_utilisation,Table 154: State-wise Credit-Deposit Ratio (Place of Utilisation),https://www.rbi.org.in/Scripts/PublicationsView.aspx?id=23603
Kerala,2018,65.5,t154_cd_ratio_utilisation,Table 154: State-wise Credit-Deposit Ratio (Place of Utilisation),https://www.rbi.org.in/Scripts/PublicationsView.aspx?id=23603
Kerala,2019,67.5,t154_cd_ratio_utilisation,Table 154: State-wise Credit-Deposit Ratio (Place of Utilisation),https://www.rbi.org.in/Scripts/PublicationsView.aspx?id=23603
Kerala,2020,66.2,t154_cd_ratio_utilisation,Table 154: State-wise Credit-Deposit Ratio (Place of Utilisation),https://www.rbi.org.in/Scripts/PublicationsView.aspx?id=23603
Kerala,2021,64.0,t154_cd_ratio_utilisation,Table 154: State-wise Credit-Deposit Ratio (Place of Utilisation),https://www.rbi.org.in/Scripts/PublicationsView.aspx?id=23603
Kerala,2022,63.3,t154_cd_ratio_utilisation,Table 154: State-wise Credit-Deposit Ratio (Place of Utilisation),https://www.rbi.org.in/Scripts/PublicationsView.aspx?id=23603
Kerala,2023,67.6,t154_cd_ratio_utilisation,Table 154: State-wise Credit-Deposit Ratio (Place of Utilisation),https://www.rbi.org.in/Scripts/PublicationsView.aspx?id=23603
Kerala,2024,72.3,t154_cd_ratio_utilisation,Table 154: State-wise Credit-Deposit Ratio (Place of Utilisation),https://www.rbi.org.in/Scripts/PublicationsView.aspx?id=23603
Kerala,2025,70.8,t154_cd_ratio_utilisation,Table 154: State-wise Credit-Deposit Ratio (Place of Utilisation),https://www.rbi.org.in/Scripts/PublicationsView.aspx?id=23603
Lakshadweep,2015,9.1,t154_cd_ratio_utilisation,Table 154: State-wise Credit-Deposit Ratio (Place of Utilisation),https://www.rbi.org.in/Scripts/PublicationsView.aspx?id=23603
Lakshadweep,2016,10.5,t154_cd_ratio_utilisation,Table 154: State-wise Credit-Deposit Ratio (Place of Utilisation),https://www.rbi.org.in/Scripts/PublicationsView.aspx?id=23603
Lakshadweep,2017,8.4,t154_cd_ratio_utilisation,Table 154: State-wise Credit-Deposit Ratio (Place of Utilisation),https://www.rbi.org.in/Scripts/PublicationsView.aspx?id=23603
Lakshadweep,2018,7.1,t154_cd_ratio_utilisation,Table 154: State-wise Credit-Deposit Ratio (Place of Utilisation),https://www.rbi.org.in/Scripts/PublicationsView.aspx?id=23603
Lakshadweep,2019,8.2,t154_cd_ratio_utilisation,Table 154: State-wise Credit-Deposit Ratio (Place of Utilisation),https://www.rbi.org.in/Scripts/PublicationsView.aspx?id=23603
Lakshadweep,2020,8.7,t154_cd_ratio_utilisation,Table 154: State-wise Credit-Deposit Ratio (Place of Utilisation),https://www.rbi.org.in/Scripts/PublicationsView.aspx?id=23603
Lakshadweep,2021,7.9,t154_cd_ratio_utilisation,Table 154: State-wise Credit-Deposit Ratio (Place of Utilisation),https://www.rbi.org.in/Scripts/PublicationsView.aspx?id=23603
Lakshadweep,2022,9.6,t154_cd_ratio_utilisation,Table 154: State-wise Credit-Deposit Ratio (Place of Utilisation),https://www.rbi.org.in/Scripts/PublicationsView.aspx?id=23603
Lakshadweep,2023,10.3,t154_cd_ratio_utilisation,Table 154: State-wise Credit-Deposit Ratio (Place of Utilisation),https://www.rbi.org.in/Scripts/PublicationsView.aspx?id=23603
Lakshadweep,2024,10.9,t154_cd_ratio_utilisation,Table 154: State-wise Credit-Deposit Ratio (Place of Utilisation),https://www.rbi.org.in/Scripts/PublicationsView.aspx?id=23603
Lakshadweep,2025,12.7,t154_cd_ratio_utilisation,Table 154: State-wise Credit-Deposit Ratio (Place of Utilisation),https://www.rbi.org.in/Scripts/PublicationsView.aspx?id=23603
Puducherry,2015,74.4,t154_cd_ratio_utilisation,Table 154: State-wise Credit-Deposit Ratio (Place of Utilisation),https://www.rbi.org.in/Scripts/PublicationsView.aspx?id=23603
Puducherry,2016,69.4,t154_cd_ratio_utilisation,Table 154: State-wise Credit-Deposit Ratio (Place of Utilisation),https://www.rbi.org.in/Scripts/PublicationsView.aspx?id=23603
Puducherry,2017,66.3,t154_cd_ratio_utilisation,Table 154: State-wise Credit-Deposit Ratio (Place of Utilisation),https://www.rbi.org.in/Scripts/PublicationsView.aspx?id=23603
Puducherry,2018,66.8,t154_cd_ratio_utilisation,Table 154: State-wise Credit-Deposit Ratio (Place of Utilisation),https://www.rbi.org.in/Scripts/PublicationsView.aspx?id=23603
Puducherry,2019,69.4,t154_cd_ratio_utilisation,Table 154: State-wise Credit-Deposit Ratio (Place of Utilisation),https://www.rbi.org.in/Scripts/PublicationsView.aspx?id=23603
Puducherry,2020,66.5,t154_cd_ratio_utilisation,Table 154: State-wise Credit-Deposit Ratio (Place of Utilisation),https://www.rbi.org.in/Scripts/PublicationsView.aspx?id=23603
Puducherry,2021,67.2,t154_cd_ratio_utilisation,Table 154: State-wise Credit-Deposit Ratio (Place of Utilisation),https://www.rbi.org.in/Scripts/PublicationsView.aspx?id=23603
Puducherry,2022,65.8,t154_cd_ratio_utilisation,Table 154: State-wise Credit-Deposit Ratio (Place of Utilisation),https://www.rbi.org.in/Scripts/PublicationsView.aspx?id=23603
Puducherry,2023,69.2,t154_cd_ratio_utilisation,Table 154: State-wise Credit-Deposit Ratio (Place of Utilisation),https://www.rbi.org.in/Scripts/PublicationsView.aspx?id=23603
Puducherry,2024,72.5,t154_cd_ratio_utilisation,Table 154: State-wise Credit-Deposit Ratio (Place of Utilisation),https://www.rbi.org.in/Scripts/PublicationsView.aspx?id=23603
Puducherry,2025,74.6,t154_cd_ratio_utilisation,Table 154: State-wise Credit-Deposit Ratio (Place of Utilisation),https://www.rbi.org.in/Scripts/PublicationsView.aspx?id=23603
Tamil Nadu,2015,117.5,t154_cd_ratio_utilisation,Table 154: State-wise Credit-Deposit Ratio (Place of Utilisation),https://www.rbi.org.in/Scripts/PublicationsView.aspx?id=23603
Tamil Nadu,2016,112.4,t154_cd_ratio_utilisation,Table 154: State-wise Credit-Deposit Ratio (Place of Utilisation),https://www.rbi.org.in/Scripts/PublicationsView.aspx?id=23603
Tamil Nadu,2017,103.8,t154_cd_ratio_utilisation,Table 154: State-wise Credit-Deposit Ratio (Place of Utilisation),https://www.rbi.org.in/Scripts/PublicationsView.aspx?id=23603
Tamil Nadu,2018,110.8,t154_cd_ratio_utilisation,Table 154: State-wise Credit-Deposit Ratio (Place of Utilisation),https://www.rbi.org.in/Scripts/PublicationsView.aspx?id=23603
Tamil Nadu,2019,111.6,t154_cd_ratio_utilisation,Table 154: State-wise Credit-Deposit Ratio (Place of Utilisation),https://www.rbi.org.in/Scripts/PublicationsView.aspx?id=23603
Tamil Nadu,2020,109.2,t154_cd_ratio_utilisation,Table 154: State-wise Credit-Deposit Ratio (Place of Utilisation),https://www.rbi.org.in/Scripts/PublicationsView.aspx?id=23603
Tamil Nadu,2021,103.8,t154_cd_ratio_utilisation,Table 154: State-wise Credit-Deposit Ratio (Place of Utilisation),https://www.rbi.org.in/Scripts/PublicationsView.aspx?id=23603
Tamil Nadu,2022,103.7,t154_cd_ratio_utilisation,Table 154: State-wise Credit-Deposit Ratio (Place of Utilisation),https://www.rbi.org.in/Scripts/PublicationsView.aspx?id=23603
Tamil Nadu,2023,109.4,t154_cd_ratio_utilisation,Table 154: State-wise Credit-Deposit Ratio (Place of Utilisation),https://www.rbi.org.in/Scripts/PublicationsView.aspx?id=23603
Tamil Nadu,2024,117.7,t154_cd_ratio_utilisation,Table 154: State-wise Credit-Deposit Ratio (Place of Utilisation),https://www.rbi.org.in/Scripts/PublicationsView.aspx?id=23603
Tamil Nadu,2025,120.5,t154_cd_ratio_utilisation,Table 154: State-wise Credit-Deposit Ratio (Place of Utilisation),https://www.rbi.org.in/Scripts/PublicationsView.aspx?id=23603
Telangana,2015,107.8,t154_cd_ratio_utilisation,Table 154: State-wise Credit-Deposit Ratio (Place of Utilisation),https://www.rbi.org.in/Scripts/PublicationsView.aspx?id=23603
Telangana,2016,111.5,t154_cd_ratio_utilisation,Table 154: State-wise Credit-Deposit Ratio (Place of Utilisation),https://www.rbi.org.in/Scripts/PublicationsView.aspx?id=23603
Telangana,2017,103.6,t154_cd_ratio_utilisation,Table 154: State-wise Credit-Deposit Ratio (Place of Utilisation),https://www.rbi.org.in/Scripts/PublicationsView.aspx?id=23603
Telangana,2018,115.1,t154_cd_ratio_utilisation,Table 154: State-wise Credit-Deposit Ratio (Place of Utilisation),https://www.rbi.org.in/Scripts/PublicationsView.aspx?id=23603
Telangana,2019,113.1,t154_cd_ratio_utilisation,Table 154: State-wise Credit-Deposit Ratio (Place of Utilisation),https://www.rbi.org.in/Scripts/PublicationsView.aspx?id=23603
Telangana,2020,110.5,t154_cd_ratio_utilisation,Table 154: State-wise Credit-Deposit Ratio (Place of Utilisation),https://www.rbi.org.in/Scripts/PublicationsView.aspx?id=23603
Telangana,2021,99.3,t154_cd_ratio_utilisation,Table 154: State-wise Credit-Deposit Ratio (Place of Utilisation),https://www.rbi.org.in/Scripts/PublicationsView.aspx?id=23603
Telangana,2022,103.4,t154_cd_ratio_utilisation,Table 154: State-wise Credit-Deposit Ratio (Place of Utilisation),https://www.rbi.org.in/Scripts/PublicationsView.aspx?id=23603
Telangana,2023,111.9,t154_cd_ratio_utilisation,Table 154: State-wise Credit-Deposit Ratio (Place of Utilisation),https://www.rbi.org.in/Scripts/PublicationsView.aspx?id=23603
Telangana,2024,119.4,t154_cd_ratio_utilisation,Table 154: State-wise Credit-Deposit Ratio (Place of Utilisation),https://www.rbi.org.in/Scripts/PublicationsView.aspx?id=23603
Telangana,2025,120.5,t154_cd_ratio_utilisation,Table 154: State-wise Credit-Deposit Ratio (Place of Utilisation),https://www.rbi.org.in/Scripts/PublicationsView.aspx?id=23603
