state_raw,year_label,value,table,source_title,source_url
Chandigarh,2004,10394.0,t155_deposits,Table 155: State-wise Deposits by Scheduled Commercial Banks,https://www.rbi.org.in/Scripts/PublicationsView.aspx?id=23604
Chandigarh,2005,12408.0,t155_deposits,Table 155: State-wise Deposits by Scheduled Commercial Banks,https://www.rbi.org.in/Scripts/PublicationsView.aspx?id=23604
Chandigarh,2006,18468.0,t155_deposits,Table 155: State-wise Deposits by Scheduled Commercial Banks,https://www.rbi.org.in/Scripts/PublicationsView.aspx?id=23604
Chandigarh,2007,19792.0,t155_deposits,Table 155: State-wise Deposits by Scheduled Commercial Banks,https://www.rbi.org.in/Scripts/PublicationsView.aspx?id=23604
Chandigarh,2008,23270.0,t155_deposits,Table 155: State-wise Deposits by Scheduled Commercial Banks,https://www.rbi.org.in/Scripts/PublicationsView.aspx?id=23604
Chandigarh,2009,27810.0,t155_deposits,Table 155: State-wise Deposits by Scheduled Commercial Banks,https://www.rbi.org.in/Scripts/PublicationsView.aspx?id=23604
Chandigarh,2010,31488.0,t155_deposits,Table 155: State-wise Deposits by Scheduled Commercial Banks,https://www.rbi.org.in/Scripts/PublicationsView.aspx?id=23604
Chandigarh,2011,37998.0,t155_deposits,Table 155: State-wise Deposits by Scheduled Commercial Banks,https://www.rbi.org.in/Scripts/PublicationsView.aspx?id=23604
Chandigarh,2012,39384.0,t155_deposits,Table 155: State-wise Deposits by Scheduled Commercial Banks,https://www.rbi.org.in/Scripts/PublicationsView.aspx?id=23604
Chandigarh,2013,45392.0,t155_deposits,Table 155: State-wise Deposits by Scheduled Commercial Banks,https://www.rbi.org.in/Scripts/PublicationsView.aspx?id=23604
Chandigarh,2014,48262.0,t155_deposits,Table 155: State-wise Deposits by Scheduled Commercial Banks,https://www.rbi.org.in/Scripts/PublicationsView.aspx?id=23604
Delhi,2004,183001.0,t155_deposits,Table 155: State-wise Deposits by Scheduled Commercial Banks,https://www.rbi.org.in/Scripts/PublicationsView.aspx?id=23604
Delhi,2005,223662.0,t155_deposits,Table 155: State-wise Deposits by Scheduled Commercial Banks,https://www.rbi.org.in/Scripts/PublicationsView.aspx?id=23604
Delhi,2006,269754.0,t155_deposits,Table 155: State-wise Deposits by Scheduled Commercial Banks,https://www.rbi.org.in/Scripts/PublicationsView.aspx?id=23604
Delhi,2007,336067.0,t155_deposits,Table 155: State-wise Deposits by Scheduled Commercial Banks,https://www.rbi.org.in/Scripts/PublicationsView.aspx?id=23604
Delhi,2008,428245.0,t155_deposits,Table 155: State-wise Deposits by Scheduled Commercial Banks,https://www.rbi.org.in/Scripts/PublicationsView.aspx?id=23604
Delhi,2009,515033.0,t155_deposits,Table 155: State-wise Deposits by Scheduled Commercial Banks,https://www.rbi.org.in/Scripts/PublicationsView.aspx?id=23604
Delhi,2010,565013.0,t155_deposits,Table 155: State-wise Deposits by Scheduled Commercial Banks,https://www.rbi.org.in/Scripts/PublicationsView.aspx?id=23604
Delhi,2011,635923.0,t155_deposits,Table 155: State-wise Deposits by Scheduled Commercial Banks,https://www.rbi.org.in/Scripts/PublicationsView.aspx?id=23604
Delhi,2012,684133.0,t155_deposits,Table 155: State-wise Deposits by Scheduled Commercial Banks,https://www.rbi.org.in/Scripts/PublicationsView.aspx?id=23604
Delhi,2013,752187.0,t155_deposits,Table 155: State-wise Deposits by Scheduled Commercial Banks,https://www.rbi.org.in/Scripts/PublicationsView.aspx?id=23604
Delhi,2014,814665.0,t155_deposits,Table 155: State-wise Deposits by Scheduled Commercial Banks,https://www.rbi.org.in/Scripts/PublicationsView.aspx?id=23604
Haryana,2004,30621.0,t155_deposits,Table 155: State-wise Deposits by Scheduled Commercial Banks,https://www.rbi.org.in/Scripts/PublicationsView.aspx?id=23604
Haryana,2005,36753.0,t155_deposits,Table 155: State-wise Deposits by Scheduled Commercial Banks,https://www.rbi.org.in/Scripts/PublicationsView.aspx?id=23604
Haryana,2006,49365.0,t155_deposits,Table 155: State-wise Deposits by Scheduled Commercial Banks,https://www.rbi.org.in/Scripts/PublicationsView.aspx?id=23604
Haryana,2007,60764.0,t155_deposits,Table 155: State-wise Deposits by Scheduled Commercial Banks,https://www.rbi.org.in/Scripts/PublicationsView.aspx?id=23604
Haryana,2008,74473.0,t155_deposits,Table 155: State-wise Deposits by Scheduled Commercial Banks,https://www.rbi.org.in/Scripts/PublicationsView.aspx?id=23604
Haryana,2009,86965.0,t155_deposits,Table 155: State-wise Deposits by Scheduled Commercial Banks,https://www.rbi.org.in/Scripts/PublicationsView.aspx?id=23604
Haryana,2010,109172.0,t155_deposits,Table 155: State-wise Deposits by Scheduled Commercial Banks,https://www.rbi.org.in/Scripts/PublicationsView.aspx?id=23604
Haryana,2011,129381.0,t155_deposits,Table 155: State-wise Deposits by Scheduled Commercial Banks,https://www.rbi.org.in/Scripts/PublicationsView.aspx?id=23604
Haryana,2012,145844.0,t155_deposits,Table 155: State-wise Deposits by Scheduled Commercial Banks,https://www.rbi.org.in/Scripts/PublicationsView.aspx?id=23604
Haryana,2013,169393.0,t155_deposits,Table 155: State-wise Deposits by Scheduled Commercial Banks,https://www.rbi.org.in/Scripts/PublicationsView.aspx?id=23604
Haryana,2014,193315.0,t155_deposits,Table 155: State-wise Deposits by Scheduled Commercial Banks,https://www.rbi.org.in/Scripts/PublicationsView.aspx?id=23604
Himachal Pradesh,2004,10972.0,t155_deposits,Table 155: State-wise Deposits by Scheduled Commercial Banks,https://www.rbi.org.in/Scripts/PublicationsView.aspx?id=23604
Himachal Pradesh,2005,12314.0,t155_deposits,Table 155: State-wise Deposits by Scheduled Commercial Banks,https://www.rbi.org.in/Scripts/PublicationsView.aspx?id=23604
Himachal Pradesh,2006,14050.0,t155_deposits,Table 155: State-wise Deposits by Scheduled Commercial Banks,https://www.rbi.org.in/Scripts/PublicationsView.aspx?id=23604
Himachal Pradesh,2007,16832.0,t155_deposits,Table 155: State-wise Deposits by Scheduled Commercial Banks,https://www.rbi.org.in/Scripts/PublicationsView.aspx?id=23604
Himachal Pradesh,2008,19200.0,t155_deposits,Table 155: State-wise Deposits by Scheduled Commercial Banks,https://www.rbi.org.in/Scripts/PublicationsView.aspx?id=23604
Himachal Pradesh,2009,23754.0,t155_deposits,Table 155: State-wise Deposits by Scheduled Commercial Banks,https://www.rbi.org.in/Scripts/PublicationsView.aspx?id=23604
Himachal Pradesh,2010,26885.0,t155_deposits,Table 155: State-wise Deposits by Scheduled Commercial Banks,https://www.rbi.org.in/Scripts/PublicationsView.aspx?id=23604
Himachal Pradesh,2011,32379.0,t155_deposits,Table 155: State-wise Deposits by Scheduled Commercial Banks,https://www.rbi.org.in/Scripts/PublicationsView.aspx?id=23604
Himachal Pradesh,2012,37996.0,t155_deposits,Table 155: State-wise Deposits by Scheduled Commercial Banks,https://www.rbi.org.in/Scripts/PublicationsView.aspx?id=23604
Himachal Pradesh,2013,45019.0,t155_deposits,Table 155: State-wise Deposits by Scheduled Commercial Banks,https://www.rbi.org.in/Scripts/PublicationsView.aspx?id=23604
Himachal Pradesh,2014,51993.0,t155_deposits,Table 155: State-wise Deposits by Scheduled Commercial Banks,https://www.rbi.org.in/Scripts/PublicationsView.aspx?id=23604
Jammu & Kashmir,2004,14717.0,t155_deposits,Table 155: State-wise Deposits by Scheduled Commercial Banks,https://www.rbi.org.in/Scripts/PublicationsView.aspx?id=23604
Jammu & Kashmir,2005,16673.0,t155_deposits,Table 155: State-wise Deposits by Scheduled Commercial Banks,https://www.rbi.org.in/Scripts/PublicationsView.aspx?id=23604
Jammu & Kashmir,2006,19254.0,t155_deposits,Table 155: State-wise Deposits by Scheduled Commercial Banks,https://www.rbi.org.in/Scripts/PublicationsView.aspx?id=23604
Jammu & Kashmir,2007,22054.0,t155_deposits,Table 155: State-wise Deposits by Scheduled Commercial Banks,https://www.rbi.org.in/Scripts/PublicationsView.aspx?id=23604
Jammu & Kashmir,2008,25126.0,t155_deposits,Table 155: State-wise Deposits by Scheduled Commercial Banks,https://www.rbi.org.in/Scripts/PublicationsView.aspx?id=23604
Jammu & Kashmir,2009,29271.0,t155_deposits,Table 155: State-wise Deposits by Scheduled Commercial Banks,https://www.rbi.org.in/Scripts/PublicationsView.aspx?id=23604
Jammu & Kashmir,2010,34003.0,t155_deposits,Table 155: State-wise Deposits by Scheduled Commercial Banks,https://www.rbi.org.in/Scripts/PublicationsView.aspx?id=23604
Jammu & Kashmir,2011,40151.0,t155_deposits,Table 155: State-wise Deposits by Scheduled Commercial Banks,https://www.rbi.org.in/Scripts/PublicationsView.aspx?id=23604
Jammu & Kashmir,2012,50027.0,t155_deposits,Table 155: State-wise Deposits by Scheduled Commercial Banks,https://www.rbi.org.in/Scripts/PublicationsView.aspx?id=23604
Jammu & Kashmir,2013,59381.0,t155_deposits,Table 155: State-wise Deposits by Scheduled Commercial Banks,https://www.rbi.org.in/Scripts/PublicationsView.aspx?id=23604
Jammu & Kashmir,2014,66557.0,t155_deposits,Table 155: State-wise Deposits by Scheduled Commercial Banks,https://www.rbi.org.in/Scripts/PublicationsView.aspx?id=23604
Ladakh,2004,,t155_deposits,Table 155: State-wise Deposits by Scheduled Commercial Banks,https://www.rbi.org.in/Scripts/PublicationsView.aspx?id=23604
Ladakh,2005,,t155_deposits,Table 155: State-wise Deposits by Scheduled Commercial Banks,https://www.rbi.org.in/Scripts/PublicationsView.aspx?id=23604
Ladakh,2006,,t155_deposits,Table 155: State-wise Deposits by Scheduled Commercial Banks,https://www.rbi.org.in/Scripts/PublicationsView.aspx?id=23604
Ladakh,2007,,t155_deposits,Table 155: State-wise Deposits by Scheduled Commercial Banks,https://www.rbi.org.in/Scripts/PublicationsView.aspx?id=23604
Ladakh,2008,,t155_deposits,Table 155: State-wise Deposits by Scheduled Commercial Banks,https://www.rbi.org.in/Scripts/PublicationsView.aspx?id=23604
Ladakh,2009,,t155_deposits,Table 155: State-wise Deposits by Scheduled Commercial Banks,https://www.rbi.org.in/Scripts/PublicationsView.aspx?id=23604
Ladakh,2010,,t155_deposits,Table 155: State-wise Deposits by Scheduled Commercial Banks,https://www.rbi.org.in/Scripts/PublicationsView.aspx?id=23604
Ladakh,2011,,t155_deposits,Table 155: State-wise Deposits by Scheduled Commercial Banks,https://www.rbi.org.in/Scripts/PublicationsView.aspx?id=23604
Ladakh,2012,,t155_deposits,Table 155: State-wise Deposits by Scheduled Commercial Banks,https://www.rbi.org.in/Scripts/PublicationsView.aspx?id=23604
Ladakh,2013,,t155_deposits,Table 155: State-wise Deposits by Scheduled Commercial Banks,https://www.rbi.org.in/Scripts/PublicationsView.aspx?id=23604
Ladakh,2014,,t155_deposits,Table 155: State-wise Deposits by Scheduled Commercial Banks,https://www.rbi.org.in/Scripts/PublicationsView.aspx?id=23604
Punjab,2004,61604.0,t155_deposits,Table 155: State-wise Deposits by Scheduled Commercial Banks,https://www.rbi.org.in/Scripts/PublicationsView.aspx?id=23604
Punjab,2005,65771.0,t155_deposits,Table 155: State-wise Deposits by Scheduled Commercial Banks,https://www.rbi.org.in/Scripts/PublicationsView.aspx?id=23604
Punjab,2006,72797.0,t155_deposits,Table 155: State-wise Deposits by Scheduled Commercial Banks,https://www.rbi.org.in/Scripts/PublicationsView.aspx?id=23604
Punjab,2007,84612.0,t155_deposits,Table 155: State-wise Deposits by Scheduled Commercial Banks,https://www.rbi.org.in/Scripts/PublicationsView.aspx?id=23604
Punjab,2008,100111.0,t155_deposits,Table 155: State-wise Deposits by Scheduled Commercial Banks,https://www.rbi.org.in/Scripts/PublicationsView.aspx?id=23604
Punjab,2009,120328.0,t155_deposits,Table 155: State-wise Deposits by Scheduled Commercial Banks,https://www.rbi.org.in/Scripts/PublicationsView.aspx?id=23604
Punjab,2010,133200.0,t155_deposits,Table 155: State-wise Deposits by Scheduled Commercial Banks,https://www.rbi.org.in/Scripts/PublicationsView.aspx?id=23604
Punjab,2011,152809.0,t155_deposits,Table 155: State-wise Deposits by Scheduled Commercial Banks,https://www.rbi.org.in/Scripts/PublicationsView.aspx?id=23604
Punjab,2012,172902.0,t155_deposits,Table 155: State-wise Deposits by Scheduled Commercial Banks,https://www.rbi.org.in/Scripts/PublicationsView.aspx?id=23604
Punjab,2013,199810.0,t155_deposits,Table 155: State-wise Deposits by Scheduled Commercial Banks,https://www.rbi.org.in/Scripts/PublicationsView.aspx?id=23604
Punjab,2014,230021.0,t155_deposits,Table 155: State-wise Deposits by Scheduled Commercial Banks,https://www.rbi.org.in/Scripts/PublicationsView.aspx?id=23604
Rajasthan,2004,38819.0,t155_deposits,Table 155: State-wise Deposits by Scheduled Commercial Banks,https://www.rbi.org.in/Scripts/PublicationsView.aspx?id=23604
Rajasthan,2005,42823.0,t155_deposits,Table 155: State-wise Deposits by Scheduled Commercial Banks,https://www.rbi.org.in/Scripts/PublicationsView.aspx?id=23604
Rajasthan,2006,48900.0,t155_deposits,Table 155: State-wise Deposits by Scheduled Commercial Banks,https://www.rbi.org.in/Scripts/PublicationsView.aspx?id=23604
Rajasthan,2007,59259.0,t155_deposits,Table 155: State-wise Deposits by Scheduled Commercial Banks,https://www.rbi.org.in/Scripts/PublicationsView.aspx?id=23604
Rajasthan,2008,72788.0,t155_deposits,Table 155: State-wise Deposits by Scheduled Commercial Banks,https://www.rbi.org.in/Scripts/PublicationsView.aspx?id=23604
Rajasthan,2009,91777.0,t155_deposits,Table 155: State-wise Deposits by Scheduled Commercial Banks,https://www.rbi.org.in/Scripts/PublicationsView.aspx?id=23604
Rajasthan,2010,106736.0,t155_deposits,Table 155: State-wise Deposits by Scheduled Commercial Banks,https://www.rbi.org.in/Scripts/PublicationsView.aspx?id=23604
Rajasthan,2011,128000.0,t155_deposits,Table 155: State-wise Deposits by Scheduled Commercial Banks,https://www.rbi.org.in/Scripts/PublicationsView.aspx?id=23604
Rajasthan,2012,150631.0,t155_deposits,Table 155: State-wise Deposits by Scheduled Commercial Banks,https://www.rbi.org.in/Scripts/PublicationsView.aspx?id=23604
Rajasthan,2013,176271.0,t155_deposits,Table 155: State-wise Deposits by Scheduled Commercial Banks,https://www.rbi.org.in/Scripts/PublicationsView.aspx?id=23604
Rajasthan,2014,201257.0,t155_deposits,Table 155: State-wise Deposits by Scheduled Commercial Banks,https://www.rbi.org.in/Scripts/PublicationsView.aspx?id=23604
Arunachal Pradesh,2004,1068.0,t155_deposits,Table 155: State-wise Deposits by Scheduled Commercial Banks,https://www.rbi.org.in/Scripts/PublicationsView.aspx?id=23604
Arunachal Pradesh,2005,1198.0,t155_deposits,Table 155: State-wise Deposits by Scheduled Commercial Banks,https://www.rbi.org.in/Scripts/PublicationsView.aspx?id=23604
Arunachal Pradesh,2006,1441.0,t155_deposits,Table 155: State-wise Deposits by Scheduled Commercial Banks,https://www.rbi.org.in/Scripts/PublicationsView.aspx?id=23604
Arunachal Pradesh,2007,1741.0,t155_deposits,Table 155: State-wise Deposits by Scheduled Commercial Banks,https://www.rbi.org.in/Scripts/PublicationsView.aspx?id=23604
Arunachal Pradesh,2008,2575.0,t155_deposits,Table 155: State-wise Deposits by Scheduled Commercial Banks,https://www.rbi.org.in/Scripts/PublicationsView.aspx?id=23604
Arunachal Pradesh,2009,3575.0,t155_deposits,Table 155: State-wise Deposits by Scheduled Commercial Banks,https://www.rbi.org.in/Scripts/PublicationsView.aspx?id=23604
Arunachal Pradesh,2010,4126.0,t155_deposits,Table 155: State-wise Deposits by Scheduled Commercial Banks,https://www.rbi.org.in/Scripts/PublicationsView.aspx?id=23604
Arunachal Pradesh,2011,5192.0,t155_deposits,Table 155: State-wise Deposits by Scheduled Commercial Banks,https://www.rbi.org.in/Scripts/PublicationsView.aspx?id=23604
Arunachal Pradesh,2012,5753.0,t155_deposits,Table 155: State-wise Deposits by Scheduled Commercial Banks,https://www.rbi.org.in/Scripts/PublicationsView.aspx?id=23604
Arunachal Pradesh,2013,7011.0,t155_deposits,Table 155: State-wise Deposits by Scheduled Commercial Banks,https://www.rbi.org.in/Scripts/PublicationsView.aspx?id=23604
Arunachal Pradesh,2014,7525.0,t155_deposits,Table 155: State-wise Deposits by Scheduled Commercial Banks,https://www.rbi.org.in/Scripts/PublicationsView.aspx?id=23604
Assam,2004,14507.0,t155_deposits,Table 155: State-wise Deposits by Scheduled Commercial Banks,https://www.rbi.org.in/Scripts/PublicationsView.aspx?id=23604
Assam,2005,17782.0,t155_deposits,Table 155: State-wise Deposits by Scheduled Commercial Banks,https://www.rbi.org.in/Scripts/PublicationsView.aspx?id=23604
Assam,2006,20746.0,t155_deposits,Table 155: State-wise Deposits by Scheduled Commercial Banks,https://www.rbi.org.in/Scripts/PublicationsView.aspx?id=23604
Assam,2007,25581.0,t155_deposits,Table 155: State-wise Deposits by Scheduled Commercial Banks,https://www.rbi.org.in/Scripts/PublicationsView.aspx?id=23604
Assam,2008,31051.0,t155_deposits,Table 155: State-wise Deposits by Scheduled Commercial Banks,https://www.rbi.org.in/Scripts/PublicationsView.aspx?id=23604
Assam,2009,39266.0,t155_deposits,Table 155: State-wise Deposits by Scheduled Commercial Banks,https://www.rbi.org.in/Scripts/PublicationsView.aspx?id=23604
Assam,2010,48594.0,t155_deposits,Table 155: State-wise Deposits by Scheduled Commercial Banks,https://www.rbi.org.in/Scripts/PublicationsView.aspx?id=23604
Assam,2011,58496.0,t155_deposits,Table 155: State-wise Deposits by Scheduled Commercial Banks,https://www.rbi.org.in/Scripts/PublicationsView.aspx?id=23604
Assam,2012,66571.0,t155_deposits,Table 155: State-wise Deposits by Scheduled Commercial Banks,https://www.rbi.org.in/Scripts/PublicationsView.aspx?id=23604
Assam,2013,76680.0,t155_deposits,Table 155: State-wise Deposits by Scheduled Commercial Banks,https://www.rbi.org.in/Scripts/PublicationsView.aspx?id=23604
Assam,2014,83840.0,t155_deposits,Table 155: State-wise Deposits by Scheduled Commercial Banks,https://www.rbi.org.in/Scripts/PublicationsView.aspx?id=23604
Manipur,2004,758.0,t155_deposits,Table 155: State-wise Deposits by Scheduled Commercial Banks,https://www.rbi.org.in/Scripts/PublicationsView.aspx?id=23604
Manipur,2005,997.0,t155_deposits,Table 155: State-wise Deposits by Scheduled Commercial Banks,https://www.rbi.org.in/Scripts/PublicationsView.aspx?id=23604
Manipur,2006,1218.0,t155_deposits,Table 155: State-wise Deposits by Scheduled Commercial Banks,https://www.rbi.org.in/Scripts/PublicationsView.aspx?id=23604
Manipur,2007,1396.0,t155_deposits,Table 155: State-wise Deposits by Scheduled Commercial Banks,https://www.rbi.org.in/Scripts/PublicationsView.aspx?id=23604
Manipur,2008,1785.0,t155_deposits,Table 155: State-wise Deposits by Scheduled Commercial Banks,https://www.rbi.org.in/Scripts/PublicationsView.aspx?id=23604
Manipur,2009,2523.0,t155_deposits,Table 155: State-wise Deposits by Scheduled Commercial Banks,https://www.rbi.org.in/Scripts/PublicationsView.aspx?id=23604
Manipur,2010,2699.0,t155_deposits,Table 155: State-wise Deposits by Scheduled Commercial Banks,https://www.rbi.org.in/Scripts/PublicationsView.aspx?id=23604
Manipur,2011,3362.0,t155_deposits,Table 155: State-wise Deposits by Scheduled Commercial Banks,https://www.rbi.org.in/Scripts/PublicationsView.aspx?id=23604
Manipur,2012,4071.0,t155_deposits,Table 155: State-wise Deposits by Scheduled Commercial Banks,https://www.rbi.org.in/Scripts/PublicationsView.aspx?id=23604
Manipur,2013,5136.0,t155_deposits,Table 155: State-wise Deposits by Scheduled Commercial Banks,https://www.rbi.org.in/Scripts/PublicationsView.aspx?id=23604
Manipur,2014,5063.0,t155_deposits,Table 155: State-wise Deposits by Scheduled Commercial Banks,https://www.rbi.org.in/Scripts/PublicationsView.aspx?id=23604
Meghalaya,2004,2758.0,t155_deposits,Table 155: State-wise Deposits by Scheduled Commercial Banks,https://www.rbi.org.in/Scripts/PublicationsView.aspx?id=23604
Meghalaya,2005,3065.0,t155_deposits,Table 155: State-wise Deposits by Scheduled Commercial Banks,https://www.rbi.org.in/Scripts/PublicationsView.aspx?id=23604
Meghalaya,2006,3246.0,t155_deposits,Table 155: State-wise Deposits by Scheduled Commercial Banks,https://www.rbi.org.in/Scripts/PublicationsView.aspx?id=23604
Meghalaya,2007,3894.0,t155_deposits,Table 155: State-wise Deposits by Scheduled Commercial Banks,https://www.rbi.org.in/Scripts/PublicationsView.aspx?id=23604
Meghalaya,2008,4512.0,t155_deposits,Table 155: State-wise Deposits by Scheduled Commercial Banks,https://www.rbi.org.in/Scripts/PublicationsView.aspx?id=23604
Meghalaya,2009,6205.0,t155_deposits,Table 155: State-wise Deposits by Scheduled Commercial Banks,https://www.rbi.org.in/Scripts/PublicationsView.aspx?id=23604
Meghalaya,2010,7643.0,t155_deposits,Table 155: State-wise Deposits by Scheduled Commercial Banks,https://www.rbi.org.in/Scripts/PublicationsView.aspx?id=23604
Meghalaya,2011,9583.0,t155_deposits,Table 155: State-wise Deposits by Scheduled Commercial Banks,https://www.rbi.org.in/Scripts/PublicationsView.aspx?id=23604
Meghalaya,2012,11054.0,t155_deposits,Table 155: State-wise Deposits by Scheduled Commercial Banks,https://www.rbi.org.in/Scripts/PublicationsView.aspx?id=23604
Meghalaya,2013,13653.0,t155_deposits,Table 155: State-wise Deposits by Scheduled Commercial Banks,https://www.rbi.org.in/Scripts/PublicationsView.aspx?id=23604
Meghalaya,2014,14583.0,t155_deposits,Table 155: State-wise Deposits by Scheduled Commercial Banks,https://www.rbi.org.in/Scripts/PublicationsView.aspx?id=23604
Mizoram,2004,716.0,t155_deposits,Table 155: State-wise Deposits by Scheduled Commercial Banks,https://www.rbi.org.in/Scripts/PublicationsView.aspx?id=23604
Mizoram,2005,789.0,t155_deposits,Table 155: State-wise Deposits by Scheduled Commercial Banks,https://www.rbi.org.in/Scripts/PublicationsView.aspx?id=23604
Mizoram,2006,966.0,t155_deposits,Table 155: State-wise Deposits by Scheduled Commercial Banks,https://www.rbi.org.in/Scripts/PublicationsView.aspx?id=23604
Mizoram,2007,1216.0,t155_deposits,Table 155: State-wise Deposits by Scheduled Commercial Banks,https://www.rbi.org.in/Scripts/PublicationsView.aspx?id=23604
Mizoram,2008,1376.0,t155_deposits,Table 155: State-wise Deposits by Scheduled Commercial Banks,https://www.rbi.org.in/Scripts/PublicationsView.aspx?id=23604
Mizoram,2009,1771.0,t155_deposits,Table 155: State-wise Deposits by Scheduled Commercial Banks,https://www.rbi.org.in/Scripts/PublicationsView.aspx?id=23604
Mizoram,2010,2239.0,t155_deposits,Table 155: State-wise Deposits by Scheduled Commercial Banks,https://www.rbi.org.in/Scripts/PublicationsView.aspx?id=23604
Mizoram,2011,2550.0,t155_deposits,Table 155: State-wise Deposits by Scheduled Commercial Banks,https://www.rbi.org.in/Scripts/PublicationsView.aspx?id=23604
Mizoram,2012,3356.0,t155_deposits,Table 155: State-wise Deposits by Scheduled Commercial Banks,https://www.rbi.org.in/Scripts/PublicationsView.aspx?id=23604
Mizoram,2013,4148.0,t155_deposits,Table 155: State-wise Deposits by Scheduled Commercial Banks,https://www.rbi.org.in/Scripts/PublicationsView.aspx?id=23604
Mizoram,2014,4715.0,t155_deposits,Table 155: State-wise Deposits by Scheduled Commercial Banks,https://www.rbi.org.in/Scripts/PublicationsView.aspx?id=23604
Nagaland,2004,1379.0,t155_deposits,Table 155: State-wise Deposits by Scheduled Commercial Banks,https://www.rbi.org.in/Scripts/PublicationsView.aspx?id=23604
Nagaland,2005,1313.0,t155_deposits,Table 155: State-wise Deposits by Scheduled Commercial Banks,https://www.rbi.org.in/Scripts/PublicationsView.aspx?id=23604
Nagaland,2006,1971.0,t155_deposits,Table 155: State-wise Deposits by Scheduled Commercial Banks,https://www.rbi.org.in/Scripts/PublicationsView.aspx?id=23604
Nagaland,2007,2248.0,t155_deposits,Table 155: State-wise Deposits by Scheduled Commercial Banks,https://www.rbi.org.in/Scripts/PublicationsView.aspx?id=23604
Nagaland,2008,2544.0,t155_deposits,Table 155: State-wise Deposits by Scheduled Commercial Banks,https://www.rbi.org.in/Scripts/PublicationsView.aspx?id=23604
Nagaland,2009,3443.0,t155_deposits,Table 155: State-wise Deposits by Scheduled Commercial Banks,https://www.rbi.org.in/Scripts/PublicationsView.aspx?id=23604
Nagaland,2010,4188.0,t155_deposits,Table 155: State-wise Deposits by Scheduled Commercial Banks,https://www.rbi.org.in/Scripts/PublicationsView.aspx?id=23604
Nagaland,2011,5207.0,t155_deposits,Table 155: State-wise Deposits by Scheduled Commercial Banks,https://www.rbi.org.in/Scripts/PublicationsView.aspx?id=23604
Nagaland,2012,5742.0,t155_deposits,Table 155: State-wise Deposits by Scheduled Commercial Banks,https://www.rbi.org.in/Scripts/PublicationsView.aspx?id=23604
Nagaland,2013,6344.0,t155_deposits,Table 155: State-wise Deposits by Scheduled Commercial Banks,https://www.rbi.org.in/Scripts/PublicationsView.aspx?id=23604
Nagaland,2014,6544.0,t155_deposits,Table 155: State-wise Deposits by Scheduled Commercial Banks,https://www.rbi.org.in/Scripts/PublicationsView.aspx?id=23604
Tripura,2004,2389.0,t155_deposits,Table 155: State-wise Deposits by Scheduled Commercial Banks,https://www.rbi.org.in/Scripts/PublicationsView.aspx?id=23604
Tripura,2005,2658.0,t155_deposits,Table 155: State-wise Deposits by Scheduled Commercial Banks,https://www.rbi.org.in/Scripts/PublicationsView.aspx?id=23604
Tripura,2006,3447.0,t155_deposits,Table 155: State-wise Deposits by Scheduled Commercial Banks,https://www.rbi.org.in/Scripts/PublicationsView.aspx?id=23604
Tripura,2007,3975.0,t155_deposits,Table 155: State-wise Deposits by Scheduled Commercial Banks,https://www.rbi.org.in/Scripts/PublicationsView.aspx?id=23604
Tripura,2008,4636.0,t155_deposits,Table 155: State-wise Deposits by Scheduled Commercial Banks,https://www.rbi.org.in/Scripts/PublicationsView.aspx?id=23604
Tripura,2009,6294.0,t155_deposits,Table 155: State-wise Deposits by Scheduled Commercial Banks,https://www.rbi.org.in/Scripts/PublicationsView.aspx?id=23604
Tripura,2010,7459.0,t155_deposits,Table 155: State-wise Deposits by Scheduled Commercial Banks,https://www.rbi.org.in/Scripts/PublicationsView.aspx?id=23604
Tripura,2011,8569.0,t155_deposits,Table 155: State-wise Deposits by Scheduled Commercial Banks,https://www.rbi.org.in/Scripts/PublicationsView.aspx?id=23604
Tripura,2012,10410.0,t155_deposits,Table 155: State-wise Deposits by Scheduled Commercial Banks,https://www.rbi.org.in/Scripts/PublicationsView.aspx?id=23604
Tripura,2013,11801.0,t155_deposits,Table 155: State-wise Deposits by Scheduled Commercial Banks,https://www.rbi.org.in/Scripts/PublicationsView.aspx?id=23604
Tripura,2014,13468.0,t155_deposits,Table 155: State-wise Deposits by Scheduled Commercial Banks,https://www.rbi.org.in/Scripts/PublicationsView.aspx?id=23604
Andaman & Nicobar Islands,2004,596.0,t155_deposits,Table 155: State-wise Deposits by Scheduled Commercial Banks,https://www.rbi.org.in/Scripts/PublicationsView.aspx?id=23604
Andaman & Nicobar Islands,2005,729.0,t155_deposits,Table 155: State-wise Deposits by Scheduled Commercial Banks,https://www.rbi.org.in/Scripts/PublicationsView.aspx?id=23604
Andaman & Nicobar Islands,2006,875.0,t155_deposits,Table 155: State-wise Deposits by Scheduled Commercial Banks,https://www.rbi.org.in/Scripts/PublicationsView.aspx?id=23604
Andaman & Nicobar Islands,2007,1009.0,t155_deposits,Table 155: State-wise Deposits by Scheduled Commercial Banks,https://www.rbi.org.in/Scripts/PublicationsView.aspx?id=23604
Andaman & Nicobar Islands,2008,1134.0,t155_deposits,Table 155: State-wise Deposits by Scheduled Commercial Banks,https://www.rbi.org.in/Scripts/PublicationsView.aspx?id=23604
Andaman & Nicobar Islands,2009,1415.0,t155_deposits,Table 155: State-wise Deposits by Scheduled Commercial Banks,https://www.rbi.org.in/Scripts/PublicationsView.aspx?id=23604
Andaman & Nicobar Islands,2010,1613.0,t155_deposits,Table 155: State-wise Deposits by Scheduled Commercial Banks,https://www.rbi.org.in/Scripts/PublicationsView.aspx?id=23604
Andaman & Nicobar Islands,2011,1787.0,t155_deposits,Table 155: State-wise Deposits by Scheduled Commercial Banks,https://www.rbi.org.in/Scripts/PublicationsView.aspx?id=23604
Andaman & Nicobar Islands,2012,2012.0,t155_deposits,Table 155: State-wise Deposits by Scheduled Commercial Banks,https://www.rbi.org.in/Scripts/PublicationsView.aspx?id=23604
Andaman & Nicobar Islands,2013,2329.0,t155_deposits,Table 155: State-wise Deposits by Scheduled Commercial Banks,https://www.rbi.org.in/Scripts/PublicationsView.aspx?id=23604
Andaman & Nicobar Islands,2014,2591.0,t155_deposits,Table 155: State-wise Deposits by Scheduled Commercial Banks,https://www.rbi.org.in/Scripts/PublicationsView.aspx?id=23604
Bihar,2004,36001.0,t155_deposits,Table 155: State-wise Deposits by Scheduled Commercial Banks,https://www.rbi.org.in/Scripts/PublicationsView.aspx?id=23604
Bihar,2005,41007.0,t155_deposits,Table 155: State-wise Deposits by Scheduled Commercial Banks,https://www.rbi.org.in/Scripts/PublicationsView.aspx?id=23604
Bihar,2006,45723.0,t155_deposits,Table 155: State-wise Deposits by Scheduled Commercial Banks,https://www.rbi.org.in/Scripts/PublicationsView.aspx?id=23604
Bihar,2007,56202.0,t155_deposits,Table 155: State-wise Deposits by Scheduled Commercial Banks,https://www.rbi.org.in/Scripts/PublicationsView.aspx?id=23604
Bihar,2008,67924.0,t155_deposits,Table 155: State-wise Deposits by Scheduled Commercial Banks,https://www.rbi.org.in/Scripts/PublicationsView.aspx?id=23604
Bihar,2009,87002.0,t155_deposits,Table 155: State-wise Deposits by Scheduled Commercial Banks,https://www.rbi.org.in/Scripts/PublicationsView.aspx?id=23604
Bihar,2010,100367.0,t155_deposits,Table 155: State-wise Deposits by Scheduled Commercial Banks,https://www.rbi.org.in/Scripts/PublicationsView.aspx?id=23604
Bihar,2011,119222.0,t155_deposits,Table 155: State-wise Deposits by Scheduled Commercial Banks,https://www.rbi.org.in/Scripts/PublicationsView.aspx?id=23604
Bihar,2012,139350.0,t155_deposits,Table 155: State-wise Deposits by Scheduled Commercial Banks,https://www.rbi.org.in/Scripts/PublicationsView.aspx?id=23604
Bihar,2013,163491.0,t155_deposits,Table 155: State-wise Deposits by Scheduled Commercial Banks,https://www.rbi.org.in/Scripts/PublicationsView.aspx?id=23604
Bihar,2014,190434.0,t155_deposits,Table 155: State-wise Deposits by Scheduled Commercial Banks,https://www.rbi.org.in/Scripts/PublicationsView.aspx?id=23604
Jharkhand,2004,23985.0,t155_deposits,Table 155: State-wise Deposits by Scheduled Commercial Banks,https://www.rbi.org.in/Scripts/PublicationsView.aspx?id=23604
Jharkhand,2005,27473.0,t155_deposits,Table 155: State-wise Deposits by Scheduled Commercial Banks,https://www.rbi.org.in/Scripts/PublicationsView.aspx?id=23604
Jharkhand,2006,31298.0,t155_deposits,Table 155: State-wise Deposits by Scheduled Commercial Banks,https://www.rbi.org.in/Scripts/PublicationsView.aspx?id=23604
Jharkhand,2007,36938.0,t155_deposits,Table 155: State-wise Deposits by Scheduled Commercial Banks,https://www.rbi.org.in/Scripts/PublicationsView.aspx?id=23604
Jharkhand,2008,43291.0,t155_deposits,Table 155: State-wise Deposits by Scheduled Commercial Banks,https://www.rbi.org.in/Scripts/PublicationsView.aspx?id=23604
Jharkhand,2009,55107.0,t155_deposits,Table 155: State-wise Deposits by Scheduled Commercial Banks,https://www.rbi.org.in/Scripts/PublicationsView.aspx?id=23604
Jharkhand,2010,63583.0,t155_deposits,Table 155: State-wise Deposits by Scheduled Commercial Banks,https://www.rbi.org.in/Scripts/PublicationsView.aspx?id=23604
Jharkhand,2011,75547.0,t155_deposits,Table 155: State-wise Deposits by Scheduled Commercial Banks,https://www.rbi.org.in/Scripts/PublicationsView.aspx?id=23604
Jharkhand,2012,87938.0,t155_deposits,Table 155: State-wise Deposits by Scheduled Commercial Banks,https://www.rbi.org.in/Scripts/PublicationsView.aspx?id=23604
Jharkhand,2013,104079.0,t155_deposits,Table 155: State-wise Deposits by Scheduled Commercial Banks,https://www.rbi.org.in/Scripts/PublicationsView.aspx?id=23604
Jharkhand,2014,120341.0,t155_deposits,Table 155: State-wise Deposits by Scheduled Commercial Banks,https://www.rbi.org.in/Scripts/PublicationsView.aspx?id=23604
Odisha,2004,22653.0,t155_deposits,Table 155: State-wise Deposits by Scheduled Commercial Banks,https://www.rbi.org.in/Scripts/PublicationsView.aspx?id=23604
Odisha,2005,26619.0,t155_deposits,Table 155: State-wise Deposits by Scheduled Commercial Banks,https://www.rbi.org.in/Scripts/PublicationsView.aspx?id=23604
Odisha,2006,32715.0,t155_deposits,Table 155: State-wise Deposits by Scheduled Commercial Banks,https://www.rbi.org.in/Scripts/PublicationsView.aspx?id=23604
Odisha,2007,41507.0,t155_deposits,Table 155: State-wise Deposits by Scheduled Commercial Banks,https://www.rbi.org.in/Scripts/PublicationsView.aspx?id=23604
Odisha,2008,53878.0,t155_deposits,Table 155: State-wise Deposits by Scheduled Commercial Banks,https://www.rbi.org.in/Scripts/PublicationsView.aspx?id=23604
Odisha,2009,70112.0,t155_deposits,Table 155: State-wise Deposits by Scheduled Commercial Banks,https://www.rbi.org.in/Scripts/PublicationsView.aspx?id=23604
Odisha,2010,82425.0,t155_deposits,Table 155: State-wise Deposits by Scheduled Commercial Banks,https://www.rbi.org.in/Scripts/PublicationsView.aspx?id=23604
Odisha,2011,102766.0,t155_deposits,Table 155: State-wise Deposits by Scheduled Commercial Banks,https://www.rbi.org.in/Scripts/PublicationsView.aspx?id=23604
Odisha,2012,124468.0,t155_deposits,Table 155: State-wise Deposits by Scheduled Commercial Banks,https://www.rbi.org.in/Scripts/PublicationsView.aspx?id=23604
Odisha,2013,142761.0,t155_deposits,Table 155: State-wise Deposits by Scheduled Commercial Banks,https://www.rbi.org.in/Scripts/PublicationsView.aspx?id=23604
Odisha,2014,164629.0,t155_deposits,Table 155: State-wise Deposits by Scheduled Commercial Banks,https://www.rbi.org.in/Scripts/PublicationsView.aspx?id=23604
Sikkim,2004,1151.0,t155_deposits,Table 155: State-wise Deposits by Scheduled Commercial Banks,https://www.rbi.org.in/Scripts/PublicationsView.aspx?id=23604
Sikkim,2005,1264.0,t155_deposits,Table 155: State-wise Deposits by Scheduled Commercial Banks,https://www.rbi.org.in/Scripts/PublicationsView.aspx?id=23604
Sikkim,2006,1308.0,t155_deposits,Table 155: State-wise Deposits by Scheduled Commercial Banks,https://www.rbi.org.in/Scripts/PublicationsView.aspx?id=23604
Sikkim,2007,1567.0,t155_deposits,Table 155: State-wise Deposits by Scheduled Commercial Banks,https://www.rbi.org.in/Scripts/PublicationsView.aspx?id=23604
Sikkim,2008,2106.0,t155_deposits,Table 155: State-wise Deposits by Scheduled Commercial Banks,https://www.rbi.org.in/Scripts/PublicationsView.aspx?id=23604
Sikkim,2009,2522.0,t155_deposits,Table 155: State-wise Deposits by Scheduled Commercial Banks,https://www.rbi.org.in/Scripts/PublicationsView.aspx?id=23604
Sikkim,2010,3134.0,t155_deposits,Table 155: State-wise Deposits by Scheduled Commercial Banks,https://www.rbi.org.in/Scripts/PublicationsView.aspx?id=23604
Sikkim,2011,3292.0,t155_deposits,Table 155: State-wise Deposits by Scheduled Commercial Banks,https://www.rbi.org.in/Scripts/PublicationsView.aspx?id=23604
Sikkim,2012,4010.0,t155_deposits,Table 155: State-wise Deposits by Scheduled Commercial Banks,https://www.rbi.org.in/Scripts/PublicationsView.aspx?id=23604
Sikkim,2013,4942.0,t155_deposits,Table 155: State-wise Deposits by Scheduled Commercial Banks,https://www.rbi.org.in/Scripts/PublicationsView.aspx?id=23604
Sikkim,2014,5152.0,t155_deposits,Table 155: State-wise Deposits by Scheduled Commercial Banks,https://www.rbi.org.in/Scripts/PublicationsView.aspx?id=23604
West Bengal,2004,96085.0,t155_deposits,Table 155: State-wise Deposits by Scheduled Commercial Banks,https://www.rbi.org.in/Scripts/PublicationsView.aspx?id=23604
West Bengal,2005,111919.0,t155_deposits,Table 155: State-wise Deposits by Scheduled Commercial Banks,https://www.rbi.org.in/Scripts/PublicationsView.aspx?id=23604
West Bengal,2006,126035.0,t155_deposits,Table 155: State-wise Deposits by Scheduled Commercial Banks,https://www.rbi.org.in/Scripts/PublicationsView.aspx?id=23604
West Bengal,2007,151036.0,t155_deposits,Table 155: State-wise Deposits by Scheduled Commercial Banks,https://www.rbi.org.in/Scripts/PublicationsView.aspx?id=23604
West Bengal,2008,190835.0,t155_deposits,Table 155: State-wise Deposits by Scheduled Commercial Banks,https://www.rbi.org.in/Scripts/PublicationsView.aspx?id=23604
West Bengal,2009,228488.0,t155_deposits,Table 155: State-wise Deposits by Scheduled Commercial Banks,https://www.rbi.org.in/Scripts/PublicationsView.aspx?id=23604
West Bengal,2010,276140.0,t155_deposits,Table 155: State-wise Deposits by Scheduled Commercial Banks,https://www.rbi.org.in/Scripts/PublicationsView.aspx?id=23604
West Bengal,2011,314222.0,t155_deposits,Table 155: State-wise Deposits by Scheduled Commercial Banks,https://www.rbi.org.in/Scripts/PublicationsView.aspx?id=23604
West Bengal,2012,373945.0,t155_deposits,Table 155: State-wise Deposits by Scheduled Commercial Banks,https://www.rbi.org.in/Scripts/PublicationsView.aspx?id=23604
West Bengal,2013,435573.0,t155_deposits,Table 155: State-wise Deposits by Scheduled Commercial Banks,https://www.rbi.org.in/Scripts/PublicationsView.aspx?id=23604
West Bengal,2014,480108.0,t155_deposits,Table 155: State-wise Deposits by Scheduled Commercial Banks,https://www.rbi.org.in/Scripts/PublicationsView.aspx?id=23604
Chhattisgarh,2004,14610.0,t155_deposits,Table 155: State-wise Deposits by Scheduled Commercial Banks,https://www.rbi.org.in/Scripts/PublicationsView.aspx?id=23604
Chhattisgarh,2005,16546.0,t155_deposits,Table 155: State-wise Deposits by Scheduled Commercial Banks,https://www.rbi.org.in/Scripts/PublicationsView.aspx?id=23604
Chhattisgarh,2006,20586.0,t155_deposits,Table 155: State-wise Deposits by Scheduled Commercial Banks,https://www.rbi.org.in/Scripts/PublicationsView.aspx?id=23604
Chhattisgarh,2007,24408.0,t155_deposits,Table 155: State-wise Deposits by Scheduled Commercial Banks,https://www.rbi.org.in/Scripts/PublicationsView.aspx?id=23604
Chhattisgarh,2008,30992.0,t155_deposits,Table 155: State-wise Deposits by Scheduled Commercial Banks,https://www.rbi.org.in/Scripts/PublicationsView.aspx?id=23604
Chhattisgarh,2009,39155.0,t155_deposits,Table 155: State-wise Deposits by Scheduled Commercial Banks,https://www.rbi.org.in/Scripts/PublicationsView.aspx?id=23604
Chhattisgarh,2010,47777.0,t155_deposits,Table 155: State-wise Deposits by Scheduled Commercial Banks,https://www.rbi.org.in/Scripts/PublicationsView.aspx?id=23604
Chhattisgarh,2011,56815.0,t155_deposits,Table 155: State-wise Deposits by Scheduled Commercial Banks,https://www.rbi.org.in/Scripts/PublicationsView.aspx?id=23604
Chhattisgarh,2012,68292.0,t155_deposits,Table 155: State-wise Deposits by Scheduled Commercial Banks,https://www.rbi.org.in/Scripts/PublicationsView.aspx?id=23604
Chhattisgarh,2013,82869.0,t155_deposits,Table 155: State-wise Deposits by Scheduled Commercial Banks,https://www.rbi.org.in/Scripts/PublicationsView.aspx?id=23604
Chhattisgarh,2014,88500.0,t155_deposits,Table 155: State-wise Deposits by Scheduled Commercial Banks,https://www.rbi.org.in/Scripts/PublicationsView.aspx?id=23604
Madhya Pradesh,2004,44093.0,t155_deposits,Table 155: State-wise Deposits by Scheduled Commercial Banks,https://www.rbi.org.in/Scripts/PublicationsView.aspx?id=23604
Madhya Pradesh,2005,47951.0,t155_deposits,Table 155: State-wise Deposits by Scheduled Commercial Banks,https://www.rbi.org.in/Scripts/PublicationsView.aspx?id=23604
Madhya Pradesh,2006,55516.0,t155_deposits,Table 155: State-wise Deposits by Scheduled Commercial Banks,https://www.rbi.org.in/Scripts/PublicationsView.aspx?id=23604
Madhya Pradesh,2007,65535.0,t155_deposits,Table 155: State-wise Deposits by Scheduled Commercial Banks,https://www.rbi.org.in/Scripts/PublicationsView.aspx?id=23604
Madhya Pradesh,2008,81382.0,t155_deposits,Table 155: State-wise Deposits by Scheduled Commercial Banks,https://www.rbi.org.in/Scripts/PublicationsView.aspx?id=23604
Madhya Pradesh,2009,100280.0,t155_deposits,Table 155: State-wise Deposits by Scheduled Commercial Banks,https://www.rbi.org.in/Scripts/PublicationsView.aspx?id=23604
Madhya Pradesh,2010,118183.0,t155_deposits,Table 155: State-wise Deposits by Scheduled Commercial Banks,https://www.rbi.org.in/Scripts/PublicationsView.aspx?id=23604
Madhya Pradesh,2011,138107.0,t155_deposits,Table 155: State-wise Deposits by Scheduled Commercial Banks,https://www.rbi.org.in/Scripts/PublicationsView.aspx?id=23604
Madhya Pradesh,2012,166865.0,t155_deposits,Table 155: State-wise Deposits by Scheduled Commercial Banks,https://www.rbi.org.in/Scripts/PublicationsView.aspx?id=23604
Madhya Pradesh,2013,198621.0,t155_deposits,Table 155: State-wise Deposits by Scheduled Commercial Banks,https://www.rbi.org.in/Scripts/PublicationsView.aspx?id=23604
Madhya Pradesh,2014,224910.0,t155_deposits,Table 155: State-wise Deposits by Scheduled Commercial Banks,https://www.rbi.org.in/Scripts/PublicationsView.aspx?id=23604
Uttarakhand,2004,17869.0,t155_deposits,Table 155: State-wise Deposits by Scheduled Commercial Banks,https://www.rbi.org.in/Scripts/PublicationsView.aspx?id=23604
Uttarakhand,2005,19649.0,t155_deposits,Table 155: State-wise Deposits by Scheduled Commercial Banks,https://www.rbi.org.in/Scripts/PublicationsView.aspx?id=23604
Uttarakhand,2006,23570.0,t155_deposits,Table 155: State-wise Deposits by Scheduled Commercial Banks,https://www.rbi.org.in/Scripts/PublicationsView.aspx?id=23604
Uttarakhand,2007,29397.0,t155_deposits,Table 155: State-wise Deposits by Scheduled Commercial Banks,https://www.rbi.org.in/Scripts/PublicationsView.aspx?id=23604
Uttarakhand,2008,36706.0,t155_deposits,Table 155: State-wise Deposits by Scheduled Commercial Banks,https://www.rbi.org.in/Scripts/PublicationsView.aspx?id=23604
Uttarakhand,2009,44876.0,t155_deposits,Table 155: State-wise Deposits by Scheduled Commercial Banks,https://www.rbi.org.in/Scripts/PublicationsView.aspx?id=23604
Uttarakhand,2010,41970.0,t155_deposits,Table 155: State-wise Deposits by Scheduled Commercial Banks,https://www.rbi.org.in/Scripts/PublicationsView.aspx?id=23604
Uttarakhand,2011,48655.0,t155_deposits,Table 155: State-wise Deposits by Scheduled Commercial Banks,https://www.rbi.org.in/Scripts/PublicationsView.aspx?id=23604
Uttarakhand,2012,56366.0,t155_deposits,Table 155: State-wise Deposits by Scheduled Commercial Banks,https://www.rbi.org.in/Scripts/PublicationsView.aspx?id=23604
Uttarakhand,2013,65917.0,t155_deposits,Table 155: State-wise Deposits by Scheduled Commercial Banks,https://www.rbi.org.in/Scripts/PublicationsView.aspx?id=23604
Uttarakhand,2014,76009.0,t155_deposits,Table 155: State-wise Deposits by Scheduled Commercial Banks,https://www.rbi.org.in/Scripts/PublicationsView.aspx?id=23604
Uttar Pradesh,2004,119662.0,t155_deposits,Table 155: State-wise Deposits by Scheduled Commercial Banks,https://www.rbi.org.in/Scripts/PublicationsView.aspx?id=23604
Uttar Pradesh,2005,135360.0,t155_deposits,Table 155: State-wise Deposits by Scheduled Commercial Banks,https://www.rbi.org.in/Scripts/PublicationsView.aspx?id=23604
Uttar Pradesh,2006,152645.0,t155_deposits,Table 155: State-wise Deposits by Scheduled Commercial Banks,https://www.rbi.org.in/Scripts/PublicationsView.aspx?id=23604
Uttar Pradesh,2007,181752.0,t155_deposits,Table 155: State-wise Deposits by Scheduled Commercial Banks,https://www.rbi.org.in/Scripts/PublicationsView.aspx?id=23604
Uttar Pradesh,2008,214778.0,t155_deposits,Table 155: State-wise Deposits by Scheduled Commercial Banks,https://www.rbi.org.in/Scripts/PublicationsView.aspx?id=23604
Uttar Pradesh,2009,263076.0,t155_deposits,Table 155: State-wise Deposits by Scheduled Commercial Banks,https://www.rbi.org.in/Scripts/PublicationsView.aspx?id=23604
Uttar Pradesh,2010,312260.0,t155_deposits,Table 155: State-wise Deposits by Scheduled Commercial Banks,https://www.rbi.org.in/Scripts/PublicationsView.aspx?id=23604
Uttar Pradesh,2011,371490.0,t155_deposits,Table 155: State-wise Deposits by Scheduled Commercial Banks,https://www.rbi.org.in/Scripts/PublicationsView.aspx?id=23604
Uttar Pradesh,2012,431036.0,t155_deposits,Table 155: State-wise Deposits by Scheduled Commercial Banks,https://www.rbi.org.in/Scripts/PublicationsView.aspx?id=23604
Uttar Pradesh,2013,511134.0,t155_deposits,Table 155: State-wise Deposits by Scheduled Commercial Banks,https://www.rbi.org.in/Scripts/PublicationsView.aspx?id=23604
Uttar Pradesh,2014,597679.0,t155_deposits,Table 155: State-wise Deposits by Scheduled Commercial Banks,https://www.rbi.org.in/Scripts/PublicationsView.aspx?id=23604
Dadra & Nagar Haveli,2004,330.0,t155_deposits,Table 155: State-wise Deposits by Scheduled Commercial Banks,https://www.rbi.org.in/Scripts/PublicationsView.aspx?id=23604
Dadra & Nagar Haveli,2005,365.0,t155_deposits,Table 155: State-wise Deposits by Scheduled Commercial Banks,https://www.rbi.org.in/Scripts/PublicationsView.aspx?id=23604
Dadra & Nagar Haveli,2006,436.0,t155_deposits,Table 155: State-wise Deposits by Scheduled Commercial Banks,https://www.rbi.org.in/Scripts/PublicationsView.aspx?id=23604
Dadra & Nagar Haveli,2007,504.0,t155_deposits,Table 155: State-wise Deposits by Scheduled Commercial Banks,https://www.rbi.org.in/Scripts/PublicationsView.aspx?id=23604
Dadra & Nagar Haveli,2008,625.0,t155_deposits,Table 155: State-wise Deposits by Scheduled Commercial Banks,https://www.rbi.org.in/Scripts/PublicationsView.aspx?id=23604
Dadra & Nagar Haveli,2009,776.0,t155_deposits,Table 155: State-wise Deposits by Scheduled Commercial Banks,https://www.rbi.org.in/Scripts/PublicationsView.aspx?id=23604
Dadra & Nagar Haveli,2010,964.0,t155_deposits,Table 155: State-wise Deposits by Scheduled Commercial Banks,https://www.rbi.org.in/Scripts/PublicationsView.aspx?id=23604
Dadra & Nagar Haveli,2011,1238.0,t155_deposits,Table 155: State-wise Deposits by Scheduled Commercial Banks,https://www.rbi.org.in/Scripts/PublicationsView.aspx?id=23604
Dadra & Nagar Haveli,2012,1588.0,t155_deposits,Table 155: State-wise Deposits by Scheduled Commercial Banks,https://www.rbi.org.in/Scripts/PublicationsView.aspx?id=23604
Dadra & Nagar Haveli,2013,1974.0,t155_deposits,Table 155: State-wise Deposits by Scheduled Commercial Banks,https://www.rbi.org.in/Scripts/PublicationsView.aspx?id=23604
Dadra & Nagar Haveli,2014,2251.0,t155_deposits,Table 155: State-wise Deposits by Scheduled Commercial Banks,https://www.rbi.org.in/Scripts/PublicationsView.aspx?id=23604
Daman & Diu,2004,667.0,t155_deposits,Table 155: State-wise Deposits by Scheduled Commercial Banks,https://www.rbi.org.in/Scripts/PublicationsView.aspx?id=23604
Daman & Diu,2005,748.0,t155_deposits,Table 155: State-wise Deposits by Scheduled Commercial Banks,https://www.rbi.org.in/Scripts/PublicationsView.aspx?id=23604
Daman & Diu,2006,787.0,t155_deposits,Table 155: State-wise Deposits by Scheduled Commercial Banks,https://www.rbi.org.in/Scripts/PublicationsView.aspx?id=23604
Daman & Diu,2007,961.0,t155_deposits,Table 155: State-wise Deposits by Scheduled Commercial Banks,https://www.rbi.org.in/Scripts/PublicationsView.aspx?id=23604
Daman & Diu,2008,1098.0,t155_deposits,Table 155: State-wise Deposits by Scheduled Commercial Banks,https://www.rbi.org.in/Scripts/PublicationsView.aspx?id=23604
Daman & Diu,2009,1256.0,t155_deposits,Table 155: State-wise Deposits by Scheduled Commercial Banks,https://www.rbi.org.in/Scripts/PublicationsView.aspx?id=23604
Daman & Diu,2010,1445.0,t155_deposits,Table 155: State-wise Deposits by Scheduled Commercial Banks,https://www.rbi.org.in/Scripts/PublicationsView.aspx?id=23604
Daman & Diu,2011,1654.0,t155_deposits,Table 155: State-wise Deposits by Scheduled Commercial Banks,https://www.rbi.org.in/Scripts/PublicationsView.aspx?id=23604
Daman & Diu,2012,2057.0,t155_deposits,Table 155: State-wise Deposits by Scheduled Commercial Banks,https://www.rbi.org.in/Scripts/PublicationsView.aspx?id=23604
Daman & Diu,2013,2534.0,t155_deposits,Table 155: State-wise Deposits by Scheduled Commercial Banks,https://www.rbi.org.in/Scripts/PublicationsView.aspx?id=23604
Daman & Diu,2014,2970.0,t155_deposits,Table 155: State-wise Deposits by Scheduled Commercial Banks,https://www.rbi.org.in/Scripts/PublicationsView.aspx?id=23604
Goa,2004,10494.0,t155_deposits,Table 155: State-wise Deposits by Scheduled Commercial Banks,https://www.rbi.org.in/Scripts/PublicationsView.aspx?id=23604
Goa,2005,11624.0,t155_deposits,Table 155: State-wise Deposits by Scheduled Commercial Banks,https://www.rbi.org.in/Scripts/PublicationsView.aspx?id=23604
Goa,2006,15892.0,t155_deposits,Table 155: State-wise Deposits by Scheduled Commercial Banks,https://www.rbi.org.in/Scripts/PublicationsView.aspx?id=23604
Goa,2007,17542.0,t155_deposits,Table 155: State-wise Deposits by Scheduled Commercial Banks,https://www.rbi.org.in/Scripts/PublicationsView.aspx?id=23604
Goa,2008,18540.0,t155_deposits,Table 155: State-wise Deposits by Scheduled Commercial Banks,https://www.rbi.org.in/Scripts/PublicationsView.aspx?id=23604
Goa,2009,23672.0,t155_deposits,Table 155: State-wise Deposits by Scheduled Commercial Banks,https://www.rbi.org.in/Scripts/PublicationsView.aspx?id=23604
Goa,2010,29199.0,t155_deposits,Table 155: State-wise Deposits by Scheduled Commercial Banks,https://www.rbi.org.in/Scripts/PublicationsView.aspx?id=23604
Goa,2011,31578.0,t155_deposits,Table 155: State-wise Deposits by Scheduled Commercial Banks,https://www.rbi.org.in/Scripts/PublicationsView.aspx?id=23604
Goa,2012,36476.0,t155_deposits,Table 155: State-wise Deposits by Scheduled Commercial Banks,https://www.rbi.org.in/Scripts/PublicationsView.aspx?id=23604
Goa,2013,39781.0,t155_deposits,Table 155: State-wise Deposits by Scheduled Commercial Banks,https://www.rbi.org.in/Scripts/PublicationsView.aspx?id=23604
Goa,2014,45125.0,t155_deposits,Table 155: State-wise Deposits by Scheduled Commercial Banks,https://www.rbi.org.in/Scripts/PublicationsView.aspx?id=23604
Gujarat,2004,84550.0,t155_deposits,Table 155: State-wise Deposits by Scheduled Commercial Banks,https://www.rbi.org.in/Scripts/PublicationsView.aspx?id=23604
Gujarat,2005,97688.0,t155_deposits,Table 155: State-wise Deposits by Scheduled Commercial Banks,https://www.rbi.org.in/Scripts/PublicationsView.aspx?id=23604
Gujarat,2006,105120.0,t155_deposits,Table 155: State-wise Deposits by Scheduled Commercial Banks,https://www.rbi.org.in/Scripts/PublicationsView.aspx?id=23604
Gujarat,2007,119989.0,t155_deposits,Table 155: State-wise Deposits by Scheduled Commercial Banks,https://www.rbi.org.in/Scripts/PublicationsView.aspx?id=23604
Gujarat,2008,150593.0,t155_deposits,Table 155: State-wise Deposits by Scheduled Commercial Banks,https://www.rbi.org.in/Scripts/PublicationsView.aspx?id=23604
Gujarat,2009,186882.0,t155_deposits,Table 155: State-wise Deposits by Scheduled Commercial Banks,https://www.rbi.org.in/Scripts/PublicationsView.aspx?id=23604
Gujarat,2010,215217.0,t155_deposits,Table 155: State-wise Deposits by Scheduled Commercial Banks,https://www.rbi.org.in/Scripts/PublicationsView.aspx?id=23604
Gujarat,2011,259522.0,t155_deposits,Table 155: State-wise Deposits by Scheduled Commercial Banks,https://www.rbi.org.in/Scripts/PublicationsView.aspx?id=23604
Gujarat,2012,303091.0,t155_deposits,Table 155: State-wise Deposits by Scheduled Commercial Banks,https://www.rbi.org.in/Scripts/PublicationsView.aspx?id=23604
Gujarat,2013,358772.0,t155_deposits,Table 155: State-wise Deposits by Scheduled Commercial Banks,https://www.rbi.org.in/Scripts/PublicationsView.aspx?id=23604
Gujarat,2014,414792.0,t155_deposits,Table 155: State-wise Deposits by Scheduled Commercial Banks,https://www.rbi.org.in/Scripts/PublicationsView.aspx?id=23604
Maharashtra,2004,318335.0,t155_deposits,Table 155: State-wise Deposits by Scheduled Commercial Banks,https://www.rbi.org.in/Scripts/PublicationsView.aspx?id=23604
Maharashtra,2005,382209.0,t155_deposits,Table 155: State-wise Deposits by Scheduled Commercial Banks,https://www.rbi.org.in/Scripts/PublicationsView.aspx?id=23604
Maharashtra,2006,486022.0,t155_deposits,Table 155: State-wise Deposits by Scheduled Commercial Banks,https://www.rbi.org.in/Scripts/PublicationsView.aspx?id=23604
Maharashtra,2007,654637.0,t155_deposits,Table 155: State-wise Deposits by Scheduled Commercial Banks,https://www.rbi.org.in/Scripts/PublicationsView.aspx?id=23604
Maharashtra,2008,862669.0,t155_deposits,Table 155: State-wise Deposits by Scheduled Commercial Banks,https://www.rbi.org.in/Scripts/PublicationsView.aspx?id=23604
Maharashtra,2009,998029.0,t155_deposits,Table 155: State-wise Deposits by Scheduled Commercial Banks,https://www.rbi.org.in/Scripts/PublicationsView.aspx?id=23604
Maharashtra,2010,1201991.0,t155_deposits,Table 155: State-wise Deposits by Scheduled Commercial Banks,https://www.rbi.org.in/Scripts/PublicationsView.aspx?id=23604
Maharashtra,2011,1453286.0,t155_deposits,Table 155: State-wise Deposits by Scheduled Commercial Banks,https://www.rbi.org.in/Scripts/PublicationsView.aspx?id=23604
Maharashtra,2012,1529867.0,t155_deposits,Table 155: State-wise Deposits by Scheduled Commercial Banks,https://www.rbi.org.in/Scripts/PublicationsView.aspx?id=23604
Maharashtra,2013,1778883.0,t155_deposits,Table 155: State-wise Deposits by Scheduled Commercial Banks,https://www.rbi.org.in/Scripts/PublicationsView.aspx?id=23604
Maharashtra,2014,2028845.0,t155_deposits,Table 155: State-wise Deposits by Scheduled Commercial Banks,https://www.rbi.org.in/Scripts/PublicationsView.aspx?id=23604
Andhra Pradesh,2004,84762.0,t155_deposits,Table 155: State-wise Deposits by Scheduled Commercial Banks,https://www.rbi.org.in/Scripts/PublicationsView.aspx?id=23604
Andhra Pradesh,2005,98225.0,t155_deposits,Table 155: State-wise Deposits by Scheduled Commercial Banks,https://www.rbi.org.in/Scripts/PublicationsView.aspx?id=23604
Andhra Pradesh,2006,117198.0,t155_deposits,Table 155: State-wise Deposits by Scheduled Commercial Banks,https://www.rbi.org.in/Scripts/PublicationsView.aspx?id=23604
Andhra Pradesh,2007,141189.0,t155_deposits,Table 155: State-wise Deposits by Scheduled Commercial Banks,https://www.rbi.org.in/Scripts/PublicationsView.aspx?id=23604
Andhra Pradesh,2008,178647.0,t155_deposits,Table 155: State-wise Deposits by Scheduled Commercial Banks,https://www.rbi.org.in/Scripts/PublicationsView.aspx?id=23604
Andhra Pradesh,2009,218350.0,t155_deposits,Table 155: State-wise Deposits by Scheduled Commercial Banks,https://www.rbi.org.in/Scripts/PublicationsView.aspx?id=23604
Andhra Pradesh,2010,249264.0,t155_deposits,Table 155: State-wise Deposits by Scheduled Commercial Banks,https://www.rbi.org.in/Scripts/PublicationsView.aspx?id=23604
Andhra Pradesh,2011,292714.0,t155_deposits,Table 155: State-wise Deposits by Scheduled Commercial Banks,https://www.rbi.org.in/Scripts/PublicationsView.aspx?id=23604
Andhra Pradesh,2012,345177.0,t155_deposits,Table 155: State-wise Deposits by Scheduled Commercial Banks,https://www.rbi.org.in/Scripts/PublicationsView.aspx?id=23604
Andhra Pradesh,2013,393440.0,t155_deposits,Table 155: State-wise Deposits by Scheduled Commercial Banks,https://www.rbi.org.in/Scripts/PublicationsView.aspx?id=23604
Andhra Pradesh,2014,440999.0,t155_deposits,Table 155: State-wise Deposits by Scheduled Commercial Banks,https://www.rbi.org.in/Scripts/PublicationsView.aspx?id=23604
Karnataka,2004,93650.0,t155_deposits,Table 155: State-wise Deposits by Scheduled Commercial Banks,https://www.rbi.org.in/Scripts/PublicationsView.aspx?id=23604
Karnataka,2005,107683.0,t155_deposits,Table 155: State-wise Deposits by Scheduled Commercial Banks,https://www.rbi.org.in/Scripts/PublicationsView.aspx?id=23604
Karnataka,2006,133376.0,t155_deposits,Table 155: State-wise Deposits by Scheduled Commercial Banks,https://www.rbi.org.in/Scripts/PublicationsView.aspx?id=23604
Karnataka,2007,171229.0,t155_deposits,Table 155: State-wise Deposits by Scheduled Commercial Banks,https://www.rbi.org.in/Scripts/PublicationsView.aspx?id=23604
Karnataka,2008,209609.0,t155_deposits,Table 155: State-wise Deposits by Scheduled Commercial Banks,https://www.rbi.org.in/Scripts/PublicationsView.aspx?id=23604
Karnataka,2009,256452.0,t155_deposits,Table 155: State-wise Deposits by Scheduled Commercial Banks,https://www.rbi.org.in/Scripts/PublicationsView.aspx?id=23604
Karnataka,2010,289775.0,t155_deposits,Table 155: State-wise Deposits by Scheduled Commercial Banks,https://www.rbi.org.in/Scripts/PublicationsView.aspx?id=23604
Karnataka,2011,347441.0,t155_deposits,Table 155: State-wise Deposits by Scheduled Commercial Banks,https://www.rbi.org.in/Scripts/PublicationsView.aspx?id=23604
Karnataka,2012,410074.0,t155_deposits,Table 155: State-wise Deposits by Scheduled Commercial Banks,https://www.rbi.org.in/Scripts/PublicationsView.aspx?id=23604
Karnataka,2013,462223.0,t155_deposits,Table 155: State-wise Deposits by Scheduled Commercial Banks,https://www.rbi.org.in/Scripts/PublicationsView.aspx?id=23604
Karnataka,2014,536909.0,t155_deposits,Table 155: State-wise Deposits by Scheduled Commercial Banks,https://www.rbi.org.in/Scripts/PublicationsView.aspx?id=23604
Kerala,2004,68122.0,t155_deposits,Table 155: State-wise Deposits by Scheduled Commercial Banks,https://www.rbi.org.in/Scripts/PublicationsView.aspx?id=23604
Kerala,2005,69058.0,t155_deposits,Table 155: State-wise Deposits by Scheduled Commercial Banks,https://www.rbi.org.in/Scripts/PublicationsView.aspx?id=23604
Kerala,2006,80435.0,t155_deposits,Table 155: State-wise Deposits by Scheduled Commercial Banks,https://www.rbi.org.in/Scripts/PublicationsView.aspx?id=23604
Kerala,2007,95657.0,t155_deposits,Table 155: State-wise Deposits by Scheduled Commercial Banks,https://www.rbi.org.in/Scripts/PublicationsView.aspx?id=23604
Kerala,2008,109919.0,t155_deposits,Table 155: State-wise Deposits by Scheduled Commercial Banks,https://www.rbi.org.in/Scripts/PublicationsView.aspx?id=23604
Kerala,2009,135119.0,t155_deposits,Table 155: State-wise Deposits by Scheduled Commercial Banks,https://www.rbi.org.in/Scripts/PublicationsView.aspx?id=23604
Kerala,2010,152097.0,t155_deposits,Table 155: State-wise Deposits by Scheduled Commercial Banks,https://www.rbi.org.in/Scripts/PublicationsView.aspx?id=23604
Kerala,2011,170936.0,t155_deposits,Table 155: State-wise Deposits by Scheduled Commercial Banks,https://www.rbi.org.in/Scripts/PublicationsView.aspx?id=23604
Kerala,2012,200560.0,t155_deposits,Table 155: State-wise Deposits by Scheduled Commercial Banks,https://www.rbi.org.in/Scripts/PublicationsView.aspx?id=23604
Kerala,2013,236698.0,t155_deposits,Table 155: State-wise Deposits by Scheduled Commercial Banks,https://www.rbi.org.in/Scripts/PublicationsView.aspx?id=23604
Kerala,2014,281593.0,t155_deposits,Table 155: State-wise Deposits by Scheduled Commercial Banks,https://www.rbi.org.in/Scripts/PublicationsView.aspx?id=23604
Lakshadweep,2004,95.0,t155_deposits,Table 155: State-wise Deposits by Scheduled Commercial Banks,https://www.rbi.org.in/Scripts/PublicationsView.aspx?id=23604
Lakshadweep,2005,94.0,t155_deposits,Table 155: State-wise Deposits by Scheduled Commercial Banks,https://www.rbi.org.in/Scripts/PublicationsView.aspx?id=23604
Lakshadweep,2006,130.0,t155_deposits,Table 155: State-wise Deposits by Scheduled Commercial Banks,https://www.rbi.org.in/Scripts/PublicationsView.aspx?id=23604
Lakshadweep,2007,206.0,t155_deposits,Table 155: State-wise Deposits by Scheduled Commercial Banks,https://www.rbi.org.in/Scripts/PublicationsView.aspx?id=23604
Lakshadweep,2008,329.0,t155_deposits,Table 155: State-wise Deposits by Scheduled Commercial Banks,https://www.rbi.org.in/Scripts/PublicationsView.aspx?id=23604
Lakshadweep,2009,480.0,t155_deposits,Table 155: State-wise Deposits by Scheduled Commercial Banks,https://www.rbi.org.in/Scripts/PublicationsView.aspx?id=23604
Lakshadweep,2010,428.0,t155_deposits,Table 155: State-wise Deposits by Scheduled Commercial Banks,https://www.rbi.org.in/Scripts/PublicationsView.aspx?id=23604
Lakshadweep,2011,526.0,t155_deposits,Table 155: State-wise Deposits by Scheduled Commercial Banks,https://www.rbi.org.in/Scripts/PublicationsView.aspx?id=23604
Lakshadweep,2012,565.0,t155_deposits,Table 155: State-wise Deposits by Scheduled Commercial Banks,https://www.rbi.org.in/Scripts/PublicationsView.aspx?id=23604
Lakshadweep,2013,618.0,t155_deposits,Table 155: State-wise Deposits by Scheduled Commercial Banks,https://www.rbi.org.in/Scripts/PublicationsView.aspx?id=23604
Lakshadweep,2014,711.0,t155_deposits,Table 155: State-wise Deposits by Scheduled Commercial Banks,https://www.rbi.org.in/Scripts/PublicationsView.aspx?id=23604
Puducherry,2004,2455.0,t155_deposits,Table 155: State-wise Deposits by Scheduled Commercial Banks,https://www.rbi.org.in/Scripts/PublicationsView.aspx?id=23604
Puducherry,2005,2810.0,t155_deposits,Table 155: State-wise Deposits by Scheduled Commercial Banks,https://www.rbi.org.in/Scripts/PublicationsView.aspx?id=23604
Puducherry,2006,3185.0,t155_deposits,Table 155: State-wise Deposits by Scheduled Commercial Banks,https://www.rbi.org.in/Scripts/PublicationsView.aspx?id=23604
Puducherry,2007,3919.0,t155_deposits,Table 155: State-wise Deposits by Scheduled Commercial Banks,https://www.rbi.org.in/Scripts/PublicationsView.aspx?id=23604
Puducherry,2008,4649.0,t155_deposits,Table 155: State-wise Deposits by Scheduled Commercial Banks,https://www.rbi.org.in/Scripts/PublicationsView.aspx?id=23604
Puducherry,2009,5460.0,t155_deposits,Table 155: State-wise Deposits by Scheduled Commercial Banks,https://www.rbi.org.in/Scripts/PublicationsView.aspx?id=23604
Puducherry,2010,6115.0,t155_deposits,Table 155: State-wise Deposits by Scheduled Commercial Banks,https://www.rbi.org.in/Scripts/PublicationsView.aspx?id=23604
Puducherry,2011,6889.0,t155_deposits,Table 155: State-wise Deposits by Scheduled Commercial Banks,https://www.rbi.org.in/Scripts/PublicationsView.aspx?id=23604
Puducherry,2012,7712.0,t155_deposits,Table 155: State-wise Deposits by Scheduled Commercial Banks,https://www.rbi.org.in/Scripts/PublicationsView.aspx?id=23604
Puducherry,2013,8231.0,t155_deposits,Table 155: State-wise Deposits by Scheduled Commercial Banks,https://www.rbi.org.in/Scripts/PublicationsView.aspx?id=23604
Puducherry,2014,9394.0,t155_deposits,Table 155: State-wise Deposits by Scheduled Commercial Banks,https://www.rbi.org.in/Scripts/PublicationsView.aspx?id=23604
Tamil Nadu,2004,97406.0,t155_deposits,Table 155: State-wise Deposits by Scheduled Commercial Banks,https://www.rbi.org.in/Scripts/PublicationsView.aspx?id=23604
Tamil Nadu,2005,109585.0,t155_deposits,Table 155: State-wise Deposits by Scheduled Commercial Banks,https://www.rbi.org.in/Scripts/PublicationsView.aspx?id=23604
Tamil Nadu,2006,132700.0,t155_deposits,Table 155: State-wise Deposits by Scheduled Commercial Banks,https://www.rbi.org.in/Scripts/PublicationsView.aspx?id=23604
Tamil Nadu,2007,162426.0,t155_deposits,Table 155: State-wise Deposits by Scheduled Commercial Banks,https://www.rbi.org.in/Scripts/PublicationsView.aspx?id=23604
Tamil Nadu,2008,198554.0,t155_deposits,Table 155: State-wise Deposits by Scheduled Commercial Banks,https://www.rbi.org.in/Scripts/PublicationsView.aspx?id=23604
Tamil Nadu,2009,245458.0,t155_deposits,Table 155: State-wise Deposits by Scheduled Commercial Banks,https://www.rbi.org.in/Scripts/PublicationsView.aspx?id=23604
Tamil Nadu,2010,283637.0,t155_deposits,Table 155: State-wise Deposits by Scheduled Commercial Banks,https://www.rbi.org.in/Scripts/PublicationsView.aspx?id=23604
Tamil Nadu,2011,342263.0,t155_deposits,Table 155: State-wise Deposits by Scheduled Commercial Banks,https://www.rbi.org.in/Scripts/PublicationsView.aspx?id=23604
Tamil Nadu,2012,398920.0,t155_deposits,Table 155: State-wise Deposits by Scheduled Commercial Banks,https://www.rbi.org.in/Scripts/PublicationsView.aspx?id=23604
Tamil Nadu,2013,445526.0,t155_deposits,Table 155: State-wise Deposits by Scheduled Commercial Banks,https://www.rbi.org.in/Scripts/PublicationsView.aspx?id=23604
Tamil Nadu,2014,499973.0,t155_deposits,Table 155: State-wise Deposits by Scheduled Commercial Banks,https://www.rbi.org.in/Scripts/PublicationsView.aspx?id=23604
Telangana,2004,,t155_deposits,Table 155: State-wise Deposits by Scheduled Commercial Banks,https://www.rbi.org.in/Scripts/PublicationsView.aspx?id=23604
Telangana,2005,,t155_deposits,Table 155: State-wise Deposits by Scheduled Commercial Banks,https://www.rbi.org.in/Scripts/PublicationsView.aspx?id=23604
Telangana,2006,,t155_deposits,Table 155: State-wise Deposits by Scheduled Commercial Banks,https://www.rbi.org.in/Scripts/PublicationsView.aspx?id=23604
Telangana,2007,,t155_deposits,Table 155: State-wise Deposits by Scheduled Commercial Banks,https://www.rbi.org.in/Scripts/PublicationsView.aspx?id=23604
Telangana,2008,,t155_deposits,Table 155: State-wise Deposits by Scheduled Commercial Banks,https://www.rbi.org.in/Scripts/PublicationsView.aspx?id=23604
Telangana,2009,,t155_deposits,Table 155: State-wise Deposits by Scheduled Commercial Banks,https://www.rbi.org.in/Scripts/PublicationsView.aspx?id=23604
Telangana,2010,,t155_deposits,Table 155: State-wise Deposits by Scheduled Commercial Banks,https://www.rbi.org.in/Scripts/PublicationsView.aspx?id=23604
Telangana,2011,,t155_deposits,Table 155: State-wise Deposits by Scheduled Commercial Banks,https://www.rbi.org.in/Scripts/PublicationsView.aspx?id=23604
Telangana,2012,,t155_deposits,Table 155: State-wise Deposits by Scheduled Commercial Banks,https://www.rbi.org.in/Scripts/PublicationsView.aspx?id=23604
Telangana,2013,,t155_deposits,Table 155: State-wise Deposits by Scheduled Commercial Banks,https://www.rbi.org.in/Scripts/PublicationsView.aspx?id=23604
Telangana,2014,,t155_deposits,Table 155: State-wise Deposits by Scheduled Commercial Banks,https://www.rbi.org.in/Scripts/PublicationsView.aspx?id=23604
Chandigarh,2015,55433.0,t155_deposits,Table 155: State-wise Deposits by Scheduled Commercial Banks,https://www.rbi.org.in/Scripts/PublicationsView.aspx?id=23604
Chandigarh,2016,55681.0,t155_deposits,Table 155: State-wise Deposits by Scheduled Commercial Banks,https://www.rbi.org.in/Scripts/PublicationsView.aspx?id=23604
Chandigarh,2017,59618.0,t155_deposits,Table 155: State-wise Deposits by Scheduled Commercial Banks,https://www.rbi.org.in/Scripts/PublicationsView.aspx?id=23604
Chandigarh,2018,61928.0,t155_deposits,Table 155: State-wise Deposits by Scheduled Commercial Banks,https://www.rbi.org.in/Scripts/PublicationsView.aspx?id=23604
Chandigarh,2019,68300.0,t155_deposits,Table 155: State-wise Deposits by Scheduled Commercial Banks,https://www.rbi.org.in/Scripts/PublicationsView.aspx?id=23604
Chandigarh,2020,72552.0,t155_deposits,Table 155: State-wise Deposits by Scheduled Commercial Banks,https://www.rbi.org.in/Scripts/PublicationsView.aspx?id=23604
Chandigarh,2021,81320.0,t155_deposits,Table 155: State-wise Deposits by Scheduled Commercial Banks,https://www.rbi.org.in/Scripts/PublicationsView.aspx?id=23604
Chandigarh,2022,89738.0,t155_deposits,Table 155: State-wise Deposits by Scheduled Commercial Banks,https://www.rbi.org.in/Scripts/PublicationsView.aspx?id=23604
Chandigarh,2023,99918.0,t155_deposits,Table 155: State-wise Deposits by Scheduled Commercial Banks,https://www.rbi.org.in/Scripts/PublicationsView.aspx?id=23604
Chandigarh,2024,114089.0,t155_deposits,Table 155: State-wise Deposits by Scheduled Commercial Banks,https://www.rbi.org.in/Scripts/PublicationsView.aspx?id=23604
Chandigarh,2025,126596.0,t155_deposits,Table 155: State-wise Deposits by Scheduled Commercial Banks,https://www.rbi.org.in/Scripts/PublicationsView.aspx?id=23604
Delhi,2015,884383.0,t155_deposits,Table 155: State-wise Deposits by Scheduled Commercial Banks,https://www.rbi.org.in/Scripts/PublicationsView.aspx?id=23604
Delhi,2016,967059.0,t155_deposits,Table 155: State-wise Deposits by Scheduled Commercial Banks,https://www.rbi.org.in/Scripts/PublicationsView.aspx?id=23604
Delhi,2017,1092455.0,t155_deposits,Table 155: State-wise Deposits by Scheduled Commercial Banks,https://www.rbi.org.in/Scripts/PublicationsView.aspx?id=23604
Delhi,2018,1144642.0,t155_deposits,Table 155: State-wise Deposits by Scheduled Commercial Banks,https://www.rbi.org.in/Scripts/PublicationsView.aspx?id=23604
Delhi,2019,1210108.0,t155_deposits,Table 155: State-wise Deposits by Scheduled Commercial Banks,https://www.rbi.org.in/Scripts/PublicationsView.aspx?id=23604
Delhi,2020,1238245.0,t155_deposits,Table 155: State-wise Deposits by Scheduled Commercial Banks,https://www.rbi.org.in/Scripts/PublicationsView.aspx?id=23604
Delhi,2021,1400864.0,t155_deposits,Table 155: State-wise Deposits by Scheduled Commercial Banks,https://www.rbi.org.in/Scripts/PublicationsView.aspx?id=23604
Delhi,2022,1489930.0,t155_deposits,Table 155: State-wise Deposits by Scheduled Commercial Banks,https://www.rbi.org.in/Scripts/PublicationsView.aspx?id=23604
Delhi,2023,1658866.0,t155_deposits,Table 155: State-wise Deposits by Scheduled Commercial Banks,https://www.rbi.org.in/Scripts/PublicationsView.aspx?id=23604
Delhi,2024,1855609.0,t155_deposits,Table 155: State-wise Deposits by Scheduled Commercial Banks,https://www.rbi.org.in/Scripts/PublicationsView.aspx?id=23604
Delhi,2025,2071013.0,t155_deposits,Table 155: State-wise Deposits by Scheduled Commercial Banks,https://www.rbi.org.in/Scripts/PublicationsView.aspx?id=23604
Haryana,2015,222685.0,t155_deposits,Table 155: State-wise Deposits by Scheduled Commercial Banks,https://www.rbi.org.in/Scripts/PublicationsView.aspx?id=23604
Haryana,2016,252602.0,t155_deposits,Table 155: State-wise Deposits by Scheduled Commercial Banks,https://www.rbi.org.in/Scripts/PublicationsView.aspx?id=23604
Haryana,2017,309629.0,t155_deposits,Table 155: State-wise Deposits by Scheduled Commercial Banks,https://www.rbi.org.in/Scripts/PublicationsView.aspx?id=23604
Haryana,2018,366393.0,t155_deposits,Table 155: State-wise Deposits by Scheduled Commercial Banks,https://www.rbi.org.in/Scripts/PublicationsView.aspx?id=23604
Haryana,2019,409974.0,t155_deposits,Table 155: State-wise Deposits by Scheduled Commercial Banks,https://www.rbi.org.in/Scripts/PublicationsView.aspx?id=23604
Haryana,2020,475352.0,t155_deposits,Table 155: State-wise Deposits by Scheduled Commercial Banks,https://www.rbi.org.in/Scripts/PublicationsView.aspx?id=23604
Haryana,2021,538565.0,t155_deposits,Table 155: State-wise Deposits by Scheduled Commercial Banks,https://www.rbi.org.in/Scripts/PublicationsView.aspx?id=23604
Haryana,2022,614014.0,t155_deposits,Table 155: State-wise Deposits by Scheduled Commercial Banks,https://www.rbi.org.in/Scripts/PublicationsView.aspx?id=23604
Haryana,2023,702370.0,t155_deposits,Table 155: State-wise Deposits by Scheduled Commercial Banks,https://www.rbi.org.in/Scripts/PublicationsView.aspx?id=23604
Haryana,2024,788798.0,t155_deposits,Table 155: State-wise Deposits by Scheduled Commercial Banks,https://www.rbi.org.in/Scripts/PublicationsView.aspx?id=23604
Haryana,2025,888772.0,t155_deposits,Table 155: State-wise Deposits by Scheduled Commercial Banks,https://www.rbi.org.in/Scripts/PublicationsView.aspx?id=23604
Himachal Pradesh,2015,59876.0,t155_deposits,Table 155: State-wise Deposits by Scheduled Commercial Banks,https://www.rbi.org.in/Scripts/PublicationsView.aspx?id=23604
Himachal Pradesh,2016,66350.0,t155_deposits,Table 155: State-wise Deposits by Scheduled Commercial Banks,https://www.rbi.org.in/Scripts/PublicationsView.aspx?id=23604
Himachal Pradesh,2017,78523.0,t155_deposits,Table 155: State-wise Deposits by Scheduled Commercial Banks,https://www.rbi.org.in/Scripts/PublicationsView.aspx?id=23604
Himachal Pradesh,2018,84896.0,t155_deposits,Table 155: State-wise Deposits by Scheduled Commercial Banks,https://www.rbi.org.in/Scripts/PublicationsView.aspx?id=23604
Himachal Pradesh,2019,95529.0,t155_deposits,Table 155: State-wise Deposits by Scheduled Commercial Banks,https://www.rbi.org.in/Scripts/PublicationsView.aspx?id=23604
Himachal Pradesh,2020,103545.0,t155_deposits,Table 155: State-wise Deposits by Scheduled Commercial Banks,https://www.rbi.org.in/Scripts/PublicationsView.aspx?id=23604
Himachal Pradesh,2021,112344.0,t155_deposits,Table 155: State-wise Deposits by Scheduled Commercial Banks,https://www.rbi.org.in/Scripts/PublicationsView.aspx?id=23604
Himachal Pradesh,2022,123672.0,t155_deposits,Table 155: State-wise Deposits by Scheduled Commercial Banks,https://www.rbi.org.in/Scripts/PublicationsView.aspx?id=23604
Himachal Pradesh,2023,136486.0,t155_deposits,Table 155: State-wise Deposits by Scheduled Commercial Banks,https://www.rbi.org.in/Scripts/PublicationsView.aspx?id=23604
Himachal Pradesh,2024,150334.0,t155_deposits,Table 155: State-wise Deposits by Scheduled Commercial Banks,https://www.rbi.org.in/Scripts/PublicationsView.aspx?id=23604
Himachal Pradesh,2025,162531.0,t155_deposits,Table 155: State-wise Deposits by Scheduled Commercial Banks,https://www.rbi.org.in/Scripts/PublicationsView.aspx?id=23604
Jammu & Kashmir,2015,73720.0,t155_deposits,Table 155: State-wise Deposits by Scheduled Commercial Banks,https://www.rbi.org.in/Scripts/PublicationsView.aspx?id=23604
Jammu & Kashmir,2016,80314.0,t155_deposits,Table 155: State-wise Deposits by Scheduled Commercial Banks,https://www.rbi.org.in/Scripts/PublicationsView.aspx?id=23604
Jammu & Kashmir,2017,93346.0,t155_deposits,Table 155: State-wise Deposits by Scheduled Commercial Banks,https://www.rbi.org.in/Scripts/PublicationsView.aspx?id=23604
Jammu & Kashmir,2018,103991.0,t155_deposits,Table 155: State-wise Deposits by Scheduled Commercial Banks,https://www.rbi.org.in/Scripts/PublicationsView.aspx?id=23604
Jammu & Kashmir,2019,118122.0,t155_deposits,Table 155: State-wise Deposits by Scheduled Commercial Banks,https://www.rbi.org.in/Scripts/PublicationsView.aspx?id=23604
Jammu & Kashmir,2020,128026.0,t155_deposits,Table 155: State-wise Deposits by Scheduled Commercial Banks,https://www.rbi.org.in/Scripts/PublicationsView.aspx?id=23604
Jammu & Kashmir,2021,142897.0,t155_deposits,Table 155: State-wise Deposits by Scheduled Commercial Banks,https://www.rbi.org.in/Scripts/PublicationsView.aspx?id=23604
Jammu & Kashmir,2022,153229.0,t155_deposits,Table 155: State-wise Deposits by Scheduled Commercial Banks,https://www.rbi.org.in/Scripts/PublicationsView.aspx?id=23604
Jammu & Kashmir,2023,162908.0,t155_deposits,Table 155: State-wise Deposits by Scheduled Commercial Banks,https://www.rbi.org.in/Scripts/PublicationsView.aspx?id=23604
Jammu & Kashmir,2024,175967.0,t155_deposits,Table 155: State-wise Deposits by Scheduled Commercial Banks,https://www.rbi.org.in/Scripts/PublicationsView.aspx?id=23604
Jammu & Kashmir,2025,191982.0,t155_deposits,Table 155: State-wise Deposits by Scheduled Commercial Banks,https://www.rbi.org.in/Scripts/PublicationsView.aspx?id=23604
Ladakh,2015,,t155_deposits,Table 155: State-wise Deposits by Scheduled Commercial Banks,https://www.rbi.org.in/Scripts/PublicationsView.aspx?id=23604
Ladakh,2016,,t155_deposits,Table 155: State-wise Deposits by Scheduled Commercial Banks,https://www.rbi.org.in/Scripts/PublicationsView.aspx?id=23604
Ladakh,2017,,t155_deposits,Table 155: State-wise Deposits by Scheduled Commercial Banks,https://www.rbi.org.in/Scripts/PublicationsView.aspx?id=23604
Ladakh,2018,,t155_deposits,Table 155: State-wise Deposits by Scheduled Commercial Banks,https://www.rbi.org.in/Scripts/PublicationsView.aspx?id=23604
Ladakh,2019,,t155_deposits,Table 155: State-wise Deposits by Scheduled Commercial Banks,https://www.rbi.org.in/Scripts/PublicationsView.aspx?id=23604
Ladakh,2020,4955.0,t155_deposits,Table 155: State-wise Deposits by Scheduled Commercial Banks,https://www.rbi.org.in/Scripts/PublicationsView.aspx?id=23604
Ladakh,2021,6161.0,t155_deposits,Table 155: State-wise Deposits by Scheduled Commercial Banks,https://www.rbi.org.in/Scripts/PublicationsView.aspx?id=23604
Ladakh,2022,7455.0,t155_deposits,Table 155: State-wise Deposits by Scheduled Commercial Banks,https://www.rbi.org.in/Scripts/PublicationsView.aspx?id=23604
Ladakh,2023,8249.0,t155_deposits,Table 155: State-wise Deposits by Scheduled Commercial Banks,https://www.rbi.org.in/Scripts/PublicationsView.aspx?id=23604
Ladakh,2024,8848.0,t155_deposits,Table 155: State-wise Deposits by Scheduled Commercial Banks,https://www.rbi.org.in/Scripts/PublicationsView.aspx?id=23604
Ladakh,2025,9885.0,t155_deposits,Table 155: State-wise Deposits by Scheduled Commercial Banks,https://www.rbi.org.in/Scripts/PublicationsView.aspx?id=23604
Punjab,2015,261972.0,t155_deposits,Table 155: State-wise Deposits by Scheduled Commercial Banks,https://www.rbi.org.in/Scripts/PublicationsView.aspx?id=23604
Punjab,2016,290178.0,t155_deposits,Table 155: State-wise Deposits by Scheduled Commercial Banks,https://www.rbi.org.in/Scripts/PublicationsView.aspx?id=23604
Punjab,2017,330956.0,t155_deposits,Table 155: State-wise Deposits by Scheduled Commercial Banks,https://www.rbi.org.in/Scripts/PublicationsView.aspx?id=23604
Punjab,2018,347797.0,t155_deposits,Table 155: State-wise Deposits by Scheduled Commercial Banks,https://www.rbi.org.in/Scripts/PublicationsView.aspx?id=23604
Punjab,2019,379577.0,t155_deposits,Table 155: State-wise Deposits by Scheduled Commercial Banks,https://www.rbi.org.in/Scripts/PublicationsView.aspx?id=23604
Punjab,2020,410987.0,t155_deposits,Table 155: State-wise Deposits by Scheduled Commercial Banks,https://www.rbi.org.in/Scripts/PublicationsView.aspx?id=23604
Punjab,2021,459027.0,t155_deposits,Table 155: State-wise Deposits by Scheduled Commercial Banks,https://www.rbi.org.in/Scripts/PublicationsView.aspx?id=23604
Punjab,2022,510138.0,t155_deposits,Table 155: State-wise Deposits by Scheduled Commercial Banks,https://www.rbi.org.in/Scripts/PublicationsView.aspx?id=23604
Punjab,2023,560275.0,t155_deposits,Table 155: State-wise Deposits by Scheduled Commercial Banks,https://www.rbi.org.in/Scripts/PublicationsView.aspx?id=23604
Punjab,2024,617489.0,t155_deposits,Table 155: State-wise Deposits by Scheduled Commercial Banks,https://www.rbi.org.in/Scripts/PublicationsView.aspx?id=23604
Punjab,2025,668830.0,t155_deposits,Table 155: State-wise Deposits by Scheduled Commercial Banks,https://www.rbi.org.in/Scripts/PublicationsView.aspx?id=23604
Rajasthan,2015,235479.0,t155_deposits,Table 155: State-wise Deposits by Scheduled Commercial Banks,https://www.rbi.org.in/Scripts/PublicationsView.aspx?id=23604
Rajasthan,2016,258998.0,t155_deposits,Table 155: State-wise Deposits by Scheduled Commercial Banks,https://www.rbi.org.in/Scripts/PublicationsView.aspx?id=23604
Rajasthan,2017,313673.0,t155_deposits,Table 155: State-wise Deposits by Scheduled Commercial Banks,https://www.rbi.org.in/Scripts/PublicationsView.aspx?id=23604
Rajasthan,2018,334008.0,t155_deposits,Table 155: State-wise Deposits by Scheduled Commercial Banks,https://www.rbi.org.in/Scripts/PublicationsView.aspx?id=23604
Rajasthan,2019,379008.0,t155_deposits,Table 155: State-wise Deposits by Scheduled Commercial Banks,https://www.rbi.org.in/Scripts/PublicationsView.aspx?id=23604
Rajasthan,2020,420150.0,t155_deposits,Table 155: State-wise Deposits by Scheduled Commercial Banks,https://www.rbi.org.in/Scripts/PublicationsView.aspx?id=23604
Rajasthan,2021,474438.0,t155_deposits,Table 155: State-wise Deposits by Scheduled Commercial Banks,https://www.rbi.org.in/Scripts/PublicationsView.aspx?id=23604
Rajasthan,2022,530634.0,t155_deposits,Table 155: State-wise Deposits by Scheduled Commercial Banks,https://www.rbi.org.in/Scripts/PublicationsView.aspx?id=23604
Rajasthan,2023,594426.0,t155_deposits,Table 155: State-wise Deposits by Scheduled Commercial Banks,https://www.rbi.org.in/Scripts/PublicationsView.aspx?id=23604
Rajasthan,2024,670970.0,t155_deposits,Table 155: State-wise Deposits by Scheduled Commercial Banks,https://www.rbi.org.in/Scripts/PublicationsView.aspx?id=23604
Rajasthan,2025,741436.0,t155_deposits,Table 155: State-wise Deposits by Scheduled Commercial Banks,https://www.rbi.org.in/Scripts/PublicationsView.aspx?id=23604
Arunachal Pradesh,2015,8009.0,t155_deposits,Table 155: State-wise Deposits by Scheduled Commercial Banks,https://www.rbi.org.in/Scripts/PublicationsView.aspx?id=23604
Arunachal Pradesh,2016,8732.0,t155_deposits,Table 155: State-wise Deposits by Scheduled Commercial Banks,https://www.rbi.org.in/Scripts/PublicationsView.aspx?id=23604
Arunachal Pradesh,2017,11866.0,t155_deposits,Table 155: State-wise Deposits by Scheduled Commercial Banks,https://www.rbi.org.in/Scripts/PublicationsView.aspx?id=23604
Arunachal Pradesh,2018,13449.0,t155_deposits,Table 155: State-wise Deposits by Scheduled Commercial Banks,https://www.rbi.org.in/Scripts/PublicationsView.aspx?id=23604
Arunachal Pradesh,2019,16659.0,t155_deposits,Table 155: State-wise Deposits by Scheduled Commercial Banks,https://www.rbi.org.in/Scripts/PublicationsView.aspx?id=23604
Arunachal Pradesh,2020,17171.0,t155_deposits,Table 155: State-wise Deposits by Scheduled Commercial Banks,https://www.rbi.org.in/Scripts/PublicationsView.aspx?id=23604
Arunachal Pradesh,2021,19525.0,t155_deposits,Table 155: State-wise Deposits by Scheduled Commercial Banks,https://www.rbi.org.in/Scripts/PublicationsView.aspx?id=23604
Arunachal Pradesh,2022,24121.0,t155_deposits,Table 155: State-wise Deposits by Scheduled Commercial Banks,https://www.rbi.org.in/Scripts/PublicationsView.aspx?id=23604
Arunachal Pradesh,2023,26656.0,t155_deposits,Table 155: State-wise Deposits by Scheduled Commercial Banks,https://www.rbi.org.in/Scripts/PublicationsView.aspx?id=23604
Arunachal Pradesh,2024,29205.0,t155_deposits,Table 155: State-wise Deposits by Scheduled Commercial Banks,https://www.rbi.org.in/Scripts/PublicationsView.aspx?id=23604
Arunachal Pradesh,2025,33114.0,t155_deposits,Table 155: State-wise Deposits by Scheduled Commercial Banks,https://www.rbi.org.in/Scripts/PublicationsView.aspx?id=23604
Assam,2015,97381.0,t155_deposits,Table 155: State-wise Deposits by Scheduled Commercial Banks,https://www.rbi.org.in/Scripts/PublicationsView.aspx?id=23604
Assam,2016,102304.0,t155_deposits,Table 155: State-wise Deposits by Scheduled Commercial Banks,https://www.rbi.org.in/Scripts/PublicationsView.aspx?id=23604
Assam,2017,120976.0,t155_deposits,Table 155: State-wise Deposits by Scheduled Commercial Banks,https://www.rbi.org.in/Scripts/PublicationsView.aspx?id=23604
Assam,2018,134287.0,t155_deposits,Table 155: State-wise Deposits by Scheduled Commercial Banks,https://www.rbi.org.in/Scripts/PublicationsView.aspx?id=23604
Assam,2019,147091.0,t155_deposits,Table 155: State-wise Deposits by Scheduled Commercial Banks,https://www.rbi.org.in/Scripts/PublicationsView.aspx?id=23604
Assam,2020,164299.0,t155_deposits,Table 155: State-wise Deposits by Scheduled Commercial Banks,https://www.rbi.org.in/Scripts/PublicationsView.aspx?id=23604
Assam,2021,173014.0,t155_deposits,Table 155: State-wise Deposits by Scheduled Commercial Banks,https://www.rbi.org.in/Scripts/PublicationsView.aspx?id=23604
Assam,2022,189483.0,t155_deposits,Table 155: State-wise Deposits by Scheduled Commercial Banks,https://www.rbi.org.in/Scripts/PublicationsView.aspx?id=23604
Assam,2023,207312.0,t155_deposits,Table 155: State-wise Deposits by Scheduled Commercial Banks,https://www.rbi.org.in/Scripts/PublicationsView.aspx?id=23604
Assam,2024,220474.0,t155_deposits,Table 155: State-wise Deposits by Scheduled Commercial Banks,https://www.rbi.org.in/Scripts/PublicationsView.aspx?id=23604
Assam,2025,234070.0,t155_deposits,Table 155: State-wise Deposits by Scheduled Commercial Banks,https://www.rbi.org.in/Scripts/PublicationsView.aspx?id=23604
Manipur,2015,5730.0,t155_deposits,Table 155: State-wise Deposits by Scheduled Commercial Banks,https://www.rbi.org.in/Scripts/PublicationsView.aspx?id=23604
Manipur,2016,6036.0,t155_deposits,Table 155: State-wise Deposits by Scheduled Commercial Banks,https://www.rbi.org.in/Scripts/PublicationsView.aspx?id=23604
Manipur,2017,7774.0,t155_deposits,Table 155: State-wise Deposits by Scheduled Commercial Banks,https://www.rbi.org.in/Scripts/PublicationsView.aspx?id=23604
Manipur,2018,9019.0,t155_deposits,Table 155: State-wise Deposits by Scheduled Commercial Banks,https://www.rbi.org.in/Scripts/PublicationsView.aspx?id=23604
Manipur,2019,9927.0,t155_deposits,Table 155: State-wise Deposits by Scheduled Commercial Banks,https://www.rbi.org.in/Scripts/PublicationsView.aspx?id=23604
Manipur,2020,10369.0,t155_deposits,Table 155: State-wise Deposits by Scheduled Commercial Banks,https://www.rbi.org.in/Scripts/PublicationsView.aspx?id=23604
Manipur,2021,12323.0,t155_deposits,Table 155: State-wise Deposits by Scheduled Commercial Banks,https://www.rbi.org.in/Scripts/PublicationsView.aspx?id=23604
Manipur,2022,13813.0,t155_deposits,Table 155: State-wise Deposits by Scheduled Commercial Banks,https://www.rbi.org.in/Scripts/PublicationsView.aspx?id=23604
Manipur,2023,14851.0,t155_deposits,Table 155: State-wise Deposits by Scheduled Commercial Banks,https://www.rbi.org.in/Scripts/PublicationsView.aspx?id=23604
Manipur,2024,15669.0,t155_deposits,Table 155: State-wise Deposits by Scheduled Commercial Banks,https://www.rbi.org.in/Scripts/PublicationsView.aspx?id=23604
Manipur,2025,16806.0,t155_deposits,Table 155: State-wise Deposits by Scheduled Commercial Banks,https://www.rbi.org.in/Scripts/PublicationsView.aspx?id=23604
Meghalaya,2015,16644.0,t155_deposits,Table 155: State-wise Deposits by Scheduled Commercial Banks,https://www.rbi.org.in/Scripts/PublicationsView.aspx?id=23604
Meghalaya,2016,18168.0,t155_deposits,Table 155: State-wise Deposits by Scheduled Commercial Banks,https://www.rbi.org.in/Scripts/PublicationsView.aspx?id=23604
Meghalaya,2017,20450.0,t155_deposits,Table 155: State-wise Deposits by Scheduled Commercial Banks,https://www.rbi.org.in/Scripts/PublicationsView.aspx?id=23604
Meghalaya,2018,21503.0,t155_deposits,Table 155: State-wise Deposits by Scheduled Commercial Banks,https://www.rbi.org.in/Scripts/PublicationsView.aspx?id=23604
Meghalaya,2019,24063.0,t155_deposits,Table 155: State-wise Deposits by Scheduled Commercial Banks,https://www.rbi.org.in/Scripts/PublicationsView.aspx?id=23604
Meghalaya,2020,23756.0,t155_deposits,Table 155: State-wise Deposits by Scheduled Commercial Banks,https://www.rbi.org.in/Scripts/PublicationsView.aspx?id=23604
Meghalaya,2021,25821.0,t155_deposits,Table 155: State-wise Deposits by Scheduled Commercial Banks,https://www.rbi.org.in/Scripts/PublicationsView.aspx?id=23604
Meghalaya,2022,29441.0,t155_deposits,Table 155: State-wise Deposits by Scheduled Commercial Banks,https://www.rbi.org.in/Scripts/PublicationsView.aspx?id=23604
Meghalaya,2023,31275.0,t155_deposits,Table 155: State-wise Deposits by Scheduled Commercial Banks,https://www.rbi.org.in/Scripts/PublicationsView.aspx?id=23604
Meghalaya,2024,34372.0,t155_deposits,Table 155: State-wise Deposits by Scheduled Commercial Banks,https://www.rbi.org.in/Scripts/PublicationsView.aspx?id=23604
Meghalaya,2025,37779.0,t155_deposits,Table 155: State-wise Deposits by Scheduled Commercial Banks,https://www.rbi.org.in/Scripts/PublicationsView.aspx?id=23604
Mizoram,2015,5315.0,t155_deposits,Table 155: State-wise Deposits by Scheduled Commercial Banks,https://www.rbi.org.in/Scripts/PublicationsView.aspx?id=23604
Mizoram,2016,5913.0,t155_deposits,Table 155: State-wise Deposits by Scheduled Commercial Banks,https://www.rbi.org.in/Scripts/PublicationsView.aspx?id=23604
Mizoram,2017,7166.0,t155_deposits,Table 155: State-wise Deposits by Scheduled Commercial Banks,https://www.rbi.org.in/Scripts/PublicationsView.aspx?id=23604
Mizoram,2018,8468.0,t155_deposits,Table 155: State-wise Deposits by Scheduled Commercial Banks,https://www.rbi.org.in/Scripts/PublicationsView.aspx?id=23604
Mizoram,2019,9255.0,t155_deposits,Table 155: State-wise Deposits by Scheduled Commercial Banks,https://www.rbi.org.in/Scripts/PublicationsView.aspx?id=23604
Mizoram,2020,11332.0,t155_deposits,Table 155: State-wise Deposits by Scheduled Commercial Banks,https://www.rbi.org.in/Scripts/PublicationsView.aspx?id=23604
Mizoram,2021,12000.0,t155_deposits,Table 155: State-wise Deposits by Scheduled Commercial Banks,https://www.rbi.org.in/Scripts/PublicationsView.aspx?id=23604
Mizoram,2022,13102.0,t155_deposits,Table 155: State-wise Deposits by Scheduled Commercial Banks,https://www.rbi.org.in/Scripts/PublicationsView.aspx?id=23604
Mizoram,2023,14682.0,t155_deposits,Table 155: State-wise Deposits by Scheduled Commercial Banks,https://www.rbi.org.in/Scripts/PublicationsView.aspx?id=23604
Mizoram,2024,15713.0,t155_deposits,Table 155: State-wise Deposits by Scheduled Commercial Banks,https://www.rbi.org.in/Scripts/PublicationsView.aspx?id=23604
Mizoram,2025,17462.0,t155_deposits,Table 155: State-wise Deposits by Scheduled Commercial Banks,https://www.rbi.org.in/Scripts/PublicationsView.aspx?id=23604
Nagaland,2015,6938.0,t155_deposits,Table 155: State-wise Deposits by Scheduled Commercial Banks,https://www.rbi.org.in/Scripts/PublicationsView.aspx?id=23604
Nagaland,2016,7728.0,t155_deposits,Table 155: State-wise Deposits by Scheduled Commercial Banks,https://www.rbi.org.in/Scripts/PublicationsView.aspx?id=23604
Nagaland,2017,9422.0,t155_deposits,Table 155: State-wise Deposits by Scheduled Commercial Banks,https://www.rbi.org.in/Scripts/PublicationsView.aspx?id=23604
Nagaland,2018,10014.0,t155_deposits,Table 155: State-wise Deposits by Scheduled Commercial Banks,https://www.rbi.org.in/Scripts/PublicationsView.aspx?id=23604
Nagaland,2019,11183.0,t155_deposits,Table 155: State-wise Deposits by Scheduled Commercial Banks,https://www.rbi.org.in/Scripts/PublicationsView.aspx?id=23604
Nagaland,2020,12242.0,t155_deposits,Table 155: State-wise Deposits by Scheduled Commercial Banks,https://www.rbi.org.in/Scripts/PublicationsView.aspx?id=23604
Nagaland,2021,12579.0,t155_deposits,Table 155: State-wise Deposits by Scheduled Commercial Banks,https://www.rbi.org.in/Scripts/PublicationsView.aspx?id=23604
Nagaland,2022,14579.0,t155_deposits,Table 155: State-wise Deposits by Scheduled Commercial Banks,https://www.rbi.org.in/Scripts/PublicationsView.aspx?id=23604
Nagaland,2023,15579.0,t155_deposits,Table 155: State-wise Deposits by Scheduled Commercial Banks,https://www.rbi.org.in/Scripts/PublicationsView.aspx?id=23604
Nagaland,2024,17135.0,t155_deposits,Table 155: State-wise Deposits by Scheduled Commercial Banks,https://www.rbi.org.in/Scripts/PublicationsView.aspx?id=23604
Nagaland,2025,18789.0,t155_deposits,Table 155: State-wise Deposits by Scheduled Commercial Banks,https://www.rbi.org.in/Scripts/PublicationsView.aspx?id=23604
Tripura,2015,15463.0,t155_deposits,Table 155: State-wise Deposits by Scheduled Commercial Banks,https://www.rbi.org.in/Scripts/PublicationsView.aspx?id=23604
Tripura,2016,17325.0,t155_deposits,Table 155: State-wise Deposits by Scheduled Commercial Banks,https://www.rbi.org.in/Scripts/PublicationsView.aspx?id=23604
Tripura,2017,20481.0,t155_deposits,Table 155: State-wise Deposits by Scheduled Commercial Banks,https://www.rbi.org.in/Scripts/PublicationsView.aspx?id=23604
Tripura,2018,22020.0,t155_deposits,Table 155: State-wise Deposits by Scheduled Commercial Banks,https://www.rbi.org.in/Scripts/PublicationsView.aspx?id=23604
Tripura,2019,24880.0,t155_deposits,Table 155: State-wise Deposits by Scheduled Commercial Banks,https://www.rbi.org.in/Scripts/PublicationsView.aspx?id=23604
Tripura,2020,26487.0,t155_deposits,Table 155: State-wise Deposits by Scheduled Commercial Banks,https://www.rbi.org.in/Scripts/PublicationsView.aspx?id=23604
Tripura,2021,28400.0,t155_deposits,Table 155: State-wise Deposits by Scheduled Commercial Banks,https://www.rbi.org.in/Scripts/PublicationsView.aspx?id=23604
Tripura,2022,31304.0,t155_deposits,Table 155: State-wise Deposits by Scheduled Commercial Banks,https://www.rbi.org.in/Scripts/PublicationsView.aspx?id=23604
Tripura,2023,34065.0,t155_deposits,Table 155: State-wise Deposits by Scheduled Commercial Banks,https://www.rbi.org.in/Scripts/PublicationsView.aspx?id=23604
Tripura,2024,37109.0,t155_deposits,Table 155: State-wise Deposits by Scheduled Commercial Banks,https://www.rbi.org.in/Scripts/PublicationsView.aspx?id=23604
Tripura,2025,42140.0,t155_deposits,Table 155: State-wise Deposits by Scheduled Commercial Banks,https://www.rbi.org.in/Scripts/PublicationsView.aspx?id=23604
Andaman & Nicobar Islands,2015,2949.0,t155_deposits,Table 155: State-wise Deposits by Scheduled Commercial Banks,https://www.rbi.org.in/Scripts/PublicationsView.aspx?id=23604
Andaman & Nicobar Islands,2016,3232.0,t155_deposits,Table 155: State-wise Deposits by Scheduled Commercial Banks,https://www.rbi.org.in/Scripts/PublicationsView.aspx?id=23604
Andaman & Nicobar Islands,2017,4102.0,t155_deposits,Table 155: State-wise Deposits by Scheduled Commercial Banks,https://www.rbi.org.in/Scripts/PublicationsView.aspx?id=23604
Andaman & Nicobar Islands,2018,4683.0,t155_deposits,Table 155: State-wise Deposits by Scheduled Commercial Banks,https://www.rbi.org.in/Scripts/PublicationsView.aspx?id=23604
Andaman & Nicobar Islands,2019,5186.0,t155_deposits,Table 155: State-wise Deposits by Scheduled Commercial Banks,https://www.rbi.org.in/Scripts/PublicationsView.aspx?id=23604
Andaman & Nicobar Islands,2020,5811.0,t155_deposits,Table 155: State-wise Deposits by Scheduled Commercial Banks,https://www.rbi.org.in/Scripts/PublicationsView.aspx?id=23604
Andaman & Nicobar Islands,2021,6043.0,t155_deposits,Table 155: State-wise Deposits by Scheduled Commercial Banks,https://www.rbi.org.in/Scripts/PublicationsView.aspx?id=23604
Andaman & Nicobar Islands,2022,6773.0,t155_deposits,Table 155: State-wise Deposits by Scheduled Commercial Banks,https://www.rbi.org.in/Scripts/PublicationsView.aspx?id=23604
Andaman & Nicobar Islands,2023,7122.0,t155_deposits,Table 155: State-wise Deposits by Scheduled Commercial Banks,https://www.rbi.org.in/Scripts/PublicationsView.aspx?id=23604
Andaman & Nicobar Islands,2024,7746.0,t155_deposits,Table 155: State-wise Deposits by Scheduled Commercial Banks,https://www.rbi.org.in/Scripts/PublicationsView.aspx?id=23604
Andaman & Nicobar Islands,2025,8549.0,t155_deposits,Table 155: State-wise Deposits by Scheduled Commercial Banks,https://www.rbi.org.in/Scripts/PublicationsView.aspx?id=23604
Bihar,2015,216810.0,t155_deposits,Table 155: State-wise Deposits by Scheduled Commercial Banks,https://www.rbi.org.in/Scripts/PublicationsView.aspx?id=23604
Bihar,2016,243073.0,t155_deposits,Table 155: State-wise Deposits by Scheduled Commercial Banks,https://www.rbi.org.in/Scripts/PublicationsView.aspx?id=23604
Bihar,2017,295173.0,t155_deposits,Table 155: State-wise Deposits by Scheduled Commercial Banks,https://www.rbi.org.in/Scripts/PublicationsView.aspx?id=23604
Bihar,2018,314811.0,t155_deposits,Table 155: State-wise Deposits by Scheduled Commercial Banks,https://www.rbi.org.in/Scripts/PublicationsView.aspx?id=23604
Bihar,2019,353169.0,t155_deposits,Table 155: State-wise Deposits by Scheduled Commercial Banks,https://www.rbi.org.in/Scripts/PublicationsView.aspx?id=23604
Bihar,2020,375707.0,t155_deposits,Table 155: State-wise Deposits by Scheduled Commercial Banks,https://www.rbi.org.in/Scripts/PublicationsView.aspx?id=23604
Bihar,2021,397492.0,t155_deposits,Table 155: State-wise Deposits by Scheduled Commercial Banks,https://www.rbi.org.in/Scripts/PublicationsView.aspx?id=23604
Bihar,2022,442417.0,t155_deposits,Table 155: State-wise Deposits by Scheduled Commercial Banks,https://www.rbi.org.in/Scripts/PublicationsView.aspx?id=23604
Bihar,2023,478429.0,t155_deposits,Table 155: State-wise Deposits by Scheduled Commercial Banks,https://www.rbi.org.in/Scripts/PublicationsView.aspx?id=23604
Bihar,2024,524251.0,t155_deposits,Table 155: State-wise Deposits by Scheduled Commercial Banks,https://www.rbi.org.in/Scripts/PublicationsView.aspx?id=23604
Bihar,2025,568726.0,t155_deposits,Table 155: State-wise Deposits by Scheduled Commercial Banks,https://www.rbi.org.in/Scripts/PublicationsView.aspx?id=23604
Jharkhand,2015,142111.0,t155_deposits,Table 155: State-wise Deposits by Scheduled Commercial Banks,https://www.rbi.org.in/Scripts/PublicationsView.aspx?id=23604
Jharkhand,2016,159622.0,t155_deposits,Table 155: State-wise Deposits by Scheduled Commercial Banks,https://www.rbi.org.in/Scripts/PublicationsView.aspx?id=23604
Jharkhand,2017,184172.0,t155_deposits,Table 155: State-wise Deposits by Scheduled Commercial Banks,https://www.rbi.org.in/Scripts/PublicationsView.aspx?id=23604
Jharkhand,2018,195691.0,t155_deposits,Table 155: State-wise Deposits by Scheduled Commercial Banks,https://www.rbi.org.in/Scripts/PublicationsView.aspx?id=23604
Jharkhand,2019,218585.0,t155_deposits,Table 155: State-wise Deposits by Scheduled Commercial Banks,https://www.rbi.org.in/Scripts/PublicationsView.aspx?id=23604
Jharkhand,2020,234106.0,t155_deposits,Table 155: State-wise Deposits by Scheduled Commercial Banks,https://www.rbi.org.in/Scripts/PublicationsView.aspx?id=23604
Jharkhand,2021,256070.0,t155_deposits,Table 155: State-wise Deposits by Scheduled Commercial Banks,https://www.rbi.org.in/Scripts/PublicationsView.aspx?id=23604
Jharkhand,2022,282989.0,t155_deposits,Table 155: State-wise Deposits by Scheduled Commercial Banks,https://www.rbi.org.in/Scripts/PublicationsView.aspx?id=23604
Jharkhand,2023,304044.0,t155_deposits,Table 155: State-wise Deposits by Scheduled Commercial Banks,https://www.rbi.org.in/Scripts/PublicationsView.aspx?id=23604
Jharkhand,2024,336724.0,t155_deposits,Table 155: State-wise Deposits by Scheduled Commercial Banks,https://www.rbi.org.in/Scripts/PublicationsView.aspx?id=23604
Jharkhand,2025,367362.0,t155_deposits,Table 155: State-wise Deposits by Scheduled Commercial Banks,https://www.rbi.org.in/Scripts/PublicationsView.aspx?id=23604
Odisha,2015,190074.0,t155_deposits,Table 155: State-wise Deposits by Scheduled Commercial Banks,https://www.rbi.org.in/Scripts/PublicationsView.aspx?id=23604
Odisha,2016,209215.0,t155_deposits,Table 155: State-wise Deposits by Scheduled Commercial Banks,https://www.rbi.org.in/Scripts/PublicationsView.aspx?id=23604
Odisha,2017,245281.0,t155_deposits,Table 155: State-wise Deposits by Scheduled Commercial Banks,https://www.rbi.org.in/Scripts/PublicationsView.aspx?id=23604
Odisha,2018,268905.0,t155_deposits,Table 155: State-wise Deposits by Scheduled Commercial Banks,https://www.rbi.org.in/Scripts/PublicationsView.aspx?id=23604
Odisha,2019,309554.0,t155_deposits,Table 155: State-wise Deposits by Scheduled Commercial Banks,https://www.rbi.org.in/Scripts/PublicationsView.aspx?id=23604
Odisha,2020,341140.0,t155_deposits,Table 155: State-wise Deposits by Scheduled Commercial Banks,https://www.rbi.org.in/Scripts/PublicationsView.aspx?id=23604
Odisha,2021,363567.0,t155_deposits,Table 155: State-wise Deposits by Scheduled Commercial Banks,https://www.rbi.org.in/Scripts/PublicationsView.aspx?id=23604
Odisha,2022,421413.0,t155_deposits,Table 155: State-wise Deposits by Scheduled Commercial Banks,https://www.rbi.org.in/Scripts/PublicationsView.aspx?id=23604
Odisha,2023,463318.0,t155_deposits,Table 155: State-wise Deposits by Scheduled Commercial Banks,https://www.rbi.org.in/Scripts/PublicationsView.aspx?id=23604
Odisha,2024,522543.0,t155_deposits,Table 155: State-wise Deposits by Scheduled Commercial Banks,https://www.rbi.org.in/Scripts/PublicationsView.aspx?id=23604
Odisha,2025,583925.0,t155_deposits,Table 155: State-wise Deposits by Scheduled Commercial Banks,https://www.rbi.org.in/Scripts/PublicationsView.aspx?id=23604
Sikkim,2015,5714.0,t155_deposits,Table 155: State-wise Deposits by Scheduled Commercial Banks,https://www.rbi.org.in/Scripts/PublicationsView.aspx?id=23604
Sikkim,2016,6354.0,t155_deposits,Table 155: State-wise Deposits by Scheduled Commercial Banks,https://www.rbi.org.in/Scripts/PublicationsView.aspx?id=23604
Sikkim,2017,6954.0,t155_deposits,Table 155: State-wise Deposits by Scheduled Commercial Banks,https://www.rbi.org.in/Scripts/PublicationsView.aspx?id=23604
Sikkim,2018,8533.0,t155_deposits,Table 155: State-wise Deposits by Scheduled Commercial Banks,https://www.rbi.org.in/Scripts/PublicationsView.aspx?id=23604
Sikkim,2019,9632.0,t155_deposits,Table 155: State-wise Deposits by Scheduled Commercial Banks,https://www.rbi.org.in/Scripts/PublicationsView.aspx?id=23604
Sikkim,2020,10130.0,t155_deposits,Table 155: State-wise Deposits by Scheduled Commercial Banks,https://www.rbi.org.in/Scripts/PublicationsView.aspx?id=23604
Sikkim,2021,10604.0,t155_deposits,Table 155: State-wise Deposits by Scheduled Commercial Banks,https://www.rbi.org.in/Scripts/PublicationsView.aspx?id=23604
Sikkim,2022,12411.0,t155_deposits,Table 155: State-wise Deposits by Scheduled Commercial Banks,https://www.rbi.org.in/Scripts/PublicationsView.aspx?id=23604
Sikkim,2023,13554.0,t155_deposits,Table 155: State-wise Deposits by Scheduled Commercial Banks,https://www.rbi.org.in/Scripts/PublicationsView.aspx?id=23604
Sikkim,2024,14748.0,t155_deposits,Table 155: State-wise Deposits by Scheduled Commercial Banks,https://www.rbi.org.in/Scripts/PublicationsView.aspx?id=23604
Sikkim,2025,16290.0,t155_deposits,Table 155: State-wise Deposits by Scheduled Commercial Banks,https://www.rbi.org.in/Scripts/PublicationsView.aspx?id=23604
West Bengal,2015,553692.0,t155_deposits,Table 155: State-wise Deposits by Scheduled Commercial Banks,https://www.rbi.org.in/Scripts/PublicationsView.aspx?id=23604
West Bengal,2016,609984.0,t155_deposits,Table 155: State-wise Deposits by Scheduled Commercial Banks,https://www.rbi.org.in/Scripts/PublicationsView.aspx?id=23604
West Bengal,2017,682175.0,t155_deposits,Table 155: State-wise Deposits by Scheduled Commercial Banks,https://www.rbi.org.in/Scripts/PublicationsView.aspx?id=23604
West Bengal,2018,718580.0,t155_deposits,Table 155: State-wise Deposits by Scheduled Commercial Banks,https://www.rbi.org.in/Scripts/PublicationsView.aspx?id=23604
West Bengal,2019,779291.0,t155_deposits,Table 155: State-wise Deposits by Scheduled Commercial Banks,https://www.rbi.org.in/Scripts/PublicationsView.aspx?id=23604
West Bengal,2020,827832.0,t155_deposits,Table 155: State-wise Deposits by Scheduled Commercial Banks,https://www.rbi.org.in/Scripts/PublicationsView.aspx?id=23604
West Bengal,2021,889011.0,t155_deposits,Table 155: State-wise Deposits by Scheduled Commercial Banks,https://www.rbi.org.in/Scripts/PublicationsView.aspx?id=23604
West Bengal,2022,978185.0,t155_deposits,Table 155: State-wise Deposits by Scheduled Commercial Banks,https://www.rbi.org.in/Scripts/PublicationsView.aspx?id=23604
West Bengal,2023,1056367.0,t155_deposits,Table 155: State-wise Deposits by Scheduled Commercial Banks,https://www.rbi.org.in/Scripts/PublicationsView.aspx?id=23604
West Bengal,2024,1143463.0,t155_deposits,Table 155: State-wise Deposits by Scheduled Commercial Banks,https://www.rbi.org.in/Scripts/PublicationsView.aspx?id=23604
West Bengal,2025,1225284.0,t155_deposits,Table 155: State-wise Deposits by Scheduled Commercial Banks,https://www.rbi.org.in/Scripts/PublicationsView.aspx?id=23604
Chhattisgarh,2015,99166.0,t155_deposits,Table 155: State-wise Deposits by Scheduled Commercial Banks,https://www.rbi.org.in/Scripts/PublicationsView.aspx?id=23604
Chhattisgarh,2016,104612.0,t155_deposits,Table 155: State-wise Deposits by Scheduled Commercial Banks,https://www.rbi.org.in/Scripts/PublicationsView.aspx?id=23604
Chhattisgarh,2017,118872.0,t155_deposits,Table 155: State-wise Deposits by Scheduled Commercial Banks,https://www.rbi.org.in/Scripts/PublicationsView.aspx?id=23604
Chhattisgarh,2018,132429.0,t155_deposits,Table 155: State-wise Deposits by Scheduled Commercial Banks,https://www.rbi.org.in/Scripts/PublicationsView.aspx?id=23604
Chhattisgarh,2019,142656.0,t155_deposits,Table 155: State-wise Deposits by Scheduled Commercial Banks,https://www.rbi.org.in/Scripts/PublicationsView.aspx?id=23604
Chhattisgarh,2020,160542.0,t155_deposits,Table 155: State-wise Deposits by Scheduled Commercial Banks,https://www.rbi.org.in/Scripts/PublicationsView.aspx?id=23604
Chhattisgarh,2021,173217.0,t155_deposits,Table 155: State-wise Deposits by Scheduled Commercial Banks,https://www.rbi.org.in/Scripts/PublicationsView.aspx?id=23604
Chhattisgarh,2022,197250.0,t155_deposits,Table 155: State-wise Deposits by Scheduled Commercial Banks,https://www.rbi.org.in/Scripts/PublicationsView.aspx?id=23604
Chhattisgarh,2023,216407.0,t155_deposits,Table 155: State-wise Deposits by Scheduled Commercial Banks,https://www.rbi.org.in/Scripts/PublicationsView.aspx?id=23604
Chhattisgarh,2024,243955.0,t155_deposits,Table 155: State-wise Deposits by Scheduled Commercial Banks,https://www.rbi.org.in/Scripts/PublicationsView.aspx?id=23604
Chhattisgarh,2025,268161.0,t155_deposits,Table 155: State-wise Deposits by Scheduled Commercial Banks,https://www.rbi.org.in/Scripts/PublicationsView.aspx?id=23604
Madhya Pradesh,2015,279342.0,t155_deposits,Table 155: State-wise Deposits by Scheduled Commercial Banks,https://www.rbi.org.in/Scripts/PublicationsView.aspx?id=23604
Madhya Pradesh,2016,282590.0,t155_deposits,Table 155: State-wise Deposits by Scheduled Commercial Banks,https://www.rbi.org.in/Scripts/PublicationsView.aspx?id=23604
Madhya Pradesh,2017,313014.0,t155_deposits,Table 155: State-wise Deposits by Scheduled Commercial Banks,https://www.rbi.org.in/Scripts/PublicationsView.aspx?id=23604
Madhya Pradesh,2018,341433.0,t155_deposits,Table 155: State-wise Deposits by Scheduled Commercial Banks,https://www.rbi.org.in/Scripts/PublicationsView.aspx?id=23604
Madhya Pradesh,2019,368951.0,t155_deposits,Table 155: State-wise Deposits by Scheduled Commercial Banks,https://www.rbi.org.in/Scripts/PublicationsView.aspx?id=23604
Madhya Pradesh,2020,396779.0,t155_deposits,Table 155: State-wise Deposits by Scheduled Commercial Banks,https://www.rbi.org.in/Scripts/PublicationsView.aspx?id=23604
Madhya Pradesh,2021,453372.0,t155_deposits,Table 155: State-wise Deposits by Scheduled Commercial Banks,https://www.rbi.org.in/Scripts/PublicationsView.aspx?id=23604
Madhya Pradesh,2022,510313.0,t155_deposits,Table 155: State-wise Deposits by Scheduled Commercial Banks,https://www.rbi.org.in/Scripts/PublicationsView.aspx?id=23604
Madhya Pradesh,2023,547367.0,t155_deposits,Table 155: State-wise Deposits by Scheduled Commercial Banks,https://www.rbi.org.in/Scripts/PublicationsView.aspx?id=23604
Madhya Pradesh,2024,617814.0,t155_deposits,Table 155: State-wise Deposits by Scheduled Commercial Banks,https://www.rbi.org.in/Scripts/PublicationsView.aspx?id=23604
Madhya Pradesh,2025,673476.0,t155_deposits,Table 155: State-wise Deposits by Scheduled Commercial Banks,https://www.rbi.org.in/Scripts/PublicationsView.aspx?id=23604
Uttarakhand,2015,88633.0,t155_deposits,Table 155: State-wise Deposits by Scheduled Commercial Banks,https://www.rbi.org.in/Scripts/PublicationsView.aspx?id=23604
Uttarakhand,2016,96518.0,t155_deposits,Table 155: State-wise Deposits by Scheduled Commercial Banks,https://www.rbi.org.in/Scripts/PublicationsView.aspx?id=23604
Uttarakhand,2017,114114.0,t155_deposits,Table 155: State-wise Deposits by Scheduled Commercial Banks,https://www.rbi.org.in/Scripts/PublicationsView.aspx?id=23604
Uttarakhand,2018,122536.0,t155_deposits,Table 155: State-wise Deposits by Scheduled Commercial Banks,https://www.rbi.org.in/Scripts/PublicationsView.aspx?id=23604
Uttarakhand,2019,137040.0,t155_deposits,Table 155: State-wise Deposits by Scheduled Commercial Banks,https://www.rbi.org.in/Scripts/PublicationsView.aspx?id=23604
Uttarakhand,2020,149549.0,t155_deposits,Table 155: State-wise Deposits by Scheduled Commercial Banks,https://www.rbi.org.in/Scripts/PublicationsView.aspx?id=23604
Uttarakhand,2021,165333.0,t155_deposits,Table 155: State-wise Deposits by Scheduled Commercial Banks,https://www.rbi.org.in/Scripts/PublicationsView.aspx?id=23604
Uttarakhand,2022,180784.0,t155_deposits,Table 155: State-wise Deposits by Scheduled Commercial Banks,https://www.rbi.org.in/Scripts/PublicationsView.aspx?id=23604
Uttarakhand,2023,200425.0,t155_deposits,Table 155: State-wise Deposits by Scheduled Commercial Banks,https://www.rbi.org.in/Scripts/PublicationsView.aspx?id=23604
Uttarakhand,2024,222835.0,t155_deposits,Table 155: State-wise Deposits by Scheduled Commercial Banks,https://www.rbi.org.in/Scripts/PublicationsView.aspx?id=23604
Uttarakhand,2025,246010.0,t155_deposits,Table 155: State-wise Deposits by Scheduled Commercial Banks,https://www.rbi.org.in/Scripts/PublicationsView.aspx?id=23604
Uttar Pradesh,2015,672530.0,t155_deposits,Table 155: State-wise Deposits by Scheduled Commercial Banks,https://www.rbi.org.in/Scripts/PublicationsView.aspx?id=23604
Uttar Pradesh,2016,742274.0,t155_deposits,Table 155: State-wise Deposits by Scheduled Commercial Banks,https://www.rbi.org.in/Scripts/PublicationsView.aspx?id=23604
Uttar Pradesh,2017,885163.0,t155_deposits,Table 155: State-wise Deposits by Scheduled Commercial Banks,https://www.rbi.org.in/Scripts/PublicationsView.aspx?id=23604
Uttar Pradesh,2018,953578.0,t155_deposits,Table 155: State-wise Deposits by Scheduled Commercial Banks,https://www.rbi.org.in/Scripts/PublicationsView.aspx?id=23604
Uttar Pradesh,2019,1041507.0,t155_deposits,Table 155: State-wise Deposits by Scheduled Commercial Banks,https://www.rbi.org.in/Scripts/PublicationsView.aspx?id=23604
Uttar Pradesh,2020,1144902.0,t155_deposits,Table 155: State-wise Deposits by Scheduled Commercial Banks,https://www.rbi.org.in/Scripts/PublicationsView.aspx?id=23604
Uttar Pradesh,2021,1277878.0,t155_deposits,Table 155: State-wise Deposits by Scheduled Commercial Banks,https://www.rbi.org.in/Scripts/PublicationsView.aspx?id=23604
Uttar Pradesh,2022,1394177.0,t155_deposits,Table 155: State-wise Deposits by Scheduled Commercial Banks,https://www.rbi.org.in/Scripts/PublicationsView.aspx?id=23604
Uttar Pradesh,2023,1548627.0,t155_deposits,Table 155: State-wise Deposits by Scheduled Commercial Banks,https://www.rbi.org.in/Scripts/PublicationsView.aspx?id=23604
Uttar Pradesh,2024,1745807.0,t155_deposits,Table 155: State-wise Deposits by Scheduled Commercial Banks,https://www.rbi.org.in/Scripts/PublicationsView.aspx?id=23604
Uttar Pradesh,2025,1909885.0,t155_deposits,Table 155: State-wise Deposits by Scheduled Commercial Banks,https://www.rbi.org.in/Scripts/PublicationsView.aspx?id=23604
Dadra & Nagar Haveli,2015,2717.0,t155_deposits,Table 155: State-wise Deposits by Scheduled Commercial Banks,https://www.rbi.org.in/Scripts/PublicationsView.aspx?id=23604
Dadra & Nagar Haveli,2016,3080.0,t155_deposits,Table 155: State-wise Deposits by Scheduled Commercial Banks,https://www.rbi.org.in/Scripts/PublicationsView.aspx?id=23604
Dadra & Nagar Haveli,2017,3593.0,t155_deposits,Table 155: State-wise Deposits by Scheduled Commercial Banks,https://www.rbi.org.in/Scripts/PublicationsView.aspx?id=23604
Dadra & Nagar Haveli,2018,3877.0,t155_deposits,Table 155: State-wise Deposits by Scheduled Commercial Banks,https://www.rbi.org.in/Scripts/PublicationsView.aspx?id=23604
Dadra & Nagar Haveli,2019,3994.0,t155_deposits,Table 155: State-wise Deposits by Scheduled Commercial Banks,https://www.rbi.org.in/Scripts/PublicationsView.aspx?id=23604
Dadra & Nagar Haveli,2020,9979.0,t155_deposits,Table 155: State-wise Deposits by Scheduled Commercial Banks,https://www.rbi.org.in/Scripts/PublicationsView.aspx?id=23604
Dadra & Nagar Haveli,2021,11586.0,t155_deposits,Table 155: State-wise Deposits by Scheduled Commercial Banks,https://www.rbi.org.in/Scripts/PublicationsView.aspx?id=23604
Dadra & Nagar Haveli,2022,13210.0,t155_deposits,Table 155: State-wise Deposits by Scheduled Commercial Banks,https://www.rbi.org.in/Scripts/PublicationsView.aspx?id=23604
Dadra & Nagar Haveli,2023,14188.0,t155_deposits,Table 155: State-wise Deposits by Scheduled Commercial Banks,https://www.rbi.org.in/Scripts/PublicationsView.aspx?id=23604
Dadra & Nagar Haveli,2024,15655.0,t155_deposits,Table 155: State-wise Deposits by Scheduled Commercial Banks,https://www.rbi.org.in/Scripts/PublicationsView.aspx?id=23604
Dadra & Nagar Haveli,2025,16965.0,t155_deposits,Table 155: State-wise Deposits by Scheduled Commercial Banks,https://www.rbi.org.in/Scripts/PublicationsView.aspx?id=23604
Daman & Diu,2015,3334.0,t155_deposits,Table 155: State-wise Deposits by Scheduled Commercial Banks,https://www.rbi.org.in/Scripts/PublicationsView.aspx?id=23604
Daman & Diu,2016,3728.0,t155_deposits,Table 155: State-wise Deposits by Scheduled Commercial Banks,https://www.rbi.org.in/Scripts/PublicationsView.aspx?id=23604
Daman & Diu,2017,4289.0,t155_deposits,Table 155: State-wise Deposits by Scheduled Commercial Banks,https://www.rbi.org.in/Scripts/PublicationsView.aspx?id=23604
Daman & Diu,2018,4596.0,t155_deposits,Table 155: State-wise Deposits by Scheduled Commercial Banks,https://www.rbi.org.in/Scripts/PublicationsView.aspx?id=23604
Daman & Diu,2019,5055.0,t155_deposits,Table 155: State-wise Deposits by Scheduled Commercial Banks,https://www.rbi.org.in/Scripts/PublicationsView.aspx?id=23604
Daman & Diu,2020,,t155_deposits,Table 155: State-wise Deposits by Scheduled Commercial Banks,https://www.rbi.org.in/Scripts/PublicationsView.aspx?id=23604
Daman & Diu,2021,,t155_deposits,Table 155: State-wise Deposits by Scheduled Commercial Banks,https://www.rbi.org.in/Scripts/PublicationsView.aspx?id=23604
Daman & Diu,2022,,t155_deposits,Table 155: State-wise Deposits by Scheduled Commercial Banks,https://www.rbi.org.in/Scripts/PublicationsView.aspx?id=23604
Daman & Diu,2023,,t155_deposits,Table 155: State-wise Deposits by Scheduled Commercial Banks,https://www.rbi.org.in/Scripts/PublicationsView.aspx?id=23604
Daman & Diu,2024,,t155_deposits,Table 155: State-wise Deposits by Scheduled Commercial Banks,https://www.rbi.org.in/Scripts/PublicationsView.aspx?id=23604
Daman & Diu,2025,,t155_deposits,Table 155: State-wise Deposits by Scheduled Commercial Banks,https://www.rbi.org.in/Scripts/PublicationsView.aspx?id=23604
Goa,2015,51544.0,t155_deposits,Table 155: State-wise Deposits by Scheduled Commercial Banks,https://www.rbi.org.in/Scripts/PublicationsView.aspx?id=23604
Goa,2016,55948.0,t155_deposits,Table 155: State-wise Deposits by Scheduled Commercial Banks,https://www.rbi.org.in/Scripts/PublicationsView.aspx?id=23604
Goa,2017,61693.0,t155_deposits,Table 155: State-wise Deposits by Scheduled Commercial Banks,https://www.rbi.org.in/Scripts/PublicationsView.aspx?id=23604
Goa,2018,65275.0,t155_deposits,Table 155: State-wise Deposits by Scheduled Commercial Banks,https://www.rbi.org.in/Scripts/PublicationsView.aspx?id=23604
Goa,2019,71135.0,t155_deposits,Table 155: State-wise Deposits by Scheduled Commercial Banks,https://www.rbi.org.in/Scripts/PublicationsView.aspx?id=23604
Goa,2020,76533.0,t155_deposits,Table 155: State-wise Deposits by Scheduled Commercial Banks,https://www.rbi.org.in/Scripts/PublicationsView.aspx?id=23604
Goa,2021,85771.0,t155_deposits,Table 155: State-wise Deposits by Scheduled Commercial Banks,https://www.rbi.org.in/Scripts/PublicationsView.aspx?id=23604
Goa,2022,92900.0,t155_deposits,Table 155: State-wise Deposits by Scheduled Commercial Banks,https://www.rbi.org.in/Scripts/PublicationsView.aspx?id=23604
Goa,2023,102038.0,t155_deposits,Table 155: State-wise Deposits by Scheduled Commercial Banks,https://www.rbi.org.in/Scripts/PublicationsView.aspx?id=23604
Goa,2024,112021.0,t155_deposits,Table 155: State-wise Deposits by Scheduled Commercial Banks,https://www.rbi.org.in/Scripts/PublicationsView.aspx?id=23604
Goa,2025,120662.0,t155_deposits,Table 155: State-wise Deposits by Scheduled Commercial Banks,https://www.rbi.org.in/Scripts/PublicationsView.aspx?id=23604
Gujarat,2015,477758.0,t155_deposits,Table 155: State-wise Deposits by Scheduled Commercial Banks,https://www.rbi.org.in/Scripts/PublicationsView.aspx?id=23604
Gujarat,2016,518453.0,t155_deposits,Table 155: State-wise Deposits by Scheduled Commercial Banks,https://www.rbi.org.in/Scripts/PublicationsView.aspx?id=23604
Gujarat,2017,603973.0,t155_deposits,Table 155: State-wise Deposits by Scheduled Commercial Banks,https://www.rbi.org.in/Scripts/PublicationsView.aspx?id=23604
Gujarat,2018,640358.0,t155_deposits,Table 155: State-wise Deposits by Scheduled Commercial Banks,https://www.rbi.org.in/Scripts/PublicationsView.aspx?id=23604
Gujarat,2019,674922.0,t155_deposits,Table 155: State-wise Deposits by Scheduled Commercial Banks,https://www.rbi.org.in/Scripts/PublicationsView.aspx?id=23604
Gujarat,2020,738912.0,t155_deposits,Table 155: State-wise Deposits by Scheduled Commercial Banks,https://www.rbi.org.in/Scripts/PublicationsView.aspx?id=23604
Gujarat,2021,830161.0,t155_deposits,Table 155: State-wise Deposits by Scheduled Commercial Banks,https://www.rbi.org.in/Scripts/PublicationsView.aspx?id=23604
Gujarat,2022,928468.0,t155_deposits,Table 155: State-wise Deposits by Scheduled Commercial Banks,https://www.rbi.org.in/Scripts/PublicationsView.aspx?id=23604
Gujarat,2023,1027453.0,t155_deposits,Table 155: State-wise Deposits by Scheduled Commercial Banks,https://www.rbi.org.in/Scripts/PublicationsView.aspx?id=23604
Gujarat,2024,1195365.0,t155_deposits,Table 155: State-wise Deposits by Scheduled Commercial Banks,https://www.rbi.org.in/Scripts/PublicationsView.aspx?id=23604
Gujarat,2025,1273072.0,t155_deposits,Table 155: State-wise Deposits by Scheduled Commercial Banks,https://www.rbi.org.in/Scripts/PublicationsView.aspx?id=23604
Maharashtra,2015,2150010.0,t155_deposits,Table 155: State-wise Deposits by Scheduled Commercial Banks,https://www.rbi.org.in/Scripts/PublicationsView.aspx?id=23604
Maharashtra,2016,2181769.0,t155_deposits,Table 155: State-wise Deposits by Scheduled Commercial Banks,https://www.rbi.org.in/Scripts/PublicationsView.aspx?id=23604
Maharashtra,2017,2195511.0,t155_deposits,Table 155: State-wise Deposits by Scheduled Commercial Banks,https://www.rbi.org.in/Scripts/PublicationsView.aspx?id=23604
Maharashtra,2018,2292825.0,t155_deposits,Table 155: State-wise Deposits by Scheduled Commercial Banks,https://www.rbi.org.in/Scripts/PublicationsView.aspx?id=23604
Maharashtra,2019,2607845.0,t155_deposits,Table 155: State-wise Deposits by Scheduled Commercial Banks,https://www.rbi.org.in/Scripts/PublicationsView.aspx?id=23604
Maharashtra,2020,2807751.0,t155_deposits,Table 155: State-wise Deposits by Scheduled Commercial Banks,https://www.rbi.org.in/Scripts/PublicationsView.aspx?id=23604
Maharashtra,2021,3163108.0,t155_deposits,Table 155: State-wise Deposits by Scheduled Commercial Banks,https://www.rbi.org.in/Scripts/PublicationsView.aspx?id=23604
Maharashtra,2022,3491988.0,t155_deposits,Table 155: State-wise Deposits by Scheduled Commercial Banks,https://www.rbi.org.in/Scripts/PublicationsView.aspx?id=23604
Maharashtra,2023,3922908.0,t155_deposits,Table 155: State-wise Deposits by Scheduled Commercial Banks,https://www.rbi.org.in/Scripts/PublicationsView.aspx?id=23604
Maharashtra,2024,4667847.0,t155_deposits,Table 155: State-wise Deposits by Scheduled Commercial Banks,https://www.rbi.org.in/Scripts/PublicationsView.aspx?id=23604
Maharashtra,2025,5233966.0,t155_deposits,Table 155: State-wise Deposits by Scheduled Commercial Banks,https://www.rbi.org.in/Scripts/PublicationsView.aspx?id=23604
Andhra Pradesh,2015,188628.0,t155_deposits,Table 155: State-wise Deposits by Scheduled Commercial Banks,https://www.rbi.org.in/Scripts/PublicationsView.aspx?id=23604
Andhra Pradesh,2016,210237.0,t155_deposits,Table 155: State-wise Deposits by Scheduled Commercial Banks,https://www.rbi.org.in/Scripts/PublicationsView.aspx?id=23604
Andhra Pradesh,2017,249229.0,t155_deposits,Table 155: State-wise Deposits by Scheduled Commercial Banks,https://www.rbi.org.in/Scripts/PublicationsView.aspx?id=23604
Andhra Pradesh,2018,274566.0,t155_deposits,Table 155: State-wise Deposits by Scheduled Commercial Banks,https://www.rbi.org.in/Scripts/PublicationsView.aspx?id=23604
Andhra Pradesh,2019,300452.0,t155_deposits,Table 155: State-wise Deposits by Scheduled Commercial Banks,https://www.rbi.org.in/Scripts/PublicationsView.aspx?id=23604
Andhra Pradesh,2020,324873.0,t155_deposits,Table 155: State-wise Deposits by Scheduled Commercial Banks,https://www.rbi.org.in/Scripts/PublicationsView.aspx?id=23604
Andhra Pradesh,2021,359770.0,t155_deposits,Table 155: State-wise Deposits by Scheduled Commercial Banks,https://www.rbi.org.in/Scripts/PublicationsView.aspx?id=23604
Andhra Pradesh,2022,385881.0,t155_deposits,Table 155: State-wise Deposits by Scheduled Commercial Banks,https://www.rbi.org.in/Scripts/PublicationsView.aspx?id=23604
Andhra Pradesh,2023,429719.0,t155_deposits,Table 155: State-wise Deposits by Scheduled Commercial Banks,https://www.rbi.org.in/Scripts/PublicationsView.aspx?id=23604
Andhra Pradesh,2024,480580.0,t155_deposits,Table 155: State-wise Deposits by Scheduled Commercial Banks,https://www.rbi.org.in/Scripts/PublicationsView.aspx?id=23604
Andhra Pradesh,2025,529673.0,t155_deposits,Table 155: State-wise Deposits by Scheduled Commercial Banks,https://www.rbi.org.in/Scripts/PublicationsView.aspx?id=23604
Karnataka,2015,634292.0,t155_deposits,Table 155: State-wise Deposits by Scheduled Commercial Banks,https://www.rbi.org.in/Scripts/PublicationsView.aspx?id=23604
Karnataka,2016,696063.0,t155_deposits,Table 155: State-wise Deposits by Scheduled Commercial Banks,https://www.rbi.org.in/Scripts/PublicationsView.aspx?id=23604
Karnataka,2017,783250.0,t155_deposits,Table 155: State-wise Deposits by Scheduled Commercial Banks,https://www.rbi.org.in/Scripts/PublicationsView.aspx?id=23604
Karnataka,2018,835662.0,t155_deposits,Table 155: State-wise Deposits by Scheduled Commercial Banks,https://www.rbi.org.in/Scripts/PublicationsView.aspx?id=23604
Karnataka,2019,934364.0,t155_deposits,Table 155: State-wise Deposits by Scheduled Commercial Banks,https://www.rbi.org.in/Scripts/PublicationsView.aspx?id=23604
Karnataka,2020,1061242.0,t155_deposits,Table 155: State-wise Deposits by Scheduled Commercial Banks,https://www.rbi.org.in/Scripts/PublicationsView.aspx?id=23604
Karnataka,2021,1256023.0,t155_deposits,Table 155: State-wise Deposits by Scheduled Commercial Banks,https://www.rbi.org.in/Scripts/PublicationsView.aspx?id=23604
Karnataka,2022,1382552.0,t155_deposits,Table 155: State-wise Deposits by Scheduled Commercial Banks,https://www.rbi.org.in/Scripts/PublicationsView.aspx?id=23604
Karnataka,2023,1485253.0,t155_deposits,Table 155: State-wise Deposits by Scheduled Commercial Banks,https://www.rbi.org.in/Scripts/PublicationsView.aspx?id=23604
Karnataka,2024,1682411.0,t155_deposits,Table 155: State-wise Deposits by Scheduled Commercial Banks,https://www.rbi.org.in/Scripts/PublicationsView.aspx?id=23604
Karnataka,2025,1888708.0,t155_deposits,Table 155: State-wise Deposits by Scheduled Commercial Banks,https://www.rbi.org.in/Scripts/PublicationsView.aspx?id=23604
Kerala,2015,328399.0,t155_deposits,Table 155: State-wise Deposits by Scheduled Commercial Banks,https://www.rbi.org.in/Scripts/PublicationsView.aspx?id=23604
Kerala,2016,366137.0,t155_deposits,Table 155: State-wise Deposits by Scheduled Commercial Banks,https://www.rbi.org.in/Scripts/PublicationsView.aspx?id=23604
Kerala,2017,411408.0,t155_deposits,Table 155: State-wise Deposits by Scheduled Commercial Banks,https://www.rbi.org.in/Scripts/PublicationsView.aspx?id=23604
Kerala,2018,441923.0,t155_deposits,Table 155: State-wise Deposits by Scheduled Commercial Banks,https://www.rbi.org.in/Scripts/PublicationsView.aspx?id=23604
Kerala,2019,495762.0,t155_deposits,Table 155: State-wise Deposits by Scheduled Commercial Banks,https://www.rbi.org.in/Scripts/PublicationsView.aspx?id=23604
Kerala,2020,545024.0,t155_deposits,Table 155: State-wise Deposits by Scheduled Commercial Banks,https://www.rbi.org.in/Scripts/PublicationsView.aspx?id=23604
Kerala,2021,607649.0,t155_deposits,Table 155: State-wise Deposits by Scheduled Commercial Banks,https://www.rbi.org.in/Scripts/PublicationsView.aspx?id=23604
Kerala,2022,670289.0,t155_deposits,Table 155: State-wise Deposits by Scheduled Commercial Banks,https://www.rbi.org.in/Scripts/PublicationsView.aspx?id=23604
Kerala,2023,724013.0,t155_deposits,Table 155: State-wise Deposits by Scheduled Commercial Banks,https://www.rbi.org.in/Scripts/PublicationsView.aspx?id=23604
Kerala,2024,803411.0,t155_deposits,Table 155: State-wise Deposits by Scheduled Commercial Banks,https://www.rbi.org.in/Scripts/PublicationsView.aspx?id=23604
Kerala,2025,894855.0,t155_deposits,Table 155: State-wise Deposits by Scheduled Commercial Banks,https://www.rbi.org.in/Scripts/PublicationsView.aspx?id=23604
Lakshadweep,2015,762.0,t155_deposits,Table 155: State-wise Deposits by Scheduled Commercial Banks,https://www.rbi.org.in/Scripts/PublicationsView.aspx?id=23604
Lakshadweep,2016,755.0,t155_deposits,Table 155: State-wise Deposits by Scheduled Commercial Banks,https://www.rbi.org.in/Scripts/PublicationsView.aspx?id=23604
Lakshadweep,2017,961.0,t155_deposits,Table 155: State-wise Deposits by Scheduled Commercial Banks,https://www.rbi.org.in/Scripts/PublicationsView.aspx?id=23604
Lakshadweep,2018,997.0,t155_deposits,Table 155: State-wise Deposits by Scheduled Commercial Banks,https://www.rbi.org.in/Scripts/PublicationsView.aspx?id=23604
Lakshadweep,2019,1096.0,t155_deposits,Table 155: State-wise Deposits by Scheduled Commercial Banks,https://www.rbi.org.in/Scripts/PublicationsView.aspx?id=23604
Lakshadweep,2020,1115.0,t155_deposits,Table 155: State-wise Deposits by Scheduled Commercial Banks,https://www.rbi.org.in/Scripts/PublicationsView.aspx?id=23604
Lakshadweep,2021,1239.0,t155_deposits,Table 155: State-wise Deposits by Scheduled Commercial Banks,https://www.rbi.org.in/Scripts/PublicationsView.aspx?id=23604
Lakshadweep,2022,1230.0,t155_deposits,Table 155: State-wise Deposits by Scheduled Commercial Banks,https://www.rbi.org.in/Scripts/PublicationsView.aspx?id=23604
Lakshadweep,2023,1413.0,t155_deposits,Table 155: State-wise Deposits by Scheduled Commercial Banks,https://www.rbi.org.in/Scripts/PublicationsView.aspx?id=23604
Lakshadweep,2024,1532.0,t155_deposits,Table 155: State-wise Deposits by Scheduled Commercial Banks,https://www.rbi.org.in/Scripts/PublicationsView.aspx?id=23604
Lakshadweep,2025,1540.0,t155_deposits,Table 155: State-wise Deposits by Scheduled Commercial Banks,https://www.rbi.org.in/Scripts/PublicationsView.aspx?id=23604
Puducherry,2015,11064.0,t155_deposits,Table 155: State-wise Deposits by Scheduled Commercial Banks,https://www.rbi.org.in/Scripts/PublicationsView.aspx?id=23604
Puducherry,2016,12676.0,t155_deposits,Table 155: State-wise Deposits by Scheduled Commercial Banks,https://www.rbi.org.in/Scripts/PublicationsView.aspx?id=23604
Puducherry,2017,14606.0,t155_deposits,Table 155: State-wise Deposits by Scheduled Commercial Banks,https://www.rbi.org.in/Scripts/PublicationsView.aspx?id=23604
Puducherry,2018,16242.0,t155_deposits,Table 155: State-wise Deposits by Scheduled Commercial Banks,https://www.rbi.org.in/Scripts/PublicationsView.aspx?id=23604
Puducherry,2019,17818.0,t155_deposits,Table 155: State-wise Deposits by Scheduled Commercial Banks,https://www.rbi.org.in/Scripts/PublicationsView.aspx?id=23604
Puducherry,2020,20043.0,t155_deposits,Table 155: State-wise Deposits by Scheduled Commercial Banks,https://www.rbi.org.in/Scripts/PublicationsView.aspx?id=23604
Puducherry,2021,22138.0,t155_deposits,Table 155: State-wise Deposits by Scheduled Commercial Banks,https://www.rbi.org.in/Scripts/PublicationsView.aspx?id=23604
Puducherry,2022,24552.0,t155_deposits,Table 155: State-wise Deposits by Scheduled Commercial Banks,https://www.rbi.org.in/Scripts/PublicationsView.aspx?id=23604
Puducherry,2023,26469.0,t155_deposits,Table 155: State-wise Deposits by Scheduled Commercial Banks,https://www.rbi.org.in/Scripts/PublicationsView.aspx?id=23604
Puducherry,2024,30226.0,t155_deposits,Table 155: State-wise Deposits by Scheduled Commercial Banks,https://www.rbi.org.in/Scripts/PublicationsView.aspx?id=23604
Puducherry,2025,32927.0,t155_deposits,Table 155: State-wise Deposits by Scheduled Commercial Banks,https://www.rbi.org.in/Scripts/PublicationsView.aspx?id=23604
Tamil Nadu,2015,545317.0,t155_deposits,Table 155: State-wise Deposits by Scheduled Commercial Banks,https://www.rbi.org.in/Scripts/PublicationsView.aspx?id=23604
Tamil Nadu,2016,600035.0,t155_deposits,Table 155: State-wise Deposits by Scheduled Commercial Banks,https://www.rbi.org.in/Scripts/PublicationsView.aspx?id=23604
Tamil Nadu,2017,668507.0,t155_deposits,Table 155: State-wise Deposits by Scheduled Commercial Banks,https://www.rbi.org.in/Scripts/PublicationsView.aspx?id=23604
Tamil Nadu,2018,716716.0,t155_deposits,Table 155: State-wise Deposits by Scheduled Commercial Banks,https://www.rbi.org.in/Scripts/PublicationsView.aspx?id=23604
Tamil Nadu,2019,798738.0,t155_deposits,Table 155: State-wise Deposits by Scheduled Commercial Banks,https://www.rbi.org.in/Scripts/PublicationsView.aspx?id=23604
Tamil Nadu,2020,899038.0,t155_deposits,Table 155: State-wise Deposits by Scheduled Commercial Banks,https://www.rbi.org.in/Scripts/PublicationsView.aspx?id=23604
Tamil Nadu,2021,1008731.0,t155_deposits,Table 155: State-wise Deposits by Scheduled Commercial Banks,https://www.rbi.org.in/Scripts/PublicationsView.aspx?id=23604
Tamil Nadu,2022,1117412.0,t155_deposits,Table 155: State-wise Deposits by Scheduled Commercial Banks,https://www.rbi.org.in/Scripts/PublicationsView.aspx?id=23604
Tamil Nadu,2023,1211394.0,t155_deposits,Table 155: State-wise Deposits by Scheduled Commercial Banks,https://www.rbi.org.in/Scripts/PublicationsView.aspx?id=23604
Tamil Nadu,2024,1344553.0,t155_deposits,Table 155: State-wise Deposits by Scheduled Commercial Banks,https://www.rbi.org.in/Scripts/PublicationsView.aspx?id=23604
Tamil Nadu,2025,1463026.0,t155_deposits,Table 155: State-wise Deposits by Scheduled Commercial Banks,https://www.rbi.org.in/Scripts/PublicationsView.aspx?id=23604
Telangana,2015,328237.0,t155_deposits,Table 155: State-wise Deposits by Scheduled Commercial Banks,https://www.rbi.org.in/Scripts/PublicationsView.aspx?id=23604
Telangana,2016,355786.0,t155_deposits,Table 155: State-wise Deposits by Scheduled Commercial Banks,https://www.rbi.org.in/Scripts/PublicationsView.aspx?id=23604
Telangana,2017,407654.0,t155_deposits,Table 155: State-wise Deposits by Scheduled Commercial Banks,https://www.rbi.org.in/Scripts/PublicationsView.aspx?id=23604
Telangana,2018,417817.0,t155_deposits,Table 155: State-wise Deposits by Scheduled Commercial Banks,https://www.rbi.org.in/Scripts/PublicationsView.aspx?id=23604
Telangana,2019,458581.0,t155_deposits,Table 155: State-wise Deposits by Scheduled Commercial Banks,https://www.rbi.org.in/Scripts/PublicationsView.aspx?id=23604
Telangana,2020,498184.0,t155_deposits,Table 155: State-wise Deposits by Scheduled Commercial Banks,https://www.rbi.org.in/Scripts/PublicationsView.aspx?id=23604
Telangana,2021,605468.0,t155_deposits,Table 155: State-wise Deposits by Scheduled Commercial Banks,https://www.rbi.org.in/Scripts/PublicationsView.aspx?id=23604
Telangana,2022,638949.0,t155_deposits,Table 155: State-wise Deposits by Scheduled Commercial Banks,https://www.rbi.org.in/Scripts/PublicationsView.aspx?id=23604
Telangana,2023,693887.0,t155_deposits,Table 155: State-wise Deposits by Scheduled Commercial Banks,https://www.rbi.org.in/Scripts/PublicationsView.aspx?id=23604
Telangana,2024,788091.0,t155_deposits,Table 155: State-wise Deposits by Scheduled Commercial Banks,https://www.rbi.org.in/Scripts/PublicationsView.aspx?id=23604
Telangana,2025,867571.0,t155_deposits,Table 155: State-wise Deposits by Scheduled Commercial Banks,https://www.rbi.org.in/Scripts/PublicationsView.aspx?id=23604
