state_raw,year_label,value,table,source_title,source_url
Chandigarh,2004,,t160_rrb_deposits,Table 160: State-wise Deposits of RRBs,https://www.rbi.org.in/Scripts/PublicationsView.aspx?id=23609
Chandigarh,2005,,t160_rrb_deposits,Table 160: State-wise Deposits of RRBs,https://www.rbi.org.in/Scripts/PublicationsView.aspx?id=23609
Chandigarh,2006,,t160_rrb_deposits,Table 160: State-wise Deposits of RRBs,https://www.rbi.org.in/Scripts/PublicationsView.aspx?id=23609
Chandigarh,2007,,t160_rrb_deposits,Table 160: State-wise Deposits of RRBs,https://www.rbi.org.in/Scripts/PublicationsView.aspx?id=23609
Chandigarh,2008,,t160_rrb_deposits,Table 160: State-wise Deposits of RRBs,https://www.rbi.org.in/Scripts/PublicationsView.aspx?id=23609
Chandigarh,2009,,t160_rrb_deposits,Table 160: State-wise Deposits of RRBs,https://www.rbi.org.in/Scripts/PublicationsView.aspx?id=23609
Chandigarh,2010,,t160_rrb_deposits,Table 160: State-wise Deposits of RRBs,https://www.rbi.org.in/Scripts/PublicationsView.aspx?id=23609
Chandigarh,2011,,t160_rrb_deposits,Table 160: State-wise Deposits of RRBs,https://www.rbi.org.in/Scripts/PublicationsView.aspx?id=23609
Chandigarh,2012,,t160_rrb_deposits,Table 160: State-wise Deposits of RRBs,https://www.rbi.org.in/Scripts/PublicationsView.aspx?id=23609
Chandigarh,2013,,t160_rrb_deposits,Table 160: State-wise Deposits of RRBs,https://www.rbi.org.in/Scripts/PublicationsView.aspx?id=23609
Chandigarh,2014,,t160_rrb_deposits,Table 160: State-wise Deposits of RRBs,https://www.rbi.org.in/Scripts/PublicationsView.aspx?id=23609
Delhi,2004,,t160_rrb_deposits,Table 160: State-wise Deposits of RRBs,https://www.rbi.org.in/Scripts/PublicationsView.aspx?id=23609
Delhi,2005,,t160_rrb_deposits,Table 160: State-wise Deposits of RRBs,https://www.rbi.org.in/Scripts/PublicationsView.aspx?id=23609
Delhi,2006,,t160_rrb_deposits,Table 160: State-wise Deposits of RRBs,https://www.rbi.org.in/Scripts/PublicationsView.aspx?id=23609
Delhi,2007,,t160_rrb_deposits,Table 160: State-wise Deposits of RRBs,https://www.rbi.org.in/Scripts/PublicationsView.aspx?id=23609
Delhi,2008,,t160_rrb_deposits,Table 160: State-wise Deposits of RRBs,https://www.rbi.org.in/Scripts/PublicationsView.aspx?id=23609
Delhi,2009,,t160_rrb_deposits,Table 160: State-wise Deposits of RRBs,https://www.rbi.org.in/Scripts/PublicationsView.aspx?id=23609
Delhi,2010,,t160_rrb_deposits,Table 160: State-wise Deposits of RRBs,https://www.rbi.org.in/Scripts/PublicationsView.aspx?id=23609
Delhi,2011,,t160_rrb_deposits,Table 160: State-wise Deposits of RRBs,https://www.rbi.org.in/Scripts/PublicationsView.aspx?id=23609
Delhi,2012,,t160_rrb_deposits,Table 160: State-wise Deposits of RRBs,https://www.rbi.org.in/Scripts/PublicationsView.aspx?id=23609
Delhi,2013,,t160_rrb_deposits,Table 160: State-wise Deposits of RRBs,https://www.rbi.org.in/Scripts/PublicationsView.aspx?id=23609
Delhi,2014,,t160_rrb_deposits,Table 160: State-wise Deposits of RRBs,https://www.rbi.org.in/Scripts/PublicationsView.aspx?id=23609
Haryana,2004,1486.0,t160_rrb_deposits,Table 160: State-wise Deposits of RRBs,https://www.rbi.org.in/Scripts/PublicationsView.aspx?id=23609
Haryana,2005,1673.0,t160_rrb_deposits,Table 160: State-wise Deposits of RRBs,https://www.rbi.org.in/Scripts/PublicationsView.aspx?id=23609
Haryana,2006,2232.0,t160_rrb_deposits,Table 160: State-wise Deposits of RRBs,https://www.rbi.org.in/Scripts/PublicationsView.aspx?id=23609
Haryana,2007,2927.0,t160_rrb_deposits,Table 160: State-wise Deposits of RRBs,https://www.rbi.org.in/Scripts/PublicationsView.aspx?id=23609
Haryana,2008,3451.0,t160_rrb_deposits,Table 160: State-wise Deposits of RRBs,https://www.rbi.org.in/Scripts/PublicationsView.aspx?id=23609
Haryana,2009,4027.0,t160_rrb_deposits,Table 160: State-wise Deposits of RRBs,https://www.rbi.org.in/Scripts/PublicationsView.aspx?id=23609
Haryana,2010,6658.0,t160_rrb_deposits,Table 160: State-wise Deposits of RRBs,https://www.rbi.org.in/Scripts/PublicationsView.aspx?id=23609
Haryana,2011,7406.0,t160_rrb_deposits,Table 160: State-wise Deposits of RRBs,https://www.rbi.org.in/Scripts/PublicationsView.aspx?id=23609
Haryana,2012,7042.0,t160_rrb_deposits,Table 160: State-wise Deposits of RRBs,https://www.rbi.org.in/Scripts/PublicationsView.aspx?id=23609
Haryana,2013,8483.0,t160_rrb_deposits,Table 160: State-wise Deposits of RRBs,https://www.rbi.org.in/Scripts/PublicationsView.aspx?id=23609
Haryana,2014,8624.0,t160_rrb_deposits,Table 160: State-wise Deposits of RRBs,https://www.rbi.org.in/Scripts/PublicationsView.aspx?id=23609
Himachal Pradesh,2004,691.0,t160_rrb_deposits,Table 160: State-wise Deposits of RRBs,https://www.rbi.org.in/Scripts/PublicationsView.aspx?id=23609
Himachal Pradesh,2005,727.0,t160_rrb_deposits,Table 160: State-wise Deposits of RRBs,https://www.rbi.org.in/Scripts/PublicationsView.aspx?id=23609
Himachal Pradesh,2006,771.0,t160_rrb_deposits,Table 160: State-wise Deposits of RRBs,https://www.rbi.org.in/Scripts/PublicationsView.aspx?id=23609
Himachal Pradesh,2007,853.0,t160_rrb_deposits,Table 160: State-wise Deposits of RRBs,https://www.rbi.org.in/Scripts/PublicationsView.aspx?id=23609
Himachal Pradesh,2008,962.0,t160_rrb_deposits,Table 160: State-wise Deposits of RRBs,https://www.rbi.org.in/Scripts/PublicationsView.aspx?id=23609
Himachal Pradesh,2009,1115.0,t160_rrb_deposits,Table 160: State-wise Deposits of RRBs,https://www.rbi.org.in/Scripts/PublicationsView.aspx?id=23609
Himachal Pradesh,2010,1309.0,t160_rrb_deposits,Table 160: State-wise Deposits of RRBs,https://www.rbi.org.in/Scripts/PublicationsView.aspx?id=23609
Himachal Pradesh,2011,1569.0,t160_rrb_deposits,Table 160: State-wise Deposits of RRBs,https://www.rbi.org.in/Scripts/PublicationsView.aspx?id=23609
Himachal Pradesh,2012,1897.0,t160_rrb_deposits,Table 160: State-wise Deposits of RRBs,https://www.rbi.org.in/Scripts/PublicationsView.aspx?id=23609
Himachal Pradesh,2013,2034.0,t160_rrb_deposits,Table 160: State-wise Deposits of RRBs,https://www.rbi.org.in/Scripts/PublicationsView.aspx?id=23609
Himachal Pradesh,2014,2462.0,t160_rrb_deposits,Table 160: State-wise Deposits of RRBs,https://www.rbi.org.in/Scripts/PublicationsView.aspx?id=23609
Jammu & Kashmir,2004,915.0,t160_rrb_deposits,Table 160: State-wise Deposits of RRBs,https://www.rbi.org.in/Scripts/PublicationsView.aspx?id=23609
Jammu & Kashmir,2005,971.0,t160_rrb_deposits,Table 160: State-wise Deposits of RRBs,https://www.rbi.org.in/Scripts/PublicationsView.aspx?id=23609
Jammu & Kashmir,2006,1066.0,t160_rrb_deposits,Table 160: State-wise Deposits of RRBs,https://www.rbi.org.in/Scripts/PublicationsView.aspx?id=23609
Jammu & Kashmir,2007,1204.0,t160_rrb_deposits,Table 160: State-wise Deposits of RRBs,https://www.rbi.org.in/Scripts/PublicationsView.aspx?id=23609
Jammu & Kashmir,2008,1268.0,t160_rrb_deposits,Table 160: State-wise Deposits of RRBs,https://www.rbi.org.in/Scripts/PublicationsView.aspx?id=23609
Jammu & Kashmir,2009,1400.0,t160_rrb_deposits,Table 160: State-wise Deposits of RRBs,https://www.rbi.org.in/Scripts/PublicationsView.aspx?id=23609
Jammu & Kashmir,2010,1666.0,t160_rrb_deposits,Table 160: State-wise Deposits of RRBs,https://www.rbi.org.in/Scripts/PublicationsView.aspx?id=23609
Jammu & Kashmir,2011,1961.0,t160_rrb_deposits,Table 160: State-wise Deposits of RRBs,https://www.rbi.org.in/Scripts/PublicationsView.aspx?id=23609
Jammu & Kashmir,2012,2299.0,t160_rrb_deposits,Table 160: State-wise Deposits of RRBs,https://www.rbi.org.in/Scripts/PublicationsView.aspx?id=23609
Jammu & Kashmir,2013,2618.0,t160_rrb_deposits,Table 160: State-wise Deposits of RRBs,https://www.rbi.org.in/Scripts/PublicationsView.aspx?id=23609
Jammu & Kashmir,2014,2898.0,t160_rrb_deposits,Table 160: State-wise Deposits of RRBs,https://www.rbi.org.in/Scripts/PublicationsView.aspx?id=23609
Ladakh,2004,,t160_rrb_deposits,Table 160: State-wise Deposits of RRBs,https://www.rbi.org.in/Scripts/PublicationsView.aspx?id=23609
Ladakh,2005,,t160_rrb_deposits,Table 160: State-wise Deposits of RRBs,https://www.rbi.org.in/Scripts/PublicationsView.aspx?id=23609
Ladakh,2006,,t160_rrb_deposits,Table 160: State-wise Deposits of RRBs,https://www.rbi.org.in/Scripts/PublicationsView.aspx?id=23609
Ladakh,2007,,t160_rrb_deposits,Table 160: State-wise Deposits of RRBs,https://www.rbi.org.in/Scripts/PublicationsView.aspx?id=23609
Ladakh,2008,,t160_rrb_deposits,Table 160: State-wise Deposits of RRBs,https://www.rbi.org.in/Scripts/PublicationsView.aspx?id=23609
Ladakh,2009,,t160_rrb_deposits,Table 160: State-wise Deposits of RRBs,https://www.rbi.org.in/Scripts/PublicationsView.aspx?id=23609
Ladakh,2010,,t160_rrb_deposits,Table 160: State-wise Deposits of RRBs,https://www.rbi.org.in/Scripts/PublicationsView.aspx?id=23609
Ladakh,2011,,t160_rrb_deposits,Table 160: State-wise Deposits of RRBs,https://www.rbi.org.in/Scripts/PublicationsView.aspx?id=23609
Ladakh,2012,,t160_rrb_deposits,Table 160: State-wise Deposits of RRBs,https://www.rbi.org.in/Scripts/PublicationsView.aspx?id=23609
Ladakh,2013,,t160_rrb_deposits,Table 160: State-wise Deposits of RRBs,https://www.rbi.org.in/Scripts/PublicationsView.aspx?id=23609
Ladakh,2014,,t160_rrb_deposits,Table 160: State-wise Deposits of RRBs,https://www.rbi.org.in/Scripts/PublicationsView.aspx?id=23609
Punjab,2004,902.0,t160_rrb_deposits,Table 160: State-wise Deposits of RRBs,https://www.rbi.org.in/Scripts/PublicationsView.aspx?id=23609
Punjab,2005,1025.0,t160_rrb_deposits,Table 160: State-wise Deposits of RRBs,https://www.rbi.org.in/Scripts/PublicationsView.aspx?id=23609
Punjab,2006,1155.0,t160_rrb_deposits,Table 160: State-wise Deposits of RRBs,https://www.rbi.org.in/Scripts/PublicationsView.aspx?id=23609
Punjab,2007,1318.0,t160_rrb_deposits,Table 160: State-wise Deposits of RRBs,https://www.rbi.org.in/Scripts/PublicationsView.aspx?id=23609
Punjab,2008,1643.0,t160_rrb_deposits,Table 160: State-wise Deposits of RRBs,https://www.rbi.org.in/Scripts/PublicationsView.aspx?id=23609
Punjab,2009,2060.0,t160_rrb_deposits,Table 160: State-wise Deposits of RRBs,https://www.rbi.org.in/Scripts/PublicationsView.aspx?id=23609
Punjab,2010,2543.0,t160_rrb_deposits,Table 160: State-wise Deposits of RRBs,https://www.rbi.org.in/Scripts/PublicationsView.aspx?id=23609
Punjab,2011,3031.0,t160_rrb_deposits,Table 160: State-wise Deposits of RRBs,https://www.rbi.org.in/Scripts/PublicationsView.aspx?id=23609
Punjab,2012,3500.0,t160_rrb_deposits,Table 160: State-wise Deposits of RRBs,https://www.rbi.org.in/Scripts/PublicationsView.aspx?id=23609
Punjab,2013,3866.0,t160_rrb_deposits,Table 160: State-wise Deposits of RRBs,https://www.rbi.org.in/Scripts/PublicationsView.aspx?id=23609
Punjab,2014,4481.0,t160_rrb_deposits,Table 160: State-wise Deposits of RRBs,https://www.rbi.org.in/Scripts/PublicationsView.aspx?id=23609
Rajasthan,2004,3501.0,t160_rrb_deposits,Table 160: State-wise Deposits of RRBs,https://www.rbi.org.in/Scripts/PublicationsView.aspx?id=23609
Rajasthan,2005,3829.0,t160_rrb_deposits,Table 160: State-wise Deposits of RRBs,https://www.rbi.org.in/Scripts/PublicationsView.aspx?id=23609
Rajasthan,2006,4369.0,t160_rrb_deposits,Table 160: State-wise Deposits of RRBs,https://www.rbi.org.in/Scripts/PublicationsView.aspx?id=23609
Rajasthan,2007,5101.0,t160_rrb_deposits,Table 160: State-wise Deposits of RRBs,https://www.rbi.org.in/Scripts/PublicationsView.aspx?id=23609
Rajasthan,2008,6011.0,t160_rrb_deposits,Table 160: State-wise Deposits of RRBs,https://www.rbi.org.in/Scripts/PublicationsView.aspx?id=23609
Rajasthan,2009,7666.0,t160_rrb_deposits,Table 160: State-wise Deposits of RRBs,https://www.rbi.org.in/Scripts/PublicationsView.aspx?id=23609
Rajasthan,2010,8538.0,t160_rrb_deposits,Table 160: State-wise Deposits of RRBs,https://www.rbi.org.in/Scripts/PublicationsView.aspx?id=23609
Rajasthan,2011,9814.0,t160_rrb_deposits,Table 160: State-wise Deposits of RRBs,https://www.rbi.org.in/Scripts/PublicationsView.aspx?id=23609
Rajasthan,2012,11370.0,t160_rrb_deposits,Table 160: State-wise Deposits of RRBs,https://www.rbi.org.in/Scripts/PublicationsView.aspx?id=23609
Rajasthan,2013,12416.0,t160_rrb_deposits,Table 160: State-wise Deposits of RRBs,https://www.rbi.org.in/Scripts/PublicationsView.aspx?id=23609
Rajasthan,2014,13702.0,t160_rrb_deposits,Table 160: State-wise Deposits of RRBs,https://www.rbi.org.in/Scripts/PublicationsView.aspx?id=23609
Arunachal Pradesh,2004,56.0,t160_rrb_deposits,Table 160: State-wise Deposits of RRBs,https://www.rbi.org.in/Scripts/PublicationsView.aspx?id=23609
Arunachal Pradesh,2005,64.0,t160_rrb_deposits,Table 160: State-wise Deposits of RRBs,https://www.rbi.org.in/Scripts/PublicationsView.aspx?id=23609
Arunachal Pradesh,2006,63.0,t160_rrb_deposits,Table 160: State-wise Deposits of RRBs,https://www.rbi.org.in/Scripts/PublicationsView.aspx?id=23609
Arunachal Pradesh,2007,78.0,t160_rrb_deposits,Table 160: State-wise Deposits of RRBs,https://www.rbi.org.in/Scripts/PublicationsView.aspx?id=23609
Arunachal Pradesh,2008,88.0,t160_rrb_deposits,Table 160: State-wise Deposits of RRBs,https://www.rbi.org.in/Scripts/PublicationsView.aspx?id=23609
Arunachal Pradesh,2009,120.0,t160_rrb_deposits,Table 160: State-wise Deposits of RRBs,https://www.rbi.org.in/Scripts/PublicationsView.aspx?id=23609
Arunachal Pradesh,2010,133.0,t160_rrb_deposits,Table 160: State-wise Deposits of RRBs,https://www.rbi.org.in/Scripts/PublicationsView.aspx?id=23609
Arunachal Pradesh,2011,159.0,t160_rrb_deposits,Table 160: State-wise Deposits of RRBs,https://www.rbi.org.in/Scripts/PublicationsView.aspx?id=23609
Arunachal Pradesh,2012,193.0,t160_rrb_deposits,Table 160: State-wise Deposits of RRBs,https://www.rbi.org.in/Scripts/PublicationsView.aspx?id=23609
Arunachal Pradesh,2013,199.0,t160_rrb_deposits,Table 160: State-wise Deposits of RRBs,https://www.rbi.org.in/Scripts/PublicationsView.aspx?id=23609
Arunachal Pradesh,2014,316.0,t160_rrb_deposits,Table 160: State-wise Deposits of RRBs,https://www.rbi.org.in/Scripts/PublicationsView.aspx?id=23609
Assam,2004,1587.0,t160_rrb_deposits,Table 160: State-wise Deposits of RRBs,https://www.rbi.org.in/Scripts/PublicationsView.aspx?id=23609
Assam,2005,1720.0,t160_rrb_deposits,Table 160: State-wise Deposits of RRBs,https://www.rbi.org.in/Scripts/PublicationsView.aspx?id=23609
Assam,2006,1796.0,t160_rrb_deposits,Table 160: State-wise Deposits of RRBs,https://www.rbi.org.in/Scripts/PublicationsView.aspx?id=23609
Assam,2007,2087.0,t160_rrb_deposits,Table 160: State-wise Deposits of RRBs,https://www.rbi.org.in/Scripts/PublicationsView.aspx?id=23609
Assam,2008,2500.0,t160_rrb_deposits,Table 160: State-wise Deposits of RRBs,https://www.rbi.org.in/Scripts/PublicationsView.aspx?id=23609
Assam,2009,3044.0,t160_rrb_deposits,Table 160: State-wise Deposits of RRBs,https://www.rbi.org.in/Scripts/PublicationsView.aspx?id=23609
Assam,2010,3680.0,t160_rrb_deposits,Table 160: State-wise Deposits of RRBs,https://www.rbi.org.in/Scripts/PublicationsView.aspx?id=23609
Assam,2011,4652.0,t160_rrb_deposits,Table 160: State-wise Deposits of RRBs,https://www.rbi.org.in/Scripts/PublicationsView.aspx?id=23609
Assam,2012,5210.0,t160_rrb_deposits,Table 160: State-wise Deposits of RRBs,https://www.rbi.org.in/Scripts/PublicationsView.aspx?id=23609
Assam,2013,5825.0,t160_rrb_deposits,Table 160: State-wise Deposits of RRBs,https://www.rbi.org.in/Scripts/PublicationsView.aspx?id=23609
Assam,2014,6848.0,t160_rrb_deposits,Table 160: State-wise Deposits of RRBs,https://www.rbi.org.in/Scripts/PublicationsView.aspx?id=23609
Manipur,2004,31.0,t160_rrb_deposits,Table 160: State-wise Deposits of RRBs,https://www.rbi.org.in/Scripts/PublicationsView.aspx?id=23609
Manipur,2005,37.0,t160_rrb_deposits,Table 160: State-wise Deposits of RRBs,https://www.rbi.org.in/Scripts/PublicationsView.aspx?id=23609
Manipur,2006,47.0,t160_rrb_deposits,Table 160: State-wise Deposits of RRBs,https://www.rbi.org.in/Scripts/PublicationsView.aspx?id=23609
Manipur,2007,51.0,t160_rrb_deposits,Table 160: State-wise Deposits of RRBs,https://www.rbi.org.in/Scripts/PublicationsView.aspx?id=23609
Manipur,2008,57.0,t160_rrb_deposits,Table 160: State-wise Deposits of RRBs,https://www.rbi.org.in/Scripts/PublicationsView.aspx?id=23609
Manipur,2009,69.0,t160_rrb_deposits,Table 160: State-wise Deposits of RRBs,https://www.rbi.org.in/Scripts/PublicationsView.aspx?id=23609
Manipur,2010,82.0,t160_rrb_deposits,Table 160: State-wise Deposits of RRBs,https://www.rbi.org.in/Scripts/PublicationsView.aspx?id=23609
Manipur,2011,95.0,t160_rrb_deposits,Table 160: State-wise Deposits of RRBs,https://www.rbi.org.in/Scripts/PublicationsView.aspx?id=23609
Manipur,2012,132.0,t160_rrb_deposits,Table 160: State-wise Deposits of RRBs,https://www.rbi.org.in/Scripts/PublicationsView.aspx?id=23609
Manipur,2013,137.0,t160_rrb_deposits,Table 160: State-wise Deposits of RRBs,https://www.rbi.org.in/Scripts/PublicationsView.aspx?id=23609
Manipur,2014,145.0,t160_rrb_deposits,Table 160: State-wise Deposits of RRBs,https://www.rbi.org.in/Scripts/PublicationsView.aspx?id=23609
Meghalaya,2004,176.0,t160_rrb_deposits,Table 160: State-wise Deposits of RRBs,https://www.rbi.org.in/Scripts/PublicationsView.aspx?id=23609
Meghalaya,2005,220.0,t160_rrb_deposits,Table 160: State-wise Deposits of RRBs,https://www.rbi.org.in/Scripts/PublicationsView.aspx?id=23609
Meghalaya,2006,251.0,t160_rrb_deposits,Table 160: State-wise Deposits of RRBs,https://www.rbi.org.in/Scripts/PublicationsView.aspx?id=23609
Meghalaya,2007,280.0,t160_rrb_deposits,Table 160: State-wise Deposits of RRBs,https://www.rbi.org.in/Scripts/PublicationsView.aspx?id=23609
Meghalaya,2008,317.0,t160_rrb_deposits,Table 160: State-wise Deposits of RRBs,https://www.rbi.org.in/Scripts/PublicationsView.aspx?id=23609
Meghalaya,2009,405.0,t160_rrb_deposits,Table 160: State-wise Deposits of RRBs,https://www.rbi.org.in/Scripts/PublicationsView.aspx?id=23609
Meghalaya,2010,512.0,t160_rrb_deposits,Table 160: State-wise Deposits of RRBs,https://www.rbi.org.in/Scripts/PublicationsView.aspx?id=23609
Meghalaya,2011,676.0,t160_rrb_deposits,Table 160: State-wise Deposits of RRBs,https://www.rbi.org.in/Scripts/PublicationsView.aspx?id=23609
Meghalaya,2012,781.0,t160_rrb_deposits,Table 160: State-wise Deposits of RRBs,https://www.rbi.org.in/Scripts/PublicationsView.aspx?id=23609
Meghalaya,2013,946.0,t160_rrb_deposits,Table 160: State-wise Deposits of RRBs,https://www.rbi.org.in/Scripts/PublicationsView.aspx?id=23609
Meghalaya,2014,983.0,t160_rrb_deposits,Table 160: State-wise Deposits of RRBs,https://www.rbi.org.in/Scripts/PublicationsView.aspx?id=23609
Mizoram,2004,138.0,t160_rrb_deposits,Table 160: State-wise Deposits of RRBs,https://www.rbi.org.in/Scripts/PublicationsView.aspx?id=23609
Mizoram,2005,141.0,t160_rrb_deposits,Table 160: State-wise Deposits of RRBs,https://www.rbi.org.in/Scripts/PublicationsView.aspx?id=23609
Mizoram,2006,160.0,t160_rrb_deposits,Table 160: State-wise Deposits of RRBs,https://www.rbi.org.in/Scripts/PublicationsView.aspx?id=23609
Mizoram,2007,191.0,t160_rrb_deposits,Table 160: State-wise Deposits of RRBs,https://www.rbi.org.in/Scripts/PublicationsView.aspx?id=23609
Mizoram,2008,241.0,t160_rrb_deposits,Table 160: State-wise Deposits of RRBs,https://www.rbi.org.in/Scripts/PublicationsView.aspx?id=23609
Mizoram,2009,317.0,t160_rrb_deposits,Table 160: State-wise Deposits of RRBs,https://www.rbi.org.in/Scripts/PublicationsView.aspx?id=23609
Mizoram,2010,459.0,t160_rrb_deposits,Table 160: State-wise Deposits of RRBs,https://www.rbi.org.in/Scripts/PublicationsView.aspx?id=23609
Mizoram,2011,396.0,t160_rrb_deposits,Table 160: State-wise Deposits of RRBs,https://www.rbi.org.in/Scripts/PublicationsView.aspx?id=23609
Mizoram,2012,869.0,t160_rrb_deposits,Table 160: State-wise Deposits of RRBs,https://www.rbi.org.in/Scripts/PublicationsView.aspx?id=23609
Mizoram,2013,1031.0,t160_rrb_deposits,Table 160: State-wise Deposits of RRBs,https://www.rbi.org.in/Scripts/PublicationsView.aspx?id=23609
Mizoram,2014,1316.0,t160_rrb_deposits,Table 160: State-wise Deposits of RRBs,https://www.rbi.org.in/Scripts/PublicationsView.aspx?id=23609
Nagaland,2004,12.0,t160_rrb_deposits,Table 160: State-wise Deposits of RRBs,https://www.rbi.org.in/Scripts/PublicationsView.aspx?id=23609
Nagaland,2005,13.0,t160_rrb_deposits,Table 160: State-wise Deposits of RRBs,https://www.rbi.org.in/Scripts/PublicationsView.aspx?id=23609
Nagaland,2006,16.0,t160_rrb_deposits,Table 160: State-wise Deposits of RRBs,https://www.rbi.org.in/Scripts/PublicationsView.aspx?id=23609
Nagaland,2007,16.0,t160_rrb_deposits,Table 160: State-wise Deposits of RRBs,https://www.rbi.org.in/Scripts/PublicationsView.aspx?id=23609
Nagaland,2008,17.0,t160_rrb_deposits,Table 160: State-wise Deposits of RRBs,https://www.rbi.org.in/Scripts/PublicationsView.aspx?id=23609
Nagaland,2009,24.0,t160_rrb_deposits,Table 160: State-wise Deposits of RRBs,https://www.rbi.org.in/Scripts/PublicationsView.aspx?id=23609
Nagaland,2010,33.0,t160_rrb_deposits,Table 160: State-wise Deposits of RRBs,https://www.rbi.org.in/Scripts/PublicationsView.aspx?id=23609
Nagaland,2011,42.0,t160_rrb_deposits,Table 160: State-wise Deposits of RRBs,https://www.rbi.org.in/Scripts/PublicationsView.aspx?id=23609
Nagaland,2012,58.0,t160_rrb_deposits,Table 160: State-wise Deposits of RRBs,https://www.rbi.org.in/Scripts/PublicationsView.aspx?id=23609
Nagaland,2013,62.0,t160_rrb_deposits,Table 160: State-wise Deposits of RRBs,https://www.rbi.org.in/Scripts/PublicationsView.aspx?id=23609
Nagaland,2014,73.0,t160_rrb_deposits,Table 160: State-wise Deposits of RRBs,https://www.rbi.org.in/Scripts/PublicationsView.aspx?id=23609
Tripura,2004,662.0,t160_rrb_deposits,Table 160: State-wise Deposits of RRBs,https://www.rbi.org.in/Scripts/PublicationsView.aspx?id=23609
Tripura,2005,756.0,t160_rrb_deposits,Table 160: State-wise Deposits of RRBs,https://www.rbi.org.in/Scripts/PublicationsView.aspx?id=23609
Tripura,2006,916.0,t160_rrb_deposits,Table 160: State-wise Deposits of RRBs,https://www.rbi.org.in/Scripts/PublicationsView.aspx?id=23609
Tripura,2007,1059.0,t160_rrb_deposits,Table 160: State-wise Deposits of RRBs,https://www.rbi.org.in/Scripts/PublicationsView.aspx?id=23609
Tripura,2008,1073.0,t160_rrb_deposits,Table 160: State-wise Deposits of RRBs,https://www.rbi.org.in/Scripts/PublicationsView.aspx?id=23609
Tripura,2009,1545.0,t160_rrb_deposits,Table 160: State-wise Deposits of RRBs,https://www.rbi.org.in/Scripts/PublicationsView.aspx?id=23609
Tripura,2010,1847.0,t160_rrb_deposits,Table 160: State-wise Deposits of RRBs,https://www.rbi.org.in/Scripts/PublicationsView.aspx?id=23609
Tripura,2011,2281.0,t160_rrb_deposits,Table 160: State-wise Deposits of RRBs,https://www.rbi.org.in/Scripts/PublicationsView.aspx?id=23609
Tripura,2012,2753.0,t160_rrb_deposits,Table 160: State-wise Deposits of RRBs,https://www.rbi.org.in/Scripts/PublicationsView.aspx?id=23609
Tripura,2013,2997.0,t160_rrb_deposits,Table 160: State-wise Deposits of RRBs,https://www.rbi.org.in/Scripts/PublicationsView.aspx?id=23609
Tripura,2014,3623.0,t160_rrb_deposits,Table 160: State-wise Deposits of RRBs,https://www.rbi.org.in/Scripts/PublicationsView.aspx?id=23609
Andaman & Nicobar Islands,2004,,t160_rrb_deposits,Table 160: State-wise Deposits of RRBs,https://www.rbi.org.in/Scripts/PublicationsView.aspx?id=23609
Andaman & Nicobar Islands,2005,,t160_rrb_deposits,Table 160: State-wise Deposits of RRBs,https://www.rbi.org.in/Scripts/PublicationsView.aspx?id=23609
Andaman & Nicobar Islands,2006,,t160_rrb_deposits,Table 160: State-wise Deposits of RRBs,https://www.rbi.org.in/Scripts/PublicationsView.aspx?id=23609
Andaman & Nicobar Islands,2007,,t160_rrb_deposits,Table 160: State-wise Deposits of RRBs,https://www.rbi.org.in/Scripts/PublicationsView.aspx?id=23609
Andaman & Nicobar Islands,2008,,t160_rrb_deposits,Table 160: State-wise Deposits of RRBs,https://www.rbi.org.in/Scripts/PublicationsView.aspx?id=23609
Andaman & Nicobar Islands,2009,,t160_rrb_deposits,Table 160: State-wise Deposits of RRBs,https://www.rbi.org.in/Scripts/PublicationsView.aspx?id=23609
Andaman & Nicobar Islands,2010,,t160_rrb_deposits,Table 160: State-wise Deposits of RRBs,https://www.rbi.org.in/Scripts/PublicationsView.aspx?id=23609
Andaman & Nicobar Islands,2011,,t160_rrb_deposits,Table 160: State-wise Deposits of RRBs,https://www.rbi.org.in/Scripts/PublicationsView.aspx?id=23609
Andaman & Nicobar Islands,2012,,t160_rrb_deposits,Table 160: State-wise Deposits of RRBs,https://www.rbi.org.in/Scripts/PublicationsView.aspx?id=23609
Andaman & Nicobar Islands,2013,,t160_rrb_deposits,Table 160: State-wise Deposits of RRBs,https://www.rbi.org.in/Scripts/PublicationsView.aspx?id=23609
Andaman & Nicobar Islands,2014,,t160_rrb_deposits,Table 160: State-wise Deposits of RRBs,https://www.rbi.org.in/Scripts/PublicationsView.aspx?id=23609
Bihar,2004,5057.0,t160_rrb_deposits,Table 160: State-wise Deposits of RRBs,https://www.rbi.org.in/Scripts/PublicationsView.aspx?id=23609
Bihar,2005,5499.0,t160_rrb_deposits,Table 160: State-wise Deposits of RRBs,https://www.rbi.org.in/Scripts/PublicationsView.aspx?id=23609
Bihar,2006,6147.0,t160_rrb_deposits,Table 160: State-wise Deposits of RRBs,https://www.rbi.org.in/Scripts/PublicationsView.aspx?id=23609
Bihar,2007,6868.0,t160_rrb_deposits,Table 160: State-wise Deposits of RRBs,https://www.rbi.org.in/Scripts/PublicationsView.aspx?id=23609
Bihar,2008,8475.0,t160_rrb_deposits,Table 160: State-wise Deposits of RRBs,https://www.rbi.org.in/Scripts/PublicationsView.aspx?id=23609
Bihar,2009,11071.0,t160_rrb_deposits,Table 160: State-wise Deposits of RRBs,https://www.rbi.org.in/Scripts/PublicationsView.aspx?id=23609
Bihar,2010,12765.0,t160_rrb_deposits,Table 160: State-wise Deposits of RRBs,https://www.rbi.org.in/Scripts/PublicationsView.aspx?id=23609
Bihar,2011,13731.0,t160_rrb_deposits,Table 160: State-wise Deposits of RRBs,https://www.rbi.org.in/Scripts/PublicationsView.aspx?id=23609
Bihar,2012,14780.0,t160_rrb_deposits,Table 160: State-wise Deposits of RRBs,https://www.rbi.org.in/Scripts/PublicationsView.aspx?id=23609
Bihar,2013,15517.0,t160_rrb_deposits,Table 160: State-wise Deposits of RRBs,https://www.rbi.org.in/Scripts/PublicationsView.aspx?id=23609
Bihar,2014,18285.0,t160_rrb_deposits,Table 160: State-wise Deposits of RRBs,https://www.rbi.org.in/Scripts/PublicationsView.aspx?id=23609
Jharkhand,2004,1435.0,t160_rrb_deposits,Table 160: State-wise Deposits of RRBs,https://www.rbi.org.in/Scripts/PublicationsView.aspx?id=23609
Jharkhand,2005,1587.0,t160_rrb_deposits,Table 160: State-wise Deposits of RRBs,https://www.rbi.org.in/Scripts/PublicationsView.aspx?id=23609
Jharkhand,2006,1866.0,t160_rrb_deposits,Table 160: State-wise Deposits of RRBs,https://www.rbi.org.in/Scripts/PublicationsView.aspx?id=23609
Jharkhand,2007,1897.0,t160_rrb_deposits,Table 160: State-wise Deposits of RRBs,https://www.rbi.org.in/Scripts/PublicationsView.aspx?id=23609
Jharkhand,2008,2330.0,t160_rrb_deposits,Table 160: State-wise Deposits of RRBs,https://www.rbi.org.in/Scripts/PublicationsView.aspx?id=23609
Jharkhand,2009,2775.0,t160_rrb_deposits,Table 160: State-wise Deposits of RRBs,https://www.rbi.org.in/Scripts/PublicationsView.aspx?id=23609
Jharkhand,2010,3084.0,t160_rrb_deposits,Table 160: State-wise Deposits of RRBs,https://www.rbi.org.in/Scripts/PublicationsView.aspx?id=23609
Jharkhand,2011,3484.0,t160_rrb_deposits,Table 160: State-wise Deposits of RRBs,https://www.rbi.org.in/Scripts/PublicationsView.aspx?id=23609
Jharkhand,2012,3987.0,t160_rrb_deposits,Table 160: State-wise Deposits of RRBs,https://www.rbi.org.in/Scripts/PublicationsView.aspx?id=23609
Jharkhand,2013,3924.0,t160_rrb_deposits,Table 160: State-wise Deposits of RRBs,https://www.rbi.org.in/Scripts/PublicationsView.aspx?id=23609
Jharkhand,2014,4131.0,t160_rrb_deposits,Table 160: State-wise Deposits of RRBs,https://www.rbi.org.in/Scripts/PublicationsView.aspx?id=23609
Odisha,2004,2927.0,t160_rrb_deposits,Table 160: State-wise Deposits of RRBs,https://www.rbi.org.in/Scripts/PublicationsView.aspx?id=23609
Odisha,2005,3196.0,t160_rrb_deposits,Table 160: State-wise Deposits of RRBs,https://www.rbi.org.in/Scripts/PublicationsView.aspx?id=23609
Odisha,2006,3620.0,t160_rrb_deposits,Table 160: State-wise Deposits of RRBs,https://www.rbi.org.in/Scripts/PublicationsView.aspx?id=23609
Odisha,2007,4237.0,t160_rrb_deposits,Table 160: State-wise Deposits of RRBs,https://www.rbi.org.in/Scripts/PublicationsView.aspx?id=23609
Odisha,2008,5308.0,t160_rrb_deposits,Table 160: State-wise Deposits of RRBs,https://www.rbi.org.in/Scripts/PublicationsView.aspx?id=23609
Odisha,2009,6644.0,t160_rrb_deposits,Table 160: State-wise Deposits of RRBs,https://www.rbi.org.in/Scripts/PublicationsView.aspx?id=23609
Odisha,2010,7786.0,t160_rrb_deposits,Table 160: State-wise Deposits of RRBs,https://www.rbi.org.in/Scripts/PublicationsView.aspx?id=23609
Odisha,2011,8833.0,t160_rrb_deposits,Table 160: State-wise Deposits of RRBs,https://www.rbi.org.in/Scripts/PublicationsView.aspx?id=23609
Odisha,2012,9556.0,t160_rrb_deposits,Table 160: State-wise Deposits of RRBs,https://www.rbi.org.in/Scripts/PublicationsView.aspx?id=23609
Odisha,2013,10038.0,t160_rrb_deposits,Table 160: State-wise Deposits of RRBs,https://www.rbi.org.in/Scripts/PublicationsView.aspx?id=23609
Odisha,2014,11007.0,t160_rrb_deposits,Table 160: State-wise Deposits of RRBs,https://www.rbi.org.in/Scripts/PublicationsView.aspx?id=23609
Sikkim,2004,,t160_rrb_deposits,Table 160: State-wise Deposits of RRBs,https://www.rbi.org.in/Scripts/PublicationsView.aspx?id=23609
Sikkim,2005,,t160_rrb_deposits,Table 160: State-wise Deposits of RRBs,https://www.rbi.org.in/Scripts/PublicationsView.aspx?id=23609
Sikkim,2006,,t160_rrb_deposits,Table 160: State-wise Deposits of RRBs,https://www.rbi.org.in/Scripts/PublicationsView.aspx?id=23609
Sikkim,2007,,t160_rrb_deposits,Table 160: State-wise Deposits of RRBs,https://www.rbi.org.in/Scripts/PublicationsView.aspx?id=23609
Sikkim,2008,,t160_rrb_deposits,Table 160: State-wise Deposits of RRBs,https://www.rbi.org.in/Scripts/PublicationsView.aspx?id=23609
Sikkim,2009,,t160_rrb_deposits,Table 160: State-wise Deposits of RRBs,https://www.rbi.org.in/Scripts/PublicationsView.aspx?id=23609
Sikkim,2010,,t160_rrb_deposits,Table 160: State-wise Deposits of RRBs,https://www.rbi.org.in/Scripts/PublicationsView.aspx?id=23609
Sikkim,2011,,t160_rrb_deposits,Table 160: State-wise Deposits of RRBs,https://www.rbi.org.in/Scripts/PublicationsView.aspx?id=23609
Sikkim,2012,,t160_rrb_deposits,Table 160: State-wise Deposits of RRBs,https://www.rbi.org.in/Scripts/PublicationsView.aspx?id=23609
Sikkim,2013,,t160_rrb_deposits,Table 160: State-wise Deposits of RRBs,https://www.rbi.org.in/Scripts/PublicationsView.aspx?id=23609
Sikkim,2014,,t160_rrb_deposits,Table 160: State-wise Deposits of RRBs,https://www.rbi.org.in/Scripts/PublicationsView.aspx?id=23609
West Bengal,2004,3921.0,t160_rrb_deposits,Table 160: State-wise Deposits of RRBs,https://www.rbi.org.in/Scripts/PublicationsView.aspx?id=23609
West Bengal,2005,4119.0,t160_rrb_deposits,Table 160: State-wise Deposits of RRBs,https://www.rbi.org.in/Scripts/PublicationsView.aspx?id=23609
West Bengal,2006,4562.0,t160_rrb_deposits,Table 160: State-wise Deposits of RRBs,https://www.rbi.org.in/Scripts/PublicationsView.aspx?id=23609
West Bengal,2007,4938.0,t160_rrb_deposits,Table 160: State-wise Deposits of RRBs,https://www.rbi.org.in/Scripts/PublicationsView.aspx?id=23609
West Bengal,2008,5933.0,t160_rrb_deposits,Table 160: State-wise Deposits of RRBs,https://www.rbi.org.in/Scripts/PublicationsView.aspx?id=23609
West Bengal,2009,7008.0,t160_rrb_deposits,Table 160: State-wise Deposits of RRBs,https://www.rbi.org.in/Scripts/PublicationsView.aspx?id=23609
West Bengal,2010,8502.0,t160_rrb_deposits,Table 160: State-wise Deposits of RRBs,https://www.rbi.org.in/Scripts/PublicationsView.aspx?id=23609
West Bengal,2011,9740.0,t160_rrb_deposits,Table 160: State-wise Deposits of RRBs,https://www.rbi.org.in/Scripts/PublicationsView.aspx?id=23609
West Bengal,2012,10765.0,t160_rrb_deposits,Table 160: State-wise Deposits of RRBs,https://www.rbi.org.in/Scripts/PublicationsView.aspx?id=23609
West Bengal,2013,12147.0,t160_rrb_deposits,Table 160: State-wise Deposits of RRBs,https://www.rbi.org.in/Scripts/PublicationsView.aspx?id=23609
West Bengal,2014,13754.0,t160_rrb_deposits,Table 160: State-wise Deposits of RRBs,https://www.rbi.org.in/Scripts/PublicationsView.aspx?id=23609
Chhattisgarh,2004,1437.0,t160_rrb_deposits,Table 160: State-wise Deposits of RRBs,https://www.rbi.org.in/Scripts/PublicationsView.aspx?id=23609
Chhattisgarh,2005,1628.0,t160_rrb_deposits,Table 160: State-wise Deposits of RRBs,https://www.rbi.org.in/Scripts/PublicationsView.aspx?id=23609
Chhattisgarh,2006,1941.0,t160_rrb_deposits,Table 160: State-wise Deposits of RRBs,https://www.rbi.org.in/Scripts/PublicationsView.aspx?id=23609
Chhattisgarh,2007,2217.0,t160_rrb_deposits,Table 160: State-wise Deposits of RRBs,https://www.rbi.org.in/Scripts/PublicationsView.aspx?id=23609
Chhattisgarh,2008,2657.0,t160_rrb_deposits,Table 160: State-wise Deposits of RRBs,https://www.rbi.org.in/Scripts/PublicationsView.aspx?id=23609
Chhattisgarh,2009,3240.0,t160_rrb_deposits,Table 160: State-wise Deposits of RRBs,https://www.rbi.org.in/Scripts/PublicationsView.aspx?id=23609
Chhattisgarh,2010,3807.0,t160_rrb_deposits,Table 160: State-wise Deposits of RRBs,https://www.rbi.org.in/Scripts/PublicationsView.aspx?id=23609
Chhattisgarh,2011,4411.0,t160_rrb_deposits,Table 160: State-wise Deposits of RRBs,https://www.rbi.org.in/Scripts/PublicationsView.aspx?id=23609
Chhattisgarh,2012,4972.0,t160_rrb_deposits,Table 160: State-wise Deposits of RRBs,https://www.rbi.org.in/Scripts/PublicationsView.aspx?id=23609
Chhattisgarh,2013,5777.0,t160_rrb_deposits,Table 160: State-wise Deposits of RRBs,https://www.rbi.org.in/Scripts/PublicationsView.aspx?id=23609
Chhattisgarh,2014,6552.0,t160_rrb_deposits,Table 160: State-wise Deposits of RRBs,https://www.rbi.org.in/Scripts/PublicationsView.aspx?id=23609
Madhya Pradesh,2004,3806.0,t160_rrb_deposits,Table 160: State-wise Deposits of RRBs,https://www.rbi.org.in/Scripts/PublicationsView.aspx?id=23609
Madhya Pradesh,2005,4123.0,t160_rrb_deposits,Table 160: State-wise Deposits of RRBs,https://www.rbi.org.in/Scripts/PublicationsView.aspx?id=23609
Madhya Pradesh,2006,4939.0,t160_rrb_deposits,Table 160: State-wise Deposits of RRBs,https://www.rbi.org.in/Scripts/PublicationsView.aspx?id=23609
Madhya Pradesh,2007,5722.0,t160_rrb_deposits,Table 160: State-wise Deposits of RRBs,https://www.rbi.org.in/Scripts/PublicationsView.aspx?id=23609
Madhya Pradesh,2008,6655.0,t160_rrb_deposits,Table 160: State-wise Deposits of RRBs,https://www.rbi.org.in/Scripts/PublicationsView.aspx?id=23609
Madhya Pradesh,2009,8082.0,t160_rrb_deposits,Table 160: State-wise Deposits of RRBs,https://www.rbi.org.in/Scripts/PublicationsView.aspx?id=23609
Madhya Pradesh,2010,9139.0,t160_rrb_deposits,Table 160: State-wise Deposits of RRBs,https://www.rbi.org.in/Scripts/PublicationsView.aspx?id=23609
Madhya Pradesh,2011,10101.0,t160_rrb_deposits,Table 160: State-wise Deposits of RRBs,https://www.rbi.org.in/Scripts/PublicationsView.aspx?id=23609
Madhya Pradesh,2012,11069.0,t160_rrb_deposits,Table 160: State-wise Deposits of RRBs,https://www.rbi.org.in/Scripts/PublicationsView.aspx?id=23609
Madhya Pradesh,2013,12557.0,t160_rrb_deposits,Table 160: State-wise Deposits of RRBs,https://www.rbi.org.in/Scripts/PublicationsView.aspx?id=23609
Madhya Pradesh,2014,14230.0,t160_rrb_deposits,Table 160: State-wise Deposits of RRBs,https://www.rbi.org.in/Scripts/PublicationsView.aspx?id=23609
Uttarakhand,2004,579.0,t160_rrb_deposits,Table 160: State-wise Deposits of RRBs,https://www.rbi.org.in/Scripts/PublicationsView.aspx?id=23609
Uttarakhand,2005,655.0,t160_rrb_deposits,Table 160: State-wise Deposits of RRBs,https://www.rbi.org.in/Scripts/PublicationsView.aspx?id=23609
Uttarakhand,2006,749.0,t160_rrb_deposits,Table 160: State-wise Deposits of RRBs,https://www.rbi.org.in/Scripts/PublicationsView.aspx?id=23609
Uttarakhand,2007,889.0,t160_rrb_deposits,Table 160: State-wise Deposits of RRBs,https://www.rbi.org.in/Scripts/PublicationsView.aspx?id=23609
Uttarakhand,2008,1001.0,t160_rrb_deposits,Table 160: State-wise Deposits of RRBs,https://www.rbi.org.in/Scripts/PublicationsView.aspx?id=23609
Uttarakhand,2009,1192.0,t160_rrb_deposits,Table 160: State-wise Deposits of RRBs,https://www.rbi.org.in/Scripts/PublicationsView.aspx?id=23609
Uttarakhand,2010,1361.0,t160_rrb_deposits,Table 160: State-wise Deposits of RRBs,https://www.rbi.org.in/Scripts/PublicationsView.aspx?id=23609
Uttarakhand,2011,1610.0,t160_rrb_deposits,Table 160: State-wise Deposits of RRBs,https://www.rbi.org.in/Scripts/PublicationsView.aspx?id=23609
Uttarakhand,2012,1836.0,t160_rrb_deposits,Table 160: State-wise Deposits of RRBs,https://www.rbi.org.in/Scripts/PublicationsView.aspx?id=23609
Uttarakhand,2013,2175.0,t160_rrb_deposits,Table 160: State-wise Deposits of RRBs,https://www.rbi.org.in/Scripts/PublicationsView.aspx?id=23609
Uttarakhand,2014,2467.0,t160_rrb_deposits,Table 160: State-wise Deposits of RRBs,https://www.rbi.org.in/Scripts/PublicationsView.aspx?id=23609
Uttar Pradesh,2004,12961.0,t160_rrb_deposits,Table 160: State-wise Deposits of RRBs,https://www.rbi.org.in/Scripts/PublicationsView.aspx?id=23609
Uttar Pradesh,2005,14246.0,t160_rrb_deposits,Table 160: State-wise Deposits of RRBs,https://www.rbi.org.in/Scripts/PublicationsView.aspx?id=23609
Uttar Pradesh,2006,16066.0,t160_rrb_deposits,Table 160: State-wise Deposits of RRBs,https://www.rbi.org.in/Scripts/PublicationsView.aspx?id=23609
Uttar Pradesh,2007,18133.0,t160_rrb_deposits,Table 160: State-wise Deposits of RRBs,https://www.rbi.org.in/Scripts/PublicationsView.aspx?id=23609
Uttar Pradesh,2008,21305.0,t160_rrb_deposits,Table 160: State-wise Deposits of RRBs,https://www.rbi.org.in/Scripts/PublicationsView.aspx?id=23609
Uttar Pradesh,2009,25274.0,t160_rrb_deposits,Table 160: State-wise Deposits of RRBs,https://www.rbi.org.in/Scripts/PublicationsView.aspx?id=23609
Uttar Pradesh,2010,30313.0,t160_rrb_deposits,Table 160: State-wise Deposits of RRBs,https://www.rbi.org.in/Scripts/PublicationsView.aspx?id=23609
Uttar Pradesh,2011,35409.0,t160_rrb_deposits,Table 160: State-wise Deposits of RRBs,https://www.rbi.org.in/Scripts/PublicationsView.aspx?id=23609
Uttar Pradesh,2012,38654.0,t160_rrb_deposits,Table 160: State-wise Deposits of RRBs,https://www.rbi.org.in/Scripts/PublicationsView.aspx?id=23609
Uttar Pradesh,2013,44288.0,t160_rrb_deposits,Table 160: State-wise Deposits of RRBs,https://www.rbi.org.in/Scripts/PublicationsView.aspx?id=23609
Uttar Pradesh,2014,48741.0,t160_rrb_deposits,Table 160: State-wise Deposits of RRBs,https://www.rbi.org.in/Scripts/PublicationsView.aspx?id=23609
Dadra & Nagar Haveli,2004,,t160_rrb_deposits,Table 160: State-wise Deposits of RRBs,https://www.rbi.org.in/Scripts/PublicationsView.aspx?id=23609
Dadra & Nagar Haveli,2005,,t160_rrb_deposits,Table 160: State-wise Deposits of RRBs,https://www.rbi.org.in/Scripts/PublicationsView.aspx?id=23609
Dadra & Nagar Haveli,2006,,t160_rrb_deposits,Table 160: State-wise Deposits of RRBs,https://www.rbi.org.in/Scripts/PublicationsView.aspx?id=23609
Dadra & Nagar Haveli,2007,,t160_rrb_deposits,Table 160: State-wise Deposits of RRBs,https://www.rbi.org.in/Scripts/PublicationsView.aspx?id=23609
Dadra & Nagar Haveli,2008,,t160_rrb_deposits,Table 160: State-wise Deposits of RRBs,https://www.rbi.org.in/Scripts/PublicationsView.aspx?id=23609
Dadra & Nagar Haveli,2009,,t160_rrb_deposits,Table 160: State-wise Deposits of RRBs,https://www.rbi.org.in/Scripts/PublicationsView.aspx?id=23609
Dadra & Nagar Haveli,2010,,t160_rrb_deposits,Table 160: State-wise Deposits of RRBs,https://www.rbi.org.in/Scripts/PublicationsView.aspx?id=23609
Dadra & Nagar Haveli,2011,,t160_rrb_deposits,Table 160: State-wise Deposits of RRBs,https://www.rbi.org.in/Scripts/PublicationsView.aspx?id=23609
Dadra & Nagar Haveli,2012,,t160_rrb_deposits,Table 160: State-wise Deposits of RRBs,https://www.rbi.org.in/Scripts/PublicationsView.aspx?id=23609
Dadra & Nagar Haveli,2013,,t160_rrb_deposits,Table 160: State-wise Deposits of RRBs,https://www.rbi.org.in/Scripts/PublicationsView.aspx?id=23609
Dadra & Nagar Haveli,2014,,t160_rrb_deposits,Table 160: State-wise Deposits of RRBs,https://www.rbi.org.in/Scripts/PublicationsView.aspx?id=23609
Daman & Diu,2004,,t160_rrb_deposits,Table 160: State-wise Deposits of RRBs,https://www.rbi.org.in/Scripts/PublicationsView.aspx?id=23609
Daman & Diu,2005,,t160_rrb_deposits,Table 160: State-wise Deposits of RRBs,https://www.rbi.org.in/Scripts/PublicationsView.aspx?id=23609
Daman & Diu,2006,,t160_rrb_deposits,Table 160: State-wise Deposits of RRBs,https://www.rbi.org.in/Scripts/PublicationsView.aspx?id=23609
Daman & Diu,2007,,t160_rrb_deposits,Table 160: State-wise Deposits of RRBs,https://www.rbi.org.in/Scripts/PublicationsView.aspx?id=23609
Daman & Diu,2008,,t160_rrb_deposits,Table 160: State-wise Deposits of RRBs,https://www.rbi.org.in/Scripts/PublicationsView.aspx?id=23609
Daman & Diu,2009,,t160_rrb_deposits,Table 160: State-wise Deposits of RRBs,https://www.rbi.org.in/Scripts/PublicationsView.aspx?id=23609
Daman & Diu,2010,,t160_rrb_deposits,Table 160: State-wise Deposits of RRBs,https://www.rbi.org.in/Scripts/PublicationsView.aspx?id=23609
Daman & Diu,2011,,t160_rrb_deposits,Table 160: State-wise Deposits of RRBs,https://www.rbi.org.in/Scripts/PublicationsView.aspx?id=23609
Daman & Diu,2012,,t160_rrb_deposits,Table 160: State-wise Deposits of RRBs,https://www.rbi.org.in/Scripts/PublicationsView.aspx?id=23609
Daman & Diu,2013,,t160_rrb_deposits,Table 160: State-wise Deposits of RRBs,https://www.rbi.org.in/Scripts/PublicationsView.aspx?id=23609
Daman & Diu,2014,,t160_rrb_deposits,Table 160: State-wise Deposits of RRBs,https://www.rbi.org.in/Scripts/PublicationsView.aspx?id=23609
Goa,2004,,t160_rrb_deposits,Table 160: State-wise Deposits of RRBs,https://www.rbi.org.in/Scripts/PublicationsView.aspx?id=23609
Goa,2005,,t160_rrb_deposits,Table 160: State-wise Deposits of RRBs,https://www.rbi.org.in/Scripts/PublicationsView.aspx?id=23609
Goa,2006,,t160_rrb_deposits,Table 160: State-wise Deposits of RRBs,https://www.rbi.org.in/Scripts/PublicationsView.aspx?id=23609
Goa,2007,,t160_rrb_deposits,Table 160: State-wise Deposits of RRBs,https://www.rbi.org.in/Scripts/PublicationsView.aspx?id=23609
Goa,2008,,t160_rrb_deposits,Table 160: State-wise Deposits of RRBs,https://www.rbi.org.in/Scripts/PublicationsView.aspx?id=23609
Goa,2009,,t160_rrb_deposits,Table 160: State-wise Deposits of RRBs,https://www.rbi.org.in/Scripts/PublicationsView.aspx?id=23609
Goa,2010,,t160_rrb_deposits,Table 160: State-wise Deposits of RRBs,https://www.rbi.org.in/Scripts/PublicationsView.aspx?id=23609
Goa,2011,,t160_rrb_deposits,Table 160: State-wise Deposits of RRBs,https://www.rbi.org.in/Scripts/PublicationsView.aspx?id=23609
Goa,2012,,t160_rrb_deposits,Table 160: State-wise Deposits of RRBs,https://www.rbi.org.in/Scripts/PublicationsView.aspx?id=23609
Goa,2013,,t160_rrb_deposits,Table 160: State-wise Deposits of RRBs,https://www.rbi.org.in/Scripts/PublicationsView.aspx?id=23609
Goa,2014,,t160_rrb_deposits,Table 160: State-wise Deposits of RRBs,https://www.rbi.org.in/Scripts/PublicationsView.aspx?id=23609
Gujarat,2004,1465.0,t160_rrb_deposits,Table 160: State-wise Deposits of RRBs,https://www.rbi.org.in/Scripts/PublicationsView.aspx?id=23609
Gujarat,2005,1657.0,t160_rrb_deposits,Table 160: State-wise Deposits of RRBs,https://www.rbi.org.in/Scripts/PublicationsView.aspx?id=23609
Gujarat,2006,1876.0,t160_rrb_deposits,Table 160: State-wise Deposits of RRBs,https://www.rbi.org.in/Scripts/PublicationsView.aspx?id=23609
Gujarat,2007,2288.0,t160_rrb_deposits,Table 160: State-wise Deposits of RRBs,https://www.rbi.org.in/Scripts/PublicationsView.aspx?id=23609
Gujarat,2008,2761.0,t160_rrb_deposits,Table 160: State-wise Deposits of RRBs,https://www.rbi.org.in/Scripts/PublicationsView.aspx?id=23609
Gujarat,2009,3490.0,t160_rrb_deposits,Table 160: State-wise Deposits of RRBs,https://www.rbi.org.in/Scripts/PublicationsView.aspx?id=23609
Gujarat,2010,3946.0,t160_rrb_deposits,Table 160: State-wise Deposits of RRBs,https://www.rbi.org.in/Scripts/PublicationsView.aspx?id=23609
Gujarat,2011,4591.0,t160_rrb_deposits,Table 160: State-wise Deposits of RRBs,https://www.rbi.org.in/Scripts/PublicationsView.aspx?id=23609
Gujarat,2012,5430.0,t160_rrb_deposits,Table 160: State-wise Deposits of RRBs,https://www.rbi.org.in/Scripts/PublicationsView.aspx?id=23609
Gujarat,2013,6205.0,t160_rrb_deposits,Table 160: State-wise Deposits of RRBs,https://www.rbi.org.in/Scripts/PublicationsView.aspx?id=23609
Gujarat,2014,7114.0,t160_rrb_deposits,Table 160: State-wise Deposits of RRBs,https://www.rbi.org.in/Scripts/PublicationsView.aspx?id=23609
Maharashtra,2004,1617.0,t160_rrb_deposits,Table 160: State-wise Deposits of RRBs,https://www.rbi.org.in/Scripts/PublicationsView.aspx?id=23609
Maharashtra,2005,1691.0,t160_rrb_deposits,Table 160: State-wise Deposits of RRBs,https://www.rbi.org.in/Scripts/PublicationsView.aspx?id=23609
Maharashtra,2006,2015.0,t160_rrb_deposits,Table 160: State-wise Deposits of RRBs,https://www.rbi.org.in/Scripts/PublicationsView.aspx?id=23609
Maharashtra,2007,2473.0,t160_rrb_deposits,Table 160: State-wise Deposits of RRBs,https://www.rbi.org.in/Scripts/PublicationsView.aspx?id=23609
Maharashtra,2008,2964.0,t160_rrb_deposits,Table 160: State-wise Deposits of RRBs,https://www.rbi.org.in/Scripts/PublicationsView.aspx?id=23609
Maharashtra,2009,3291.0,t160_rrb_deposits,Table 160: State-wise Deposits of RRBs,https://www.rbi.org.in/Scripts/PublicationsView.aspx?id=23609
Maharashtra,2010,4109.0,t160_rrb_deposits,Table 160: State-wise Deposits of RRBs,https://www.rbi.org.in/Scripts/PublicationsView.aspx?id=23609
Maharashtra,2011,4634.0,t160_rrb_deposits,Table 160: State-wise Deposits of RRBs,https://www.rbi.org.in/Scripts/PublicationsView.aspx?id=23609
Maharashtra,2012,5486.0,t160_rrb_deposits,Table 160: State-wise Deposits of RRBs,https://www.rbi.org.in/Scripts/PublicationsView.aspx?id=23609
Maharashtra,2013,6100.0,t160_rrb_deposits,Table 160: State-wise Deposits of RRBs,https://www.rbi.org.in/Scripts/PublicationsView.aspx?id=23609
Maharashtra,2014,7117.0,t160_rrb_deposits,Table 160: State-wise Deposits of RRBs,https://www.rbi.org.in/Scripts/PublicationsView.aspx?id=23609
Andhra Pradesh,2004,4764.0,t160_rrb_deposits,Table 160: State-wise Deposits of RRBs,https://www.rbi.org.in/Scripts/PublicationsView.aspx?id=23609
Andhra Pradesh,2005,5191.0,t160_rrb_deposits,Table 160: State-wise Deposits of RRBs,https://www.rbi.org.in/Scripts/PublicationsView.aspx?id=23609
Andhra Pradesh,2006,5797.0,t160_rrb_deposits,Table 160: State-wise Deposits of RRBs,https://www.rbi.org.in/Scripts/PublicationsView.aspx?id=23609
Andhra Pradesh,2007,7124.0,t160_rrb_deposits,Table 160: State-wise Deposits of RRBs,https://www.rbi.org.in/Scripts/PublicationsView.aspx?id=23609
Andhra Pradesh,2008,8328.0,t160_rrb_deposits,Table 160: State-wise Deposits of RRBs,https://www.rbi.org.in/Scripts/PublicationsView.aspx?id=23609
Andhra Pradesh,2009,9605.0,t160_rrb_deposits,Table 160: State-wise Deposits of RRBs,https://www.rbi.org.in/Scripts/PublicationsView.aspx?id=23609
Andhra Pradesh,2010,11356.0,t160_rrb_deposits,Table 160: State-wise Deposits of RRBs,https://www.rbi.org.in/Scripts/PublicationsView.aspx?id=23609
Andhra Pradesh,2011,13522.0,t160_rrb_deposits,Table 160: State-wise Deposits of RRBs,https://www.rbi.org.in/Scripts/PublicationsView.aspx?id=23609
Andhra Pradesh,2012,15123.0,t160_rrb_deposits,Table 160: State-wise Deposits of RRBs,https://www.rbi.org.in/Scripts/PublicationsView.aspx?id=23609
Andhra Pradesh,2013,17449.0,t160_rrb_deposits,Table 160: State-wise Deposits of RRBs,https://www.rbi.org.in/Scripts/PublicationsView.aspx?id=23609
Andhra Pradesh,2014,20445.0,t160_rrb_deposits,Table 160: State-wise Deposits of RRBs,https://www.rbi.org.in/Scripts/PublicationsView.aspx?id=23609
Karnataka,2004,3482.0,t160_rrb_deposits,Table 160: State-wise Deposits of RRBs,https://www.rbi.org.in/Scripts/PublicationsView.aspx?id=23609
Karnataka,2005,4103.0,t160_rrb_deposits,Table 160: State-wise Deposits of RRBs,https://www.rbi.org.in/Scripts/PublicationsView.aspx?id=23609
Karnataka,2006,4979.0,t160_rrb_deposits,Table 160: State-wise Deposits of RRBs,https://www.rbi.org.in/Scripts/PublicationsView.aspx?id=23609
Karnataka,2007,6000.0,t160_rrb_deposits,Table 160: State-wise Deposits of RRBs,https://www.rbi.org.in/Scripts/PublicationsView.aspx?id=23609
Karnataka,2008,7514.0,t160_rrb_deposits,Table 160: State-wise Deposits of RRBs,https://www.rbi.org.in/Scripts/PublicationsView.aspx?id=23609
Karnataka,2009,9372.0,t160_rrb_deposits,Table 160: State-wise Deposits of RRBs,https://www.rbi.org.in/Scripts/PublicationsView.aspx?id=23609
Karnataka,2010,11622.0,t160_rrb_deposits,Table 160: State-wise Deposits of RRBs,https://www.rbi.org.in/Scripts/PublicationsView.aspx?id=23609
Karnataka,2011,13833.0,t160_rrb_deposits,Table 160: State-wise Deposits of RRBs,https://www.rbi.org.in/Scripts/PublicationsView.aspx?id=23609
Karnataka,2012,14757.0,t160_rrb_deposits,Table 160: State-wise Deposits of RRBs,https://www.rbi.org.in/Scripts/PublicationsView.aspx?id=23609
Karnataka,2013,17666.0,t160_rrb_deposits,Table 160: State-wise Deposits of RRBs,https://www.rbi.org.in/Scripts/PublicationsView.aspx?id=23609
Karnataka,2014,21489.0,t160_rrb_deposits,Table 160: State-wise Deposits of RRBs,https://www.rbi.org.in/Scripts/PublicationsView.aspx?id=23609
Kerala,2004,1514.0,t160_rrb_deposits,Table 160: State-wise Deposits of RRBs,https://www.rbi.org.in/Scripts/PublicationsView.aspx?id=23609
Kerala,2005,1729.0,t160_rrb_deposits,Table 160: State-wise Deposits of RRBs,https://www.rbi.org.in/Scripts/PublicationsView.aspx?id=23609
Kerala,2006,2030.0,t160_rrb_deposits,Table 160: State-wise Deposits of RRBs,https://www.rbi.org.in/Scripts/PublicationsView.aspx?id=23609
Kerala,2007,2416.0,t160_rrb_deposits,Table 160: State-wise Deposits of RRBs,https://www.rbi.org.in/Scripts/PublicationsView.aspx?id=23609
Kerala,2008,3044.0,t160_rrb_deposits,Table 160: State-wise Deposits of RRBs,https://www.rbi.org.in/Scripts/PublicationsView.aspx?id=23609
Kerala,2009,3646.0,t160_rrb_deposits,Table 160: State-wise Deposits of RRBs,https://www.rbi.org.in/Scripts/PublicationsView.aspx?id=23609
Kerala,2010,4393.0,t160_rrb_deposits,Table 160: State-wise Deposits of RRBs,https://www.rbi.org.in/Scripts/PublicationsView.aspx?id=23609
Kerala,2011,4838.0,t160_rrb_deposits,Table 160: State-wise Deposits of RRBs,https://www.rbi.org.in/Scripts/PublicationsView.aspx?id=23609
Kerala,2012,5536.0,t160_rrb_deposits,Table 160: State-wise Deposits of RRBs,https://www.rbi.org.in/Scripts/PublicationsView.aspx?id=23609
Kerala,2013,6815.0,t160_rrb_deposits,Table 160: State-wise Deposits of RRBs,https://www.rbi.org.in/Scripts/PublicationsView.aspx?id=23609
Kerala,2014,7693.0,t160_rrb_deposits,Table 160: State-wise Deposits of RRBs,https://www.rbi.org.in/Scripts/PublicationsView.aspx?id=23609
Lakshadweep,2004,,t160_rrb_deposits,Table 160: State-wise Deposits of RRBs,https://www.rbi.org.in/Scripts/PublicationsView.aspx?id=23609
Lakshadweep,2005,,t160_rrb_deposits,Table 160: State-wise Deposits of RRBs,https://www.rbi.org.in/Scripts/PublicationsView.aspx?id=23609
Lakshadweep,2006,,t160_rrb_deposits,Table 160: State-wise Deposits of RRBs,https://www.rbi.org.in/Scripts/PublicationsView.aspx?id=23609
Lakshadweep,2007,,t160_rrb_deposits,Table 160: State-wise Deposits of RRBs,https://www.rbi.org.in/Scripts/PublicationsView.aspx?id=23609
Lakshadweep,2008,,t160_rrb_deposits,Table 160: State-wise Deposits of RRBs,https://www.rbi.org.in/Scripts/PublicationsView.aspx?id=23609
Lakshadweep,2009,,t160_rrb_deposits,Table 160: State-wise Deposits of RRBs,https://www.rbi.org.in/Scripts/PublicationsView.aspx?id=23609
Lakshadweep,2010,,t160_rrb_deposits,Table 160: State-wise Deposits of RRBs,https://www.rbi.org.in/Scripts/PublicationsView.aspx?id=23609
Lakshadweep,2011,,t160_rrb_deposits,Table 160: State-wise Deposits of RRBs,https://www.rbi.org.in/Scripts/PublicationsView.aspx?id=23609
Lakshadweep,2012,,t160_rrb_deposits,Table 160: State-wise Deposits of RRBs,https://www.rbi.org.in/Scripts/PublicationsView.aspx?id=23609
Lakshadweep,2013,,t160_rrb_deposits,Table 160: State-wise Deposits of RRBs,https://www.rbi.org.in/Scripts/PublicationsView.aspx?id=23609
Lakshadweep,2014,,t160_rrb_deposits,Table 160: State-wise Deposits of RRBs,https://www.rbi.org.in/Scripts/PublicationsView.aspx?id=23609
Puducherry,2004,,t160_rrb_deposits,Table 160: State-wise Deposits of RRBs,https://www.rbi.org.in/Scripts/PublicationsView.aspx?id=23609
Puducherry,2005,,t160_rrb_deposits,Table 160: State-wise Deposits of RRBs,https://www.rbi.org.in/Scripts/PublicationsView.aspx?id=23609
Puducherry,2006,,t160_rrb_deposits,Table 160: State-wise Deposits of RRBs,https://www.rbi.org.in/Scripts/PublicationsView.aspx?id=23609
Puducherry,2007,,t160_rrb_deposits,Table 160: State-wise Deposits of RRBs,https://www.rbi.org.in/Scripts/PublicationsView.aspx?id=23609
Puducherry,2008,,t160_rrb_deposits,Table 160: State-wise Deposits of RRBs,https://www.rbi.org.in/Scripts/PublicationsView.aspx?id=23609
Puducherry,2009,6.0,t160_rrb_deposits,Table 160: State-wise Deposits of RRBs,https://www.rbi.org.in/Scripts/PublicationsView.aspx?id=23609
Puducherry,2010,41.0,t160_rrb_deposits,Table 160: State-wise Deposits of RRBs,https://www.rbi.org.in/Scripts/PublicationsView.aspx?id=23609
Puducherry,2011,92.0,t160_rrb_deposits,Table 160: State-wise Deposits of RRBs,https://www.rbi.org.in/Scripts/PublicationsView.aspx?id=23609
Puducherry,2012,139.0,t160_rrb_deposits,Table 160: State-wise Deposits of RRBs,https://www.rbi.org.in/Scripts/PublicationsView.aspx?id=23609
Puducherry,2013,217.0,t160_rrb_deposits,Table 160: State-wise Deposits of RRBs,https://www.rbi.org.in/Scripts/PublicationsView.aspx?id=23609
Puducherry,2014,277.0,t160_rrb_deposits,Table 160: State-wise Deposits of RRBs,https://www.rbi.org.in/Scripts/PublicationsView.aspx?id=23609
Tamil Nadu,2004,788.0,t160_rrb_deposits,Table 160: State-wise Deposits of RRBs,https://www.rbi.org.in/Scripts/PublicationsView.aspx?id=23609
Tamil Nadu,2005,848.0,t160_rrb_deposits,Table 160: State-wise Deposits of RRBs,https://www.rbi.org.in/Scripts/PublicationsView.aspx?id=23609
Tamil Nadu,2006,1006.0,t160_rrb_deposits,Table 160: State-wise Deposits of RRBs,https://www.rbi.org.in/Scripts/PublicationsView.aspx?id=23609
Tamil Nadu,2007,1263.0,t160_rrb_deposits,Table 160: State-wise Deposits of RRBs,https://www.rbi.org.in/Scripts/PublicationsView.aspx?id=23609
Tamil Nadu,2008,1608.0,t160_rrb_deposits,Table 160: State-wise Deposits of RRBs,https://www.rbi.org.in/Scripts/PublicationsView.aspx?id=23609
Tamil Nadu,2009,2081.0,t160_rrb_deposits,Table 160: State-wise Deposits of RRBs,https://www.rbi.org.in/Scripts/PublicationsView.aspx?id=23609
Tamil Nadu,2010,2328.0,t160_rrb_deposits,Table 160: State-wise Deposits of RRBs,https://www.rbi.org.in/Scripts/PublicationsView.aspx?id=23609
Tamil Nadu,2011,2784.0,t160_rrb_deposits,Table 160: State-wise Deposits of RRBs,https://www.rbi.org.in/Scripts/PublicationsView.aspx?id=23609
Tamil Nadu,2012,3366.0,t160_rrb_deposits,Table 160: State-wise Deposits of RRBs,https://www.rbi.org.in/Scripts/PublicationsView.aspx?id=23609
Tamil Nadu,2013,3866.0,t160_rrb_deposits,Table 160: State-wise Deposits of RRBs,https://www.rbi.org.in/Scripts/PublicationsView.aspx?id=23609
Tamil Nadu,2014,4499.0,t160_rrb_deposits,Table 160: State-wise Deposits of RRBs,https://www.rbi.org.in/Scripts/PublicationsView.aspx?id=23609
Telangana,2004,,t160_rrb_deposits,Table 160: State-wise Deposits of RRBs,https://www.rbi.org.in/Scripts/PublicationsView.aspx?id=23609
Telangana,2005,,t160_rrb_deposits,Table 160: State-wise Deposits of RRBs,https://www.rbi.org.in/Scripts/PublicationsView.aspx?id=23609
Telangana,2006,,t160_rrb_deposits,Table 160: State-wise Deposits of RRBs,https://www.rbi.org.in/Scripts/PublicationsView.aspx?id=23609
Telangana,2007,,t160_rrb_deposits,Table 160: State-wise Deposits of RRBs,https://www.rbi.org.in/Scripts/PublicationsView.aspx?id=23609
Telangana,2008,,t160_rrb_deposits,Table 160: State-wise Deposits of RRBs,https://www.rbi.org.in/Scripts/PublicationsView.aspx?id=23609
Telangana,2009,,t160_rrb_deposits,Table 160: State-wise Deposits of RRBs,https://www.rbi.org.in/Scripts/PublicationsView.aspx?id=23609
Telangana,2010,,t160_rrb_deposits,Table 160: State-wise Deposits of RRBs,https://www.rbi.org.in/Scripts/PublicationsView.aspx?id=23609
Telangana,2011,,t160_rrb_deposits,Table 160: State-wise Deposits of RRBs,https://www.rbi.org.in/Scripts/PublicationsView.aspx?id=23609
Telangana,2012,,t160_rrb_deposits,Table 160: State-wise Deposits of RRBs,https://www.rbi.org.in/Scripts/PublicationsView.aspx?id=23609
Telangana,2013,,t160_rrb_deposits,Table 160: State-wise Deposits of RRBs,https://www.rbi.org.in/Scripts/PublicationsView.aspx?id=23609
Telangana,2014,,t160_rrb_deposits,Table 160: State-wise Deposits of RRBs,https://www.rbi.org.in/Scripts/PublicationsView.aspx?id=23609
Chandigarh,2015,,t160_rrb_deposits,Table 160: State-wise Deposits of RRBs,https://www.rbi.org.in/Scripts/PublicationsView.aspx?id=23609
Chandigarh,2016,,t160_rrb_deposits,Table 160: State-wise Deposits of RRBs,https://www.rbi.org.in/Scripts/PublicationsView.aspx?id=23609
Chandigarh,2017,,t160_rrb_deposits,Table 160: State-wise Deposits of RRBs,https://www.rbi.org.in/Scripts/PublicationsView.aspx?id=23609
Chandigarh,2018,,t160_rrb_deposits,Table 160: State-wise Deposits of RRBs,https://www.rbi.org.in/Scripts/PublicationsView.aspx?id=23609
Chandigarh,2019,,t160_rrb_deposits,Table 160: State-wise Deposits of RRBs,https://www.rbi.org.in/Scripts/PublicationsView.aspx?id=23609
Chandigarh,2020,,t160_rrb_deposits,Table 160: State-wise Deposits of RRBs,https://www.rbi.org.in/Scripts/PublicationsView.aspx?id=23609
Chandigarh,2021,,t160_rrb_deposits,Table 160: State-wise Deposits of RRBs,https://www.rbi.org.in/Scripts/PublicationsView.aspx?id=23609
Chandigarh,2022,,t160_rrb_deposits,Table 160: State-wise Deposits of RRBs,https://www.rbi.org.in/Scripts/PublicationsView.aspx?id=23609
Chandigarh,2023,,t160_rrb_deposits,Table 160: State-wise Deposits of RRBs,https://www.rbi.org.in/Scripts/PublicationsView.aspx?id=23609
Chandigarh,2024,,t160_rrb_deposits,Table 160: State-wise Deposits of RRBs,https://www.rbi.org.in/Scripts/PublicationsView.aspx?id=23609
Chandigarh,2025,,t160_rrb_deposits,Table 160: State-wise Deposits of RRBs,https://www.rbi.org.in/Scripts/PublicationsView.aspx?id=23609
Delhi,2015,,t160_rrb_deposits,Table 160: State-wise Deposits of RRBs,https://www.rbi.org.in/Scripts/PublicationsView.aspx?id=23609
Delhi,2016,,t160_rrb_deposits,Table 160: State-wise Deposits of RRBs,https://www.rbi.org.in/Scripts/PublicationsView.aspx?id=23609
Delhi,2017,,t160_rrb_deposits,Table 160: State-wise Deposits of RRBs,https://www.rbi.org.in/Scripts/PublicationsView.aspx?id=23609
Delhi,2018,,t160_rrb_deposits,Table 160: State-wise Deposits of RRBs,https://www.rbi.org.in/Scripts/PublicationsView.aspx?id=23609
Delhi,2019,,t160_rrb_deposits,Table 160: State-wise Deposits of RRBs,https://www.rbi.org.in/Scripts/PublicationsView.aspx?id=23609
Delhi,2020,,t160_rrb_deposits,Table 160: State-wise Deposits of RRBs,https://www.rbi.org.in/Scripts/PublicationsView.aspx?id=23609
Delhi,2021,,t160_rrb_deposits,Table 160: State-wise Deposits of RRBs,https://www.rbi.org.in/Scripts/PublicationsView.aspx?id=23609
Delhi,2022,,t160_rrb_deposits,Table 160: State-wise Deposits of RRBs,https://www.rbi.org.in/Scripts/PublicationsView.aspx?id=23609
Delhi,2023,,t160_rrb_deposits,Table 160: State-wise Deposits of RRBs,https://www.rbi.org.in/Scripts/PublicationsView.aspx?id=23609
Delhi,2024,,t160_rrb_deposits,Table 160: State-wise Deposits of RRBs,https://www.rbi.org.in/Scripts/PublicationsView.aspx?id=23609
Delhi,2025,,t160_rrb_deposits,Table 160: State-wise Deposits of RRBs,https://www.rbi.org.in/Scripts/PublicationsView.aspx?id=23609
Haryana,2015,8988.0,t160_rrb_deposits,Table 160: State-wise Deposits of RRBs,https://www.rbi.org.in/Scripts/PublicationsView.aspx?id=23609
Haryana,2016,9902.0,t160_rrb_deposits,Table 160: State-wise Deposits of RRBs,https://www.rbi.org.in/Scripts/PublicationsView.aspx?id=23609
Haryana,2017,11885.0,t160_rrb_deposits,Table 160: State-wise Deposits of RRBs,https://www.rbi.org.in/Scripts/PublicationsView.aspx?id=23609
Haryana,2018,13459.0,t160_rrb_deposits,Table 160: State-wise Deposits of RRBs,https://www.rbi.org.in/Scripts/PublicationsView.aspx?id=23609
Haryana,2019,14548.0,t160_rrb_deposits,Table 160: State-wise Deposits of RRBs,https://www.rbi.org.in/Scripts/PublicationsView.aspx?id=23609
Haryana,2020,16189.0,t160_rrb_deposits,Table 160: State-wise Deposits of RRBs,https://www.rbi.org.in/Scripts/PublicationsView.aspx?id=23609
Haryana,2021,17652.0,t160_rrb_deposits,Table 160: State-wise Deposits of RRBs,https://www.rbi.org.in/Scripts/PublicationsView.aspx?id=23609
Haryana,2022,18537.0,t160_rrb_deposits,Table 160: State-wise Deposits of RRBs,https://www.rbi.org.in/Scripts/PublicationsView.aspx?id=23609
Haryana,2023,20563.0,t160_rrb_deposits,Table 160: State-wise Deposits of RRBs,https://www.rbi.org.in/Scripts/PublicationsView.aspx?id=23609
Haryana,2024,22642.0,t160_rrb_deposits,Table 160: State-wise Deposits of RRBs,https://www.rbi.org.in/Scripts/PublicationsView.aspx?id=23609
Haryana,2025,24055.0,t160_rrb_deposits,Table 160: State-wise Deposits of RRBs,https://www.rbi.org.in/Scripts/PublicationsView.aspx?id=23609
Himachal Pradesh,2015,2972.0,t160_rrb_deposits,Table 160: State-wise Deposits of RRBs,https://www.rbi.org.in/Scripts/PublicationsView.aspx?id=23609
Himachal Pradesh,2016,3277.0,t160_rrb_deposits,Table 160: State-wise Deposits of RRBs,https://www.rbi.org.in/Scripts/PublicationsView.aspx?id=23609
Himachal Pradesh,2017,3889.0,t160_rrb_deposits,Table 160: State-wise Deposits of RRBs,https://www.rbi.org.in/Scripts/PublicationsView.aspx?id=23609
Himachal Pradesh,2018,4251.0,t160_rrb_deposits,Table 160: State-wise Deposits of RRBs,https://www.rbi.org.in/Scripts/PublicationsView.aspx?id=23609
Himachal Pradesh,2019,5098.0,t160_rrb_deposits,Table 160: State-wise Deposits of RRBs,https://www.rbi.org.in/Scripts/PublicationsView.aspx?id=23609
Himachal Pradesh,2020,5811.0,t160_rrb_deposits,Table 160: State-wise Deposits of RRBs,https://www.rbi.org.in/Scripts/PublicationsView.aspx?id=23609
Himachal Pradesh,2021,6478.0,t160_rrb_deposits,Table 160: State-wise Deposits of RRBs,https://www.rbi.org.in/Scripts/PublicationsView.aspx?id=23609
Himachal Pradesh,2022,7268.0,t160_rrb_deposits,Table 160: State-wise Deposits of RRBs,https://www.rbi.org.in/Scripts/PublicationsView.aspx?id=23609
Himachal Pradesh,2023,7851.0,t160_rrb_deposits,Table 160: State-wise Deposits of RRBs,https://www.rbi.org.in/Scripts/PublicationsView.aspx?id=23609
Himachal Pradesh,2024,8534.0,t160_rrb_deposits,Table 160: State-wise Deposits of RRBs,https://www.rbi.org.in/Scripts/PublicationsView.aspx?id=23609
Himachal Pradesh,2025,9288.0,t160_rrb_deposits,Table 160: State-wise Deposits of RRBs,https://www.rbi.org.in/Scripts/PublicationsView.aspx?id=23609
Jammu & Kashmir,2015,3093.0,t160_rrb_deposits,Table 160: State-wise Deposits of RRBs,https://www.rbi.org.in/Scripts/PublicationsView.aspx?id=23609
Jammu & Kashmir,2016,3569.0,t160_rrb_deposits,Table 160: State-wise Deposits of RRBs,https://www.rbi.org.in/Scripts/PublicationsView.aspx?id=23609
Jammu & Kashmir,2017,4018.0,t160_rrb_deposits,Table 160: State-wise Deposits of RRBs,https://www.rbi.org.in/Scripts/PublicationsView.aspx?id=23609
Jammu & Kashmir,2018,4609.0,t160_rrb_deposits,Table 160: State-wise Deposits of RRBs,https://www.rbi.org.in/Scripts/PublicationsView.aspx?id=23609
Jammu & Kashmir,2019,4861.0,t160_rrb_deposits,Table 160: State-wise Deposits of RRBs,https://www.rbi.org.in/Scripts/PublicationsView.aspx?id=23609
Jammu & Kashmir,2020,5190.0,t160_rrb_deposits,Table 160: State-wise Deposits of RRBs,https://www.rbi.org.in/Scripts/PublicationsView.aspx?id=23609
Jammu & Kashmir,2021,5668.0,t160_rrb_deposits,Table 160: State-wise Deposits of RRBs,https://www.rbi.org.in/Scripts/PublicationsView.aspx?id=23609
Jammu & Kashmir,2022,6042.0,t160_rrb_deposits,Table 160: State-wise Deposits of RRBs,https://www.rbi.org.in/Scripts/PublicationsView.aspx?id=23609
Jammu & Kashmir,2023,6624.0,t160_rrb_deposits,Table 160: State-wise Deposits of RRBs,https://www.rbi.org.in/Scripts/PublicationsView.aspx?id=23609
Jammu & Kashmir,2024,7151.0,t160_rrb_deposits,Table 160: State-wise Deposits of RRBs,https://www.rbi.org.in/Scripts/PublicationsView.aspx?id=23609
Jammu & Kashmir,2025,7763.0,t160_rrb_deposits,Table 160: State-wise Deposits of RRBs,https://www.rbi.org.in/Scripts/PublicationsView.aspx?id=23609
Ladakh,2015,,t160_rrb_deposits,Table 160: State-wise Deposits of RRBs,https://www.rbi.org.in/Scripts/PublicationsView.aspx?id=23609
Ladakh,2016,,t160_rrb_deposits,Table 160: State-wise Deposits of RRBs,https://www.rbi.org.in/Scripts/PublicationsView.aspx?id=23609
Ladakh,2017,,t160_rrb_deposits,Table 160: State-wise Deposits of RRBs,https://www.rbi.org.in/Scripts/PublicationsView.aspx?id=23609
Ladakh,2018,,t160_rrb_deposits,Table 160: State-wise Deposits of RRBs,https://www.rbi.org.in/Scripts/PublicationsView.aspx?id=23609
Ladakh,2019,,t160_rrb_deposits,Table 160: State-wise Deposits of RRBs,https://www.rbi.org.in/Scripts/PublicationsView.aspx?id=23609
Ladakh,2020,16.0,t160_rrb_deposits,Table 160: State-wise Deposits of RRBs,https://www.rbi.org.in/Scripts/PublicationsView.aspx?id=23609
Ladakh,2021,16.0,t160_rrb_deposits,Table 160: State-wise Deposits of RRBs,https://www.rbi.org.in/Scripts/PublicationsView.aspx?id=23609
Ladakh,2022,19.0,t160_rrb_deposits,Table 160: State-wise Deposits of RRBs,https://www.rbi.org.in/Scripts/PublicationsView.aspx?id=23609
Ladakh,2023,23.0,t160_rrb_deposits,Table 160: State-wise Deposits of RRBs,https://www.rbi.org.in/Scripts/PublicationsView.aspx?id=23609
Ladakh,2024,34.0,t160_rrb_deposits,Table 160: State-wise Deposits of RRBs,https://www.rbi.org.in/Scripts/PublicationsView.aspx?id=23609
Ladakh,2025,47.0,t160_rrb_deposits,Table 160: State-wise Deposits of RRBs,https://www.rbi.org.in/Scripts/PublicationsView.aspx?id=23609
Punjab,2015,5161.0,t160_rrb_deposits,Table 160: State-wise Deposits of RRBs,https://www.rbi.org.in/Scripts/PublicationsView.aspx?id=23609
Punjab,2016,6070.0,t160_rrb_deposits,Table 160: State-wise Deposits of RRBs,https://www.rbi.org.in/Scripts/PublicationsView.aspx?id=23609
Punjab,2017,7198.0,t160_rrb_deposits,Table 160: State-wise Deposits of RRBs,https://www.rbi.org.in/Scripts/PublicationsView.aspx?id=23609
Punjab,2018,7332.0,t160_rrb_deposits,Table 160: State-wise Deposits of RRBs,https://www.rbi.org.in/Scripts/PublicationsView.aspx?id=23609
Punjab,2019,8156.0,t160_rrb_deposits,Table 160: State-wise Deposits of RRBs,https://www.rbi.org.in/Scripts/PublicationsView.aspx?id=23609
Punjab,2020,8860.0,t160_rrb_deposits,Table 160: State-wise Deposits of RRBs,https://www.rbi.org.in/Scripts/PublicationsView.aspx?id=23609
Punjab,2021,10133.0,t160_rrb_deposits,Table 160: State-wise Deposits of RRBs,https://www.rbi.org.in/Scripts/PublicationsView.aspx?id=23609
Punjab,2022,11218.0,t160_rrb_deposits,Table 160: State-wise Deposits of RRBs,https://www.rbi.org.in/Scripts/PublicationsView.aspx?id=23609
Punjab,2023,12423.0,t160_rrb_deposits,Table 160: State-wise Deposits of RRBs,https://www.rbi.org.in/Scripts/PublicationsView.aspx?id=23609
Punjab,2024,13486.0,t160_rrb_deposits,Table 160: State-wise Deposits of RRBs,https://www.rbi.org.in/Scripts/PublicationsView.aspx?id=23609
Punjab,2025,15078.0,t160_rrb_deposits,Table 160: State-wise Deposits of RRBs,https://www.rbi.org.in/Scripts/PublicationsView.aspx?id=23609
Rajasthan,2015,15306.0,t160_rrb_deposits,Table 160: State-wise Deposits of RRBs,https://www.rbi.org.in/Scripts/PublicationsView.aspx?id=23609
Rajasthan,2016,16953.0,t160_rrb_deposits,Table 160: State-wise Deposits of RRBs,https://www.rbi.org.in/Scripts/PublicationsView.aspx?id=23609
Rajasthan,2017,21365.0,t160_rrb_deposits,Table 160: State-wise Deposits of RRBs,https://www.rbi.org.in/Scripts/PublicationsView.aspx?id=23609
Rajasthan,2018,22868.0,t160_rrb_deposits,Table 160: State-wise Deposits of RRBs,https://www.rbi.org.in/Scripts/PublicationsView.aspx?id=23609
Rajasthan,2019,26238.0,t160_rrb_deposits,Table 160: State-wise Deposits of RRBs,https://www.rbi.org.in/Scripts/PublicationsView.aspx?id=23609
Rajasthan,2020,29870.0,t160_rrb_deposits,Table 160: State-wise Deposits of RRBs,https://www.rbi.org.in/Scripts/PublicationsView.aspx?id=23609
Rajasthan,2021,34388.0,t160_rrb_deposits,Table 160: State-wise Deposits of RRBs,https://www.rbi.org.in/Scripts/PublicationsView.aspx?id=23609
Rajasthan,2022,38352.0,t160_rrb_deposits,Table 160: State-wise Deposits of RRBs,https://www.rbi.org.in/Scripts/PublicationsView.aspx?id=23609
Rajasthan,2023,42139.0,t160_rrb_deposits,Table 160: State-wise Deposits of RRBs,https://www.rbi.org.in/Scripts/PublicationsView.aspx?id=23609
Rajasthan,2024,47295.0,t160_rrb_deposits,Table 160: State-wise Deposits of RRBs,https://www.rbi.org.in/Scripts/PublicationsView.aspx?id=23609
Rajasthan,2025,52770.0,t160_rrb_deposits,Table 160: State-wise Deposits of RRBs,https://www.rbi.org.in/Scripts/PublicationsView.aspx?id=23609
Arunachal Pradesh,2015,365.0,t160_rrb_deposits,Table 160: State-wise Deposits of RRBs,https://www.rbi.org.in/Scripts/PublicationsView.aspx?id=23609
Arunachal Pradesh,2016,454.0,t160_rrb_deposits,Table 160: State-wise Deposits of RRBs,https://www.rbi.org.in/Scripts/PublicationsView.aspx?id=23609
Arunachal Pradesh,2017,516.0,t160_rrb_deposits,Table 160: State-wise Deposits of RRBs,https://www.rbi.org.in/Scripts/PublicationsView.aspx?id=23609
Arunachal Pradesh,2018,585.0,t160_rrb_deposits,Table 160: State-wise Deposits of RRBs,https://www.rbi.org.in/Scripts/PublicationsView.aspx?id=23609
Arunachal Pradesh,2019,656.0,t160_rrb_deposits,Table 160: State-wise Deposits of RRBs,https://www.rbi.org.in/Scripts/PublicationsView.aspx?id=23609
Arunachal Pradesh,2020,730.0,t160_rrb_deposits,Table 160: State-wise Deposits of RRBs,https://www.rbi.org.in/Scripts/PublicationsView.aspx?id=23609
Arunachal Pradesh,2021,837.0,t160_rrb_deposits,Table 160: State-wise Deposits of RRBs,https://www.rbi.org.in/Scripts/PublicationsView.aspx?id=23609
Arunachal Pradesh,2022,1094.0,t160_rrb_deposits,Table 160: State-wise Deposits of RRBs,https://www.rbi.org.in/Scripts/PublicationsView.aspx?id=23609
Arunachal Pradesh,2023,1255.0,t160_rrb_deposits,Table 160: State-wise Deposits of RRBs,https://www.rbi.org.in/Scripts/PublicationsView.aspx?id=23609
Arunachal Pradesh,2024,1404.0,t160_rrb_deposits,Table 160: State-wise Deposits of RRBs,https://www.rbi.org.in/Scripts/PublicationsView.aspx?id=23609
Arunachal Pradesh,2025,1511.0,t160_rrb_deposits,Table 160: State-wise Deposits of RRBs,https://www.rbi.org.in/Scripts/PublicationsView.aspx?id=23609
Assam,2015,7877.0,t160_rrb_deposits,Table 160: State-wise Deposits of RRBs,https://www.rbi.org.in/Scripts/PublicationsView.aspx?id=23609
Assam,2016,7914.0,t160_rrb_deposits,Table 160: State-wise Deposits of RRBs,https://www.rbi.org.in/Scripts/PublicationsView.aspx?id=23609
Assam,2017,8527.0,t160_rrb_deposits,Table 160: State-wise Deposits of RRBs,https://www.rbi.org.in/Scripts/PublicationsView.aspx?id=23609
Assam,2018,9268.0,t160_rrb_deposits,Table 160: State-wise Deposits of RRBs,https://www.rbi.org.in/Scripts/PublicationsView.aspx?id=23609
Assam,2019,10148.0,t160_rrb_deposits,Table 160: State-wise Deposits of RRBs,https://www.rbi.org.in/Scripts/PublicationsView.aspx?id=23609
Assam,2020,11113.0,t160_rrb_deposits,Table 160: State-wise Deposits of RRBs,https://www.rbi.org.in/Scripts/PublicationsView.aspx?id=23609
Assam,2021,11504.0,t160_rrb_deposits,Table 160: State-wise Deposits of RRBs,https://www.rbi.org.in/Scripts/PublicationsView.aspx?id=23609
Assam,2022,11814.0,t160_rrb_deposits,Table 160: State-wise Deposits of RRBs,https://www.rbi.org.in/Scripts/PublicationsView.aspx?id=23609
Assam,2023,12388.0,t160_rrb_deposits,Table 160: State-wise Deposits of RRBs,https://www.rbi.org.in/Scripts/PublicationsView.aspx?id=23609
Assam,2024,12451.0,t160_rrb_deposits,Table 160: State-wise Deposits of RRBs,https://www.rbi.org.in/Scripts/PublicationsView.aspx?id=23609
Assam,2025,12705.0,t160_rrb_deposits,Table 160: State-wise Deposits of RRBs,https://www.rbi.org.in/Scripts/PublicationsView.aspx?id=23609
Manipur,2015,182.0,t160_rrb_deposits,Table 160: State-wise Deposits of RRBs,https://www.rbi.org.in/Scripts/PublicationsView.aspx?id=23609
Manipur,2016,216.0,t160_rrb_deposits,Table 160: State-wise Deposits of RRBs,https://www.rbi.org.in/Scripts/PublicationsView.aspx?id=23609
Manipur,2017,277.0,t160_rrb_deposits,Table 160: State-wise Deposits of RRBs,https://www.rbi.org.in/Scripts/PublicationsView.aspx?id=23609
Manipur,2018,282.0,t160_rrb_deposits,Table 160: State-wise Deposits of RRBs,https://www.rbi.org.in/Scripts/PublicationsView.aspx?id=23609
Manipur,2019,315.0,t160_rrb_deposits,Table 160: State-wise Deposits of RRBs,https://www.rbi.org.in/Scripts/PublicationsView.aspx?id=23609
Manipur,2020,316.0,t160_rrb_deposits,Table 160: State-wise Deposits of RRBs,https://www.rbi.org.in/Scripts/PublicationsView.aspx?id=23609
Manipur,2021,381.0,t160_rrb_deposits,Table 160: State-wise Deposits of RRBs,https://www.rbi.org.in/Scripts/PublicationsView.aspx?id=23609
Manipur,2022,433.0,t160_rrb_deposits,Table 160: State-wise Deposits of RRBs,https://www.rbi.org.in/Scripts/PublicationsView.aspx?id=23609
Manipur,2023,420.0,t160_rrb_deposits,Table 160: State-wise Deposits of RRBs,https://www.rbi.org.in/Scripts/PublicationsView.aspx?id=23609
Manipur,2024,435.0,t160_rrb_deposits,Table 160: State-wise Deposits of RRBs,https://www.rbi.org.in/Scripts/PublicationsView.aspx?id=23609
Manipur,2025,548.0,t160_rrb_deposits,Table 160: State-wise Deposits of RRBs,https://www.rbi.org.in/Scripts/PublicationsView.aspx?id=23609
Meghalaya,2015,1123.0,t160_rrb_deposits,Table 160: State-wise Deposits of RRBs,https://www.rbi.org.in/Scripts/PublicationsView.aspx?id=23609
Meghalaya,2016,1228.0,t160_rrb_deposits,Table 160: State-wise Deposits of RRBs,https://www.rbi.org.in/Scripts/PublicationsView.aspx?id=23609
Meghalaya,2017,1771.0,t160_rrb_deposits,Table 160: State-wise Deposits of RRBs,https://www.rbi.org.in/Scripts/PublicationsView.aspx?id=23609
Meghalaya,2018,1842.0,t160_rrb_deposits,Table 160: State-wise Deposits of RRBs,https://www.rbi.org.in/Scripts/PublicationsView.aspx?id=23609
Meghalaya,2019,2136.0,t160_rrb_deposits,Table 160: State-wise Deposits of RRBs,https://www.rbi.org.in/Scripts/PublicationsView.aspx?id=23609
Meghalaya,2020,2252.0,t160_rrb_deposits,Table 160: State-wise Deposits of RRBs,https://www.rbi.org.in/Scripts/PublicationsView.aspx?id=23609
Meghalaya,2021,2678.0,t160_rrb_deposits,Table 160: State-wise Deposits of RRBs,https://www.rbi.org.in/Scripts/PublicationsView.aspx?id=23609
Meghalaya,2022,3247.0,t160_rrb_deposits,Table 160: State-wise Deposits of RRBs,https://www.rbi.org.in/Scripts/PublicationsView.aspx?id=23609
Meghalaya,2023,3583.0,t160_rrb_deposits,Table 160: State-wise Deposits of RRBs,https://www.rbi.org.in/Scripts/PublicationsView.aspx?id=23609
Meghalaya,2024,3860.0,t160_rrb_deposits,Table 160: State-wise Deposits of RRBs,https://www.rbi.org.in/Scripts/PublicationsView.aspx?id=23609
Meghalaya,2025,4011.0,t160_rrb_deposits,Table 160: State-wise Deposits of RRBs,https://www.rbi.org.in/Scripts/PublicationsView.aspx?id=23609
Mizoram,2015,1430.0,t160_rrb_deposits,Table 160: State-wise Deposits of RRBs,https://www.rbi.org.in/Scripts/PublicationsView.aspx?id=23609
Mizoram,2016,1517.0,t160_rrb_deposits,Table 160: State-wise Deposits of RRBs,https://www.rbi.org.in/Scripts/PublicationsView.aspx?id=23609
Mizoram,2017,1823.0,t160_rrb_deposits,Table 160: State-wise Deposits of RRBs,https://www.rbi.org.in/Scripts/PublicationsView.aspx?id=23609
Mizoram,2018,2148.0,t160_rrb_deposits,Table 160: State-wise Deposits of RRBs,https://www.rbi.org.in/Scripts/PublicationsView.aspx?id=23609
Mizoram,2019,2600.0,t160_rrb_deposits,Table 160: State-wise Deposits of RRBs,https://www.rbi.org.in/Scripts/PublicationsView.aspx?id=23609
Mizoram,2020,3478.0,t160_rrb_deposits,Table 160: State-wise Deposits of RRBs,https://www.rbi.org.in/Scripts/PublicationsView.aspx?id=23609
Mizoram,2021,4155.0,t160_rrb_deposits,Table 160: State-wise Deposits of RRBs,https://www.rbi.org.in/Scripts/PublicationsView.aspx?id=23609
Mizoram,2022,4235.0,t160_rrb_deposits,Table 160: State-wise Deposits of RRBs,https://www.rbi.org.in/Scripts/PublicationsView.aspx?id=23609
Mizoram,2023,4970.0,t160_rrb_deposits,Table 160: State-wise Deposits of RRBs,https://www.rbi.org.in/Scripts/PublicationsView.aspx?id=23609
Mizoram,2024,5283.0,t160_rrb_deposits,Table 160: State-wise Deposits of RRBs,https://www.rbi.org.in/Scripts/PublicationsView.aspx?id=23609
Mizoram,2025,5828.0,t160_rrb_deposits,Table 160: State-wise Deposits of RRBs,https://www.rbi.org.in/Scripts/PublicationsView.aspx?id=23609
Nagaland,2015,64.0,t160_rrb_deposits,Table 160: State-wise Deposits of RRBs,https://www.rbi.org.in/Scripts/PublicationsView.aspx?id=23609
Nagaland,2016,68.0,t160_rrb_deposits,Table 160: State-wise Deposits of RRBs,https://www.rbi.org.in/Scripts/PublicationsView.aspx?id=23609
Nagaland,2017,89.0,t160_rrb_deposits,Table 160: State-wise Deposits of RRBs,https://www.rbi.org.in/Scripts/PublicationsView.aspx?id=23609
Nagaland,2018,87.0,t160_rrb_deposits,Table 160: State-wise Deposits of RRBs,https://www.rbi.org.in/Scripts/PublicationsView.aspx?id=23609
Nagaland,2019,101.0,t160_rrb_deposits,Table 160: State-wise Deposits of RRBs,https://www.rbi.org.in/Scripts/PublicationsView.aspx?id=23609
Nagaland,2020,114.0,t160_rrb_deposits,Table 160: State-wise Deposits of RRBs,https://www.rbi.org.in/Scripts/PublicationsView.aspx?id=23609
Nagaland,2021,117.0,t160_rrb_deposits,Table 160: State-wise Deposits of RRBs,https://www.rbi.org.in/Scripts/PublicationsView.aspx?id=23609
Nagaland,2022,123.0,t160_rrb_deposits,Table 160: State-wise Deposits of RRBs,https://www.rbi.org.in/Scripts/PublicationsView.aspx?id=23609
Nagaland,2023,135.0,t160_rrb_deposits,Table 160: State-wise Deposits of RRBs,https://www.rbi.org.in/Scripts/PublicationsView.aspx?id=23609
Nagaland,2024,142.0,t160_rrb_deposits,Table 160: State-wise Deposits of RRBs,https://www.rbi.org.in/Scripts/PublicationsView.aspx?id=23609
Nagaland,2025,167.0,t160_rrb_deposits,Table 160: State-wise Deposits of RRBs,https://www.rbi.org.in/Scripts/PublicationsView.aspx?id=23609
Tripura,2015,4102.0,t160_rrb_deposits,Table 160: State-wise Deposits of RRBs,https://www.rbi.org.in/Scripts/PublicationsView.aspx?id=23609
Tripura,2016,4800.0,t160_rrb_deposits,Table 160: State-wise Deposits of RRBs,https://www.rbi.org.in/Scripts/PublicationsView.aspx?id=23609
Tripura,2017,5378.0,t160_rrb_deposits,Table 160: State-wise Deposits of RRBs,https://www.rbi.org.in/Scripts/PublicationsView.aspx?id=23609
Tripura,2018,5941.0,t160_rrb_deposits,Table 160: State-wise Deposits of RRBs,https://www.rbi.org.in/Scripts/PublicationsView.aspx?id=23609
Tripura,2019,6692.0,t160_rrb_deposits,Table 160: State-wise Deposits of RRBs,https://www.rbi.org.in/Scripts/PublicationsView.aspx?id=23609
Tripura,2020,7190.0,t160_rrb_deposits,Table 160: State-wise Deposits of RRBs,https://www.rbi.org.in/Scripts/PublicationsView.aspx?id=23609
Tripura,2021,7567.0,t160_rrb_deposits,Table 160: State-wise Deposits of RRBs,https://www.rbi.org.in/Scripts/PublicationsView.aspx?id=23609
Tripura,2022,7857.0,t160_rrb_deposits,Table 160: State-wise Deposits of RRBs,https://www.rbi.org.in/Scripts/PublicationsView.aspx?id=23609
Tripura,2023,8010.0,t160_rrb_deposits,Table 160: State-wise Deposits of RRBs,https://www.rbi.org.in/Scripts/PublicationsView.aspx?id=23609
Tripura,2024,8798.0,t160_rrb_deposits,Table 160: State-wise Deposits of RRBs,https://www.rbi.org.in/Scripts/PublicationsView.aspx?id=23609
Tripura,2025,10066.0,t160_rrb_deposits,Table 160: State-wise Deposits of RRBs,https://www.rbi.org.in/Scripts/PublicationsView.aspx?id=23609
Andaman & Nicobar Islands,2015,,t160_rrb_deposits,Table 160: State-wise Deposits of RRBs,https://www.rbi.org.in/Scripts/PublicationsView.aspx?id=23609
Andaman & Nicobar Islands,2016,,t160_rrb_deposits,Table 160: State-wise Deposits of RRBs,https://www.rbi.org.in/Scripts/PublicationsView.aspx?id=23609
Andaman & Nicobar Islands,2017,,t160_rrb_deposits,Table 160: State-wise Deposits of RRBs,https://www.rbi.org.in/Scripts/PublicationsView.aspx?id=23609
Andaman & Nicobar Islands,2018,,t160_rrb_deposits,Table 160: State-wise Deposits of RRBs,https://www.rbi.org.in/Scripts/PublicationsView.aspx?id=23609
Andaman & Nicobar Islands,2019,,t160_rrb_deposits,Table 160: State-wise Deposits of RRBs,https://www.rbi.org.in/Scripts/PublicationsView.aspx?id=23609
Andaman & Nicobar Islands,2020,,t160_rrb_deposits,Table 160: State-wise Deposits of RRBs,https://www.rbi.org.in/Scripts/PublicationsView.aspx?id=23609
Andaman & Nicobar Islands,2021,,t160_rrb_deposits,Table 160: State-wise Deposits of RRBs,https://www.rbi.org.in/Scripts/PublicationsView.aspx?id=23609
Andaman & Nicobar Islands,2022,,t160_rrb_deposits,Table 160: State-wise Deposits of RRBs,https://www.rbi.org.in/Scripts/PublicationsView.aspx?id=23609
Andaman & Nicobar Islands,2023,,t160_rrb_deposits,Table 160: State-wise Deposits of RRBs,https://www.rbi.org.in/Scripts/PublicationsView.aspx?id=23609
Andaman & Nicobar Islands,2024,,t160_rrb_deposits,Table 160: State-wise Deposits of RRBs,https://www.rbi.org.in/Scripts/PublicationsView.aspx?id=23609
Andaman & Nicobar Islands,2025,,t160_rrb_deposits,Table 160: State-wise Deposits of RRBs,https://www.rbi.org.in/Scripts/PublicationsView.aspx?id=23609
Bihar,2015,21181.0,t160_rrb_deposits,Table 160: State-wise Deposits of RRBs,https://www.rbi.org.in/Scripts/PublicationsView.aspx?id=23609
Bihar,2016,24262.0,t160_rrb_deposits,Table 160: State-wise Deposits of RRBs,https://www.rbi.org.in/Scripts/PublicationsView.aspx?id=23609
Bihar,2017,30391.0,t160_rrb_deposits,Table 160: State-wise Deposits of RRBs,https://www.rbi.org.in/Scripts/PublicationsView.aspx?id=23609
Bihar,2018,30892.0,t160_rrb_deposits,Table 160: State-wise Deposits of RRBs,https://www.rbi.org.in/Scripts/PublicationsView.aspx?id=23609
Bihar,2019,33898.0,t160_rrb_deposits,Table 160: State-wise Deposits of RRBs,https://www.rbi.org.in/Scripts/PublicationsView.aspx?id=23609
Bihar,2020,36589.0,t160_rrb_deposits,Table 160: State-wise Deposits of RRBs,https://www.rbi.org.in/Scripts/PublicationsView.aspx?id=23609
Bihar,2021,36671.0,t160_rrb_deposits,Table 160: State-wise Deposits of RRBs,https://www.rbi.org.in/Scripts/PublicationsView.aspx?id=23609
Bihar,2022,39510.0,t160_rrb_deposits,Table 160: State-wise Deposits of RRBs,https://www.rbi.org.in/Scripts/PublicationsView.aspx?id=23609
Bihar,2023,41304.0,t160_rrb_deposits,Table 160: State-wise Deposits of RRBs,https://www.rbi.org.in/Scripts/PublicationsView.aspx?id=23609
Bihar,2024,44967.0,t160_rrb_deposits,Table 160: State-wise Deposits of RRBs,https://www.rbi.org.in/Scripts/PublicationsView.aspx?id=23609
Bihar,2025,47805.0,t160_rrb_deposits,Table 160: State-wise Deposits of RRBs,https://www.rbi.org.in/Scripts/PublicationsView.aspx?id=23609
Jharkhand,2015,4589.0,t160_rrb_deposits,Table 160: State-wise Deposits of RRBs,https://www.rbi.org.in/Scripts/PublicationsView.aspx?id=23609
Jharkhand,2016,5294.0,t160_rrb_deposits,Table 160: State-wise Deposits of RRBs,https://www.rbi.org.in/Scripts/PublicationsView.aspx?id=23609
Jharkhand,2017,6390.0,t160_rrb_deposits,Table 160: State-wise Deposits of RRBs,https://www.rbi.org.in/Scripts/PublicationsView.aspx?id=23609
Jharkhand,2018,6824.0,t160_rrb_deposits,Table 160: State-wise Deposits of RRBs,https://www.rbi.org.in/Scripts/PublicationsView.aspx?id=23609
Jharkhand,2019,7069.0,t160_rrb_deposits,Table 160: State-wise Deposits of RRBs,https://www.rbi.org.in/Scripts/PublicationsView.aspx?id=23609
Jharkhand,2020,7588.0,t160_rrb_deposits,Table 160: State-wise Deposits of RRBs,https://www.rbi.org.in/Scripts/PublicationsView.aspx?id=23609
Jharkhand,2021,8174.0,t160_rrb_deposits,Table 160: State-wise Deposits of RRBs,https://www.rbi.org.in/Scripts/PublicationsView.aspx?id=23609
Jharkhand,2022,8734.0,t160_rrb_deposits,Table 160: State-wise Deposits of RRBs,https://www.rbi.org.in/Scripts/PublicationsView.aspx?id=23609
Jharkhand,2023,9537.0,t160_rrb_deposits,Table 160: State-wise Deposits of RRBs,https://www.rbi.org.in/Scripts/PublicationsView.aspx?id=23609
Jharkhand,2024,10478.0,t160_rrb_deposits,Table 160: State-wise Deposits of RRBs,https://www.rbi.org.in/Scripts/PublicationsView.aspx?id=23609
Jharkhand,2025,11570.0,t160_rrb_deposits,Table 160: State-wise Deposits of RRBs,https://www.rbi.org.in/Scripts/PublicationsView.aspx?id=23609
Odisha,2015,12214.0,t160_rrb_deposits,Table 160: State-wise Deposits of RRBs,https://www.rbi.org.in/Scripts/PublicationsView.aspx?id=23609
Odisha,2016,13063.0,t160_rrb_deposits,Table 160: State-wise Deposits of RRBs,https://www.rbi.org.in/Scripts/PublicationsView.aspx?id=23609
Odisha,2017,15083.0,t160_rrb_deposits,Table 160: State-wise Deposits of RRBs,https://www.rbi.org.in/Scripts/PublicationsView.aspx?id=23609
Odisha,2018,16236.0,t160_rrb_deposits,Table 160: State-wise Deposits of RRBs,https://www.rbi.org.in/Scripts/PublicationsView.aspx?id=23609
Odisha,2019,17736.0,t160_rrb_deposits,Table 160: State-wise Deposits of RRBs,https://www.rbi.org.in/Scripts/PublicationsView.aspx?id=23609
Odisha,2020,19552.0,t160_rrb_deposits,Table 160: State-wise Deposits of RRBs,https://www.rbi.org.in/Scripts/PublicationsView.aspx?id=23609
Odisha,2021,20832.0,t160_rrb_deposits,Table 160: State-wise Deposits of RRBs,https://www.rbi.org.in/Scripts/PublicationsView.aspx?id=23609
Odisha,2022,22046.0,t160_rrb_deposits,Table 160: State-wise Deposits of RRBs,https://www.rbi.org.in/Scripts/PublicationsView.aspx?id=23609
Odisha,2023,23342.0,t160_rrb_deposits,Table 160: State-wise Deposits of RRBs,https://www.rbi.org.in/Scripts/PublicationsView.aspx?id=23609
Odisha,2024,25324.0,t160_rrb_deposits,Table 160: State-wise Deposits of RRBs,https://www.rbi.org.in/Scripts/PublicationsView.aspx?id=23609
Odisha,2025,28049.0,t160_rrb_deposits,Table 160: State-wise Deposits of RRBs,https://www.rbi.org.in/Scripts/PublicationsView.aspx?id=23609
Sikkim,2015,,t160_rrb_deposits,Table 160: State-wise Deposits of RRBs,https://www.rbi.org.in/Scripts/PublicationsView.aspx?id=23609
Sikkim,2016,,t160_rrb_deposits,Table 160: State-wise Deposits of RRBs,https://www.rbi.org.in/Scripts/PublicationsView.aspx?id=23609
Sikkim,2017,,t160_rrb_deposits,Table 160: State-wise Deposits of RRBs,https://www.rbi.org.in/Scripts/PublicationsView.aspx?id=23609
Sikkim,2018,,t160_rrb_deposits,Table 160: State-wise Deposits of RRBs,https://www.rbi.org.in/Scripts/PublicationsView.aspx?id=23609
Sikkim,2019,,t160_rrb_deposits,Table 160: State-wise Deposits of RRBs,https://www.rbi.org.in/Scripts/PublicationsView.aspx?id=23609
Sikkim,2020,,t160_rrb_deposits,Table 160: State-wise Deposits of RRBs,https://www.rbi.org.in/Scripts/PublicationsView.aspx?id=23609
Sikkim,2021,,t160_rrb_deposits,Table 160: State-wise Deposits of RRBs,https://www.rbi.org.in/Scripts/PublicationsView.aspx?id=23609
Sikkim,2022,,t160_rrb_deposits,Table 160: State-wise Deposits of RRBs,https://www.rbi.org.in/Scripts/PublicationsView.aspx?id=23609
Sikkim,2023,,t160_rrb_deposits,Table 160: State-wise Deposits of RRBs,https://www.rbi.org.in/Scripts/PublicationsView.aspx?id=23609
Sikkim,2024,,t160_rrb_deposits,Table 160: State-wise Deposits of RRBs,https://www.rbi.org.in/Scripts/PublicationsView.aspx?id=23609
Sikkim,2025,,t160_rrb_deposits,Table 160: State-wise Deposits of RRBs,https://www.rbi.org.in/Scripts/PublicationsView.aspx?id=23609
West Bengal,2015,15413.0,t160_rrb_deposits,Table 160: State-wise Deposits of RRBs,https://www.rbi.org.in/Scripts/PublicationsView.aspx?id=23609
West Bengal,2016,17459.0,t160_rrb_deposits,Table 160: State-wise Deposits of RRBs,https://www.rbi.org.in/Scripts/PublicationsView.aspx?id=23609
West Bengal,2017,20644.0,t160_rrb_deposits,Table 160: State-wise Deposits of RRBs,https://www.rbi.org.in/Scripts/PublicationsView.aspx?id=23609
West Bengal,2018,21964.0,t160_rrb_deposits,Table 160: State-wise Deposits of RRBs,https://www.rbi.org.in/Scripts/PublicationsView.aspx?id=23609
West Bengal,2019,23652.0,t160_rrb_deposits,Table 160: State-wise Deposits of RRBs,https://www.rbi.org.in/Scripts/PublicationsView.aspx?id=23609
West Bengal,2020,25233.0,t160_rrb_deposits,Table 160: State-wise Deposits of RRBs,https://www.rbi.org.in/Scripts/PublicationsView.aspx?id=23609
West Bengal,2021,26606.0,t160_rrb_deposits,Table 160: State-wise Deposits of RRBs,https://www.rbi.org.in/Scripts/PublicationsView.aspx?id=23609
West Bengal,2022,28069.0,t160_rrb_deposits,Table 160: State-wise Deposits of RRBs,https://www.rbi.org.in/Scripts/PublicationsView.aspx?id=23609
West Bengal,2023,29402.0,t160_rrb_deposits,Table 160: State-wise Deposits of RRBs,https://www.rbi.org.in/Scripts/PublicationsView.aspx?id=23609
West Bengal,2024,30936.0,t160_rrb_deposits,Table 160: State-wise Deposits of RRBs,https://www.rbi.org.in/Scripts/PublicationsView.aspx?id=23609
West Bengal,2025,33037.0,t160_rrb_deposits,Table 160: State-wise Deposits of RRBs,https://www.rbi.org.in/Scripts/PublicationsView.aspx?id=23609
Chhattisgarh,2015,7336.0,t160_rrb_deposits,Table 160: State-wise Deposits of RRBs,https://www.rbi.org.in/Scripts/PublicationsView.aspx?id=23609
Chhattisgarh,2016,8150.0,t160_rrb_deposits,Table 160: State-wise Deposits of RRBs,https://www.rbi.org.in/Scripts/PublicationsView.aspx?id=23609
Chhattisgarh,2017,9084.0,t160_rrb_deposits,Table 160: State-wise Deposits of RRBs,https://www.rbi.org.in/Scripts/PublicationsView.aspx?id=23609
Chhattisgarh,2018,9711.0,t160_rrb_deposits,Table 160: State-wise Deposits of RRBs,https://www.rbi.org.in/Scripts/PublicationsView.aspx?id=23609
Chhattisgarh,2019,10518.0,t160_rrb_deposits,Table 160: State-wise Deposits of RRBs,https://www.rbi.org.in/Scripts/PublicationsView.aspx?id=23609
Chhattisgarh,2020,11332.0,t160_rrb_deposits,Table 160: State-wise Deposits of RRBs,https://www.rbi.org.in/Scripts/PublicationsView.aspx?id=23609
Chhattisgarh,2021,12472.0,t160_rrb_deposits,Table 160: State-wise Deposits of RRBs,https://www.rbi.org.in/Scripts/PublicationsView.aspx?id=23609
Chhattisgarh,2022,13613.0,t160_rrb_deposits,Table 160: State-wise Deposits of RRBs,https://www.rbi.org.in/Scripts/PublicationsView.aspx?id=23609
Chhattisgarh,2023,14335.0,t160_rrb_deposits,Table 160: State-wise Deposits of RRBs,https://www.rbi.org.in/Scripts/PublicationsView.aspx?id=23609
Chhattisgarh,2024,16248.0,t160_rrb_deposits,Table 160: State-wise Deposits of RRBs,https://www.rbi.org.in/Scripts/PublicationsView.aspx?id=23609
Chhattisgarh,2025,17857.0,t160_rrb_deposits,Table 160: State-wise Deposits of RRBs,https://www.rbi.org.in/Scripts/PublicationsView.aspx?id=23609
Madhya Pradesh,2015,16076.0,t160_rrb_deposits,Table 160: State-wise Deposits of RRBs,https://www.rbi.org.in/Scripts/PublicationsView.aspx?id=23609
Madhya Pradesh,2016,16786.0,t160_rrb_deposits,Table 160: State-wise Deposits of RRBs,https://www.rbi.org.in/Scripts/PublicationsView.aspx?id=23609
Madhya Pradesh,2017,19441.0,t160_rrb_deposits,Table 160: State-wise Deposits of RRBs,https://www.rbi.org.in/Scripts/PublicationsView.aspx?id=23609
Madhya Pradesh,2018,19861.0,t160_rrb_deposits,Table 160: State-wise Deposits of RRBs,https://www.rbi.org.in/Scripts/PublicationsView.aspx?id=23609
Madhya Pradesh,2019,21685.0,t160_rrb_deposits,Table 160: State-wise Deposits of RRBs,https://www.rbi.org.in/Scripts/PublicationsView.aspx?id=23609
Madhya Pradesh,2020,23174.0,t160_rrb_deposits,Table 160: State-wise Deposits of RRBs,https://www.rbi.org.in/Scripts/PublicationsView.aspx?id=23609
Madhya Pradesh,2021,25195.0,t160_rrb_deposits,Table 160: State-wise Deposits of RRBs,https://www.rbi.org.in/Scripts/PublicationsView.aspx?id=23609
Madhya Pradesh,2022,26367.0,t160_rrb_deposits,Table 160: State-wise Deposits of RRBs,https://www.rbi.org.in/Scripts/PublicationsView.aspx?id=23609
Madhya Pradesh,2023,27907.0,t160_rrb_deposits,Table 160: State-wise Deposits of RRBs,https://www.rbi.org.in/Scripts/PublicationsView.aspx?id=23609
Madhya Pradesh,2024,30237.0,t160_rrb_deposits,Table 160: State-wise Deposits of RRBs,https://www.rbi.org.in/Scripts/PublicationsView.aspx?id=23609
Madhya Pradesh,2025,31590.0,t160_rrb_deposits,Table 160: State-wise Deposits of RRBs,https://www.rbi.org.in/Scripts/PublicationsView.aspx?id=23609
Uttarakhand,2015,2868.0,t160_rrb_deposits,Table 160: State-wise Deposits of RRBs,https://www.rbi.org.in/Scripts/PublicationsView.aspx?id=23609
Uttarakhand,2016,3213.0,t160_rrb_deposits,Table 160: State-wise Deposits of RRBs,https://www.rbi.org.in/Scripts/PublicationsView.aspx?id=23609
Uttarakhand,2017,4013.0,t160_rrb_deposits,Table 160: State-wise Deposits of RRBs,https://www.rbi.org.in/Scripts/PublicationsView.aspx?id=23609
Uttarakhand,2018,4384.0,t160_rrb_deposits,Table 160: State-wise Deposits of RRBs,https://www.rbi.org.in/Scripts/PublicationsView.aspx?id=23609
Uttarakhand,2019,4992.0,t160_rrb_deposits,Table 160: State-wise Deposits of RRBs,https://www.rbi.org.in/Scripts/PublicationsView.aspx?id=23609
Uttarakhand,2020,5482.0,t160_rrb_deposits,Table 160: State-wise Deposits of RRBs,https://www.rbi.org.in/Scripts/PublicationsView.aspx?id=23609
Uttarakhand,2021,6024.0,t160_rrb_deposits,Table 160: State-wise Deposits of RRBs,https://www.rbi.org.in/Scripts/PublicationsView.aspx?id=23609
Uttarakhand,2022,6514.0,t160_rrb_deposits,Table 160: State-wise Deposits of RRBs,https://www.rbi.org.in/Scripts/PublicationsView.aspx?id=23609
Uttarakhand,2023,7143.0,t160_rrb_deposits,Table 160: State-wise Deposits of RRBs,https://www.rbi.org.in/Scripts/PublicationsView.aspx?id=23609
Uttarakhand,2024,7864.0,t160_rrb_deposits,Table 160: State-wise Deposits of RRBs,https://www.rbi.org.in/Scripts/PublicationsView.aspx?id=23609
Uttarakhand,2025,8505.0,t160_rrb_deposits,Table 160: State-wise Deposits of RRBs,https://www.rbi.org.in/Scripts/PublicationsView.aspx?id=23609
Uttar Pradesh,2015,55034.0,t160_rrb_deposits,Table 160: State-wise Deposits of RRBs,https://www.rbi.org.in/Scripts/PublicationsView.aspx?id=23609
Uttar Pradesh,2016,62707.0,t160_rrb_deposits,Table 160: State-wise Deposits of RRBs,https://www.rbi.org.in/Scripts/PublicationsView.aspx?id=23609
Uttar Pradesh,2017,75745.0,t160_rrb_deposits,Table 160: State-wise Deposits of RRBs,https://www.rbi.org.in/Scripts/PublicationsView.aspx?id=23609
Uttar Pradesh,2018,81943.0,t160_rrb_deposits,Table 160: State-wise Deposits of RRBs,https://www.rbi.org.in/Scripts/PublicationsView.aspx?id=23609
Uttar Pradesh,2019,86646.0,t160_rrb_deposits,Table 160: State-wise Deposits of RRBs,https://www.rbi.org.in/Scripts/PublicationsView.aspx?id=23609
Uttar Pradesh,2020,93839.0,t160_rrb_deposits,Table 160: State-wise Deposits of RRBs,https://www.rbi.org.in/Scripts/PublicationsView.aspx?id=23609
Uttar Pradesh,2021,102629.0,t160_rrb_deposits,Table 160: State-wise Deposits of RRBs,https://www.rbi.org.in/Scripts/PublicationsView.aspx?id=23609
Uttar Pradesh,2022,108591.0,t160_rrb_deposits,Table 160: State-wise Deposits of RRBs,https://www.rbi.org.in/Scripts/PublicationsView.aspx?id=23609
Uttar Pradesh,2023,117608.0,t160_rrb_deposits,Table 160: State-wise Deposits of RRBs,https://www.rbi.org.in/Scripts/PublicationsView.aspx?id=23609
Uttar Pradesh,2024,126845.0,t160_rrb_deposits,Table 160: State-wise Deposits of RRBs,https://www.rbi.org.in/Scripts/PublicationsView.aspx?id=23609
Uttar Pradesh,2025,134243.0,t160_rrb_deposits,Table 160: State-wise Deposits of RRBs,https://www.rbi.org.in/Scripts/PublicationsView.aspx?id=23609
Dadra & Nagar Haveli,2015,,t160_rrb_deposits,Table 160: State-wise Deposits of RRBs,https://www.rbi.org.in/Scripts/PublicationsView.aspx?id=23609
Dadra & Nagar Haveli,2016,,t160_rrb_deposits,Table 160: State-wise Deposits of RRBs,https://www.rbi.org.in/Scripts/PublicationsView.aspx?id=23609
Dadra & Nagar Haveli,2017,,t160_rrb_deposits,Table 160: State-wise Deposits of RRBs,https://www.rbi.org.in/Scripts/PublicationsView.aspx?id=23609
Dadra & Nagar Haveli,2018,,t160_rrb_deposits,Table 160: State-wise Deposits of RRBs,https://www.rbi.org.in/Scripts/PublicationsView.aspx?id=23609
Dadra & Nagar Haveli,2019,,t160_rrb_deposits,Table 160: State-wise Deposits of RRBs,https://www.rbi.org.in/Scripts/PublicationsView.aspx?id=23609
Dadra & Nagar Haveli,2020,,t160_rrb_deposits,Table 160: State-wise Deposits of RRBs,https://www.rbi.org.in/Scripts/PublicationsView.aspx?id=23609
Dadra & Nagar Haveli,2021,,t160_rrb_deposits,Table 160: State-wise Deposits of RRBs,https://www.rbi.org.in/Scripts/PublicationsView.aspx?id=23609
Dadra & Nagar Haveli,2022,,t160_rrb_deposits,Table 160: State-wise Deposits of RRBs,https://www.rbi.org.in/Scripts/PublicationsView.aspx?id=23609
Dadra & Nagar Haveli,2023,,t160_rrb_deposits,Table 160: State-wise Deposits of RRBs,https://www.rbi.org.in/Scripts/PublicationsView.aspx?id=23609
Dadra & Nagar Haveli,2024,,t160_rrb_deposits,Table 160: State-wise Deposits of RRBs,https://www.rbi.org.in/Scripts/PublicationsView.aspx?id=23609
Dadra & Nagar Haveli,2025,,t160_rrb_deposits,Table 160: State-wise Deposits of RRBs,https://www.rbi.org.in/Scripts/PublicationsView.aspx?id=23609
Daman & Diu,2015,,t160_rrb_deposits,Table 160: State-wise Deposits of RRBs,https://www.rbi.org.in/Scripts/PublicationsView.aspx?id=23609
Daman & Diu,2016,,t160_rrb_deposits,Table 160: State-wise Deposits of RRBs,https://www.rbi.org.in/Scripts/PublicationsView.aspx?id=23609
Daman & Diu,2017,,t160_rrb_deposits,Table 160: State-wise Deposits of RRBs,https://www.rbi.org.in/Scripts/PublicationsView.aspx?id=23609
Daman & Diu,2018,,t160_rrb_deposits,Table 160: State-wise Deposits of RRBs,https://www.rbi.org.in/Scripts/PublicationsView.aspx?id=23609
Daman & Diu,2019,,t160_rrb_deposits,Table 160: State-wise Deposits of RRBs,https://www.rbi.org.in/Scripts/PublicationsView.aspx?id=23609
Daman & Diu,2020,,t160_rrb_deposits,Table 160: State-wise Deposits of RRBs,https://www.rbi.org.in/Scripts/PublicationsView.aspx?id=23609
Daman & Diu,2021,,t160_rrb_deposits,Table 160: State-wise Deposits of RRBs,https://www.rbi.org.in/Scripts/PublicationsView.aspx?id=23609
Daman & Diu,2022,,t160_rrb_deposits,Table 160: State-wise Deposits of RRBs,https://www.rbi.org.in/Scripts/PublicationsView.aspx?id=23609
Daman & Diu,2023,,t160_rrb_deposits,Table 160: State-wise Deposits of RRBs,https://www.rbi.org.in/Scripts/PublicationsView.aspx?id=23609
Daman & Diu,2024,,t160_rrb_deposits,Table 160: State-wise Deposits of RRBs,https://www.rbi.org.in/Scripts/PublicationsView.aspx?id=23609
Daman & Diu,2025,,t160_rrb_deposits,Table 160: State-wise Deposits of RRBs,https://www.rbi.org.in/Scripts/PublicationsView.aspx?id=23609
Goa,2015,,t160_rrb_deposits,Table 160: State-wise Deposits of RRBs,https://www.rbi.org.in/Scripts/PublicationsView.aspx?id=23609
Goa,2016,,t160_rrb_deposits,Table 160: State-wise Deposits of RRBs,https://www.rbi.org.in/Scripts/PublicationsView.aspx?id=23609
Goa,2017,,t160_rrb_deposits,Table 160: State-wise Deposits of RRBs,https://www.rbi.org.in/Scripts/PublicationsView.aspx?id=23609
Goa,2018,,t160_rrb_deposits,Table 160: State-wise Deposits of RRBs,https://www.rbi.org.in/Scripts/PublicationsView.aspx?id=23609
Goa,2019,,t160_rrb_deposits,Table 160: State-wise Deposits of RRBs,https://www.rbi.org.in/Scripts/PublicationsView.aspx?id=23609
Goa,2020,,t160_rrb_deposits,Table 160: State-wise Deposits of RRBs,https://www.rbi.org.in/Scripts/PublicationsView.aspx?id=23609
Goa,2021,,t160_rrb_deposits,Table 160: State-wise Deposits of RRBs,https://www.rbi.org.in/Scripts/PublicationsView.aspx?id=23609
Goa,2022,,t160_rrb_deposits,Table 160: State-wise Deposits of RRBs,https://www.rbi.org.in/Scripts/PublicationsView.aspx?id=23609
Goa,2023,,t160_rrb_deposits,Table 160: State-wise Deposits of RRBs,https://www.rbi.org.in/Scripts/PublicationsView.aspx?id=23609
Goa,2024,,t160_rrb_deposits,Table 160: State-wise Deposits of RRBs,https://www.rbi.org.in/Scripts/PublicationsView.aspx?id=23609
Goa,2025,,t160_rrb_deposits,Table 160: State-wise Deposits of RRBs,https://www.rbi.org.in/Scripts/PublicationsView.aspx?id=23609
Gujarat,2015,8111.0,t160_rrb_deposits,Table 160: State-wise Deposits of RRBs,https://www.rbi.org.in/Scripts/PublicationsView.aspx?id=23609
Gujarat,2016,9521.0,t160_rrb_deposits,Table 160: State-wise Deposits of RRBs,https://www.rbi.org.in/Scripts/PublicationsView.aspx?id=23609
Gujarat,2017,11794.0,t160_rrb_deposits,Table 160: State-wise Deposits of RRBs,https://www.rbi.org.in/Scripts/PublicationsView.aspx?id=23609
Gujarat,2018,12602.0,t160_rrb_deposits,Table 160: State-wise Deposits of RRBs,https://www.rbi.org.in/Scripts/PublicationsView.aspx?id=23609
Gujarat,2019,13964.0,t160_rrb_deposits,Table 160: State-wise Deposits of RRBs,https://www.rbi.org.in/Scripts/PublicationsView.aspx?id=23609
Gujarat,2020,15268.0,t160_rrb_deposits,Table 160: State-wise Deposits of RRBs,https://www.rbi.org.in/Scripts/PublicationsView.aspx?id=23609
Gujarat,2021,16974.0,t160_rrb_deposits,Table 160: State-wise Deposits of RRBs,https://www.rbi.org.in/Scripts/PublicationsView.aspx?id=23609
Gujarat,2022,18467.0,t160_rrb_deposits,Table 160: State-wise Deposits of RRBs,https://www.rbi.org.in/Scripts/PublicationsView.aspx?id=23609
Gujarat,2023,20392.0,t160_rrb_deposits,Table 160: State-wise Deposits of RRBs,https://www.rbi.org.in/Scripts/PublicationsView.aspx?id=23609
Gujarat,2024,22600.0,t160_rrb_deposits,Table 160: State-wise Deposits of RRBs,https://www.rbi.org.in/Scripts/PublicationsView.aspx?id=23609
Gujarat,2025,25038.0,t160_rrb_deposits,Table 160: State-wise Deposits of RRBs,https://www.rbi.org.in/Scripts/PublicationsView.aspx?id=23609
Maharashtra,2015,8346.0,t160_rrb_deposits,Table 160: State-wise Deposits of RRBs,https://www.rbi.org.in/Scripts/PublicationsView.aspx?id=23609
Maharashtra,2016,9321.0,t160_rrb_deposits,Table 160: State-wise Deposits of RRBs,https://www.rbi.org.in/Scripts/PublicationsView.aspx?id=23609
Maharashtra,2017,10711.0,t160_rrb_deposits,Table 160: State-wise Deposits of RRBs,https://www.rbi.org.in/Scripts/PublicationsView.aspx?id=23609
Maharashtra,2018,12226.0,t160_rrb_deposits,Table 160: State-wise Deposits of RRBs,https://www.rbi.org.in/Scripts/PublicationsView.aspx?id=23609
Maharashtra,2019,13610.0,t160_rrb_deposits,Table 160: State-wise Deposits of RRBs,https://www.rbi.org.in/Scripts/PublicationsView.aspx?id=23609
Maharashtra,2020,15649.0,t160_rrb_deposits,Table 160: State-wise Deposits of RRBs,https://www.rbi.org.in/Scripts/PublicationsView.aspx?id=23609
Maharashtra,2021,18253.0,t160_rrb_deposits,Table 160: State-wise Deposits of RRBs,https://www.rbi.org.in/Scripts/PublicationsView.aspx?id=23609
Maharashtra,2022,19753.0,t160_rrb_deposits,Table 160: State-wise Deposits of RRBs,https://www.rbi.org.in/Scripts/PublicationsView.aspx?id=23609
Maharashtra,2023,20610.0,t160_rrb_deposits,Table 160: State-wise Deposits of RRBs,https://www.rbi.org.in/Scripts/PublicationsView.aspx?id=23609
Maharashtra,2024,22849.0,t160_rrb_deposits,Table 160: State-wise Deposits of RRBs,https://www.rbi.org.in/Scripts/PublicationsView.aspx?id=23609
Maharashtra,2025,20897.0,t160_rrb_deposits,Table 160: State-wise Deposits of RRBs,https://www.rbi.org.in/Scripts/PublicationsView.aspx?id=23609
Andhra Pradesh,2015,15452.0,t160_rrb_deposits,Table 160: State-wise Deposits of RRBs,https://www.rbi.org.in/Scripts/PublicationsView.aspx?id=23609
Andhra Pradesh,2016,18993.0,t160_rrb_deposits,Table 160: State-wise Deposits of RRBs,https://www.rbi.org.in/Scripts/PublicationsView.aspx?id=23609
Andhra Pradesh,2017,23156.0,t160_rrb_deposits,Table 160: State-wise Deposits of RRBs,https://www.rbi.org.in/Scripts/PublicationsView.aspx?id=23609
Andhra Pradesh,2018,26217.0,t160_rrb_deposits,Table 160: State-wise Deposits of RRBs,https://www.rbi.org.in/Scripts/PublicationsView.aspx?id=23609
Andhra Pradesh,2019,29074.0,t160_rrb_deposits,Table 160: State-wise Deposits of RRBs,https://www.rbi.org.in/Scripts/PublicationsView.aspx?id=23609
Andhra Pradesh,2020,32890.0,t160_rrb_deposits,Table 160: State-wise Deposits of RRBs,https://www.rbi.org.in/Scripts/PublicationsView.aspx?id=23609
Andhra Pradesh,2021,37396.0,t160_rrb_deposits,Table 160: State-wise Deposits of RRBs,https://www.rbi.org.in/Scripts/PublicationsView.aspx?id=23609
Andhra Pradesh,2022,37802.0,t160_rrb_deposits,Table 160: State-wise Deposits of RRBs,https://www.rbi.org.in/Scripts/PublicationsView.aspx?id=23609
Andhra Pradesh,2023,48536.0,t160_rrb_deposits,Table 160: State-wise Deposits of RRBs,https://www.rbi.org.in/Scripts/PublicationsView.aspx?id=23609
Andhra Pradesh,2024,47524.0,t160_rrb_deposits,Table 160: State-wise Deposits of RRBs,https://www.rbi.org.in/Scripts/PublicationsView.aspx?id=23609
Andhra Pradesh,2025,52883.0,t160_rrb_deposits,Table 160: State-wise Deposits of RRBs,https://www.rbi.org.in/Scripts/PublicationsView.aspx?id=23609
Karnataka,2015,25369.0,t160_rrb_deposits,Table 160: State-wise Deposits of RRBs,https://www.rbi.org.in/Scripts/PublicationsView.aspx?id=23609
Karnataka,2016,30461.0,t160_rrb_deposits,Table 160: State-wise Deposits of RRBs,https://www.rbi.org.in/Scripts/PublicationsView.aspx?id=23609
Karnataka,2017,35596.0,t160_rrb_deposits,Table 160: State-wise Deposits of RRBs,https://www.rbi.org.in/Scripts/PublicationsView.aspx?id=23609
Karnataka,2018,35597.0,t160_rrb_deposits,Table 160: State-wise Deposits of RRBs,https://www.rbi.org.in/Scripts/PublicationsView.aspx?id=23609
Karnataka,2019,38116.0,t160_rrb_deposits,Table 160: State-wise Deposits of RRBs,https://www.rbi.org.in/Scripts/PublicationsView.aspx?id=23609
Karnataka,2020,40599.0,t160_rrb_deposits,Table 160: State-wise Deposits of RRBs,https://www.rbi.org.in/Scripts/PublicationsView.aspx?id=23609
Karnataka,2021,43401.0,t160_rrb_deposits,Table 160: State-wise Deposits of RRBs,https://www.rbi.org.in/Scripts/PublicationsView.aspx?id=23609
Karnataka,2022,47336.0,t160_rrb_deposits,Table 160: State-wise Deposits of RRBs,https://www.rbi.org.in/Scripts/PublicationsView.aspx?id=23609
Karnataka,2023,51867.0,t160_rrb_deposits,Table 160: State-wise Deposits of RRBs,https://www.rbi.org.in/Scripts/PublicationsView.aspx?id=23609
Karnataka,2024,53271.0,t160_rrb_deposits,Table 160: State-wise Deposits of RRBs,https://www.rbi.org.in/Scripts/PublicationsView.aspx?id=23609
Karnataka,2025,55258.0,t160_rrb_deposits,Table 160: State-wise Deposits of RRBs,https://www.rbi.org.in/Scripts/PublicationsView.aspx?id=23609
Kerala,2015,8581.0,t160_rrb_deposits,Table 160: State-wise Deposits of RRBs,https://www.rbi.org.in/Scripts/PublicationsView.aspx?id=23609
Kerala,2016,10332.0,t160_rrb_deposits,Table 160: State-wise Deposits of RRBs,https://www.rbi.org.in/Scripts/PublicationsView.aspx?id=23609
Kerala,2017,12143.0,t160_rrb_deposits,Table 160: State-wise Deposits of RRBs,https://www.rbi.org.in/Scripts/PublicationsView.aspx?id=23609
Kerala,2018,12657.0,t160_rrb_deposits,Table 160: State-wise Deposits of RRBs,https://www.rbi.org.in/Scripts/PublicationsView.aspx?id=23609
Kerala,2019,14774.0,t160_rrb_deposits,Table 160: State-wise Deposits of RRBs,https://www.rbi.org.in/Scripts/PublicationsView.aspx?id=23609
Kerala,2020,16442.0,t160_rrb_deposits,Table 160: State-wise Deposits of RRBs,https://www.rbi.org.in/Scripts/PublicationsView.aspx?id=23609
Kerala,2021,18261.0,t160_rrb_deposits,Table 160: State-wise Deposits of RRBs,https://www.rbi.org.in/Scripts/PublicationsView.aspx?id=23609
Kerala,2022,19909.0,t160_rrb_deposits,Table 160: State-wise Deposits of RRBs,https://www.rbi.org.in/Scripts/PublicationsView.aspx?id=23609
Kerala,2023,21886.0,t160_rrb_deposits,Table 160: State-wise Deposits of RRBs,https://www.rbi.org.in/Scripts/PublicationsView.aspx?id=23609
Kerala,2024,24217.0,t160_rrb_deposits,Table 160: State-wise Deposits of RRBs,https://www.rbi.org.in/Scripts/PublicationsView.aspx?id=23609
Kerala,2025,26827.0,t160_rrb_deposits,Table 160: State-wise Deposits of RRBs,https://www.rbi.org.in/Scripts/PublicationsView.aspx?id=23609
Lakshadweep,2015,,t160_rrb_deposits,Table 160: State-wise Deposits of RRBs,https://www.rbi.org.in/Scripts/PublicationsView.aspx?id=23609
Lakshadweep,2016,,t160_rrb_deposits,Table 160: State-wise Deposits of RRBs,https://www.rbi.org.in/Scripts/PublicationsView.aspx?id=23609
Lakshadweep,2017,,t160_rrb_deposits,Table 160: State-wise Deposits of RRBs,https://www.rbi.org.in/Scripts/PublicationsView.aspx?id=23609
Lakshadweep,2018,,t160_rrb_deposits,Table 160: State-wise Deposits of RRBs,https://www.rbi.org.in/Scripts/PublicationsView.aspx?id=23609
Lakshadweep,2019,,t160_rrb_deposits,Table 160: State-wise Deposits of RRBs,https://www.rbi.org.in/Scripts/PublicationsView.aspx?id=23609
Lakshadweep,2020,,t160_rrb_deposits,Table 160: State-wise Deposits of RRBs,https://www.rbi.org.in/Scripts/PublicationsView.aspx?id=23609
Lakshadweep,2021,,t160_rrb_deposits,Table 160: State-wise Deposits of RRBs,https://www.rbi.org.in/Scripts/PublicationsView.aspx?id=23609
Lakshadweep,2022,,t160_rrb_deposits,Table 160: State-wise Deposits of RRBs,https://www.rbi.org.in/Scripts/PublicationsView.aspx?id=23609
Lakshadweep,2023,,t160_rrb_deposits,Table 160: State-wise Deposits of RRBs,https://www.rbi.org.in/Scripts/PublicationsView.aspx?id=23609
Lakshadweep,2024,,t160_rrb_deposits,Table 160: State-wise Deposits of RRBs,https://www.rbi.org.in/Scripts/PublicationsView.aspx?id=23609
Lakshadweep,2025,,t160_rrb_deposits,Table 160: State-wise Deposits of RRBs,https://www.rbi.org.in/Scripts/PublicationsView.aspx?id=23609
Puducherry,2015,365.0,t160_rrb_deposits,Table 160: State-wise Deposits of RRBs,https://www.rbi.org.in/Scripts/PublicationsView.aspx?id=23609
Puducherry,2016,455.0,t160_rrb_deposits,Table 160: State-wise Deposits of RRBs,https://www.rbi.org.in/Scripts/PublicationsView.aspx?id=23609
Puducherry,2017,542.0,t160_rrb_deposits,Table 160: State-wise Deposits of RRBs,https://www.rbi.org.in/Scripts/PublicationsView.aspx?id=23609
Puducherry,2018,653.0,t160_rrb_deposits,Table 160: State-wise Deposits of RRBs,https://www.rbi.org.in/Scripts/PublicationsView.aspx?id=23609
Puducherry,2019,598.0,t160_rrb_deposits,Table 160: State-wise Deposits of RRBs,https://www.rbi.org.in/Scripts/PublicationsView.aspx?id=23609
Puducherry,2020,804.0,t160_rrb_deposits,Table 160: State-wise Deposits of RRBs,https://www.rbi.org.in/Scripts/PublicationsView.aspx?id=23609
Puducherry,2021,895.0,t160_rrb_deposits,Table 160: State-wise Deposits of RRBs,https://www.rbi.org.in/Scripts/PublicationsView.aspx?id=23609
Puducherry,2022,805.0,t160_rrb_deposits,Table 160: State-wise Deposits of RRBs,https://www.rbi.org.in/Scripts/PublicationsView.aspx?id=23609
Puducherry,2023,896.0,t160_rrb_deposits,Table 160: State-wise Deposits of RRBs,https://www.rbi.org.in/Scripts/PublicationsView.aspx?id=23609
Puducherry,2024,1101.0,t160_rrb_deposits,Table 160: State-wise Deposits of RRBs,https://www.rbi.org.in/Scripts/PublicationsView.aspx?id=23609
Puducherry,2025,1288.0,t160_rrb_deposits,Table 160: State-wise Deposits of RRBs,https://www.rbi.org.in/Scripts/PublicationsView.aspx?id=23609
Tamil Nadu,2015,5750.0,t160_rrb_deposits,Table 160: State-wise Deposits of RRBs,https://www.rbi.org.in/Scripts/PublicationsView.aspx?id=23609
Tamil Nadu,2016,6932.0,t160_rrb_deposits,Table 160: State-wise Deposits of RRBs,https://www.rbi.org.in/Scripts/PublicationsView.aspx?id=23609
Tamil Nadu,2017,8730.0,t160_rrb_deposits,Table 160: State-wise Deposits of RRBs,https://www.rbi.org.in/Scripts/PublicationsView.aspx?id=23609
Tamil Nadu,2018,9961.0,t160_rrb_deposits,Table 160: State-wise Deposits of RRBs,https://www.rbi.org.in/Scripts/PublicationsView.aspx?id=23609
Tamil Nadu,2019,11226.0,t160_rrb_deposits,Table 160: State-wise Deposits of RRBs,https://www.rbi.org.in/Scripts/PublicationsView.aspx?id=23609
Tamil Nadu,2020,12440.0,t160_rrb_deposits,Table 160: State-wise Deposits of RRBs,https://www.rbi.org.in/Scripts/PublicationsView.aspx?id=23609
Tamil Nadu,2021,14830.0,t160_rrb_deposits,Table 160: State-wise Deposits of RRBs,https://www.rbi.org.in/Scripts/PublicationsView.aspx?id=23609
Tamil Nadu,2022,17072.0,t160_rrb_deposits,Table 160: State-wise Deposits of RRBs,https://www.rbi.org.in/Scripts/PublicationsView.aspx?id=23609
Tamil Nadu,2023,19919.0,t160_rrb_deposits,Table 160: State-wise Deposits of RRBs,https://www.rbi.org.in/Scripts/PublicationsView.aspx?id=23609
Tamil Nadu,2024,20761.0,t160_rrb_deposits,Table 160: State-wise Deposits of RRBs,https://www.rbi.org.in/Scripts/PublicationsView.aspx?id=23609
Tamil Nadu,2025,23234.0,t160_rrb_deposits,Table 160: State-wise Deposits of RRBs,https://www.rbi.org.in/Scripts/PublicationsView.aspx?id=23609
Telangana,2015,10541.0,t160_rrb_deposits,Table 160: State-wise Deposits of RRBs,https://www.rbi.org.in/Scripts/PublicationsView.aspx?id=23609
Telangana,2016,12605.0,t160_rrb_deposits,Table 160: State-wise Deposits of RRBs,https://www.rbi.org.in/Scripts/PublicationsView.aspx?id=23609
Telangana,2017,15505.0,t160_rrb_deposits,Table 160: State-wise Deposits of RRBs,https://www.rbi.org.in/Scripts/PublicationsView.aspx?id=23609
Telangana,2018,16721.0,t160_rrb_deposits,Table 160: State-wise Deposits of RRBs,https://www.rbi.org.in/Scripts/PublicationsView.aspx?id=23609
Telangana,2019,17462.0,t160_rrb_deposits,Table 160: State-wise Deposits of RRBs,https://www.rbi.org.in/Scripts/PublicationsView.aspx?id=23609
Telangana,2020,19410.0,t160_rrb_deposits,Table 160: State-wise Deposits of RRBs,https://www.rbi.org.in/Scripts/PublicationsView.aspx?id=23609
Telangana,2021,20712.0,t160_rrb_deposits,Table 160: State-wise Deposits of RRBs,https://www.rbi.org.in/Scripts/PublicationsView.aspx?id=23609
Telangana,2022,21411.0,t160_rrb_deposits,Table 160: State-wise Deposits of RRBs,https://www.rbi.org.in/Scripts/PublicationsView.aspx?id=23609
Telangana,2023,22001.0,t160_rrb_deposits,Table 160: State-wise Deposits of RRBs,https://www.rbi.org.in/Scripts/PublicationsView.aspx?id=23609
Telangana,2024,24861.0,t160_rrb_deposits,Table 160: State-wise Deposits of RRBs,https://www.rbi.org.in/Scripts/PublicationsView.aspx?id=23609
Telangana,2025,28496.0,t160_rrb_deposits,Table 160: State-wise Deposits of RRBs,https://www.rbi.org.in/Scripts/PublicationsView.aspx?id=23609
