state_raw,year_label,value,table,source_title,source_url
Chandigarh,2004,,t161_rrb_credit,Table 161: State-wise Credit of RRBs,https://www.rbi.org.in/Scripts/PublicationsView.aspx?id=23610
Chandigarh,2005,,t161_rrb_credit,Table 161: State-wise Credit of RRBs,https://www.rbi.org.in/Scripts/PublicationsView.aspx?id=23610
Chandigarh,2006,,t161_rrb_credit,Table 161: State-wise Credit of RRBs,https://www.rbi.org.in/Scripts/PublicationsView.aspx?id=23610
Chandigarh,2007,,t161_rrb_credit,Table 161: State-wise Credit of RRBs,https://www.rbi.org.in/Scripts/PublicationsView.aspx?id=23610
Chandigarh,2008,,t161_rrb_credit,Table 161: State-wise Credit of RRBs,https://www.rbi.org.in/Scripts/PublicationsView.aspx?id=23610
Chandigarh,2009,,t161_rrb_credit,Table 161: State-wise Credit of RRBs,https://www.rbi.org.in/Scripts/PublicationsView.aspx?id=23610
Chandigarh,2010,,t161_rrb_credit,Table 161: State-wise Credit of RRBs,https://www.rbi.org.in/Scripts/PublicationsView.aspx?id=23610
Chandigarh,2011,,t161_rrb_credit,Table 161: State-wise Credit of RRBs,https://www.rbi.org.in/Scripts/PublicationsView.aspx?id=23610
Chandigarh,2012,,t161_rrb_credit,Table 161: State-wise Credit of RRBs,https://www.rbi.org.in/Scripts/PublicationsView.aspx?id=23610
Chandigarh,2013,,t161_rrb_credit,Table 161: State-wise Credit of RRBs,https://www.rbi.org.in/Scripts/PublicationsView.aspx?id=23610
Chandigarh,2014,,t161_rrb_credit,Table 161: State-wise Credit of RRBs,https://www.rbi.org.in/Scripts/PublicationsView.aspx?id=23610
Delhi,2004,,t161_rrb_credit,Table 161: State-wise Credit of RRBs,https://www.rbi.org.in/Scripts/PublicationsView.aspx?id=23610
Delhi,2005,,t161_rrb_credit,Table 161: State-wise Credit of RRBs,https://www.rbi.org.in/Scripts/PublicationsView.aspx?id=23610
Delhi,2006,,t161_rrb_credit,Table 161: State-wise Credit of RRBs,https://www.rbi.org.in/Scripts/PublicationsView.aspx?id=23610
Delhi,2007,,t161_rrb_credit,Table 161: State-wise Credit of RRBs,https://www.rbi.org.in/Scripts/PublicationsView.aspx?id=23610
Delhi,2008,,t161_rrb_credit,Table 161: State-wise Credit of RRBs,https://www.rbi.org.in/Scripts/PublicationsView.aspx?id=23610
Delhi,2009,,t161_rrb_credit,Table 161: State-wise Credit of RRBs,https://www.rbi.org.in/Scripts/PublicationsView.aspx?id=23610
Delhi,2010,,t161_rrb_credit,Table 161: State-wise Credit of RRBs,https://www.rbi.org.in/Scripts/PublicationsView.aspx?id=23610
Delhi,2011,,t161_rrb_credit,Table 161: State-wise Credit of RRBs,https://www.rbi.org.in/Scripts/PublicationsView.aspx?id=23610
Delhi,2012,,t161_rrb_credit,Table 161: State-wise Credit of RRBs,https://www.rbi.org.in/Scripts/PublicationsView.aspx?id=23610
Delhi,2013,,t161_rrb_credit,Table 161: State-wise Credit of RRBs,https://www.rbi.org.in/Scripts/PublicationsView.aspx?id=23610
Delhi,2014,,t161_rrb_credit,Table 161: State-wise Credit of RRBs,https://www.rbi.org.in/Scripts/PublicationsView.aspx?id=23610
Haryana,2004,833.0,t161_rrb_credit,Table 161: State-wise Credit of RRBs,https://www.rbi.org.in/Scripts/PublicationsView.aspx?id=23610
Haryana,2005,1030.0,t161_rrb_credit,Table 161: State-wise Credit of RRBs,https://www.rbi.org.in/Scripts/PublicationsView.aspx?id=23610
Haryana,2006,1370.0,t161_rrb_credit,Table 161: State-wise Credit of RRBs,https://www.rbi.org.in/Scripts/PublicationsView.aspx?id=23610
Haryana,2007,1554.0,t161_rrb_credit,Table 161: State-wise Credit of RRBs,https://www.rbi.org.in/Scripts/PublicationsView.aspx?id=23610
Haryana,2008,2085.0,t161_rrb_credit,Table 161: State-wise Credit of RRBs,https://www.rbi.org.in/Scripts/PublicationsView.aspx?id=23610
Haryana,2009,2644.0,t161_rrb_credit,Table 161: State-wise Credit of RRBs,https://www.rbi.org.in/Scripts/PublicationsView.aspx?id=23610
Haryana,2010,4813.0,t161_rrb_credit,Table 161: State-wise Credit of RRBs,https://www.rbi.org.in/Scripts/PublicationsView.aspx?id=23610
Haryana,2011,5114.0,t161_rrb_credit,Table 161: State-wise Credit of RRBs,https://www.rbi.org.in/Scripts/PublicationsView.aspx?id=23610
Haryana,2012,4875.0,t161_rrb_credit,Table 161: State-wise Credit of RRBs,https://www.rbi.org.in/Scripts/PublicationsView.aspx?id=23610
Haryana,2013,5545.0,t161_rrb_credit,Table 161: State-wise Credit of RRBs,https://www.rbi.org.in/Scripts/PublicationsView.aspx?id=23610
Haryana,2014,5815.0,t161_rrb_credit,Table 161: State-wise Credit of RRBs,https://www.rbi.org.in/Scripts/PublicationsView.aspx?id=23610
Himachal Pradesh,2004,174.0,t161_rrb_credit,Table 161: State-wise Credit of RRBs,https://www.rbi.org.in/Scripts/PublicationsView.aspx?id=23610
Himachal Pradesh,2005,211.0,t161_rrb_credit,Table 161: State-wise Credit of RRBs,https://www.rbi.org.in/Scripts/PublicationsView.aspx?id=23610
Himachal Pradesh,2006,269.0,t161_rrb_credit,Table 161: State-wise Credit of RRBs,https://www.rbi.org.in/Scripts/PublicationsView.aspx?id=23610
Himachal Pradesh,2007,315.0,t161_rrb_credit,Table 161: State-wise Credit of RRBs,https://www.rbi.org.in/Scripts/PublicationsView.aspx?id=23610
Himachal Pradesh,2008,382.0,t161_rrb_credit,Table 161: State-wise Credit of RRBs,https://www.rbi.org.in/Scripts/PublicationsView.aspx?id=23610
Himachal Pradesh,2009,455.0,t161_rrb_credit,Table 161: State-wise Credit of RRBs,https://www.rbi.org.in/Scripts/PublicationsView.aspx?id=23610
Himachal Pradesh,2010,533.0,t161_rrb_credit,Table 161: State-wise Credit of RRBs,https://www.rbi.org.in/Scripts/PublicationsView.aspx?id=23610
Himachal Pradesh,2011,638.0,t161_rrb_credit,Table 161: State-wise Credit of RRBs,https://www.rbi.org.in/Scripts/PublicationsView.aspx?id=23610
Himachal Pradesh,2012,788.0,t161_rrb_credit,Table 161: State-wise Credit of RRBs,https://www.rbi.org.in/Scripts/PublicationsView.aspx?id=23610
Himachal Pradesh,2013,892.0,t161_rrb_credit,Table 161: State-wise Credit of RRBs,https://www.rbi.org.in/Scripts/PublicationsView.aspx?id=23610
Himachal Pradesh,2014,953.0,t161_rrb_credit,Table 161: State-wise Credit of RRBs,https://www.rbi.org.in/Scripts/PublicationsView.aspx?id=23610
Jammu & Kashmir,2004,188.0,t161_rrb_credit,Table 161: State-wise Credit of RRBs,https://www.rbi.org.in/Scripts/PublicationsView.aspx?id=23610
Jammu & Kashmir,2005,216.0,t161_rrb_credit,Table 161: State-wise Credit of RRBs,https://www.rbi.org.in/Scripts/PublicationsView.aspx?id=23610
Jammu & Kashmir,2006,267.0,t161_rrb_credit,Table 161: State-wise Credit of RRBs,https://www.rbi.org.in/Scripts/PublicationsView.aspx?id=23610
Jammu & Kashmir,2007,357.0,t161_rrb_credit,Table 161: State-wise Credit of RRBs,https://www.rbi.org.in/Scripts/PublicationsView.aspx?id=23610
Jammu & Kashmir,2008,430.0,t161_rrb_credit,Table 161: State-wise Credit of RRBs,https://www.rbi.org.in/Scripts/PublicationsView.aspx?id=23610
Jammu & Kashmir,2009,356.0,t161_rrb_credit,Table 161: State-wise Credit of RRBs,https://www.rbi.org.in/Scripts/PublicationsView.aspx?id=23610
Jammu & Kashmir,2010,582.0,t161_rrb_credit,Table 161: State-wise Credit of RRBs,https://www.rbi.org.in/Scripts/PublicationsView.aspx?id=23610
Jammu & Kashmir,2011,699.0,t161_rrb_credit,Table 161: State-wise Credit of RRBs,https://www.rbi.org.in/Scripts/PublicationsView.aspx?id=23610
Jammu & Kashmir,2012,898.0,t161_rrb_credit,Table 161: State-wise Credit of RRBs,https://www.rbi.org.in/Scripts/PublicationsView.aspx?id=23610
Jammu & Kashmir,2013,1069.0,t161_rrb_credit,Table 161: State-wise Credit of RRBs,https://www.rbi.org.in/Scripts/PublicationsView.aspx?id=23610
Jammu & Kashmir,2014,1239.0,t161_rrb_credit,Table 161: State-wise Credit of RRBs,https://www.rbi.org.in/Scripts/PublicationsView.aspx?id=23610
Ladakh,2004,,t161_rrb_credit,Table 161: State-wise Credit of RRBs,https://www.rbi.org.in/Scripts/PublicationsView.aspx?id=23610
Ladakh,2005,,t161_rrb_credit,Table 161: State-wise Credit of RRBs,https://www.rbi.org.in/Scripts/PublicationsView.aspx?id=23610
Ladakh,2006,,t161_rrb_credit,Table 161: State-wise Credit of RRBs,https://www.rbi.org.in/Scripts/PublicationsView.aspx?id=23610
Ladakh,2007,,t161_rrb_credit,Table 161: State-wise Credit of RRBs,https://www.rbi.org.in/Scripts/PublicationsView.aspx?id=23610
Ladakh,2008,,t161_rrb_credit,Table 161: State-wise Credit of RRBs,https://www.rbi.org.in/Scripts/PublicationsView.aspx?id=23610
Ladakh,2009,,t161_rrb_credit,Table 161: State-wise Credit of RRBs,https://www.rbi.org.in/Scripts/PublicationsView.aspx?id=23610
Ladakh,2010,,t161_rrb_credit,Table 161: State-wise Credit of RRBs,https://www.rbi.org.in/Scripts/PublicationsView.aspx?id=23610
Ladakh,2011,,t161_rrb_credit,Table 161: State-wise Credit of RRBs,https://www.rbi.org.in/Scripts/PublicationsView.aspx?id=23610
Ladakh,2012,,t161_rrb_credit,Table 161: State-wise Credit of RRBs,https://www.rbi.org.in/Scripts/PublicationsView.aspx?id=23610
Ladakh,2013,,t161_rrb_credit,Table 161: State-wise Credit of RRBs,https://www.rbi.org.in/Scripts/PublicationsView.aspx?id=23610
Ladakh,2014,,t161_rrb_credit,Table 161: State-wise Credit of RRBs,https://www.rbi.org.in/Scripts/PublicationsView.aspx?id=23610
Punjab,2004,423.0,t161_rrb_credit,Table 161: State-wise Credit of RRBs,https://www.rbi.org.in/Scripts/PublicationsView.aspx?id=23610
Punjab,2005,525.0,t161_rrb_credit,Table 161: State-wise Credit of RRBs,https://www.rbi.org.in/Scripts/PublicationsView.aspx?id=23610
Punjab,2006,648.0,t161_rrb_credit,Table 161: State-wise Credit of RRBs,https://www.rbi.org.in/Scripts/PublicationsView.aspx?id=23610
Punjab,2007,759.0,t161_rrb_credit,Table 161: State-wise Credit of RRBs,https://www.rbi.org.in/Scripts/PublicationsView.aspx?id=23610
Punjab,2008,1046.0,t161_rrb_credit,Table 161: State-wise Credit of RRBs,https://www.rbi.org.in/Scripts/PublicationsView.aspx?id=23610
Punjab,2009,1257.0,t161_rrb_credit,Table 161: State-wise Credit of RRBs,https://www.rbi.org.in/Scripts/PublicationsView.aspx?id=23610
Punjab,2010,1717.0,t161_rrb_credit,Table 161: State-wise Credit of RRBs,https://www.rbi.org.in/Scripts/PublicationsView.aspx?id=23610
Punjab,2011,2105.0,t161_rrb_credit,Table 161: State-wise Credit of RRBs,https://www.rbi.org.in/Scripts/PublicationsView.aspx?id=23610
Punjab,2012,2623.0,t161_rrb_credit,Table 161: State-wise Credit of RRBs,https://www.rbi.org.in/Scripts/PublicationsView.aspx?id=23610
Punjab,2013,3093.0,t161_rrb_credit,Table 161: State-wise Credit of RRBs,https://www.rbi.org.in/Scripts/PublicationsView.aspx?id=23610
Punjab,2014,3689.0,t161_rrb_credit,Table 161: State-wise Credit of RRBs,https://www.rbi.org.in/Scripts/PublicationsView.aspx?id=23610
Rajasthan,2004,1591.0,t161_rrb_credit,Table 161: State-wise Credit of RRBs,https://www.rbi.org.in/Scripts/PublicationsView.aspx?id=23610
Rajasthan,2005,2108.0,t161_rrb_credit,Table 161: State-wise Credit of RRBs,https://www.rbi.org.in/Scripts/PublicationsView.aspx?id=23610
Rajasthan,2006,2533.0,t161_rrb_credit,Table 161: State-wise Credit of RRBs,https://www.rbi.org.in/Scripts/PublicationsView.aspx?id=23610
Rajasthan,2007,3138.0,t161_rrb_credit,Table 161: State-wise Credit of RRBs,https://www.rbi.org.in/Scripts/PublicationsView.aspx?id=23610
Rajasthan,2008,4069.0,t161_rrb_credit,Table 161: State-wise Credit of RRBs,https://www.rbi.org.in/Scripts/PublicationsView.aspx?id=23610
Rajasthan,2009,4754.0,t161_rrb_credit,Table 161: State-wise Credit of RRBs,https://www.rbi.org.in/Scripts/PublicationsView.aspx?id=23610
Rajasthan,2010,5746.0,t161_rrb_credit,Table 161: State-wise Credit of RRBs,https://www.rbi.org.in/Scripts/PublicationsView.aspx?id=23610
Rajasthan,2011,7072.0,t161_rrb_credit,Table 161: State-wise Credit of RRBs,https://www.rbi.org.in/Scripts/PublicationsView.aspx?id=23610
Rajasthan,2012,8171.0,t161_rrb_credit,Table 161: State-wise Credit of RRBs,https://www.rbi.org.in/Scripts/PublicationsView.aspx?id=23610
Rajasthan,2013,9261.0,t161_rrb_credit,Table 161: State-wise Credit of RRBs,https://www.rbi.org.in/Scripts/PublicationsView.aspx?id=23610
Rajasthan,2014,10350.0,t161_rrb_credit,Table 161: State-wise Credit of RRBs,https://www.rbi.org.in/Scripts/PublicationsView.aspx?id=23610
Arunachal Pradesh,2004,33.0,t161_rrb_credit,Table 161: State-wise Credit of RRBs,https://www.rbi.org.in/Scripts/PublicationsView.aspx?id=23610
Arunachal Pradesh,2005,34.0,t161_rrb_credit,Table 161: State-wise Credit of RRBs,https://www.rbi.org.in/Scripts/PublicationsView.aspx?id=23610
Arunachal Pradesh,2006,29.0,t161_rrb_credit,Table 161: State-wise Credit of RRBs,https://www.rbi.org.in/Scripts/PublicationsView.aspx?id=23610
Arunachal Pradesh,2007,25.0,t161_rrb_credit,Table 161: State-wise Credit of RRBs,https://www.rbi.org.in/Scripts/PublicationsView.aspx?id=23610
Arunachal Pradesh,2008,23.0,t161_rrb_credit,Table 161: State-wise Credit of RRBs,https://www.rbi.org.in/Scripts/PublicationsView.aspx?id=23610
Arunachal Pradesh,2009,21.0,t161_rrb_credit,Table 161: State-wise Credit of RRBs,https://www.rbi.org.in/Scripts/PublicationsView.aspx?id=23610
Arunachal Pradesh,2010,27.0,t161_rrb_credit,Table 161: State-wise Credit of RRBs,https://www.rbi.org.in/Scripts/PublicationsView.aspx?id=23610
Arunachal Pradesh,2011,40.0,t161_rrb_credit,Table 161: State-wise Credit of RRBs,https://www.rbi.org.in/Scripts/PublicationsView.aspx?id=23610
Arunachal Pradesh,2012,33.0,t161_rrb_credit,Table 161: State-wise Credit of RRBs,https://www.rbi.org.in/Scripts/PublicationsView.aspx?id=23610
Arunachal Pradesh,2013,42.0,t161_rrb_credit,Table 161: State-wise Credit of RRBs,https://www.rbi.org.in/Scripts/PublicationsView.aspx?id=23610
Arunachal Pradesh,2014,56.0,t161_rrb_credit,Table 161: State-wise Credit of RRBs,https://www.rbi.org.in/Scripts/PublicationsView.aspx?id=23610
Assam,2004,601.0,t161_rrb_credit,Table 161: State-wise Credit of RRBs,https://www.rbi.org.in/Scripts/PublicationsView.aspx?id=23610
Assam,2005,760.0,t161_rrb_credit,Table 161: State-wise Credit of RRBs,https://www.rbi.org.in/Scripts/PublicationsView.aspx?id=23610
Assam,2006,901.0,t161_rrb_credit,Table 161: State-wise Credit of RRBs,https://www.rbi.org.in/Scripts/PublicationsView.aspx?id=23610
Assam,2007,1114.0,t161_rrb_credit,Table 161: State-wise Credit of RRBs,https://www.rbi.org.in/Scripts/PublicationsView.aspx?id=23610
Assam,2008,1312.0,t161_rrb_credit,Table 161: State-wise Credit of RRBs,https://www.rbi.org.in/Scripts/PublicationsView.aspx?id=23610
Assam,2009,1475.0,t161_rrb_credit,Table 161: State-wise Credit of RRBs,https://www.rbi.org.in/Scripts/PublicationsView.aspx?id=23610
Assam,2010,1743.0,t161_rrb_credit,Table 161: State-wise Credit of RRBs,https://www.rbi.org.in/Scripts/PublicationsView.aspx?id=23610
Assam,2011,2195.0,t161_rrb_credit,Table 161: State-wise Credit of RRBs,https://www.rbi.org.in/Scripts/PublicationsView.aspx?id=23610
Assam,2012,2718.0,t161_rrb_credit,Table 161: State-wise Credit of RRBs,https://www.rbi.org.in/Scripts/PublicationsView.aspx?id=23610
Assam,2013,3245.0,t161_rrb_credit,Table 161: State-wise Credit of RRBs,https://www.rbi.org.in/Scripts/PublicationsView.aspx?id=23610
Assam,2014,3823.0,t161_rrb_credit,Table 161: State-wise Credit of RRBs,https://www.rbi.org.in/Scripts/PublicationsView.aspx?id=23610
Manipur,2004,16.0,t161_rrb_credit,Table 161: State-wise Credit of RRBs,https://www.rbi.org.in/Scripts/PublicationsView.aspx?id=23610
Manipur,2005,24.0,t161_rrb_credit,Table 161: State-wise Credit of RRBs,https://www.rbi.org.in/Scripts/PublicationsView.aspx?id=23610
Manipur,2006,28.0,t161_rrb_credit,Table 161: State-wise Credit of RRBs,https://www.rbi.org.in/Scripts/PublicationsView.aspx?id=23610
Manipur,2007,38.0,t161_rrb_credit,Table 161: State-wise Credit of RRBs,https://www.rbi.org.in/Scripts/PublicationsView.aspx?id=23610
Manipur,2008,35.0,t161_rrb_credit,Table 161: State-wise Credit of RRBs,https://www.rbi.org.in/Scripts/PublicationsView.aspx?id=23610
Manipur,2009,24.0,t161_rrb_credit,Table 161: State-wise Credit of RRBs,https://www.rbi.org.in/Scripts/PublicationsView.aspx?id=23610
Manipur,2010,29.0,t161_rrb_credit,Table 161: State-wise Credit of RRBs,https://www.rbi.org.in/Scripts/PublicationsView.aspx?id=23610
Manipur,2011,33.0,t161_rrb_credit,Table 161: State-wise Credit of RRBs,https://www.rbi.org.in/Scripts/PublicationsView.aspx?id=23610
Manipur,2012,34.0,t161_rrb_credit,Table 161: State-wise Credit of RRBs,https://www.rbi.org.in/Scripts/PublicationsView.aspx?id=23610
Manipur,2013,46.0,t161_rrb_credit,Table 161: State-wise Credit of RRBs,https://www.rbi.org.in/Scripts/PublicationsView.aspx?id=23610
Manipur,2014,56.0,t161_rrb_credit,Table 161: State-wise Credit of RRBs,https://www.rbi.org.in/Scripts/PublicationsView.aspx?id=23610
Meghalaya,2004,46.0,t161_rrb_credit,Table 161: State-wise Credit of RRBs,https://www.rbi.org.in/Scripts/PublicationsView.aspx?id=23610
Meghalaya,2005,54.0,t161_rrb_credit,Table 161: State-wise Credit of RRBs,https://www.rbi.org.in/Scripts/PublicationsView.aspx?id=23610
Meghalaya,2006,66.0,t161_rrb_credit,Table 161: State-wise Credit of RRBs,https://www.rbi.org.in/Scripts/PublicationsView.aspx?id=23610
Meghalaya,2007,83.0,t161_rrb_credit,Table 161: State-wise Credit of RRBs,https://www.rbi.org.in/Scripts/PublicationsView.aspx?id=23610
Meghalaya,2008,98.0,t161_rrb_credit,Table 161: State-wise Credit of RRBs,https://www.rbi.org.in/Scripts/PublicationsView.aspx?id=23610
Meghalaya,2009,119.0,t161_rrb_credit,Table 161: State-wise Credit of RRBs,https://www.rbi.org.in/Scripts/PublicationsView.aspx?id=23610
Meghalaya,2010,156.0,t161_rrb_credit,Table 161: State-wise Credit of RRBs,https://www.rbi.org.in/Scripts/PublicationsView.aspx?id=23610
Meghalaya,2011,204.0,t161_rrb_credit,Table 161: State-wise Credit of RRBs,https://www.rbi.org.in/Scripts/PublicationsView.aspx?id=23610
Meghalaya,2012,290.0,t161_rrb_credit,Table 161: State-wise Credit of RRBs,https://www.rbi.org.in/Scripts/PublicationsView.aspx?id=23610
Meghalaya,2013,368.0,t161_rrb_credit,Table 161: State-wise Credit of RRBs,https://www.rbi.org.in/Scripts/PublicationsView.aspx?id=23610
Meghalaya,2014,474.0,t161_rrb_credit,Table 161: State-wise Credit of RRBs,https://www.rbi.org.in/Scripts/PublicationsView.aspx?id=23610
Mizoram,2004,50.0,t161_rrb_credit,Table 161: State-wise Credit of RRBs,https://www.rbi.org.in/Scripts/PublicationsView.aspx?id=23610
Mizoram,2005,81.0,t161_rrb_credit,Table 161: State-wise Credit of RRBs,https://www.rbi.org.in/Scripts/PublicationsView.aspx?id=23610
Mizoram,2006,104.0,t161_rrb_credit,Table 161: State-wise Credit of RRBs,https://www.rbi.org.in/Scripts/PublicationsView.aspx?id=23610
Mizoram,2007,127.0,t161_rrb_credit,Table 161: State-wise Credit of RRBs,https://www.rbi.org.in/Scripts/PublicationsView.aspx?id=23610
Mizoram,2008,162.0,t161_rrb_credit,Table 161: State-wise Credit of RRBs,https://www.rbi.org.in/Scripts/PublicationsView.aspx?id=23610
Mizoram,2009,172.0,t161_rrb_credit,Table 161: State-wise Credit of RRBs,https://www.rbi.org.in/Scripts/PublicationsView.aspx?id=23610
Mizoram,2010,248.0,t161_rrb_credit,Table 161: State-wise Credit of RRBs,https://www.rbi.org.in/Scripts/PublicationsView.aspx?id=23610
Mizoram,2011,254.0,t161_rrb_credit,Table 161: State-wise Credit of RRBs,https://www.rbi.org.in/Scripts/PublicationsView.aspx?id=23610
Mizoram,2012,361.0,t161_rrb_credit,Table 161: State-wise Credit of RRBs,https://www.rbi.org.in/Scripts/PublicationsView.aspx?id=23610
Mizoram,2013,433.0,t161_rrb_credit,Table 161: State-wise Credit of RRBs,https://www.rbi.org.in/Scripts/PublicationsView.aspx?id=23610
Mizoram,2014,619.0,t161_rrb_credit,Table 161: State-wise Credit of RRBs,https://www.rbi.org.in/Scripts/PublicationsView.aspx?id=23610
Nagaland,2004,5.0,t161_rrb_credit,Table 161: State-wise Credit of RRBs,https://www.rbi.org.in/Scripts/PublicationsView.aspx?id=23610
Nagaland,2005,6.0,t161_rrb_credit,Table 161: State-wise Credit of RRBs,https://www.rbi.org.in/Scripts/PublicationsView.aspx?id=23610
Nagaland,2006,7.0,t161_rrb_credit,Table 161: State-wise Credit of RRBs,https://www.rbi.org.in/Scripts/PublicationsView.aspx?id=23610
Nagaland,2007,9.0,t161_rrb_credit,Table 161: State-wise Credit of RRBs,https://www.rbi.org.in/Scripts/PublicationsView.aspx?id=23610
Nagaland,2008,8.0,t161_rrb_credit,Table 161: State-wise Credit of RRBs,https://www.rbi.org.in/Scripts/PublicationsView.aspx?id=23610
Nagaland,2009,8.0,t161_rrb_credit,Table 161: State-wise Credit of RRBs,https://www.rbi.org.in/Scripts/PublicationsView.aspx?id=23610
Nagaland,2010,9.0,t161_rrb_credit,Table 161: State-wise Credit of RRBs,https://www.rbi.org.in/Scripts/PublicationsView.aspx?id=23610
Nagaland,2011,11.0,t161_rrb_credit,Table 161: State-wise Credit of RRBs,https://www.rbi.org.in/Scripts/PublicationsView.aspx?id=23610
Nagaland,2012,16.0,t161_rrb_credit,Table 161: State-wise Credit of RRBs,https://www.rbi.org.in/Scripts/PublicationsView.aspx?id=23610
Nagaland,2013,19.0,t161_rrb_credit,Table 161: State-wise Credit of RRBs,https://www.rbi.org.in/Scripts/PublicationsView.aspx?id=23610
Nagaland,2014,24.0,t161_rrb_credit,Table 161: State-wise Credit of RRBs,https://www.rbi.org.in/Scripts/PublicationsView.aspx?id=23610
Tripura,2004,214.0,t161_rrb_credit,Table 161: State-wise Credit of RRBs,https://www.rbi.org.in/Scripts/PublicationsView.aspx?id=23610
Tripura,2005,259.0,t161_rrb_credit,Table 161: State-wise Credit of RRBs,https://www.rbi.org.in/Scripts/PublicationsView.aspx?id=23610
Tripura,2006,372.0,t161_rrb_credit,Table 161: State-wise Credit of RRBs,https://www.rbi.org.in/Scripts/PublicationsView.aspx?id=23610
Tripura,2007,466.0,t161_rrb_credit,Table 161: State-wise Credit of RRBs,https://www.rbi.org.in/Scripts/PublicationsView.aspx?id=23610
Tripura,2008,532.0,t161_rrb_credit,Table 161: State-wise Credit of RRBs,https://www.rbi.org.in/Scripts/PublicationsView.aspx?id=23610
Tripura,2009,658.0,t161_rrb_credit,Table 161: State-wise Credit of RRBs,https://www.rbi.org.in/Scripts/PublicationsView.aspx?id=23610
Tripura,2010,815.0,t161_rrb_credit,Table 161: State-wise Credit of RRBs,https://www.rbi.org.in/Scripts/PublicationsView.aspx?id=23610
Tripura,2011,981.0,t161_rrb_credit,Table 161: State-wise Credit of RRBs,https://www.rbi.org.in/Scripts/PublicationsView.aspx?id=23610
Tripura,2012,1163.0,t161_rrb_credit,Table 161: State-wise Credit of RRBs,https://www.rbi.org.in/Scripts/PublicationsView.aspx?id=23610
Tripura,2013,1329.0,t161_rrb_credit,Table 161: State-wise Credit of RRBs,https://www.rbi.org.in/Scripts/PublicationsView.aspx?id=23610
Tripura,2014,1465.0,t161_rrb_credit,Table 161: State-wise Credit of RRBs,https://www.rbi.org.in/Scripts/PublicationsView.aspx?id=23610
Andaman & Nicobar Islands,2004,,t161_rrb_credit,Table 161: State-wise Credit of RRBs,https://www.rbi.org.in/Scripts/PublicationsView.aspx?id=23610
Andaman & Nicobar Islands,2005,,t161_rrb_credit,Table 161: State-wise Credit of RRBs,https://www.rbi.org.in/Scripts/PublicationsView.aspx?id=23610
Andaman & Nicobar Islands,2006,,t161_rrb_credit,Table 161: State-wise Credit of RRBs,https://www.rbi.org.in/Scripts/PublicationsView.aspx?id=23610
Andaman & Nicobar Islands,2007,,t161_rrb_credit,Table 161: State-wise Credit of RRBs,https://www.rbi.org.in/Scripts/PublicationsView.aspx?id=23610
Andaman & Nicobar Islands,2008,,t161_rrb_credit,Table 161: State-wise Credit of RRBs,https://www.rbi.org.in/Scripts/PublicationsView.aspx?id=23610
Andaman & Nicobar Islands,2009,,t161_rrb_credit,Table 161: State-wise Credit of RRBs,https://www.rbi.org.in/Scripts/PublicationsView.aspx?id=23610
Andaman & Nicobar Islands,2010,,t161_rrb_credit,Table 161: State-wise Credit of RRBs,https://www.rbi.org.in/Scripts/PublicationsView.aspx?id=23610
Andaman & Nicobar Islands,2011,,t161_rrb_credit,Table 161: State-wise Credit of RRBs,https://www.rbi.org.in/Scripts/PublicationsView.aspx?id=23610
Andaman & Nicobar Islands,2012,,t161_rrb_credit,Table 161: State-wise Credit of RRBs,https://www.rbi.org.in/Scripts/PublicationsView.aspx?id=23610
Andaman & Nicobar Islands,2013,,t161_rrb_credit,Table 161: State-wise Credit of RRBs,https://www.rbi.org.in/Scripts/PublicationsView.aspx?id=23610
Andaman & Nicobar Islands,2014,,t161_rrb_credit,Table 161: State-wise Credit of RRBs,https://www.rbi.org.in/Scripts/PublicationsView.aspx?id=23610
Bihar,2004,1417.0,t161_rrb_credit,Table 161: State-wise Credit of RRBs,https://www.rbi.org.in/Scripts/PublicationsView.aspx?id=23610
Bihar,2005,1822.0,t161_rrb_credit,Table 161: State-wise Credit of RRBs,https://www.rbi.org.in/Scripts/PublicationsView.aspx?id=23610
Bihar,2006,2388.0,t161_rrb_credit,Table 161: State-wise Credit of RRBs,https://www.rbi.org.in/Scripts/PublicationsView.aspx?id=23610
Bihar,2007,3847.0,t161_rrb_credit,Table 161: State-wise Credit of RRBs,https://www.rbi.org.in/Scripts/PublicationsView.aspx?id=23610
Bihar,2008,2811.0,t161_rrb_credit,Table 161: State-wise Credit of RRBs,https://www.rbi.org.in/Scripts/PublicationsView.aspx?id=23610
Bihar,2009,4283.0,t161_rrb_credit,Table 161: State-wise Credit of RRBs,https://www.rbi.org.in/Scripts/PublicationsView.aspx?id=23610
Bihar,2010,5287.0,t161_rrb_credit,Table 161: State-wise Credit of RRBs,https://www.rbi.org.in/Scripts/PublicationsView.aspx?id=23610
Bihar,2011,5984.0,t161_rrb_credit,Table 161: State-wise Credit of RRBs,https://www.rbi.org.in/Scripts/PublicationsView.aspx?id=23610
Bihar,2012,7011.0,t161_rrb_credit,Table 161: State-wise Credit of RRBs,https://www.rbi.org.in/Scripts/PublicationsView.aspx?id=23610
Bihar,2013,7913.0,t161_rrb_credit,Table 161: State-wise Credit of RRBs,https://www.rbi.org.in/Scripts/PublicationsView.aspx?id=23610
Bihar,2014,10032.0,t161_rrb_credit,Table 161: State-wise Credit of RRBs,https://www.rbi.org.in/Scripts/PublicationsView.aspx?id=23610
Jharkhand,2004,353.0,t161_rrb_credit,Table 161: State-wise Credit of RRBs,https://www.rbi.org.in/Scripts/PublicationsView.aspx?id=23610
Jharkhand,2005,465.0,t161_rrb_credit,Table 161: State-wise Credit of RRBs,https://www.rbi.org.in/Scripts/PublicationsView.aspx?id=23610
Jharkhand,2006,541.0,t161_rrb_credit,Table 161: State-wise Credit of RRBs,https://www.rbi.org.in/Scripts/PublicationsView.aspx?id=23610
Jharkhand,2007,525.0,t161_rrb_credit,Table 161: State-wise Credit of RRBs,https://www.rbi.org.in/Scripts/PublicationsView.aspx?id=23610
Jharkhand,2008,763.0,t161_rrb_credit,Table 161: State-wise Credit of RRBs,https://www.rbi.org.in/Scripts/PublicationsView.aspx?id=23610
Jharkhand,2009,733.0,t161_rrb_credit,Table 161: State-wise Credit of RRBs,https://www.rbi.org.in/Scripts/PublicationsView.aspx?id=23610
Jharkhand,2010,911.0,t161_rrb_credit,Table 161: State-wise Credit of RRBs,https://www.rbi.org.in/Scripts/PublicationsView.aspx?id=23610
Jharkhand,2011,1082.0,t161_rrb_credit,Table 161: State-wise Credit of RRBs,https://www.rbi.org.in/Scripts/PublicationsView.aspx?id=23610
Jharkhand,2012,1271.0,t161_rrb_credit,Table 161: State-wise Credit of RRBs,https://www.rbi.org.in/Scripts/PublicationsView.aspx?id=23610
Jharkhand,2013,1438.0,t161_rrb_credit,Table 161: State-wise Credit of RRBs,https://www.rbi.org.in/Scripts/PublicationsView.aspx?id=23610
Jharkhand,2014,1641.0,t161_rrb_credit,Table 161: State-wise Credit of RRBs,https://www.rbi.org.in/Scripts/PublicationsView.aspx?id=23610
Odisha,2004,1736.0,t161_rrb_credit,Table 161: State-wise Credit of RRBs,https://www.rbi.org.in/Scripts/PublicationsView.aspx?id=23610
Odisha,2005,2066.0,t161_rrb_credit,Table 161: State-wise Credit of RRBs,https://www.rbi.org.in/Scripts/PublicationsView.aspx?id=23610
Odisha,2006,2419.0,t161_rrb_credit,Table 161: State-wise Credit of RRBs,https://www.rbi.org.in/Scripts/PublicationsView.aspx?id=23610
Odisha,2007,2954.0,t161_rrb_credit,Table 161: State-wise Credit of RRBs,https://www.rbi.org.in/Scripts/PublicationsView.aspx?id=23610
Odisha,2008,3155.0,t161_rrb_credit,Table 161: State-wise Credit of RRBs,https://www.rbi.org.in/Scripts/PublicationsView.aspx?id=23610
Odisha,2009,3411.0,t161_rrb_credit,Table 161: State-wise Credit of RRBs,https://www.rbi.org.in/Scripts/PublicationsView.aspx?id=23610
Odisha,2010,4041.0,t161_rrb_credit,Table 161: State-wise Credit of RRBs,https://www.rbi.org.in/Scripts/PublicationsView.aspx?id=23610
Odisha,2011,4881.0,t161_rrb_credit,Table 161: State-wise Credit of RRBs,https://www.rbi.org.in/Scripts/PublicationsView.aspx?id=23610
Odisha,2012,5568.0,t161_rrb_credit,Table 161: State-wise Credit of RRBs,https://www.rbi.org.in/Scripts/PublicationsView.aspx?id=23610
Odisha,2013,5954.0,t161_rrb_credit,Table 161: State-wise Credit of RRBs,https://www.rbi.org.in/Scripts/PublicationsView.aspx?id=23610
Odisha,2014,6668.0,t161_rrb_credit,Table 161: State-wise Credit of RRBs,https://www.rbi.org.in/Scripts/PublicationsView.aspx?id=23610
Sikkim,2004,,t161_rrb_credit,Table 161: State-wise Credit of RRBs,https://www.rbi.org.in/Scripts/PublicationsView.aspx?id=23610
Sikkim,2005,,t161_rrb_credit,Table 161: State-wise Credit of RRBs,https://www.rbi.org.in/Scripts/PublicationsView.aspx?id=23610
Sikkim,2006,,t161_rrb_credit,Table 161: State-wise Credit of RRBs,https://www.rbi.org.in/Scripts/PublicationsView.aspx?id=23610
Sikkim,2007,,t161_rrb_credit,Table 161: State-wise Credit of RRBs,https://www.rbi.org.in/Scripts/PublicationsView.aspx?id=23610
Sikkim,2008,,t161_rrb_credit,Table 161: State-wise Credit of RRBs,https://www.rbi.org.in/Scripts/PublicationsView.aspx?id=23610
Sikkim,2009,,t161_rrb_credit,Table 161: State-wise Credit of RRBs,https://www.rbi.org.in/Scripts/PublicationsView.aspx?id=23610
Sikkim,2010,,t161_rrb_credit,Table 161: State-wise Credit of RRBs,https://www.rbi.org.in/Scripts/PublicationsView.aspx?id=23610
Sikkim,2011,,t161_rrb_credit,Table 161: State-wise Credit of RRBs,https://www.rbi.org.in/Scripts/PublicationsView.aspx?id=23610
Sikkim,2012,,t161_rrb_credit,Table 161: State-wise Credit of RRBs,https://www.rbi.org.in/Scripts/PublicationsView.aspx?id=23610
Sikkim,2013,,t161_rrb_credit,Table 161: State-wise Credit of RRBs,https://www.rbi.org.in/Scripts/PublicationsView.aspx?id=23610
Sikkim,2014,,t161_rrb_credit,Table 161: State-wise Credit of RRBs,https://www.rbi.org.in/Scripts/PublicationsView.aspx?id=23610
West Bengal,2004,1561.0,t161_rrb_credit,Table 161: State-wise Credit of RRBs,https://www.rbi.org.in/Scripts/PublicationsView.aspx?id=23610
West Bengal,2005,1794.0,t161_rrb_credit,Table 161: State-wise Credit of RRBs,https://www.rbi.org.in/Scripts/PublicationsView.aspx?id=23610
West Bengal,2006,2022.0,t161_rrb_credit,Table 161: State-wise Credit of RRBs,https://www.rbi.org.in/Scripts/PublicationsView.aspx?id=23610
West Bengal,2007,2169.0,t161_rrb_credit,Table 161: State-wise Credit of RRBs,https://www.rbi.org.in/Scripts/PublicationsView.aspx?id=23610
West Bengal,2008,2623.0,t161_rrb_credit,Table 161: State-wise Credit of RRBs,https://www.rbi.org.in/Scripts/PublicationsView.aspx?id=23610
West Bengal,2009,2910.0,t161_rrb_credit,Table 161: State-wise Credit of RRBs,https://www.rbi.org.in/Scripts/PublicationsView.aspx?id=23610
West Bengal,2010,3536.0,t161_rrb_credit,Table 161: State-wise Credit of RRBs,https://www.rbi.org.in/Scripts/PublicationsView.aspx?id=23610
West Bengal,2011,4403.0,t161_rrb_credit,Table 161: State-wise Credit of RRBs,https://www.rbi.org.in/Scripts/PublicationsView.aspx?id=23610
West Bengal,2012,5289.0,t161_rrb_credit,Table 161: State-wise Credit of RRBs,https://www.rbi.org.in/Scripts/PublicationsView.aspx?id=23610
West Bengal,2013,6107.0,t161_rrb_credit,Table 161: State-wise Credit of RRBs,https://www.rbi.org.in/Scripts/PublicationsView.aspx?id=23610
West Bengal,2014,6513.0,t161_rrb_credit,Table 161: State-wise Credit of RRBs,https://www.rbi.org.in/Scripts/PublicationsView.aspx?id=23610
Chhattisgarh,2004,408.0,t161_rrb_credit,Table 161: State-wise Credit of RRBs,https://www.rbi.org.in/Scripts/PublicationsView.aspx?id=23610
Chhattisgarh,2005,514.0,t161_rrb_credit,Table 161: State-wise Credit of RRBs,https://www.rbi.org.in/Scripts/PublicationsView.aspx?id=23610
Chhattisgarh,2006,646.0,t161_rrb_credit,Table 161: State-wise Credit of RRBs,https://www.rbi.org.in/Scripts/PublicationsView.aspx?id=23610
Chhattisgarh,2007,869.0,t161_rrb_credit,Table 161: State-wise Credit of RRBs,https://www.rbi.org.in/Scripts/PublicationsView.aspx?id=23610
Chhattisgarh,2008,1139.0,t161_rrb_credit,Table 161: State-wise Credit of RRBs,https://www.rbi.org.in/Scripts/PublicationsView.aspx?id=23610
Chhattisgarh,2009,1008.0,t161_rrb_credit,Table 161: State-wise Credit of RRBs,https://www.rbi.org.in/Scripts/PublicationsView.aspx?id=23610
Chhattisgarh,2010,1196.0,t161_rrb_credit,Table 161: State-wise Credit of RRBs,https://www.rbi.org.in/Scripts/PublicationsView.aspx?id=23610
Chhattisgarh,2011,1434.0,t161_rrb_credit,Table 161: State-wise Credit of RRBs,https://www.rbi.org.in/Scripts/PublicationsView.aspx?id=23610
Chhattisgarh,2012,1641.0,t161_rrb_credit,Table 161: State-wise Credit of RRBs,https://www.rbi.org.in/Scripts/PublicationsView.aspx?id=23610
Chhattisgarh,2013,1946.0,t161_rrb_credit,Table 161: State-wise Credit of RRBs,https://www.rbi.org.in/Scripts/PublicationsView.aspx?id=23610
Chhattisgarh,2014,2082.0,t161_rrb_credit,Table 161: State-wise Credit of RRBs,https://www.rbi.org.in/Scripts/PublicationsView.aspx?id=23610
Madhya Pradesh,2004,1617.0,t161_rrb_credit,Table 161: State-wise Credit of RRBs,https://www.rbi.org.in/Scripts/PublicationsView.aspx?id=23610
Madhya Pradesh,2005,2000.0,t161_rrb_credit,Table 161: State-wise Credit of RRBs,https://www.rbi.org.in/Scripts/PublicationsView.aspx?id=23610
Madhya Pradesh,2006,2513.0,t161_rrb_credit,Table 161: State-wise Credit of RRBs,https://www.rbi.org.in/Scripts/PublicationsView.aspx?id=23610
Madhya Pradesh,2007,2255.0,t161_rrb_credit,Table 161: State-wise Credit of RRBs,https://www.rbi.org.in/Scripts/PublicationsView.aspx?id=23610
Madhya Pradesh,2008,3287.0,t161_rrb_credit,Table 161: State-wise Credit of RRBs,https://www.rbi.org.in/Scripts/PublicationsView.aspx?id=23610
Madhya Pradesh,2009,3896.0,t161_rrb_credit,Table 161: State-wise Credit of RRBs,https://www.rbi.org.in/Scripts/PublicationsView.aspx?id=23610
Madhya Pradesh,2010,4872.0,t161_rrb_credit,Table 161: State-wise Credit of RRBs,https://www.rbi.org.in/Scripts/PublicationsView.aspx?id=23610
Madhya Pradesh,2011,5483.0,t161_rrb_credit,Table 161: State-wise Credit of RRBs,https://www.rbi.org.in/Scripts/PublicationsView.aspx?id=23610
Madhya Pradesh,2012,5889.0,t161_rrb_credit,Table 161: State-wise Credit of RRBs,https://www.rbi.org.in/Scripts/PublicationsView.aspx?id=23610
Madhya Pradesh,2013,6787.0,t161_rrb_credit,Table 161: State-wise Credit of RRBs,https://www.rbi.org.in/Scripts/PublicationsView.aspx?id=23610
Madhya Pradesh,2014,7960.0,t161_rrb_credit,Table 161: State-wise Credit of RRBs,https://www.rbi.org.in/Scripts/PublicationsView.aspx?id=23610
Uttarakhand,2004,191.0,t161_rrb_credit,Table 161: State-wise Credit of RRBs,https://www.rbi.org.in/Scripts/PublicationsView.aspx?id=23610
Uttarakhand,2005,234.0,t161_rrb_credit,Table 161: State-wise Credit of RRBs,https://www.rbi.org.in/Scripts/PublicationsView.aspx?id=23610
Uttarakhand,2006,288.0,t161_rrb_credit,Table 161: State-wise Credit of RRBs,https://www.rbi.org.in/Scripts/PublicationsView.aspx?id=23610
Uttarakhand,2007,414.0,t161_rrb_credit,Table 161: State-wise Credit of RRBs,https://www.rbi.org.in/Scripts/PublicationsView.aspx?id=23610
Uttarakhand,2008,462.0,t161_rrb_credit,Table 161: State-wise Credit of RRBs,https://www.rbi.org.in/Scripts/PublicationsView.aspx?id=23610
Uttarakhand,2009,652.0,t161_rrb_credit,Table 161: State-wise Credit of RRBs,https://www.rbi.org.in/Scripts/PublicationsView.aspx?id=23610
Uttarakhand,2010,805.0,t161_rrb_credit,Table 161: State-wise Credit of RRBs,https://www.rbi.org.in/Scripts/PublicationsView.aspx?id=23610
Uttarakhand,2011,884.0,t161_rrb_credit,Table 161: State-wise Credit of RRBs,https://www.rbi.org.in/Scripts/PublicationsView.aspx?id=23610
Uttarakhand,2012,1005.0,t161_rrb_credit,Table 161: State-wise Credit of RRBs,https://www.rbi.org.in/Scripts/PublicationsView.aspx?id=23610
Uttarakhand,2013,1245.0,t161_rrb_credit,Table 161: State-wise Credit of RRBs,https://www.rbi.org.in/Scripts/PublicationsView.aspx?id=23610
Uttarakhand,2014,1513.0,t161_rrb_credit,Table 161: State-wise Credit of RRBs,https://www.rbi.org.in/Scripts/PublicationsView.aspx?id=23610
Uttar Pradesh,2004,4668.0,t161_rrb_credit,Table 161: State-wise Credit of RRBs,https://www.rbi.org.in/Scripts/PublicationsView.aspx?id=23610
Uttar Pradesh,2005,5829.0,t161_rrb_credit,Table 161: State-wise Credit of RRBs,https://www.rbi.org.in/Scripts/PublicationsView.aspx?id=23610
Uttar Pradesh,2006,6068.0,t161_rrb_credit,Table 161: State-wise Credit of RRBs,https://www.rbi.org.in/Scripts/PublicationsView.aspx?id=23610
Uttar Pradesh,2007,8186.0,t161_rrb_credit,Table 161: State-wise Credit of RRBs,https://www.rbi.org.in/Scripts/PublicationsView.aspx?id=23610
Uttar Pradesh,2008,10066.0,t161_rrb_credit,Table 161: State-wise Credit of RRBs,https://www.rbi.org.in/Scripts/PublicationsView.aspx?id=23610
Uttar Pradesh,2009,11963.0,t161_rrb_credit,Table 161: State-wise Credit of RRBs,https://www.rbi.org.in/Scripts/PublicationsView.aspx?id=23610
Uttar Pradesh,2010,14118.0,t161_rrb_credit,Table 161: State-wise Credit of RRBs,https://www.rbi.org.in/Scripts/PublicationsView.aspx?id=23610
Uttar Pradesh,2011,16145.0,t161_rrb_credit,Table 161: State-wise Credit of RRBs,https://www.rbi.org.in/Scripts/PublicationsView.aspx?id=23610
Uttar Pradesh,2012,20335.0,t161_rrb_credit,Table 161: State-wise Credit of RRBs,https://www.rbi.org.in/Scripts/PublicationsView.aspx?id=23610
Uttar Pradesh,2013,23119.0,t161_rrb_credit,Table 161: State-wise Credit of RRBs,https://www.rbi.org.in/Scripts/PublicationsView.aspx?id=23610
Uttar Pradesh,2014,28494.0,t161_rrb_credit,Table 161: State-wise Credit of RRBs,https://www.rbi.org.in/Scripts/PublicationsView.aspx?id=23610
Dadra & Nagar Haveli,2004,,t161_rrb_credit,Table 161: State-wise Credit of RRBs,https://www.rbi.org.in/Scripts/PublicationsView.aspx?id=23610
Dadra & Nagar Haveli,2005,,t161_rrb_credit,Table 161: State-wise Credit of RRBs,https://www.rbi.org.in/Scripts/PublicationsView.aspx?id=23610
Dadra & Nagar Haveli,2006,,t161_rrb_credit,Table 161: State-wise Credit of RRBs,https://www.rbi.org.in/Scripts/PublicationsView.aspx?id=23610
Dadra & Nagar Haveli,2007,,t161_rrb_credit,Table 161: State-wise Credit of RRBs,https://www.rbi.org.in/Scripts/PublicationsView.aspx?id=23610
Dadra & Nagar Haveli,2008,,t161_rrb_credit,Table 161: State-wise Credit of RRBs,https://www.rbi.org.in/Scripts/PublicationsView.aspx?id=23610
Dadra & Nagar Haveli,2009,,t161_rrb_credit,Table 161: State-wise Credit of RRBs,https://www.rbi.org.in/Scripts/PublicationsView.aspx?id=23610
Dadra & Nagar Haveli,2010,,t161_rrb_credit,Table 161: State-wise Credit of RRBs,https://www.rbi.org.in/Scripts/PublicationsView.aspx?id=23610
Dadra & Nagar Haveli,2011,,t161_rrb_credit,Table 161: State-wise Credit of RRBs,https://www.rbi.org.in/Scripts/PublicationsView.aspx?id=23610
Dadra & Nagar Haveli,2012,,t161_rrb_credit,Table 161: State-wise Credit of RRBs,https://www.rbi.org.in/Scripts/PublicationsView.aspx?id=23610
Dadra & Nagar Haveli,2013,,t161_rrb_credit,Table 161: State-wise Credit of RRBs,https://www.rbi.org.in/Scripts/PublicationsView.aspx?id=23610
Dadra & Nagar Haveli,2014,,t161_rrb_credit,Table 161: State-wise Credit of RRBs,https://www.rbi.org.in/Scripts/PublicationsView.aspx?id=23610
Daman & Diu,2004,,t161_rrb_credit,Table 161: State-wise Credit of RRBs,https://www.rbi.org.in/Scripts/PublicationsView.aspx?id=23610
Daman & Diu,2005,,t161_rrb_credit,Table 161: State-wise Credit of RRBs,https://www.rbi.org.in/Scripts/PublicationsView.aspx?id=23610
Daman & Diu,2006,,t161_rrb_credit,Table 161: State-wise Credit of RRBs,https://www.rbi.org.in/Scripts/PublicationsView.aspx?id=23610
Daman & Diu,2007,,t161_rrb_credit,Table 161: State-wise Credit of RRBs,https://www.rbi.org.in/Scripts/PublicationsView.aspx?id=23610
Daman & Diu,2008,,t161_rrb_credit,Table 161: State-wise Credit of RRBs,https://www.rbi.org.in/Scripts/PublicationsView.aspx?id=23610
Daman & Diu,2009,,t161_rrb_credit,Table 161: State-wise Credit of RRBs,https://www.rbi.org.in/Scripts/PublicationsView.aspx?id=23610
Daman & Diu,2010,,t161_rrb_credit,Table 161: State-wise Credit of RRBs,https://www.rbi.org.in/Scripts/PublicationsView.aspx?id=23610
Daman & Diu,2011,,t161_rrb_credit,Table 161: State-wise Credit of RRBs,https://www.rbi.org.in/Scripts/PublicationsView.aspx?id=23610
Daman & Diu,2012,,t161_rrb_credit,Table 161: State-wise Credit of RRBs,https://www.rbi.org.in/Scripts/PublicationsView.aspx?id=23610
Daman & Diu,2013,,t161_rrb_credit,Table 161: State-wise Credit of RRBs,https://www.rbi.org.in/Scripts/PublicationsView.aspx?id=23610
Daman & Diu,2014,,t161_rrb_credit,Table 161: State-wise Credit of RRBs,https://www.rbi.org.in/Scripts/PublicationsView.aspx?id=23610
Goa,2004,,t161_rrb_credit,Table 161: State-wise Credit of RRBs,https://www.rbi.org.in/Scripts/PublicationsView.aspx?id=23610
Goa,2005,,t161_rrb_credit,Table 161: State-wise Credit of RRBs,https://www.rbi.org.in/Scripts/PublicationsView.aspx?id=23610
Goa,2006,,t161_rrb_credit,Table 161: State-wise Credit of RRBs,https://www.rbi.org.in/Scripts/PublicationsView.aspx?id=23610
Goa,2007,,t161_rrb_credit,Table 161: State-wise Credit of RRBs,https://www.rbi.org.in/Scripts/PublicationsView.aspx?id=23610
Goa,2008,,t161_rrb_credit,Table 161: State-wise Credit of RRBs,https://www.rbi.org.in/Scripts/PublicationsView.aspx?id=23610
Goa,2009,,t161_rrb_credit,Table 161: State-wise Credit of RRBs,https://www.rbi.org.in/Scripts/PublicationsView.aspx?id=23610
Goa,2010,,t161_rrb_credit,Table 161: State-wise Credit of RRBs,https://www.rbi.org.in/Scripts/PublicationsView.aspx?id=23610
Goa,2011,,t161_rrb_credit,Table 161: State-wise Credit of RRBs,https://www.rbi.org.in/Scripts/PublicationsView.aspx?id=23610
Goa,2012,,t161_rrb_credit,Table 161: State-wise Credit of RRBs,https://www.rbi.org.in/Scripts/PublicationsView.aspx?id=23610
Goa,2013,,t161_rrb_credit,Table 161: State-wise Credit of RRBs,https://www.rbi.org.in/Scripts/PublicationsView.aspx?id=23610
Goa,2014,,t161_rrb_credit,Table 161: State-wise Credit of RRBs,https://www.rbi.org.in/Scripts/PublicationsView.aspx?id=23610
Gujarat,2004,653.0,t161_rrb_credit,Table 161: State-wise Credit of RRBs,https://www.rbi.org.in/Scripts/PublicationsView.aspx?id=23610
Gujarat,2005,748.0,t161_rrb_credit,Table 161: State-wise Credit of RRBs,https://www.rbi.org.in/Scripts/PublicationsView.aspx?id=23610
Gujarat,2006,935.0,t161_rrb_credit,Table 161: State-wise Credit of RRBs,https://www.rbi.org.in/Scripts/PublicationsView.aspx?id=23610
Gujarat,2007,1220.0,t161_rrb_credit,Table 161: State-wise Credit of RRBs,https://www.rbi.org.in/Scripts/PublicationsView.aspx?id=23610
Gujarat,2008,1903.0,t161_rrb_credit,Table 161: State-wise Credit of RRBs,https://www.rbi.org.in/Scripts/PublicationsView.aspx?id=23610
Gujarat,2009,2037.0,t161_rrb_credit,Table 161: State-wise Credit of RRBs,https://www.rbi.org.in/Scripts/PublicationsView.aspx?id=23610
Gujarat,2010,1888.0,t161_rrb_credit,Table 161: State-wise Credit of RRBs,https://www.rbi.org.in/Scripts/PublicationsView.aspx?id=23610
Gujarat,2011,2166.0,t161_rrb_credit,Table 161: State-wise Credit of RRBs,https://www.rbi.org.in/Scripts/PublicationsView.aspx?id=23610
Gujarat,2012,2547.0,t161_rrb_credit,Table 161: State-wise Credit of RRBs,https://www.rbi.org.in/Scripts/PublicationsView.aspx?id=23610
Gujarat,2013,3193.0,t161_rrb_credit,Table 161: State-wise Credit of RRBs,https://www.rbi.org.in/Scripts/PublicationsView.aspx?id=23610
Gujarat,2014,3833.0,t161_rrb_credit,Table 161: State-wise Credit of RRBs,https://www.rbi.org.in/Scripts/PublicationsView.aspx?id=23610
Maharashtra,2004,771.0,t161_rrb_credit,Table 161: State-wise Credit of RRBs,https://www.rbi.org.in/Scripts/PublicationsView.aspx?id=23610
Maharashtra,2005,948.0,t161_rrb_credit,Table 161: State-wise Credit of RRBs,https://www.rbi.org.in/Scripts/PublicationsView.aspx?id=23610
Maharashtra,2006,1017.0,t161_rrb_credit,Table 161: State-wise Credit of RRBs,https://www.rbi.org.in/Scripts/PublicationsView.aspx?id=23610
Maharashtra,2007,1292.0,t161_rrb_credit,Table 161: State-wise Credit of RRBs,https://www.rbi.org.in/Scripts/PublicationsView.aspx?id=23610
Maharashtra,2008,1558.0,t161_rrb_credit,Table 161: State-wise Credit of RRBs,https://www.rbi.org.in/Scripts/PublicationsView.aspx?id=23610
Maharashtra,2009,1652.0,t161_rrb_credit,Table 161: State-wise Credit of RRBs,https://www.rbi.org.in/Scripts/PublicationsView.aspx?id=23610
Maharashtra,2010,1991.0,t161_rrb_credit,Table 161: State-wise Credit of RRBs,https://www.rbi.org.in/Scripts/PublicationsView.aspx?id=23610
Maharashtra,2011,2470.0,t161_rrb_credit,Table 161: State-wise Credit of RRBs,https://www.rbi.org.in/Scripts/PublicationsView.aspx?id=23610
Maharashtra,2012,3143.0,t161_rrb_credit,Table 161: State-wise Credit of RRBs,https://www.rbi.org.in/Scripts/PublicationsView.aspx?id=23610
Maharashtra,2013,4186.0,t161_rrb_credit,Table 161: State-wise Credit of RRBs,https://www.rbi.org.in/Scripts/PublicationsView.aspx?id=23610
Maharashtra,2014,4936.0,t161_rrb_credit,Table 161: State-wise Credit of RRBs,https://www.rbi.org.in/Scripts/PublicationsView.aspx?id=23610
Andhra Pradesh,2004,3424.0,t161_rrb_credit,Table 161: State-wise Credit of RRBs,https://www.rbi.org.in/Scripts/PublicationsView.aspx?id=23610
Andhra Pradesh,2005,4472.0,t161_rrb_credit,Table 161: State-wise Credit of RRBs,https://www.rbi.org.in/Scripts/PublicationsView.aspx?id=23610
Andhra Pradesh,2006,4360.0,t161_rrb_credit,Table 161: State-wise Credit of RRBs,https://www.rbi.org.in/Scripts/PublicationsView.aspx?id=23610
Andhra Pradesh,2007,6481.0,t161_rrb_credit,Table 161: State-wise Credit of RRBs,https://www.rbi.org.in/Scripts/PublicationsView.aspx?id=23610
Andhra Pradesh,2008,7943.0,t161_rrb_credit,Table 161: State-wise Credit of RRBs,https://www.rbi.org.in/Scripts/PublicationsView.aspx?id=23610
Andhra Pradesh,2009,8892.0,t161_rrb_credit,Table 161: State-wise Credit of RRBs,https://www.rbi.org.in/Scripts/PublicationsView.aspx?id=23610
Andhra Pradesh,2010,10815.0,t161_rrb_credit,Table 161: State-wise Credit of RRBs,https://www.rbi.org.in/Scripts/PublicationsView.aspx?id=23610
Andhra Pradesh,2011,13515.0,t161_rrb_credit,Table 161: State-wise Credit of RRBs,https://www.rbi.org.in/Scripts/PublicationsView.aspx?id=23610
Andhra Pradesh,2012,16960.0,t161_rrb_credit,Table 161: State-wise Credit of RRBs,https://www.rbi.org.in/Scripts/PublicationsView.aspx?id=23610
Andhra Pradesh,2013,20454.0,t161_rrb_credit,Table 161: State-wise Credit of RRBs,https://www.rbi.org.in/Scripts/PublicationsView.aspx?id=23610
Andhra Pradesh,2014,23711.0,t161_rrb_credit,Table 161: State-wise Credit of RRBs,https://www.rbi.org.in/Scripts/PublicationsView.aspx?id=23610
Karnataka,2004,2927.0,t161_rrb_credit,Table 161: State-wise Credit of RRBs,https://www.rbi.org.in/Scripts/PublicationsView.aspx?id=23610
Karnataka,2005,3764.0,t161_rrb_credit,Table 161: State-wise Credit of RRBs,https://www.rbi.org.in/Scripts/PublicationsView.aspx?id=23610
Karnataka,2006,3469.0,t161_rrb_credit,Table 161: State-wise Credit of RRBs,https://www.rbi.org.in/Scripts/PublicationsView.aspx?id=23610
Karnataka,2007,5424.0,t161_rrb_credit,Table 161: State-wise Credit of RRBs,https://www.rbi.org.in/Scripts/PublicationsView.aspx?id=23610
Karnataka,2008,6883.0,t161_rrb_credit,Table 161: State-wise Credit of RRBs,https://www.rbi.org.in/Scripts/PublicationsView.aspx?id=23610
Karnataka,2009,7656.0,t161_rrb_credit,Table 161: State-wise Credit of RRBs,https://www.rbi.org.in/Scripts/PublicationsView.aspx?id=23610
Karnataka,2010,9557.0,t161_rrb_credit,Table 161: State-wise Credit of RRBs,https://www.rbi.org.in/Scripts/PublicationsView.aspx?id=23610
Karnataka,2011,11501.0,t161_rrb_credit,Table 161: State-wise Credit of RRBs,https://www.rbi.org.in/Scripts/PublicationsView.aspx?id=23610
Karnataka,2012,13037.0,t161_rrb_credit,Table 161: State-wise Credit of RRBs,https://www.rbi.org.in/Scripts/PublicationsView.aspx?id=23610
Karnataka,2013,15171.0,t161_rrb_credit,Table 161: State-wise Credit of RRBs,https://www.rbi.org.in/Scripts/PublicationsView.aspx?id=23610
Karnataka,2014,18159.0,t161_rrb_credit,Table 161: State-wise Credit of RRBs,https://www.rbi.org.in/Scripts/PublicationsView.aspx?id=23610
Kerala,2004,1457.0,t161_rrb_credit,Table 161: State-wise Credit of RRBs,https://www.rbi.org.in/Scripts/PublicationsView.aspx?id=23610
Kerala,2005,1886.0,t161_rrb_credit,Table 161: State-wise Credit of RRBs,https://www.rbi.org.in/Scripts/PublicationsView.aspx?id=23610
Kerala,2006,2290.0,t161_rrb_credit,Table 161: State-wise Credit of RRBs,https://www.rbi.org.in/Scripts/PublicationsView.aspx?id=23610
Kerala,2007,2886.0,t161_rrb_credit,Table 161: State-wise Credit of RRBs,https://www.rbi.org.in/Scripts/PublicationsView.aspx?id=23610
Kerala,2008,3399.0,t161_rrb_credit,Table 161: State-wise Credit of RRBs,https://www.rbi.org.in/Scripts/PublicationsView.aspx?id=23610
Kerala,2009,3678.0,t161_rrb_credit,Table 161: State-wise Credit of RRBs,https://www.rbi.org.in/Scripts/PublicationsView.aspx?id=23610
Kerala,2010,4571.0,t161_rrb_credit,Table 161: State-wise Credit of RRBs,https://www.rbi.org.in/Scripts/PublicationsView.aspx?id=23610
Kerala,2011,5325.0,t161_rrb_credit,Table 161: State-wise Credit of RRBs,https://www.rbi.org.in/Scripts/PublicationsView.aspx?id=23610
Kerala,2012,6151.0,t161_rrb_credit,Table 161: State-wise Credit of RRBs,https://www.rbi.org.in/Scripts/PublicationsView.aspx?id=23610
Kerala,2013,7560.0,t161_rrb_credit,Table 161: State-wise Credit of RRBs,https://www.rbi.org.in/Scripts/PublicationsView.aspx?id=23610
Kerala,2014,8891.0,t161_rrb_credit,Table 161: State-wise Credit of RRBs,https://www.rbi.org.in/Scripts/PublicationsView.aspx?id=23610
Lakshadweep,2004,,t161_rrb_credit,Table 161: State-wise Credit of RRBs,https://www.rbi.org.in/Scripts/PublicationsView.aspx?id=23610
Lakshadweep,2005,,t161_rrb_credit,Table 161: State-wise Credit of RRBs,https://www.rbi.org.in/Scripts/PublicationsView.aspx?id=23610
Lakshadweep,2006,,t161_rrb_credit,Table 161: State-wise Credit of RRBs,https://www.rbi.org.in/Scripts/PublicationsView.aspx?id=23610
Lakshadweep,2007,,t161_rrb_credit,Table 161: State-wise Credit of RRBs,https://www.rbi.org.in/Scripts/PublicationsView.aspx?id=23610
Lakshadweep,2008,,t161_rrb_credit,Table 161: State-wise Credit of RRBs,https://www.rbi.org.in/Scripts/PublicationsView.aspx?id=23610
Lakshadweep,2009,,t161_rrb_credit,Table 161: State-wise Credit of RRBs,https://www.rbi.org.in/Scripts/PublicationsView.aspx?id=23610
Lakshadweep,2010,,t161_rrb_credit,Table 161: State-wise Credit of RRBs,https://www.rbi.org.in/Scripts/PublicationsView.aspx?id=23610
Lakshadweep,2011,,t161_rrb_credit,Table 161: State-wise Credit of RRBs,https://www.rbi.org.in/Scripts/PublicationsView.aspx?id=23610
Lakshadweep,2012,,t161_rrb_credit,Table 161: State-wise Credit of RRBs,https://www.rbi.org.in/Scripts/PublicationsView.aspx?id=23610
Lakshadweep,2013,,t161_rrb_credit,Table 161: State-wise Credit of RRBs,https://www.rbi.org.in/Scripts/PublicationsView.aspx?id=23610
Lakshadweep,2014,,t161_rrb_credit,Table 161: State-wise Credit of RRBs,https://www.rbi.org.in/Scripts/PublicationsView.aspx?id=23610
Puducherry,2004,,t161_rrb_credit,Table 161: State-wise Credit of RRBs,https://www.rbi.org.in/Scripts/PublicationsView.aspx?id=23610
Puducherry,2005,,t161_rrb_credit,Table 161: State-wise Credit of RRBs,https://www.rbi.org.in/Scripts/PublicationsView.aspx?id=23610
Puducherry,2006,,t161_rrb_credit,Table 161: State-wise Credit of RRBs,https://www.rbi.org.in/Scripts/PublicationsView.aspx?id=23610
Puducherry,2007,,t161_rrb_credit,Table 161: State-wise Credit of RRBs,https://www.rbi.org.in/Scripts/PublicationsView.aspx?id=23610
Puducherry,2008,,t161_rrb_credit,Table 161: State-wise Credit of RRBs,https://www.rbi.org.in/Scripts/PublicationsView.aspx?id=23610
Puducherry,2009,4.0,t161_rrb_credit,Table 161: State-wise Credit of RRBs,https://www.rbi.org.in/Scripts/PublicationsView.aspx?id=23610
Puducherry,2010,45.0,t161_rrb_credit,Table 161: State-wise Credit of RRBs,https://www.rbi.org.in/Scripts/PublicationsView.aspx?id=23610
Puducherry,2011,98.0,t161_rrb_credit,Table 161: State-wise Credit of RRBs,https://www.rbi.org.in/Scripts/PublicationsView.aspx?id=23610
Puducherry,2012,169.0,t161_rrb_credit,Table 161: State-wise Credit of RRBs,https://www.rbi.org.in/Scripts/PublicationsView.aspx?id=23610
Puducherry,2013,248.0,t161_rrb_credit,Table 161: State-wise Credit of RRBs,https://www.rbi.org.in/Scripts/PublicationsView.aspx?id=23610
Puducherry,2014,302.0,t161_rrb_credit,Table 161: State-wise Credit of RRBs,https://www.rbi.org.in/Scripts/PublicationsView.aspx?id=23610
Tamil Nadu,2004,661.0,t161_rrb_credit,Table 161: State-wise Credit of RRBs,https://www.rbi.org.in/Scripts/PublicationsView.aspx?id=23610
Tamil Nadu,2005,837.0,t161_rrb_credit,Table 161: State-wise Credit of RRBs,https://www.rbi.org.in/Scripts/PublicationsView.aspx?id=23610
Tamil Nadu,2006,1095.0,t161_rrb_credit,Table 161: State-wise Credit of RRBs,https://www.rbi.org.in/Scripts/PublicationsView.aspx?id=23610
Tamil Nadu,2007,1349.0,t161_rrb_credit,Table 161: State-wise Credit of RRBs,https://www.rbi.org.in/Scripts/PublicationsView.aspx?id=23610
Tamil Nadu,2008,1714.0,t161_rrb_credit,Table 161: State-wise Credit of RRBs,https://www.rbi.org.in/Scripts/PublicationsView.aspx?id=23610
Tamil Nadu,2009,2112.0,t161_rrb_credit,Table 161: State-wise Credit of RRBs,https://www.rbi.org.in/Scripts/PublicationsView.aspx?id=23610
Tamil Nadu,2010,2708.0,t161_rrb_credit,Table 161: State-wise Credit of RRBs,https://www.rbi.org.in/Scripts/PublicationsView.aspx?id=23610
Tamil Nadu,2011,3400.0,t161_rrb_credit,Table 161: State-wise Credit of RRBs,https://www.rbi.org.in/Scripts/PublicationsView.aspx?id=23610
Tamil Nadu,2012,4406.0,t161_rrb_credit,Table 161: State-wise Credit of RRBs,https://www.rbi.org.in/Scripts/PublicationsView.aspx?id=23610
Tamil Nadu,2013,5200.0,t161_rrb_credit,Table 161: State-wise Credit of RRBs,https://www.rbi.org.in/Scripts/PublicationsView.aspx?id=23610
Tamil Nadu,2014,5585.0,t161_rrb_credit,Table 161: State-wise Credit of RRBs,https://www.rbi.org.in/Scripts/PublicationsView.aspx?id=23610
Telangana,2004,26020.0,t161_rrb_credit,Table 161: State-wise Credit of RRBs,https://www.rbi.org.in/Scripts/PublicationsView.aspx?id=23610
Telangana,2005,32689.0,t161_rrb_credit,Table 161: State-wise Credit of RRBs,https://www.rbi.org.in/Scripts/PublicationsView.aspx?id=23610
Telangana,2006,36644.0,t161_rrb_credit,Table 161: State-wise Credit of RRBs,https://www.rbi.org.in/Scripts/PublicationsView.aspx?id=23610
Telangana,2007,47855.0,t161_rrb_credit,Table 161: State-wise Credit of RRBs,https://www.rbi.org.in/Scripts/PublicationsView.aspx?id=23610
Telangana,2008,57887.0,t161_rrb_credit,Table 161: State-wise Credit of RRBs,https://www.rbi.org.in/Scripts/PublicationsView.aspx?id=23610
Telangana,2009,66829.0,t161_rrb_credit,Table 161: State-wise Credit of RRBs,https://www.rbi.org.in/Scripts/PublicationsView.aspx?id=23610
Telangana,2010,82762.0,t161_rrb_credit,Table 161: State-wise Credit of RRBs,https://www.rbi.org.in/Scripts/PublicationsView.aspx?id=23610
Telangana,2011,98119.0,t161_rrb_credit,Table 161: State-wise Credit of RRBs,https://www.rbi.org.in/Scripts/PublicationsView.aspx?id=23610
Telangana,2012,116390.0,t161_rrb_credit,Table 161: State-wise Credit of RRBs,https://www.rbi.org.in/Scripts/PublicationsView.aspx?id=23610
Telangana,2013,135862.0,t161_rrb_credit,Table 161: State-wise Credit of RRBs,https://www.rbi.org.in/Scripts/PublicationsView.aspx?id=23610
Telangana,2014,158882.0,t161_rrb_credit,Table 161: State-wise Credit of RRBs,https://www.rbi.org.in/Scripts/PublicationsView.aspx?id=23610
Chandigarh,2015,,t161_rrb_credit,Table 161: State-wise Credit of RRBs,https://www.rbi.org.in/Scripts/PublicationsView.aspx?id=23610
Chandigarh,2016,,t161_rrb_credit,Table 161: State-wise Credit of RRBs,https://www.rbi.org.in/Scripts/PublicationsView.aspx?id=23610
Chandigarh,2017,,t161_rrb_credit,Table 161: State-wise Credit of RRBs,https://www.rbi.org.in/Scripts/PublicationsView.aspx?id=23610
Chandigarh,2018,,t161_rrb_credit,Table 161: State-wise Credit of RRBs,https://www.rbi.org.in/Scripts/PublicationsView.aspx?id=23610
Chandigarh,2019,,t161_rrb_credit,Table 161: State-wise Credit of RRBs,https://www.rbi.org.in/Scripts/PublicationsView.aspx?id=23610
Chandigarh,2020,,t161_rrb_credit,Table 161: State-wise Credit of RRBs,https://www.rbi.org.in/Scripts/PublicationsView.aspx?id=23610
Chandigarh,2021,,t161_rrb_credit,Table 161: State-wise Credit of RRBs,https://www.rbi.org.in/Scripts/PublicationsView.aspx?id=23610
Chandigarh,2022,,t161_rrb_credit,Table 161: State-wise Credit of RRBs,https://www.rbi.org.in/Scripts/PublicationsView.aspx?id=23610
Chandigarh,2023,,t161_rrb_credit,Table 161: State-wise Credit of RRBs,https://www.rbi.org.in/Scripts/PublicationsView.aspx?id=23610
Chandigarh,2024,,t161_rrb_credit,Table 161: State-wise Credit of RRBs,https://www.rbi.org.in/Scripts/PublicationsView.aspx?id=23610
Chandigarh,2025,,t161_rrb_credit,Table 161: State-wise Credit of RRBs,https://www.rbi.org.in/Scripts/PublicationsView.aspx?id=23610
Delhi,2015,,t161_rrb_credit,Table 161: State-wise Credit of RRBs,https://www.rbi.org.in/Scripts/PublicationsView.aspx?id=23610
Delhi,2016,,t161_rrb_credit,Table 161: State-wise Credit of RRBs,https://www.rbi.org.in/Scripts/PublicationsView.aspx?id=23610
Delhi,2017,,t161_rrb_credit,Table 161: State-wise Credit of RRBs,https://www.rbi.org.in/Scripts/PublicationsView.aspx?id=23610
Delhi,2018,,t161_rrb_credit,Table 161: State-wise Credit of RRBs,https://www.rbi.org.in/Scripts/PublicationsView.aspx?id=23610
Delhi,2019,,t161_rrb_credit,Table 161: State-wise Credit of RRBs,https://www.rbi.org.in/Scripts/PublicationsView.aspx?id=23610
Delhi,2020,,t161_rrb_credit,Table 161: State-wise Credit of RRBs,https://www.rbi.org.in/Scripts/PublicationsView.aspx?id=23610
Delhi,2021,,t161_rrb_credit,Table 161: State-wise Credit of RRBs,https://www.rbi.org.in/Scripts/PublicationsView.aspx?id=23610
Delhi,2022,,t161_rrb_credit,Table 161: State-wise Credit of RRBs,https://www.rbi.org.in/Scripts/PublicationsView.aspx?id=23610
Delhi,2023,,t161_rrb_credit,Table 161: State-wise Credit of RRBs,https://www.rbi.org.in/Scripts/PublicationsView.aspx?id=23610
Delhi,2024,,t161_rrb_credit,Table 161: State-wise Credit of RRBs,https://www.rbi.org.in/Scripts/PublicationsView.aspx?id=23610
Delhi,2025,,t161_rrb_credit,Table 161: State-wise Credit of RRBs,https://www.rbi.org.in/Scripts/PublicationsView.aspx?id=23610
Haryana,2015,6322.0,t161_rrb_credit,Table 161: State-wise Credit of RRBs,https://www.rbi.org.in/Scripts/PublicationsView.aspx?id=23610
Haryana,2016,6934.0,t161_rrb_credit,Table 161: State-wise Credit of RRBs,https://www.rbi.org.in/Scripts/PublicationsView.aspx?id=23610
Haryana,2017,7673.0,t161_rrb_credit,Table 161: State-wise Credit of RRBs,https://www.rbi.org.in/Scripts/PublicationsView.aspx?id=23610
Haryana,2018,8797.0,t161_rrb_credit,Table 161: State-wise Credit of RRBs,https://www.rbi.org.in/Scripts/PublicationsView.aspx?id=23610
Haryana,2019,9524.0,t161_rrb_credit,Table 161: State-wise Credit of RRBs,https://www.rbi.org.in/Scripts/PublicationsView.aspx?id=23610
Haryana,2020,10152.0,t161_rrb_credit,Table 161: State-wise Credit of RRBs,https://www.rbi.org.in/Scripts/PublicationsView.aspx?id=23610
Haryana,2021,10695.0,t161_rrb_credit,Table 161: State-wise Credit of RRBs,https://www.rbi.org.in/Scripts/PublicationsView.aspx?id=23610
Haryana,2022,11842.0,t161_rrb_credit,Table 161: State-wise Credit of RRBs,https://www.rbi.org.in/Scripts/PublicationsView.aspx?id=23610
Haryana,2023,13560.0,t161_rrb_credit,Table 161: State-wise Credit of RRBs,https://www.rbi.org.in/Scripts/PublicationsView.aspx?id=23610
Haryana,2024,15542.0,t161_rrb_credit,Table 161: State-wise Credit of RRBs,https://www.rbi.org.in/Scripts/PublicationsView.aspx?id=23610
Haryana,2025,17221.0,t161_rrb_credit,Table 161: State-wise Credit of RRBs,https://www.rbi.org.in/Scripts/PublicationsView.aspx?id=23610
Himachal Pradesh,2015,1027.0,t161_rrb_credit,Table 161: State-wise Credit of RRBs,https://www.rbi.org.in/Scripts/PublicationsView.aspx?id=23610
Himachal Pradesh,2016,1164.0,t161_rrb_credit,Table 161: State-wise Credit of RRBs,https://www.rbi.org.in/Scripts/PublicationsView.aspx?id=23610
Himachal Pradesh,2017,1289.0,t161_rrb_credit,Table 161: State-wise Credit of RRBs,https://www.rbi.org.in/Scripts/PublicationsView.aspx?id=23610
Himachal Pradesh,2018,1371.0,t161_rrb_credit,Table 161: State-wise Credit of RRBs,https://www.rbi.org.in/Scripts/PublicationsView.aspx?id=23610
Himachal Pradesh,2019,1848.0,t161_rrb_credit,Table 161: State-wise Credit of RRBs,https://www.rbi.org.in/Scripts/PublicationsView.aspx?id=23610
Himachal Pradesh,2020,2116.0,t161_rrb_credit,Table 161: State-wise Credit of RRBs,https://www.rbi.org.in/Scripts/PublicationsView.aspx?id=23610
Himachal Pradesh,2021,2442.0,t161_rrb_credit,Table 161: State-wise Credit of RRBs,https://www.rbi.org.in/Scripts/PublicationsView.aspx?id=23610
Himachal Pradesh,2022,2804.0,t161_rrb_credit,Table 161: State-wise Credit of RRBs,https://www.rbi.org.in/Scripts/PublicationsView.aspx?id=23610
Himachal Pradesh,2023,3260.0,t161_rrb_credit,Table 161: State-wise Credit of RRBs,https://www.rbi.org.in/Scripts/PublicationsView.aspx?id=23610
Himachal Pradesh,2024,3793.0,t161_rrb_credit,Table 161: State-wise Credit of RRBs,https://www.rbi.org.in/Scripts/PublicationsView.aspx?id=23610
Himachal Pradesh,2025,4327.0,t161_rrb_credit,Table 161: State-wise Credit of RRBs,https://www.rbi.org.in/Scripts/PublicationsView.aspx?id=23610
Jammu & Kashmir,2015,1396.0,t161_rrb_credit,Table 161: State-wise Credit of RRBs,https://www.rbi.org.in/Scripts/PublicationsView.aspx?id=23610
Jammu & Kashmir,2016,1721.0,t161_rrb_credit,Table 161: State-wise Credit of RRBs,https://www.rbi.org.in/Scripts/PublicationsView.aspx?id=23610
Jammu & Kashmir,2017,1715.0,t161_rrb_credit,Table 161: State-wise Credit of RRBs,https://www.rbi.org.in/Scripts/PublicationsView.aspx?id=23610
Jammu & Kashmir,2018,2025.0,t161_rrb_credit,Table 161: State-wise Credit of RRBs,https://www.rbi.org.in/Scripts/PublicationsView.aspx?id=23610
Jammu & Kashmir,2019,2304.0,t161_rrb_credit,Table 161: State-wise Credit of RRBs,https://www.rbi.org.in/Scripts/PublicationsView.aspx?id=23610
Jammu & Kashmir,2020,2621.0,t161_rrb_credit,Table 161: State-wise Credit of RRBs,https://www.rbi.org.in/Scripts/PublicationsView.aspx?id=23610
Jammu & Kashmir,2021,3079.0,t161_rrb_credit,Table 161: State-wise Credit of RRBs,https://www.rbi.org.in/Scripts/PublicationsView.aspx?id=23610
Jammu & Kashmir,2022,3463.0,t161_rrb_credit,Table 161: State-wise Credit of RRBs,https://www.rbi.org.in/Scripts/PublicationsView.aspx?id=23610
Jammu & Kashmir,2023,3922.0,t161_rrb_credit,Table 161: State-wise Credit of RRBs,https://www.rbi.org.in/Scripts/PublicationsView.aspx?id=23610
Jammu & Kashmir,2024,4442.0,t161_rrb_credit,Table 161: State-wise Credit of RRBs,https://www.rbi.org.in/Scripts/PublicationsView.aspx?id=23610
Jammu & Kashmir,2025,4984.0,t161_rrb_credit,Table 161: State-wise Credit of RRBs,https://www.rbi.org.in/Scripts/PublicationsView.aspx?id=23610
Ladakh,2015,,t161_rrb_credit,Table 161: State-wise Credit of RRBs,https://www.rbi.org.in/Scripts/PublicationsView.aspx?id=23610
Ladakh,2016,,t161_rrb_credit,Table 161: State-wise Credit of RRBs,https://www.rbi.org.in/Scripts/PublicationsView.aspx?id=23610
Ladakh,2017,,t161_rrb_credit,Table 161: State-wise Credit of RRBs,https://www.rbi.org.in/Scripts/PublicationsView.aspx?id=23610
Ladakh,2018,,t161_rrb_credit,Table 161: State-wise Credit of RRBs,https://www.rbi.org.in/Scripts/PublicationsView.aspx?id=23610
Ladakh,2019,,t161_rrb_credit,Table 161: State-wise Credit of RRBs,https://www.rbi.org.in/Scripts/PublicationsView.aspx?id=23610
Ladakh,2020,20.0,t161_rrb_credit,Table 161: State-wise Credit of RRBs,https://www.rbi.org.in/Scripts/PublicationsView.aspx?id=23610
Ladakh,2021,22.0,t161_rrb_credit,Table 161: State-wise Credit of RRBs,https://www.rbi.org.in/Scripts/PublicationsView.aspx?id=23610
Ladakh,2022,23.0,t161_rrb_credit,Table 161: State-wise Credit of RRBs,https://www.rbi.org.in/Scripts/PublicationsView.aspx?id=23610
Ladakh,2023,26.0,t161_rrb_credit,Table 161: State-wise Credit of RRBs,https://www.rbi.org.in/Scripts/PublicationsView.aspx?id=23610
Ladakh,2024,38.0,t161_rrb_credit,Table 161: State-wise Credit of RRBs,https://www.rbi.org.in/Scripts/PublicationsView.aspx?id=23610
Ladakh,2025,55.0,t161_rrb_credit,Table 161: State-wise Credit of RRBs,https://www.rbi.org.in/Scripts/PublicationsView.aspx?id=23610
Punjab,2015,4466.0,t161_rrb_credit,Table 161: State-wise Credit of RRBs,https://www.rbi.org.in/Scripts/PublicationsView.aspx?id=23610
Punjab,2016,5343.0,t161_rrb_credit,Table 161: State-wise Credit of RRBs,https://www.rbi.org.in/Scripts/PublicationsView.aspx?id=23610
Punjab,2017,5852.0,t161_rrb_credit,Table 161: State-wise Credit of RRBs,https://www.rbi.org.in/Scripts/PublicationsView.aspx?id=23610
Punjab,2018,6419.0,t161_rrb_credit,Table 161: State-wise Credit of RRBs,https://www.rbi.org.in/Scripts/PublicationsView.aspx?id=23610
Punjab,2019,6700.0,t161_rrb_credit,Table 161: State-wise Credit of RRBs,https://www.rbi.org.in/Scripts/PublicationsView.aspx?id=23610
Punjab,2020,6845.0,t161_rrb_credit,Table 161: State-wise Credit of RRBs,https://www.rbi.org.in/Scripts/PublicationsView.aspx?id=23610
Punjab,2021,7626.0,t161_rrb_credit,Table 161: State-wise Credit of RRBs,https://www.rbi.org.in/Scripts/PublicationsView.aspx?id=23610
Punjab,2022,8725.0,t161_rrb_credit,Table 161: State-wise Credit of RRBs,https://www.rbi.org.in/Scripts/PublicationsView.aspx?id=23610
Punjab,2023,9714.0,t161_rrb_credit,Table 161: State-wise Credit of RRBs,https://www.rbi.org.in/Scripts/PublicationsView.aspx?id=23610
Punjab,2024,10959.0,t161_rrb_credit,Table 161: State-wise Credit of RRBs,https://www.rbi.org.in/Scripts/PublicationsView.aspx?id=23610
Punjab,2025,12204.0,t161_rrb_credit,Table 161: State-wise Credit of RRBs,https://www.rbi.org.in/Scripts/PublicationsView.aspx?id=23610
Rajasthan,2015,11746.0,t161_rrb_credit,Table 161: State-wise Credit of RRBs,https://www.rbi.org.in/Scripts/PublicationsView.aspx?id=23610
Rajasthan,2016,13585.0,t161_rrb_credit,Table 161: State-wise Credit of RRBs,https://www.rbi.org.in/Scripts/PublicationsView.aspx?id=23610
Rajasthan,2017,15205.0,t161_rrb_credit,Table 161: State-wise Credit of RRBs,https://www.rbi.org.in/Scripts/PublicationsView.aspx?id=23610
Rajasthan,2018,17270.0,t161_rrb_credit,Table 161: State-wise Credit of RRBs,https://www.rbi.org.in/Scripts/PublicationsView.aspx?id=23610
Rajasthan,2019,19783.0,t161_rrb_credit,Table 161: State-wise Credit of RRBs,https://www.rbi.org.in/Scripts/PublicationsView.aspx?id=23610
Rajasthan,2020,21529.0,t161_rrb_credit,Table 161: State-wise Credit of RRBs,https://www.rbi.org.in/Scripts/PublicationsView.aspx?id=23610
Rajasthan,2021,25231.0,t161_rrb_credit,Table 161: State-wise Credit of RRBs,https://www.rbi.org.in/Scripts/PublicationsView.aspx?id=23610
Rajasthan,2022,29841.0,t161_rrb_credit,Table 161: State-wise Credit of RRBs,https://www.rbi.org.in/Scripts/PublicationsView.aspx?id=23610
Rajasthan,2023,32639.0,t161_rrb_credit,Table 161: State-wise Credit of RRBs,https://www.rbi.org.in/Scripts/PublicationsView.aspx?id=23610
Rajasthan,2024,37181.0,t161_rrb_credit,Table 161: State-wise Credit of RRBs,https://www.rbi.org.in/Scripts/PublicationsView.aspx?id=23610
Rajasthan,2025,42733.0,t161_rrb_credit,Table 161: State-wise Credit of RRBs,https://www.rbi.org.in/Scripts/PublicationsView.aspx?id=23610
Arunachal Pradesh,2015,100.0,t161_rrb_credit,Table 161: State-wise Credit of RRBs,https://www.rbi.org.in/Scripts/PublicationsView.aspx?id=23610
Arunachal Pradesh,2016,121.0,t161_rrb_credit,Table 161: State-wise Credit of RRBs,https://www.rbi.org.in/Scripts/PublicationsView.aspx?id=23610
Arunachal Pradesh,2017,136.0,t161_rrb_credit,Table 161: State-wise Credit of RRBs,https://www.rbi.org.in/Scripts/PublicationsView.aspx?id=23610
Arunachal Pradesh,2018,178.0,t161_rrb_credit,Table 161: State-wise Credit of RRBs,https://www.rbi.org.in/Scripts/PublicationsView.aspx?id=23610
Arunachal Pradesh,2019,197.0,t161_rrb_credit,Table 161: State-wise Credit of RRBs,https://www.rbi.org.in/Scripts/PublicationsView.aspx?id=23610
Arunachal Pradesh,2020,162.0,t161_rrb_credit,Table 161: State-wise Credit of RRBs,https://www.rbi.org.in/Scripts/PublicationsView.aspx?id=23610
Arunachal Pradesh,2021,200.0,t161_rrb_credit,Table 161: State-wise Credit of RRBs,https://www.rbi.org.in/Scripts/PublicationsView.aspx?id=23610
Arunachal Pradesh,2022,257.0,t161_rrb_credit,Table 161: State-wise Credit of RRBs,https://www.rbi.org.in/Scripts/PublicationsView.aspx?id=23610
Arunachal Pradesh,2023,367.0,t161_rrb_credit,Table 161: State-wise Credit of RRBs,https://www.rbi.org.in/Scripts/PublicationsView.aspx?id=23610
Arunachal Pradesh,2024,453.0,t161_rrb_credit,Table 161: State-wise Credit of RRBs,https://www.rbi.org.in/Scripts/PublicationsView.aspx?id=23610
Arunachal Pradesh,2025,515.0,t161_rrb_credit,Table 161: State-wise Credit of RRBs,https://www.rbi.org.in/Scripts/PublicationsView.aspx?id=23610
Assam,2015,4147.0,t161_rrb_credit,Table 161: State-wise Credit of RRBs,https://www.rbi.org.in/Scripts/PublicationsView.aspx?id=23610
Assam,2016,4445.0,t161_rrb_credit,Table 161: State-wise Credit of RRBs,https://www.rbi.org.in/Scripts/PublicationsView.aspx?id=23610
Assam,2017,4515.0,t161_rrb_credit,Table 161: State-wise Credit of RRBs,https://www.rbi.org.in/Scripts/PublicationsView.aspx?id=23610
Assam,2018,4343.0,t161_rrb_credit,Table 161: State-wise Credit of RRBs,https://www.rbi.org.in/Scripts/PublicationsView.aspx?id=23610
Assam,2019,4133.0,t161_rrb_credit,Table 161: State-wise Credit of RRBs,https://www.rbi.org.in/Scripts/PublicationsView.aspx?id=23610
Assam,2020,4043.0,t161_rrb_credit,Table 161: State-wise Credit of RRBs,https://www.rbi.org.in/Scripts/PublicationsView.aspx?id=23610
Assam,2021,4404.0,t161_rrb_credit,Table 161: State-wise Credit of RRBs,https://www.rbi.org.in/Scripts/PublicationsView.aspx?id=23610
Assam,2022,5047.0,t161_rrb_credit,Table 161: State-wise Credit of RRBs,https://www.rbi.org.in/Scripts/PublicationsView.aspx?id=23610
Assam,2023,5947.0,t161_rrb_credit,Table 161: State-wise Credit of RRBs,https://www.rbi.org.in/Scripts/PublicationsView.aspx?id=23610
Assam,2024,6982.0,t161_rrb_credit,Table 161: State-wise Credit of RRBs,https://www.rbi.org.in/Scripts/PublicationsView.aspx?id=23610
Assam,2025,8107.0,t161_rrb_credit,Table 161: State-wise Credit of RRBs,https://www.rbi.org.in/Scripts/PublicationsView.aspx?id=23610
Manipur,2015,70.0,t161_rrb_credit,Table 161: State-wise Credit of RRBs,https://www.rbi.org.in/Scripts/PublicationsView.aspx?id=23610
Manipur,2016,90.0,t161_rrb_credit,Table 161: State-wise Credit of RRBs,https://www.rbi.org.in/Scripts/PublicationsView.aspx?id=23610
Manipur,2017,109.0,t161_rrb_credit,Table 161: State-wise Credit of RRBs,https://www.rbi.org.in/Scripts/PublicationsView.aspx?id=23610
Manipur,2018,128.0,t161_rrb_credit,Table 161: State-wise Credit of RRBs,https://www.rbi.org.in/Scripts/PublicationsView.aspx?id=23610
Manipur,2019,140.0,t161_rrb_credit,Table 161: State-wise Credit of RRBs,https://www.rbi.org.in/Scripts/PublicationsView.aspx?id=23610
Manipur,2020,163.0,t161_rrb_credit,Table 161: State-wise Credit of RRBs,https://www.rbi.org.in/Scripts/PublicationsView.aspx?id=23610
Manipur,2021,190.0,t161_rrb_credit,Table 161: State-wise Credit of RRBs,https://www.rbi.org.in/Scripts/PublicationsView.aspx?id=23610
Manipur,2022,222.0,t161_rrb_credit,Table 161: State-wise Credit of RRBs,https://www.rbi.org.in/Scripts/PublicationsView.aspx?id=23610
Manipur,2023,290.0,t161_rrb_credit,Table 161: State-wise Credit of RRBs,https://www.rbi.org.in/Scripts/PublicationsView.aspx?id=23610
Manipur,2024,312.0,t161_rrb_credit,Table 161: State-wise Credit of RRBs,https://www.rbi.org.in/Scripts/PublicationsView.aspx?id=23610
Manipur,2025,319.0,t161_rrb_credit,Table 161: State-wise Credit of RRBs,https://www.rbi.org.in/Scripts/PublicationsView.aspx?id=23610
Meghalaya,2015,561.0,t161_rrb_credit,Table 161: State-wise Credit of RRBs,https://www.rbi.org.in/Scripts/PublicationsView.aspx?id=23610
Meghalaya,2016,624.0,t161_rrb_credit,Table 161: State-wise Credit of RRBs,https://www.rbi.org.in/Scripts/PublicationsView.aspx?id=23610
Meghalaya,2017,656.0,t161_rrb_credit,Table 161: State-wise Credit of RRBs,https://www.rbi.org.in/Scripts/PublicationsView.aspx?id=23610
Meghalaya,2018,662.0,t161_rrb_credit,Table 161: State-wise Credit of RRBs,https://www.rbi.org.in/Scripts/PublicationsView.aspx?id=23610
Meghalaya,2019,701.0,t161_rrb_credit,Table 161: State-wise Credit of RRBs,https://www.rbi.org.in/Scripts/PublicationsView.aspx?id=23610
Meghalaya,2020,756.0,t161_rrb_credit,Table 161: State-wise Credit of RRBs,https://www.rbi.org.in/Scripts/PublicationsView.aspx?id=23610
Meghalaya,2021,842.0,t161_rrb_credit,Table 161: State-wise Credit of RRBs,https://www.rbi.org.in/Scripts/PublicationsView.aspx?id=23610
Meghalaya,2022,947.0,t161_rrb_credit,Table 161: State-wise Credit of RRBs,https://www.rbi.org.in/Scripts/PublicationsView.aspx?id=23610
Meghalaya,2023,1083.0,t161_rrb_credit,Table 161: State-wise Credit of RRBs,https://www.rbi.org.in/Scripts/PublicationsView.aspx?id=23610
Meghalaya,2024,1259.0,t161_rrb_credit,Table 161: State-wise Credit of RRBs,https://www.rbi.org.in/Scripts/PublicationsView.aspx?id=23610
Meghalaya,2025,1518.0,t161_rrb_credit,Table 161: State-wise Credit of RRBs,https://www.rbi.org.in/Scripts/PublicationsView.aspx?id=23610
Mizoram,2015,716.0,t161_rrb_credit,Table 161: State-wise Credit of RRBs,https://www.rbi.org.in/Scripts/PublicationsView.aspx?id=23610
Mizoram,2016,865.0,t161_rrb_credit,Table 161: State-wise Credit of RRBs,https://www.rbi.org.in/Scripts/PublicationsView.aspx?id=23610
Mizoram,2017,955.0,t161_rrb_credit,Table 161: State-wise Credit of RRBs,https://www.rbi.org.in/Scripts/PublicationsView.aspx?id=23610
Mizoram,2018,1090.0,t161_rrb_credit,Table 161: State-wise Credit of RRBs,https://www.rbi.org.in/Scripts/PublicationsView.aspx?id=23610
Mizoram,2019,1231.0,t161_rrb_credit,Table 161: State-wise Credit of RRBs,https://www.rbi.org.in/Scripts/PublicationsView.aspx?id=23610
Mizoram,2020,1536.0,t161_rrb_credit,Table 161: State-wise Credit of RRBs,https://www.rbi.org.in/Scripts/PublicationsView.aspx?id=23610
Mizoram,2021,2050.0,t161_rrb_credit,Table 161: State-wise Credit of RRBs,https://www.rbi.org.in/Scripts/PublicationsView.aspx?id=23610
Mizoram,2022,2508.0,t161_rrb_credit,Table 161: State-wise Credit of RRBs,https://www.rbi.org.in/Scripts/PublicationsView.aspx?id=23610
Mizoram,2023,2888.0,t161_rrb_credit,Table 161: State-wise Credit of RRBs,https://www.rbi.org.in/Scripts/PublicationsView.aspx?id=23610
Mizoram,2024,3283.0,t161_rrb_credit,Table 161: State-wise Credit of RRBs,https://www.rbi.org.in/Scripts/PublicationsView.aspx?id=23610
Mizoram,2025,3734.0,t161_rrb_credit,Table 161: State-wise Credit of RRBs,https://www.rbi.org.in/Scripts/PublicationsView.aspx?id=23610
Nagaland,2015,20.0,t161_rrb_credit,Table 161: State-wise Credit of RRBs,https://www.rbi.org.in/Scripts/PublicationsView.aspx?id=23610
Nagaland,2016,22.0,t161_rrb_credit,Table 161: State-wise Credit of RRBs,https://www.rbi.org.in/Scripts/PublicationsView.aspx?id=23610
Nagaland,2017,23.0,t161_rrb_credit,Table 161: State-wise Credit of RRBs,https://www.rbi.org.in/Scripts/PublicationsView.aspx?id=23610
Nagaland,2018,25.0,t161_rrb_credit,Table 161: State-wise Credit of RRBs,https://www.rbi.org.in/Scripts/PublicationsView.aspx?id=23610
Nagaland,2019,30.0,t161_rrb_credit,Table 161: State-wise Credit of RRBs,https://www.rbi.org.in/Scripts/PublicationsView.aspx?id=23610
Nagaland,2020,34.0,t161_rrb_credit,Table 161: State-wise Credit of RRBs,https://www.rbi.org.in/Scripts/PublicationsView.aspx?id=23610
Nagaland,2021,33.0,t161_rrb_credit,Table 161: State-wise Credit of RRBs,https://www.rbi.org.in/Scripts/PublicationsView.aspx?id=23610
Nagaland,2022,43.0,t161_rrb_credit,Table 161: State-wise Credit of RRBs,https://www.rbi.org.in/Scripts/PublicationsView.aspx?id=23610
Nagaland,2023,53.0,t161_rrb_credit,Table 161: State-wise Credit of RRBs,https://www.rbi.org.in/Scripts/PublicationsView.aspx?id=23610
Nagaland,2024,64.0,t161_rrb_credit,Table 161: State-wise Credit of RRBs,https://www.rbi.org.in/Scripts/PublicationsView.aspx?id=23610
Nagaland,2025,79.0,t161_rrb_credit,Table 161: State-wise Credit of RRBs,https://www.rbi.org.in/Scripts/PublicationsView.aspx?id=23610
Tripura,2015,1620.0,t161_rrb_credit,Table 161: State-wise Credit of RRBs,https://www.rbi.org.in/Scripts/PublicationsView.aspx?id=23610
Tripura,2016,1844.0,t161_rrb_credit,Table 161: State-wise Credit of RRBs,https://www.rbi.org.in/Scripts/PublicationsView.aspx?id=23610
Tripura,2017,1988.0,t161_rrb_credit,Table 161: State-wise Credit of RRBs,https://www.rbi.org.in/Scripts/PublicationsView.aspx?id=23610
Tripura,2018,2386.0,t161_rrb_credit,Table 161: State-wise Credit of RRBs,https://www.rbi.org.in/Scripts/PublicationsView.aspx?id=23610
Tripura,2019,2576.0,t161_rrb_credit,Table 161: State-wise Credit of RRBs,https://www.rbi.org.in/Scripts/PublicationsView.aspx?id=23610
Tripura,2020,2747.0,t161_rrb_credit,Table 161: State-wise Credit of RRBs,https://www.rbi.org.in/Scripts/PublicationsView.aspx?id=23610
Tripura,2021,2705.0,t161_rrb_credit,Table 161: State-wise Credit of RRBs,https://www.rbi.org.in/Scripts/PublicationsView.aspx?id=23610
Tripura,2022,2813.0,t161_rrb_credit,Table 161: State-wise Credit of RRBs,https://www.rbi.org.in/Scripts/PublicationsView.aspx?id=23610
Tripura,2023,3249.0,t161_rrb_credit,Table 161: State-wise Credit of RRBs,https://www.rbi.org.in/Scripts/PublicationsView.aspx?id=23610
Tripura,2024,3581.0,t161_rrb_credit,Table 161: State-wise Credit of RRBs,https://www.rbi.org.in/Scripts/PublicationsView.aspx?id=23610
Tripura,2025,4019.0,t161_rrb_credit,Table 161: State-wise Credit of RRBs,https://www.rbi.org.in/Scripts/PublicationsView.aspx?id=23610
Andaman & Nicobar Islands,2015,,t161_rrb_credit,Table 161: State-wise Credit of RRBs,https://www.rbi.org.in/Scripts/PublicationsView.aspx?id=23610
Andaman & Nicobar Islands,2016,,t161_rrb_credit,Table 161: State-wise Credit of RRBs,https://www.rbi.org.in/Scripts/PublicationsView.aspx?id=23610
Andaman & Nicobar Islands,2017,,t161_rrb_credit,Table 161: State-wise Credit of RRBs,https://www.rbi.org.in/Scripts/PublicationsView.aspx?id=23610
Andaman & Nicobar Islands,2018,,t161_rrb_credit,Table 161: State-wise Credit of RRBs,https://www.rbi.org.in/Scripts/PublicationsView.aspx?id=23610
Andaman & Nicobar Islands,2019,,t161_rrb_credit,Table 161: State-wise Credit of RRBs,https://www.rbi.org.in/Scripts/PublicationsView.aspx?id=23610
Andaman & Nicobar Islands,2020,,t161_rrb_credit,Table 161: State-wise Credit of RRBs,https://www.rbi.org.in/Scripts/PublicationsView.aspx?id=23610
Andaman & Nicobar Islands,2021,,t161_rrb_credit,Table 161: State-wise Credit of RRBs,https://www.rbi.org.in/Scripts/PublicationsView.aspx?id=23610
Andaman & Nicobar Islands,2022,,t161_rrb_credit,Table 161: State-wise Credit of RRBs,https://www.rbi.org.in/Scripts/PublicationsView.aspx?id=23610
Andaman & Nicobar Islands,2023,,t161_rrb_credit,Table 161: State-wise Credit of RRBs,https://www.rbi.org.in/Scripts/PublicationsView.aspx?id=23610
Andaman & Nicobar Islands,2024,,t161_rrb_credit,Table 161: State-wise Credit of RRBs,https://www.rbi.org.in/Scripts/PublicationsView.aspx?id=23610
Andaman & Nicobar Islands,2025,,t161_rrb_credit,Table 161: State-wise Credit of RRBs,https://www.rbi.org.in/Scripts/PublicationsView.aspx?id=23610
Bihar,2015,11590.0,t161_rrb_credit,Table 161: State-wise Credit of RRBs,https://www.rbi.org.in/Scripts/PublicationsView.aspx?id=23610
Bihar,2016,12297.0,t161_rrb_credit,Table 161: State-wise Credit of RRBs,https://www.rbi.org.in/Scripts/PublicationsView.aspx?id=23610
Bihar,2017,14621.0,t161_rrb_credit,Table 161: State-wise Credit of RRBs,https://www.rbi.org.in/Scripts/PublicationsView.aspx?id=23610
Bihar,2018,16094.0,t161_rrb_credit,Table 161: State-wise Credit of RRBs,https://www.rbi.org.in/Scripts/PublicationsView.aspx?id=23610
Bihar,2019,17685.0,t161_rrb_credit,Table 161: State-wise Credit of RRBs,https://www.rbi.org.in/Scripts/PublicationsView.aspx?id=23610
Bihar,2020,18883.0,t161_rrb_credit,Table 161: State-wise Credit of RRBs,https://www.rbi.org.in/Scripts/PublicationsView.aspx?id=23610
Bihar,2021,20390.0,t161_rrb_credit,Table 161: State-wise Credit of RRBs,https://www.rbi.org.in/Scripts/PublicationsView.aspx?id=23610
Bihar,2022,21096.0,t161_rrb_credit,Table 161: State-wise Credit of RRBs,https://www.rbi.org.in/Scripts/PublicationsView.aspx?id=23610
Bihar,2023,23452.0,t161_rrb_credit,Table 161: State-wise Credit of RRBs,https://www.rbi.org.in/Scripts/PublicationsView.aspx?id=23610
Bihar,2024,26574.0,t161_rrb_credit,Table 161: State-wise Credit of RRBs,https://www.rbi.org.in/Scripts/PublicationsView.aspx?id=23610
Bihar,2025,30493.0,t161_rrb_credit,Table 161: State-wise Credit of RRBs,https://www.rbi.org.in/Scripts/PublicationsView.aspx?id=23610
Jharkhand,2015,1858.0,t161_rrb_credit,Table 161: State-wise Credit of RRBs,https://www.rbi.org.in/Scripts/PublicationsView.aspx?id=23610
Jharkhand,2016,2152.0,t161_rrb_credit,Table 161: State-wise Credit of RRBs,https://www.rbi.org.in/Scripts/PublicationsView.aspx?id=23610
Jharkhand,2017,2326.0,t161_rrb_credit,Table 161: State-wise Credit of RRBs,https://www.rbi.org.in/Scripts/PublicationsView.aspx?id=23610
Jharkhand,2018,2544.0,t161_rrb_credit,Table 161: State-wise Credit of RRBs,https://www.rbi.org.in/Scripts/PublicationsView.aspx?id=23610
Jharkhand,2019,2711.0,t161_rrb_credit,Table 161: State-wise Credit of RRBs,https://www.rbi.org.in/Scripts/PublicationsView.aspx?id=23610
Jharkhand,2020,3100.0,t161_rrb_credit,Table 161: State-wise Credit of RRBs,https://www.rbi.org.in/Scripts/PublicationsView.aspx?id=23610
Jharkhand,2021,3450.0,t161_rrb_credit,Table 161: State-wise Credit of RRBs,https://www.rbi.org.in/Scripts/PublicationsView.aspx?id=23610
Jharkhand,2022,4007.0,t161_rrb_credit,Table 161: State-wise Credit of RRBs,https://www.rbi.org.in/Scripts/PublicationsView.aspx?id=23610
Jharkhand,2023,4898.0,t161_rrb_credit,Table 161: State-wise Credit of RRBs,https://www.rbi.org.in/Scripts/PublicationsView.aspx?id=23610
Jharkhand,2024,5878.0,t161_rrb_credit,Table 161: State-wise Credit of RRBs,https://www.rbi.org.in/Scripts/PublicationsView.aspx?id=23610
Jharkhand,2025,6897.0,t161_rrb_credit,Table 161: State-wise Credit of RRBs,https://www.rbi.org.in/Scripts/PublicationsView.aspx?id=23610
Odisha,2015,6963.0,t161_rrb_credit,Table 161: State-wise Credit of RRBs,https://www.rbi.org.in/Scripts/PublicationsView.aspx?id=23610
Odisha,2016,7361.0,t161_rrb_credit,Table 161: State-wise Credit of RRBs,https://www.rbi.org.in/Scripts/PublicationsView.aspx?id=23610
Odisha,2017,7453.0,t161_rrb_credit,Table 161: State-wise Credit of RRBs,https://www.rbi.org.in/Scripts/PublicationsView.aspx?id=23610
Odisha,2018,7750.0,t161_rrb_credit,Table 161: State-wise Credit of RRBs,https://www.rbi.org.in/Scripts/PublicationsView.aspx?id=23610
Odisha,2019,7729.0,t161_rrb_credit,Table 161: State-wise Credit of RRBs,https://www.rbi.org.in/Scripts/PublicationsView.aspx?id=23610
Odisha,2020,8017.0,t161_rrb_credit,Table 161: State-wise Credit of RRBs,https://www.rbi.org.in/Scripts/PublicationsView.aspx?id=23610
Odisha,2021,8606.0,t161_rrb_credit,Table 161: State-wise Credit of RRBs,https://www.rbi.org.in/Scripts/PublicationsView.aspx?id=23610
Odisha,2022,9396.0,t161_rrb_credit,Table 161: State-wise Credit of RRBs,https://www.rbi.org.in/Scripts/PublicationsView.aspx?id=23610
Odisha,2023,11504.0,t161_rrb_credit,Table 161: State-wise Credit of RRBs,https://www.rbi.org.in/Scripts/PublicationsView.aspx?id=23610
Odisha,2024,13726.0,t161_rrb_credit,Table 161: State-wise Credit of RRBs,https://www.rbi.org.in/Scripts/PublicationsView.aspx?id=23610
Odisha,2025,16250.0,t161_rrb_credit,Table 161: State-wise Credit of RRBs,https://www.rbi.org.in/Scripts/PublicationsView.aspx?id=23610
Sikkim,2015,,t161_rrb_credit,Table 161: State-wise Credit of RRBs,https://www.rbi.org.in/Scripts/PublicationsView.aspx?id=23610
Sikkim,2016,,t161_rrb_credit,Table 161: State-wise Credit of RRBs,https://www.rbi.org.in/Scripts/PublicationsView.aspx?id=23610
Sikkim,2017,,t161_rrb_credit,Table 161: State-wise Credit of RRBs,https://www.rbi.org.in/Scripts/PublicationsView.aspx?id=23610
Sikkim,2018,,t161_rrb_credit,Table 161: State-wise Credit of RRBs,https://www.rbi.org.in/Scripts/PublicationsView.aspx?id=23610
Sikkim,2019,,t161_rrb_credit,Table 161: State-wise Credit of RRBs,https://www.rbi.org.in/Scripts/PublicationsView.aspx?id=23610
Sikkim,2020,,t161_rrb_credit,Table 161: State-wise Credit of RRBs,https://www.rbi.org.in/Scripts/PublicationsView.aspx?id=23610
Sikkim,2021,,t161_rrb_credit,Table 161: State-wise Credit of RRBs,https://www.rbi.org.in/Scripts/PublicationsView.aspx?id=23610
Sikkim,2022,,t161_rrb_credit,Table 161: State-wise Credit of RRBs,https://www.rbi.org.in/Scripts/PublicationsView.aspx?id=23610
Sikkim,2023,,t161_rrb_credit,Table 161: State-wise Credit of RRBs,https://www.rbi.org.in/Scripts/PublicationsView.aspx?id=23610
Sikkim,2024,,t161_rrb_credit,Table 161: State-wise Credit of RRBs,https://www.rbi.org.in/Scripts/PublicationsView.aspx?id=23610
Sikkim,2025,,t161_rrb_credit,Table 161: State-wise Credit of RRBs,https://www.rbi.org.in/Scripts/PublicationsView.aspx?id=23610
West Bengal,2015,7695.0,t161_rrb_credit,Table 161: State-wise Credit of RRBs,https://www.rbi.org.in/Scripts/PublicationsView.aspx?id=23610
West Bengal,2016,8671.0,t161_rrb_credit,Table 161: State-wise Credit of RRBs,https://www.rbi.org.in/Scripts/PublicationsView.aspx?id=23610
West Bengal,2017,9195.0,t161_rrb_credit,Table 161: State-wise Credit of RRBs,https://www.rbi.org.in/Scripts/PublicationsView.aspx?id=23610
West Bengal,2018,9891.0,t161_rrb_credit,Table 161: State-wise Credit of RRBs,https://www.rbi.org.in/Scripts/PublicationsView.aspx?id=23610
West Bengal,2019,10754.0,t161_rrb_credit,Table 161: State-wise Credit of RRBs,https://www.rbi.org.in/Scripts/PublicationsView.aspx?id=23610
West Bengal,2020,11247.0,t161_rrb_credit,Table 161: State-wise Credit of RRBs,https://www.rbi.org.in/Scripts/PublicationsView.aspx?id=23610
West Bengal,2021,12599.0,t161_rrb_credit,Table 161: State-wise Credit of RRBs,https://www.rbi.org.in/Scripts/PublicationsView.aspx?id=23610
West Bengal,2022,13654.0,t161_rrb_credit,Table 161: State-wise Credit of RRBs,https://www.rbi.org.in/Scripts/PublicationsView.aspx?id=23610
West Bengal,2023,14982.0,t161_rrb_credit,Table 161: State-wise Credit of RRBs,https://www.rbi.org.in/Scripts/PublicationsView.aspx?id=23610
West Bengal,2024,16653.0,t161_rrb_credit,Table 161: State-wise Credit of RRBs,https://www.rbi.org.in/Scripts/PublicationsView.aspx?id=23610
West Bengal,2025,18486.0,t161_rrb_credit,Table 161: State-wise Credit of RRBs,https://www.rbi.org.in/Scripts/PublicationsView.aspx?id=23610
Chhattisgarh,2015,2271.0,t161_rrb_credit,Table 161: State-wise Credit of RRBs,https://www.rbi.org.in/Scripts/PublicationsView.aspx?id=23610
Chhattisgarh,2016,2545.0,t161_rrb_credit,Table 161: State-wise Credit of RRBs,https://www.rbi.org.in/Scripts/PublicationsView.aspx?id=23610
Chhattisgarh,2017,2638.0,t161_rrb_credit,Table 161: State-wise Credit of RRBs,https://www.rbi.org.in/Scripts/PublicationsView.aspx?id=23610
Chhattisgarh,2018,2835.0,t161_rrb_credit,Table 161: State-wise Credit of RRBs,https://www.rbi.org.in/Scripts/PublicationsView.aspx?id=23610
Chhattisgarh,2019,3047.0,t161_rrb_credit,Table 161: State-wise Credit of RRBs,https://www.rbi.org.in/Scripts/PublicationsView.aspx?id=23610
Chhattisgarh,2020,3511.0,t161_rrb_credit,Table 161: State-wise Credit of RRBs,https://www.rbi.org.in/Scripts/PublicationsView.aspx?id=23610
Chhattisgarh,2021,4452.0,t161_rrb_credit,Table 161: State-wise Credit of RRBs,https://www.rbi.org.in/Scripts/PublicationsView.aspx?id=23610
Chhattisgarh,2022,5211.0,t161_rrb_credit,Table 161: State-wise Credit of RRBs,https://www.rbi.org.in/Scripts/PublicationsView.aspx?id=23610
Chhattisgarh,2023,6416.0,t161_rrb_credit,Table 161: State-wise Credit of RRBs,https://www.rbi.org.in/Scripts/PublicationsView.aspx?id=23610
Chhattisgarh,2024,8034.0,t161_rrb_credit,Table 161: State-wise Credit of RRBs,https://www.rbi.org.in/Scripts/PublicationsView.aspx?id=23610
Chhattisgarh,2025,9994.0,t161_rrb_credit,Table 161: State-wise Credit of RRBs,https://www.rbi.org.in/Scripts/PublicationsView.aspx?id=23610
Madhya Pradesh,2015,9137.0,t161_rrb_credit,Table 161: State-wise Credit of RRBs,https://www.rbi.org.in/Scripts/PublicationsView.aspx?id=23610
Madhya Pradesh,2016,10428.0,t161_rrb_credit,Table 161: State-wise Credit of RRBs,https://www.rbi.org.in/Scripts/PublicationsView.aspx?id=23610
Madhya Pradesh,2017,10942.0,t161_rrb_credit,Table 161: State-wise Credit of RRBs,https://www.rbi.org.in/Scripts/PublicationsView.aspx?id=23610
Madhya Pradesh,2018,11649.0,t161_rrb_credit,Table 161: State-wise Credit of RRBs,https://www.rbi.org.in/Scripts/PublicationsView.aspx?id=23610
Madhya Pradesh,2019,11903.0,t161_rrb_credit,Table 161: State-wise Credit of RRBs,https://www.rbi.org.in/Scripts/PublicationsView.aspx?id=23610
Madhya Pradesh,2020,12161.0,t161_rrb_credit,Table 161: State-wise Credit of RRBs,https://www.rbi.org.in/Scripts/PublicationsView.aspx?id=23610
Madhya Pradesh,2021,13362.0,t161_rrb_credit,Table 161: State-wise Credit of RRBs,https://www.rbi.org.in/Scripts/PublicationsView.aspx?id=23610
Madhya Pradesh,2022,15221.0,t161_rrb_credit,Table 161: State-wise Credit of RRBs,https://www.rbi.org.in/Scripts/PublicationsView.aspx?id=23610
Madhya Pradesh,2023,17722.0,t161_rrb_credit,Table 161: State-wise Credit of RRBs,https://www.rbi.org.in/Scripts/PublicationsView.aspx?id=23610
Madhya Pradesh,2024,20013.0,t161_rrb_credit,Table 161: State-wise Credit of RRBs,https://www.rbi.org.in/Scripts/PublicationsView.aspx?id=23610
Madhya Pradesh,2025,21812.0,t161_rrb_credit,Table 161: State-wise Credit of RRBs,https://www.rbi.org.in/Scripts/PublicationsView.aspx?id=23610
Uttarakhand,2015,1756.0,t161_rrb_credit,Table 161: State-wise Credit of RRBs,https://www.rbi.org.in/Scripts/PublicationsView.aspx?id=23610
Uttarakhand,2016,1951.0,t161_rrb_credit,Table 161: State-wise Credit of RRBs,https://www.rbi.org.in/Scripts/PublicationsView.aspx?id=23610
Uttarakhand,2017,1988.0,t161_rrb_credit,Table 161: State-wise Credit of RRBs,https://www.rbi.org.in/Scripts/PublicationsView.aspx?id=23610
Uttarakhand,2018,2136.0,t161_rrb_credit,Table 161: State-wise Credit of RRBs,https://www.rbi.org.in/Scripts/PublicationsView.aspx?id=23610
Uttarakhand,2019,2290.0,t161_rrb_credit,Table 161: State-wise Credit of RRBs,https://www.rbi.org.in/Scripts/PublicationsView.aspx?id=23610
Uttarakhand,2020,2437.0,t161_rrb_credit,Table 161: State-wise Credit of RRBs,https://www.rbi.org.in/Scripts/PublicationsView.aspx?id=23610
Uttarakhand,2021,2606.0,t161_rrb_credit,Table 161: State-wise Credit of RRBs,https://www.rbi.org.in/Scripts/PublicationsView.aspx?id=23610
Uttarakhand,2022,2801.0,t161_rrb_credit,Table 161: State-wise Credit of RRBs,https://www.rbi.org.in/Scripts/PublicationsView.aspx?id=23610
Uttarakhand,2023,3157.0,t161_rrb_credit,Table 161: State-wise Credit of RRBs,https://www.rbi.org.in/Scripts/PublicationsView.aspx?id=23610
Uttarakhand,2024,3759.0,t161_rrb_credit,Table 161: State-wise Credit of RRBs,https://www.rbi.org.in/Scripts/PublicationsView.aspx?id=23610
Uttarakhand,2025,4589.0,t161_rrb_credit,Table 161: State-wise Credit of RRBs,https://www.rbi.org.in/Scripts/PublicationsView.aspx?id=23610
Uttar Pradesh,2015,32382.0,t161_rrb_credit,Table 161: State-wise Credit of RRBs,https://www.rbi.org.in/Scripts/PublicationsView.aspx?id=23610
Uttar Pradesh,2016,38388.0,t161_rrb_credit,Table 161: State-wise Credit of RRBs,https://www.rbi.org.in/Scripts/PublicationsView.aspx?id=23610
Uttar Pradesh,2017,42020.0,t161_rrb_credit,Table 161: State-wise Credit of RRBs,https://www.rbi.org.in/Scripts/PublicationsView.aspx?id=23610
Uttar Pradesh,2018,44672.0,t161_rrb_credit,Table 161: State-wise Credit of RRBs,https://www.rbi.org.in/Scripts/PublicationsView.aspx?id=23610
Uttar Pradesh,2019,51082.0,t161_rrb_credit,Table 161: State-wise Credit of RRBs,https://www.rbi.org.in/Scripts/PublicationsView.aspx?id=23610
Uttar Pradesh,2020,52623.0,t161_rrb_credit,Table 161: State-wise Credit of RRBs,https://www.rbi.org.in/Scripts/PublicationsView.aspx?id=23610
Uttar Pradesh,2021,57601.0,t161_rrb_credit,Table 161: State-wise Credit of RRBs,https://www.rbi.org.in/Scripts/PublicationsView.aspx?id=23610
Uttar Pradesh,2022,60803.0,t161_rrb_credit,Table 161: State-wise Credit of RRBs,https://www.rbi.org.in/Scripts/PublicationsView.aspx?id=23610
Uttar Pradesh,2023,68188.0,t161_rrb_credit,Table 161: State-wise Credit of RRBs,https://www.rbi.org.in/Scripts/PublicationsView.aspx?id=23610
Uttar Pradesh,2024,76044.0,t161_rrb_credit,Table 161: State-wise Credit of RRBs,https://www.rbi.org.in/Scripts/PublicationsView.aspx?id=23610
Uttar Pradesh,2025,82689.0,t161_rrb_credit,Table 161: State-wise Credit of RRBs,https://www.rbi.org.in/Scripts/PublicationsView.aspx?id=23610
Dadra & Nagar Haveli,2015,,t161_rrb_credit,Table 161: State-wise Credit of RRBs,https://www.rbi.org.in/Scripts/PublicationsView.aspx?id=23610
Dadra & Nagar Haveli,2016,,t161_rrb_credit,Table 161: State-wise Credit of RRBs,https://www.rbi.org.in/Scripts/PublicationsView.aspx?id=23610
Dadra & Nagar Haveli,2017,,t161_rrb_credit,Table 161: State-wise Credit of RRBs,https://www.rbi.org.in/Scripts/PublicationsView.aspx?id=23610
Dadra & Nagar Haveli,2018,,t161_rrb_credit,Table 161: State-wise Credit of RRBs,https://www.rbi.org.in/Scripts/PublicationsView.aspx?id=23610
Dadra & Nagar Haveli,2019,,t161_rrb_credit,Table 161: State-wise Credit of RRBs,https://www.rbi.org.in/Scripts/PublicationsView.aspx?id=23610
Dadra & Nagar Haveli,2020,,t161_rrb_credit,Table 161: State-wise Credit of RRBs,https://www.rbi.org.in/Scripts/PublicationsView.aspx?id=23610
Dadra & Nagar Haveli,2021,,t161_rrb_credit,Table 161: State-wise Credit of RRBs,https://www.rbi.org.in/Scripts/PublicationsView.aspx?id=23610
Dadra & Nagar Haveli,2022,,t161_rrb_credit,Table 161: State-wise Credit of RRBs,https://www.rbi.org.in/Scripts/PublicationsView.aspx?id=23610
Dadra & Nagar Haveli,2023,,t161_rrb_credit,Table 161: State-wise Credit of RRBs,https://www.rbi.org.in/Scripts/PublicationsView.aspx?id=23610
Dadra & Nagar Haveli,2024,,t161_rrb_credit,Table 161: State-wise Credit of RRBs,https://www.rbi.org.in/Scripts/PublicationsView.aspx?id=23610
Dadra & Nagar Haveli,2025,,t161_rrb_credit,Table 161: State-wise Credit of RRBs,https://www.rbi.org.in/Scripts/PublicationsView.aspx?id=23610
Daman & Diu,2015,,t161_rrb_credit,Table 161: State-wise Credit of RRBs,https://www.rbi.org.in/Scripts/PublicationsView.aspx?id=23610
Daman & Diu,2016,,t161_rrb_credit,Table 161: State-wise Credit of RRBs,https://www.rbi.org.in/Scripts/PublicationsView.aspx?id=23610
Daman & Diu,2017,,t161_rrb_credit,Table 161: State-wise Credit of RRBs,https://www.rbi.org.in/Scripts/PublicationsView.aspx?id=23610
Daman & Diu,2018,,t161_rrb_credit,Table 161: State-wise Credit of RRBs,https://www.rbi.org.in/Scripts/PublicationsView.aspx?id=23610
Daman & Diu,2019,,t161_rrb_credit,Table 161: State-wise Credit of RRBs,https://www.rbi.org.in/Scripts/PublicationsView.aspx?id=23610
Daman & Diu,2020,,t161_rrb_credit,Table 161: State-wise Credit of RRBs,https://www.rbi.org.in/Scripts/PublicationsView.aspx?id=23610
Daman & Diu,2021,,t161_rrb_credit,Table 161: State-wise Credit of RRBs,https://www.rbi.org.in/Scripts/PublicationsView.aspx?id=23610
Daman & Diu,2022,,t161_rrb_credit,Table 161: State-wise Credit of RRBs,https://www.rbi.org.in/Scripts/PublicationsView.aspx?id=23610
Daman & Diu,2023,,t161_rrb_credit,Table 161: State-wise Credit of RRBs,https://www.rbi.org.in/Scripts/PublicationsView.aspx?id=23610
Daman & Diu,2024,,t161_rrb_credit,Table 161: State-wise Credit of RRBs,https://www.rbi.org.in/Scripts/PublicationsView.aspx?id=23610
Daman & Diu,2025,,t161_rrb_credit,Table 161: State-wise Credit of RRBs,https://www.rbi.org.in/Scripts/PublicationsView.aspx?id=23610
Goa,2015,,t161_rrb_credit,Table 161: State-wise Credit of RRBs,https://www.rbi.org.in/Scripts/PublicationsView.aspx?id=23610
Goa,2016,,t161_rrb_credit,Table 161: State-wise Credit of RRBs,https://www.rbi.org.in/Scripts/PublicationsView.aspx?id=23610
Goa,2017,,t161_rrb_credit,Table 161: State-wise Credit of RRBs,https://www.rbi.org.in/Scripts/PublicationsView.aspx?id=23610
Goa,2018,,t161_rrb_credit,Table 161: State-wise Credit of RRBs,https://www.rbi.org.in/Scripts/PublicationsView.aspx?id=23610
Goa,2019,,t161_rrb_credit,Table 161: State-wise Credit of RRBs,https://www.rbi.org.in/Scripts/PublicationsView.aspx?id=23610
Goa,2020,,t161_rrb_credit,Table 161: State-wise Credit of RRBs,https://www.rbi.org.in/Scripts/PublicationsView.aspx?id=23610
Goa,2021,,t161_rrb_credit,Table 161: State-wise Credit of RRBs,https://www.rbi.org.in/Scripts/PublicationsView.aspx?id=23610
Goa,2022,,t161_rrb_credit,Table 161: State-wise Credit of RRBs,https://www.rbi.org.in/Scripts/PublicationsView.aspx?id=23610
Goa,2023,,t161_rrb_credit,Table 161: State-wise Credit of RRBs,https://www.rbi.org.in/Scripts/PublicationsView.aspx?id=23610
Goa,2024,,t161_rrb_credit,Table 161: State-wise Credit of RRBs,https://www.rbi.org.in/Scripts/PublicationsView.aspx?id=23610
Goa,2025,,t161_rrb_credit,Table 161: State-wise Credit of RRBs,https://www.rbi.org.in/Scripts/PublicationsView.aspx?id=23610
Gujarat,2015,4362.0,t161_rrb_credit,Table 161: State-wise Credit of RRBs,https://www.rbi.org.in/Scripts/PublicationsView.aspx?id=23610
Gujarat,2016,5307.0,t161_rrb_credit,Table 161: State-wise Credit of RRBs,https://www.rbi.org.in/Scripts/PublicationsView.aspx?id=23610
Gujarat,2017,6350.0,t161_rrb_credit,Table 161: State-wise Credit of RRBs,https://www.rbi.org.in/Scripts/PublicationsView.aspx?id=23610
Gujarat,2018,7517.0,t161_rrb_credit,Table 161: State-wise Credit of RRBs,https://www.rbi.org.in/Scripts/PublicationsView.aspx?id=23610
Gujarat,2019,8614.0,t161_rrb_credit,Table 161: State-wise Credit of RRBs,https://www.rbi.org.in/Scripts/PublicationsView.aspx?id=23610
Gujarat,2020,9389.0,t161_rrb_credit,Table 161: State-wise Credit of RRBs,https://www.rbi.org.in/Scripts/PublicationsView.aspx?id=23610
Gujarat,2021,10468.0,t161_rrb_credit,Table 161: State-wise Credit of RRBs,https://www.rbi.org.in/Scripts/PublicationsView.aspx?id=23610
Gujarat,2022,11452.0,t161_rrb_credit,Table 161: State-wise Credit of RRBs,https://www.rbi.org.in/Scripts/PublicationsView.aspx?id=23610
Gujarat,2023,13161.0,t161_rrb_credit,Table 161: State-wise Credit of RRBs,https://www.rbi.org.in/Scripts/PublicationsView.aspx?id=23610
Gujarat,2024,15232.0,t161_rrb_credit,Table 161: State-wise Credit of RRBs,https://www.rbi.org.in/Scripts/PublicationsView.aspx?id=23610
Gujarat,2025,17537.0,t161_rrb_credit,Table 161: State-wise Credit of RRBs,https://www.rbi.org.in/Scripts/PublicationsView.aspx?id=23610
Maharashtra,2015,5903.0,t161_rrb_credit,Table 161: State-wise Credit of RRBs,https://www.rbi.org.in/Scripts/PublicationsView.aspx?id=23610
Maharashtra,2016,6935.0,t161_rrb_credit,Table 161: State-wise Credit of RRBs,https://www.rbi.org.in/Scripts/PublicationsView.aspx?id=23610
Maharashtra,2017,7794.0,t161_rrb_credit,Table 161: State-wise Credit of RRBs,https://www.rbi.org.in/Scripts/PublicationsView.aspx?id=23610
Maharashtra,2018,7221.0,t161_rrb_credit,Table 161: State-wise Credit of RRBs,https://www.rbi.org.in/Scripts/PublicationsView.aspx?id=23610
Maharashtra,2019,8614.0,t161_rrb_credit,Table 161: State-wise Credit of RRBs,https://www.rbi.org.in/Scripts/PublicationsView.aspx?id=23610
Maharashtra,2020,8454.0,t161_rrb_credit,Table 161: State-wise Credit of RRBs,https://www.rbi.org.in/Scripts/PublicationsView.aspx?id=23610
Maharashtra,2021,10119.0,t161_rrb_credit,Table 161: State-wise Credit of RRBs,https://www.rbi.org.in/Scripts/PublicationsView.aspx?id=23610
Maharashtra,2022,11712.0,t161_rrb_credit,Table 161: State-wise Credit of RRBs,https://www.rbi.org.in/Scripts/PublicationsView.aspx?id=23610
Maharashtra,2023,13828.0,t161_rrb_credit,Table 161: State-wise Credit of RRBs,https://www.rbi.org.in/Scripts/PublicationsView.aspx?id=23610
Maharashtra,2024,15533.0,t161_rrb_credit,Table 161: State-wise Credit of RRBs,https://www.rbi.org.in/Scripts/PublicationsView.aspx?id=23610
Maharashtra,2025,16774.0,t161_rrb_credit,Table 161: State-wise Credit of RRBs,https://www.rbi.org.in/Scripts/PublicationsView.aspx?id=23610
Andhra Pradesh,2015,15506.0,t161_rrb_credit,Table 161: State-wise Credit of RRBs,https://www.rbi.org.in/Scripts/PublicationsView.aspx?id=23610
Andhra Pradesh,2016,17433.0,t161_rrb_credit,Table 161: State-wise Credit of RRBs,https://www.rbi.org.in/Scripts/PublicationsView.aspx?id=23610
Andhra Pradesh,2017,20400.0,t161_rrb_credit,Table 161: State-wise Credit of RRBs,https://www.rbi.org.in/Scripts/PublicationsView.aspx?id=23610
Andhra Pradesh,2018,24520.0,t161_rrb_credit,Table 161: State-wise Credit of RRBs,https://www.rbi.org.in/Scripts/PublicationsView.aspx?id=23610
Andhra Pradesh,2019,29097.0,t161_rrb_credit,Table 161: State-wise Credit of RRBs,https://www.rbi.org.in/Scripts/PublicationsView.aspx?id=23610
Andhra Pradesh,2020,31908.0,t161_rrb_credit,Table 161: State-wise Credit of RRBs,https://www.rbi.org.in/Scripts/PublicationsView.aspx?id=23610
Andhra Pradesh,2021,38244.0,t161_rrb_credit,Table 161: State-wise Credit of RRBs,https://www.rbi.org.in/Scripts/PublicationsView.aspx?id=23610
Andhra Pradesh,2022,42934.0,t161_rrb_credit,Table 161: State-wise Credit of RRBs,https://www.rbi.org.in/Scripts/PublicationsView.aspx?id=23610
Andhra Pradesh,2023,47154.0,t161_rrb_credit,Table 161: State-wise Credit of RRBs,https://www.rbi.org.in/Scripts/PublicationsView.aspx?id=23610
Andhra Pradesh,2024,56806.0,t161_rrb_credit,Table 161: State-wise Credit of RRBs,https://www.rbi.org.in/Scripts/PublicationsView.aspx?id=23610
Andhra Pradesh,2025,62573.0,t161_rrb_credit,Table 161: State-wise Credit of RRBs,https://www.rbi.org.in/Scripts/PublicationsView.aspx?id=23610
Karnataka,2015,21793.0,t161_rrb_credit,Table 161: State-wise Credit of RRBs,https://www.rbi.org.in/Scripts/PublicationsView.aspx?id=23610
Karnataka,2016,24980.0,t161_rrb_credit,Table 161: State-wise Credit of RRBs,https://www.rbi.org.in/Scripts/PublicationsView.aspx?id=23610
Karnataka,2017,27753.0,t161_rrb_credit,Table 161: State-wise Credit of RRBs,https://www.rbi.org.in/Scripts/PublicationsView.aspx?id=23610
Karnataka,2018,31085.0,t161_rrb_credit,Table 161: State-wise Credit of RRBs,https://www.rbi.org.in/Scripts/PublicationsView.aspx?id=23610
Karnataka,2019,32757.0,t161_rrb_credit,Table 161: State-wise Credit of RRBs,https://www.rbi.org.in/Scripts/PublicationsView.aspx?id=23610
Karnataka,2020,32938.0,t161_rrb_credit,Table 161: State-wise Credit of RRBs,https://www.rbi.org.in/Scripts/PublicationsView.aspx?id=23610
Karnataka,2021,36730.0,t161_rrb_credit,Table 161: State-wise Credit of RRBs,https://www.rbi.org.in/Scripts/PublicationsView.aspx?id=23610
Karnataka,2022,38526.0,t161_rrb_credit,Table 161: State-wise Credit of RRBs,https://www.rbi.org.in/Scripts/PublicationsView.aspx?id=23610
Karnataka,2023,41949.0,t161_rrb_credit,Table 161: State-wise Credit of RRBs,https://www.rbi.org.in/Scripts/PublicationsView.aspx?id=23610
Karnataka,2024,45471.0,t161_rrb_credit,Table 161: State-wise Credit of RRBs,https://www.rbi.org.in/Scripts/PublicationsView.aspx?id=23610
Karnataka,2025,49338.0,t161_rrb_credit,Table 161: State-wise Credit of RRBs,https://www.rbi.org.in/Scripts/PublicationsView.aspx?id=23610
Kerala,2015,10466.0,t161_rrb_credit,Table 161: State-wise Credit of RRBs,https://www.rbi.org.in/Scripts/PublicationsView.aspx?id=23610
Kerala,2016,11925.0,t161_rrb_credit,Table 161: State-wise Credit of RRBs,https://www.rbi.org.in/Scripts/PublicationsView.aspx?id=23610
Kerala,2017,13741.0,t161_rrb_credit,Table 161: State-wise Credit of RRBs,https://www.rbi.org.in/Scripts/PublicationsView.aspx?id=23610
Kerala,2018,16319.0,t161_rrb_credit,Table 161: State-wise Credit of RRBs,https://www.rbi.org.in/Scripts/PublicationsView.aspx?id=23610
Kerala,2019,17895.0,t161_rrb_credit,Table 161: State-wise Credit of RRBs,https://www.rbi.org.in/Scripts/PublicationsView.aspx?id=23610
Kerala,2020,17910.0,t161_rrb_credit,Table 161: State-wise Credit of RRBs,https://www.rbi.org.in/Scripts/PublicationsView.aspx?id=23610
Kerala,2021,18456.0,t161_rrb_credit,Table 161: State-wise Credit of RRBs,https://www.rbi.org.in/Scripts/PublicationsView.aspx?id=23610
Kerala,2022,19265.0,t161_rrb_credit,Table 161: State-wise Credit of RRBs,https://www.rbi.org.in/Scripts/PublicationsView.aspx?id=23610
Kerala,2023,21866.0,t161_rrb_credit,Table 161: State-wise Credit of RRBs,https://www.rbi.org.in/Scripts/PublicationsView.aspx?id=23610
Kerala,2024,24388.0,t161_rrb_credit,Table 161: State-wise Credit of RRBs,https://www.rbi.org.in/Scripts/PublicationsView.aspx?id=23610
Kerala,2025,27561.0,t161_rrb_credit,Table 161: State-wise Credit of RRBs,https://www.rbi.org.in/Scripts/PublicationsView.aspx?id=23610
Lakshadweep,2015,,t161_rrb_credit,Table 161: State-wise Credit of RRBs,https://www.rbi.org.in/Scripts/PublicationsView.aspx?id=23610
Lakshadweep,2016,,t161_rrb_credit,Table 161: State-wise Credit of RRBs,https://www.rbi.org.in/Scripts/PublicationsView.aspx?id=23610
Lakshadweep,2017,,t161_rrb_credit,Table 161: State-wise Credit of RRBs,https://www.rbi.org.in/Scripts/PublicationsView.aspx?id=23610
Lakshadweep,2018,,t161_rrb_credit,Table 161: State-wise Credit of RRBs,https://www.rbi.org.in/Scripts/PublicationsView.aspx?id=23610
Lakshadweep,2019,,t161_rrb_credit,Table 161: State-wise Credit of RRBs,https://www.rbi.org.in/Scripts/PublicationsView.aspx?id=23610
Lakshadweep,2020,,t161_rrb_credit,Table 161: State-wise Credit of RRBs,https://www.rbi.org.in/Scripts/PublicationsView.aspx?id=23610
Lakshadweep,2021,,t161_rrb_credit,Table 161: State-wise Credit of RRBs,https://www.rbi.org.in/Scripts/PublicationsView.aspx?id=23610
Lakshadweep,2022,,t161_rrb_credit,Table 161: State-wise Credit of RRBs,https://www.rbi.org.in/Scripts/PublicationsView.aspx?id=23610
Lakshadweep,2023,,t161_rrb_credit,Table 161: State-wise Credit of RRBs,https://www.rbi.org.in/Scripts/PublicationsView.aspx?id=23610
Lakshadweep,2024,,t161_rrb_credit,Table 161: State-wise Credit of RRBs,https://www.rbi.org.in/Scripts/PublicationsView.aspx?id=23610
Lakshadweep,2025,,t161_rrb_credit,Table 161: State-wise Credit of RRBs,https://www.rbi.org.in/Scripts/PublicationsView.aspx?id=23610
Puducherry,2015,376.0,t161_rrb_credit,Table 161: State-wise Credit of RRBs,https://www.rbi.org.in/Scripts/PublicationsView.aspx?id=23610
Puducherry,2016,433.0,t161_rrb_credit,Table 161: State-wise Credit of RRBs,https://www.rbi.org.in/Scripts/PublicationsView.aspx?id=23610
Puducherry,2017,464.0,t161_rrb_credit,Table 161: State-wise Credit of RRBs,https://www.rbi.org.in/Scripts/PublicationsView.aspx?id=23610
Puducherry,2018,526.0,t161_rrb_credit,Table 161: State-wise Credit of RRBs,https://www.rbi.org.in/Scripts/PublicationsView.aspx?id=23610
Puducherry,2019,626.0,t161_rrb_credit,Table 161: State-wise Credit of RRBs,https://www.rbi.org.in/Scripts/PublicationsView.aspx?id=23610
Puducherry,2020,683.0,t161_rrb_credit,Table 161: State-wise Credit of RRBs,https://www.rbi.org.in/Scripts/PublicationsView.aspx?id=23610
Puducherry,2021,836.0,t161_rrb_credit,Table 161: State-wise Credit of RRBs,https://www.rbi.org.in/Scripts/PublicationsView.aspx?id=23610
Puducherry,2022,933.0,t161_rrb_credit,Table 161: State-wise Credit of RRBs,https://www.rbi.org.in/Scripts/PublicationsView.aspx?id=23610
Puducherry,2023,1113.0,t161_rrb_credit,Table 161: State-wise Credit of RRBs,https://www.rbi.org.in/Scripts/PublicationsView.aspx?id=23610
Puducherry,2024,1340.0,t161_rrb_credit,Table 161: State-wise Credit of RRBs,https://www.rbi.org.in/Scripts/PublicationsView.aspx?id=23610
Puducherry,2025,1642.0,t161_rrb_credit,Table 161: State-wise Credit of RRBs,https://www.rbi.org.in/Scripts/PublicationsView.aspx?id=23610
Tamil Nadu,2015,6058.0,t161_rrb_credit,Table 161: State-wise Credit of RRBs,https://www.rbi.org.in/Scripts/PublicationsView.aspx?id=23610
Tamil Nadu,2016,6757.0,t161_rrb_credit,Table 161: State-wise Credit of RRBs,https://www.rbi.org.in/Scripts/PublicationsView.aspx?id=23610
Tamil Nadu,2017,7684.0,t161_rrb_credit,Table 161: State-wise Credit of RRBs,https://www.rbi.org.in/Scripts/PublicationsView.aspx?id=23610
Tamil Nadu,2018,9297.0,t161_rrb_credit,Table 161: State-wise Credit of RRBs,https://www.rbi.org.in/Scripts/PublicationsView.aspx?id=23610
Tamil Nadu,2019,11244.0,t161_rrb_credit,Table 161: State-wise Credit of RRBs,https://www.rbi.org.in/Scripts/PublicationsView.aspx?id=23610
Tamil Nadu,2020,12229.0,t161_rrb_credit,Table 161: State-wise Credit of RRBs,https://www.rbi.org.in/Scripts/PublicationsView.aspx?id=23610
Tamil Nadu,2021,15659.0,t161_rrb_credit,Table 161: State-wise Credit of RRBs,https://www.rbi.org.in/Scripts/PublicationsView.aspx?id=23610
Tamil Nadu,2022,17627.0,t161_rrb_credit,Table 161: State-wise Credit of RRBs,https://www.rbi.org.in/Scripts/PublicationsView.aspx?id=23610
Tamil Nadu,2023,20479.0,t161_rrb_credit,Table 161: State-wise Credit of RRBs,https://www.rbi.org.in/Scripts/PublicationsView.aspx?id=23610
Tamil Nadu,2024,25130.0,t161_rrb_credit,Table 161: State-wise Credit of RRBs,https://www.rbi.org.in/Scripts/PublicationsView.aspx?id=23610
Tamil Nadu,2025,27509.0,t161_rrb_credit,Table 161: State-wise Credit of RRBs,https://www.rbi.org.in/Scripts/PublicationsView.aspx?id=23610
Telangana,2015,10923.0,t161_rrb_credit,Table 161: State-wise Credit of RRBs,https://www.rbi.org.in/Scripts/PublicationsView.aspx?id=23610
Telangana,2016,12522.0,t161_rrb_credit,Table 161: State-wise Credit of RRBs,https://www.rbi.org.in/Scripts/PublicationsView.aspx?id=23610
Telangana,2017,14217.0,t161_rrb_credit,Table 161: State-wise Credit of RRBs,https://www.rbi.org.in/Scripts/PublicationsView.aspx?id=23610
Telangana,2018,16500.0,t161_rrb_credit,Table 161: State-wise Credit of RRBs,https://www.rbi.org.in/Scripts/PublicationsView.aspx?id=23610
Telangana,2019,19281.0,t161_rrb_credit,Table 161: State-wise Credit of RRBs,https://www.rbi.org.in/Scripts/PublicationsView.aspx?id=23610
Telangana,2020,22835.0,t161_rrb_credit,Table 161: State-wise Credit of RRBs,https://www.rbi.org.in/Scripts/PublicationsView.aspx?id=23610
Telangana,2021,26513.0,t161_rrb_credit,Table 161: State-wise Credit of RRBs,https://www.rbi.org.in/Scripts/PublicationsView.aspx?id=23610
Telangana,2022,28891.0,t161_rrb_credit,Table 161: State-wise Credit of RRBs,https://www.rbi.org.in/Scripts/PublicationsView.aspx?id=23610
Telangana,2023,32717.0,t161_rrb_credit,Table 161: State-wise Credit of RRBs,https://www.rbi.org.in/Scripts/PublicationsView.aspx?id=23610
Telangana,2024,37057.0,t161_rrb_credit,Table 161: State-wise Credit of RRBs,https://www.rbi.org.in/Scripts/PublicationsView.aspx?id=23610
Telangana,2025,41514.0,t161_rrb_credit,Table 161: State-wise Credit of RRBs,https://www.rbi.org.in/Scripts/PublicationsView.aspx?id=23610
