state_raw,year_label,value,table,source_title,source_url
Chandigarh,2004,,t163_rrb_branches,Table 163: State-wise Number of Branches of RRBs,https://www.rbi.org.in/Scripts/PublicationsView.aspx?id=23612
Chandigarh,2005,,t163_rrb_branches,Table 163: State-wise Number of Branches of RRBs,https://www.rbi.org.in/Scripts/PublicationsView.aspx?id=23612
Chandigarh,2006,,t163_rrb_branches,Table 163: State-wise Number of Branches of RRBs,https://www.rbi.org.in/Scripts/PublicationsView.aspx?id=23612
Chandigarh,2007,,t163_rrb_branches,Table 163: State-wise Number of Branches of RRBs,https://www.rbi.org.in/Scripts/PublicationsView.aspx?id=23612
Chandigarh,2008,,t163_rrb_branches,Table 163: State-wise Number of Branches of RRBs,https://www.rbi.org.in/Scripts/PublicationsView.aspx?id=23612
Chandigarh,2009,,t163_rrb_branches,Table 163: State-wise Number of Branches of RRBs,https://www.rbi.org.in/Scripts/PublicationsView.aspx?id=23612
Chandigarh,2010,,t163_rrb_branches,Table 163: State-wise Number of Branches of RRBs,https://www.rbi.org.in/Scripts/PublicationsView.aspx?id=23612
Chandigarh,2011,,t163_rrb_branches,Table 163: State-wise Number of Branches of RRBs,https://www.rbi.org.in/Scripts/PublicationsView.aspx?id=23612
Chandigarh,2012,,t163_rrb_branches,Table 163: State-wise Number of Branches of RRBs,https://www.rbi.org.in/Scripts/PublicationsView.aspx?id=23612
Chandigarh,2013,,t163_rrb_branches,Table 163: State-wise Number of Branches of RRBs,https://www.rbi.org.in/Scripts/PublicationsView.aspx?id=23612
Chandigarh,2014,,t163_rrb_branches,Table 163: State-wise Number of Branches of RRBs,https://www.rbi.org.in/Scripts/PublicationsView.aspx?id=23612
Delhi,2004,,t163_rrb_branches,Table 163: State-wise Number of Branches of RRBs,https://www.rbi.org.in/Scripts/PublicationsView.aspx?id=23612
Delhi,2005,,t163_rrb_branches,Table 163: State-wise Number of Branches of RRBs,https://www.rbi.org.in/Scripts/PublicationsView.aspx?id=23612
Delhi,2006,,t163_rrb_branches,Table 163: State-wise Number of Branches of RRBs,https://www.rbi.org.in/Scripts/PublicationsView.aspx?id=23612
Delhi,2007,,t163_rrb_branches,Table 163: State-wise Number of Branches of RRBs,https://www.rbi.org.in/Scripts/PublicationsView.aspx?id=23612
Delhi,2008,,t163_rrb_branches,Table 163: State-wise Number of Branches of RRBs,https://www.rbi.org.in/Scripts/PublicationsView.aspx?id=23612
Delhi,2009,,t163_rrb_branches,Table 163: State-wise Number of Branches of RRBs,https://www.rbi.org.in/Scripts/PublicationsView.aspx?id=23612
Delhi,2010,,t163_rrb_branches,Table 163: State-wise Number of Branches of RRBs,https://www.rbi.org.in/Scripts/PublicationsView.aspx?id=23612
Delhi,2011,,t163_rrb_branches,Table 163: State-wise Number of Branches of RRBs,https://www.rbi.org.in/Scripts/PublicationsView.aspx?id=23612
Delhi,2012,,t163_rrb_branches,Table 163: State-wise Number of Branches of RRBs,https://www.rbi.org.in/Scripts/PublicationsView.aspx?id=23612
Delhi,2013,,t163_rrb_branches,Table 163: State-wise Number of Branches of RRBs,https://www.rbi.org.in/Scripts/PublicationsView.aspx?id=23612
Delhi,2014,,t163_rrb_branches,Table 163: State-wise Number of Branches of RRBs,https://www.rbi.org.in/Scripts/PublicationsView.aspx?id=23612
Haryana,2004,303.0,t163_rrb_branches,Table 163: State-wise Number of Branches of RRBs,https://www.rbi.org.in/Scripts/PublicationsView.aspx?id=23612
Haryana,2005,309.0,t163_rrb_branches,Table 163: State-wise Number of Branches of RRBs,https://www.rbi.org.in/Scripts/PublicationsView.aspx?id=23612
Haryana,2006,314.0,t163_rrb_branches,Table 163: State-wise Number of Branches of RRBs,https://www.rbi.org.in/Scripts/PublicationsView.aspx?id=23612
Haryana,2007,327.0,t163_rrb_branches,Table 163: State-wise Number of Branches of RRBs,https://www.rbi.org.in/Scripts/PublicationsView.aspx?id=23612
Haryana,2008,336.0,t163_rrb_branches,Table 163: State-wise Number of Branches of RRBs,https://www.rbi.org.in/Scripts/PublicationsView.aspx?id=23612
Haryana,2009,353.0,t163_rrb_branches,Table 163: State-wise Number of Branches of RRBs,https://www.rbi.org.in/Scripts/PublicationsView.aspx?id=23612
Haryana,2010,378.0,t163_rrb_branches,Table 163: State-wise Number of Branches of RRBs,https://www.rbi.org.in/Scripts/PublicationsView.aspx?id=23612
Haryana,2011,424.0,t163_rrb_branches,Table 163: State-wise Number of Branches of RRBs,https://www.rbi.org.in/Scripts/PublicationsView.aspx?id=23612
Haryana,2012,467.0,t163_rrb_branches,Table 163: State-wise Number of Branches of RRBs,https://www.rbi.org.in/Scripts/PublicationsView.aspx?id=23612
Haryana,2013,517.0,t163_rrb_branches,Table 163: State-wise Number of Branches of RRBs,https://www.rbi.org.in/Scripts/PublicationsView.aspx?id=23612
Haryana,2014,553.0,t163_rrb_branches,Table 163: State-wise Number of Branches of RRBs,https://www.rbi.org.in/Scripts/PublicationsView.aspx?id=23612
Himachal Pradesh,2004,133.0,t163_rrb_branches,Table 163: State-wise Number of Branches of RRBs,https://www.rbi.org.in/Scripts/PublicationsView.aspx?id=23612
Himachal Pradesh,2005,133.0,t163_rrb_branches,Table 163: State-wise Number of Branches of RRBs,https://www.rbi.org.in/Scripts/PublicationsView.aspx?id=23612
Himachal Pradesh,2006,138.0,t163_rrb_branches,Table 163: State-wise Number of Branches of RRBs,https://www.rbi.org.in/Scripts/PublicationsView.aspx?id=23612
Himachal Pradesh,2007,141.0,t163_rrb_branches,Table 163: State-wise Number of Branches of RRBs,https://www.rbi.org.in/Scripts/PublicationsView.aspx?id=23612
Himachal Pradesh,2008,149.0,t163_rrb_branches,Table 163: State-wise Number of Branches of RRBs,https://www.rbi.org.in/Scripts/PublicationsView.aspx?id=23612
Himachal Pradesh,2009,151.0,t163_rrb_branches,Table 163: State-wise Number of Branches of RRBs,https://www.rbi.org.in/Scripts/PublicationsView.aspx?id=23612
Himachal Pradesh,2010,155.0,t163_rrb_branches,Table 163: State-wise Number of Branches of RRBs,https://www.rbi.org.in/Scripts/PublicationsView.aspx?id=23612
Himachal Pradesh,2011,156.0,t163_rrb_branches,Table 163: State-wise Number of Branches of RRBs,https://www.rbi.org.in/Scripts/PublicationsView.aspx?id=23612
Himachal Pradesh,2012,160.0,t163_rrb_branches,Table 163: State-wise Number of Branches of RRBs,https://www.rbi.org.in/Scripts/PublicationsView.aspx?id=23612
Himachal Pradesh,2013,189.0,t163_rrb_branches,Table 163: State-wise Number of Branches of RRBs,https://www.rbi.org.in/Scripts/PublicationsView.aspx?id=23612
Himachal Pradesh,2014,189.0,t163_rrb_branches,Table 163: State-wise Number of Branches of RRBs,https://www.rbi.org.in/Scripts/PublicationsView.aspx?id=23612
Jammu & Kashmir,2004,261.0,t163_rrb_branches,Table 163: State-wise Number of Branches of RRBs,https://www.rbi.org.in/Scripts/PublicationsView.aspx?id=23612
Jammu & Kashmir,2005,261.0,t163_rrb_branches,Table 163: State-wise Number of Branches of RRBs,https://www.rbi.org.in/Scripts/PublicationsView.aspx?id=23612
Jammu & Kashmir,2006,245.0,t163_rrb_branches,Table 163: State-wise Number of Branches of RRBs,https://www.rbi.org.in/Scripts/PublicationsView.aspx?id=23612
Jammu & Kashmir,2007,242.0,t163_rrb_branches,Table 163: State-wise Number of Branches of RRBs,https://www.rbi.org.in/Scripts/PublicationsView.aspx?id=23612
Jammu & Kashmir,2008,247.0,t163_rrb_branches,Table 163: State-wise Number of Branches of RRBs,https://www.rbi.org.in/Scripts/PublicationsView.aspx?id=23612
Jammu & Kashmir,2009,256.0,t163_rrb_branches,Table 163: State-wise Number of Branches of RRBs,https://www.rbi.org.in/Scripts/PublicationsView.aspx?id=23612
Jammu & Kashmir,2010,261.0,t163_rrb_branches,Table 163: State-wise Number of Branches of RRBs,https://www.rbi.org.in/Scripts/PublicationsView.aspx?id=23612
Jammu & Kashmir,2011,268.0,t163_rrb_branches,Table 163: State-wise Number of Branches of RRBs,https://www.rbi.org.in/Scripts/PublicationsView.aspx?id=23612
Jammu & Kashmir,2012,281.0,t163_rrb_branches,Table 163: State-wise Number of Branches of RRBs,https://www.rbi.org.in/Scripts/PublicationsView.aspx?id=23612
Jammu & Kashmir,2013,281.0,t163_rrb_branches,Table 163: State-wise Number of Branches of RRBs,https://www.rbi.org.in/Scripts/PublicationsView.aspx?id=23612
Jammu & Kashmir,2014,288.0,t163_rrb_branches,Table 163: State-wise Number of Branches of RRBs,https://www.rbi.org.in/Scripts/PublicationsView.aspx?id=23612
Ladakh,2004,,t163_rrb_branches,Table 163: State-wise Number of Branches of RRBs,https://www.rbi.org.in/Scripts/PublicationsView.aspx?id=23612
Ladakh,2005,,t163_rrb_branches,Table 163: State-wise Number of Branches of RRBs,https://www.rbi.org.in/Scripts/PublicationsView.aspx?id=23612
Ladakh,2006,,t163_rrb_branches,Table 163: State-wise Number of Branches of RRBs,https://www.rbi.org.in/Scripts/PublicationsView.aspx?id=23612
Ladakh,2007,,t163_rrb_branches,Table 163: State-wise Number of Branches of RRBs,https://www.rbi.org.in/Scripts/PublicationsView.aspx?id=23612
Ladakh,2008,,t163_rrb_branches,Table 163: State-wise Number of Branches of RRBs,https://www.rbi.org.in/Scripts/PublicationsView.aspx?id=23612
Ladakh,2009,,t163_rrb_branches,Table 163: State-wise Number of Branches of RRBs,https://www.rbi.org.in/Scripts/PublicationsView.aspx?id=23612
Ladakh,2010,,t163_rrb_branches,Table 163: State-wise Number of Branches of RRBs,https://www.rbi.org.in/Scripts/PublicationsView.aspx?id=23612
Ladakh,2011,,t163_rrb_branches,Table 163: State-wise Number of Branches of RRBs,https://www.rbi.org.in/Scripts/PublicationsView.aspx?id=23612
Ladakh,2012,,t163_rrb_branches,Table 163: State-wise Number of Branches of RRBs,https://www.rbi.org.in/Scripts/PublicationsView.aspx?id=23612
Ladakh,2013,,t163_rrb_branches,Table 163: State-wise Number of Branches of RRBs,https://www.rbi.org.in/Scripts/PublicationsView.aspx?id=23612
Ladakh,2014,,t163_rrb_branches,Table 163: State-wise Number of Branches of RRBs,https://www.rbi.org.in/Scripts/PublicationsView.aspx?id=23612
Punjab,2004,206.0,t163_rrb_branches,Table 163: State-wise Number of Branches of RRBs,https://www.rbi.org.in/Scripts/PublicationsView.aspx?id=23612
Punjab,2005,207.0,t163_rrb_branches,Table 163: State-wise Number of Branches of RRBs,https://www.rbi.org.in/Scripts/PublicationsView.aspx?id=23612
Punjab,2006,207.0,t163_rrb_branches,Table 163: State-wise Number of Branches of RRBs,https://www.rbi.org.in/Scripts/PublicationsView.aspx?id=23612
Punjab,2007,207.0,t163_rrb_branches,Table 163: State-wise Number of Branches of RRBs,https://www.rbi.org.in/Scripts/PublicationsView.aspx?id=23612
Punjab,2008,215.0,t163_rrb_branches,Table 163: State-wise Number of Branches of RRBs,https://www.rbi.org.in/Scripts/PublicationsView.aspx?id=23612
Punjab,2009,228.0,t163_rrb_branches,Table 163: State-wise Number of Branches of RRBs,https://www.rbi.org.in/Scripts/PublicationsView.aspx?id=23612
Punjab,2010,237.0,t163_rrb_branches,Table 163: State-wise Number of Branches of RRBs,https://www.rbi.org.in/Scripts/PublicationsView.aspx?id=23612
Punjab,2011,255.0,t163_rrb_branches,Table 163: State-wise Number of Branches of RRBs,https://www.rbi.org.in/Scripts/PublicationsView.aspx?id=23612
Punjab,2012,284.0,t163_rrb_branches,Table 163: State-wise Number of Branches of RRBs,https://www.rbi.org.in/Scripts/PublicationsView.aspx?id=23612
Punjab,2013,307.0,t163_rrb_branches,Table 163: State-wise Number of Branches of RRBs,https://www.rbi.org.in/Scripts/PublicationsView.aspx?id=23612
Punjab,2014,332.0,t163_rrb_branches,Table 163: State-wise Number of Branches of RRBs,https://www.rbi.org.in/Scripts/PublicationsView.aspx?id=23612
Rajasthan,2004,1032.0,t163_rrb_branches,Table 163: State-wise Number of Branches of RRBs,https://www.rbi.org.in/Scripts/PublicationsView.aspx?id=23612
Rajasthan,2005,1027.0,t163_rrb_branches,Table 163: State-wise Number of Branches of RRBs,https://www.rbi.org.in/Scripts/PublicationsView.aspx?id=23612
Rajasthan,2006,1026.0,t163_rrb_branches,Table 163: State-wise Number of Branches of RRBs,https://www.rbi.org.in/Scripts/PublicationsView.aspx?id=23612
Rajasthan,2007,1033.0,t163_rrb_branches,Table 163: State-wise Number of Branches of RRBs,https://www.rbi.org.in/Scripts/PublicationsView.aspx?id=23612
Rajasthan,2008,1041.0,t163_rrb_branches,Table 163: State-wise Number of Branches of RRBs,https://www.rbi.org.in/Scripts/PublicationsView.aspx?id=23612
Rajasthan,2009,1060.0,t163_rrb_branches,Table 163: State-wise Number of Branches of RRBs,https://www.rbi.org.in/Scripts/PublicationsView.aspx?id=23612
Rajasthan,2010,1062.0,t163_rrb_branches,Table 163: State-wise Number of Branches of RRBs,https://www.rbi.org.in/Scripts/PublicationsView.aspx?id=23612
Rajasthan,2011,1068.0,t163_rrb_branches,Table 163: State-wise Number of Branches of RRBs,https://www.rbi.org.in/Scripts/PublicationsView.aspx?id=23612
Rajasthan,2012,1120.0,t163_rrb_branches,Table 163: State-wise Number of Branches of RRBs,https://www.rbi.org.in/Scripts/PublicationsView.aspx?id=23612
Rajasthan,2013,1175.0,t163_rrb_branches,Table 163: State-wise Number of Branches of RRBs,https://www.rbi.org.in/Scripts/PublicationsView.aspx?id=23612
Rajasthan,2014,1256.0,t163_rrb_branches,Table 163: State-wise Number of Branches of RRBs,https://www.rbi.org.in/Scripts/PublicationsView.aspx?id=23612
Arunachal Pradesh,2004,18.0,t163_rrb_branches,Table 163: State-wise Number of Branches of RRBs,https://www.rbi.org.in/Scripts/PublicationsView.aspx?id=23612
Arunachal Pradesh,2005,18.0,t163_rrb_branches,Table 163: State-wise Number of Branches of RRBs,https://www.rbi.org.in/Scripts/PublicationsView.aspx?id=23612
Arunachal Pradesh,2006,18.0,t163_rrb_branches,Table 163: State-wise Number of Branches of RRBs,https://www.rbi.org.in/Scripts/PublicationsView.aspx?id=23612
Arunachal Pradesh,2007,18.0,t163_rrb_branches,Table 163: State-wise Number of Branches of RRBs,https://www.rbi.org.in/Scripts/PublicationsView.aspx?id=23612
Arunachal Pradesh,2008,18.0,t163_rrb_branches,Table 163: State-wise Number of Branches of RRBs,https://www.rbi.org.in/Scripts/PublicationsView.aspx?id=23612
Arunachal Pradesh,2009,18.0,t163_rrb_branches,Table 163: State-wise Number of Branches of RRBs,https://www.rbi.org.in/Scripts/PublicationsView.aspx?id=23612
Arunachal Pradesh,2010,18.0,t163_rrb_branches,Table 163: State-wise Number of Branches of RRBs,https://www.rbi.org.in/Scripts/PublicationsView.aspx?id=23612
Arunachal Pradesh,2011,18.0,t163_rrb_branches,Table 163: State-wise Number of Branches of RRBs,https://www.rbi.org.in/Scripts/PublicationsView.aspx?id=23612
Arunachal Pradesh,2012,18.0,t163_rrb_branches,Table 163: State-wise Number of Branches of RRBs,https://www.rbi.org.in/Scripts/PublicationsView.aspx?id=23612
Arunachal Pradesh,2013,18.0,t163_rrb_branches,Table 163: State-wise Number of Branches of RRBs,https://www.rbi.org.in/Scripts/PublicationsView.aspx?id=23612
Arunachal Pradesh,2014,26.0,t163_rrb_branches,Table 163: State-wise Number of Branches of RRBs,https://www.rbi.org.in/Scripts/PublicationsView.aspx?id=23612
Assam,2004,407.0,t163_rrb_branches,Table 163: State-wise Number of Branches of RRBs,https://www.rbi.org.in/Scripts/PublicationsView.aspx?id=23612
Assam,2005,409.0,t163_rrb_branches,Table 163: State-wise Number of Branches of RRBs,https://www.rbi.org.in/Scripts/PublicationsView.aspx?id=23612
Assam,2006,406.0,t163_rrb_branches,Table 163: State-wise Number of Branches of RRBs,https://www.rbi.org.in/Scripts/PublicationsView.aspx?id=23612
Assam,2007,407.0,t163_rrb_branches,Table 163: State-wise Number of Branches of RRBs,https://www.rbi.org.in/Scripts/PublicationsView.aspx?id=23612
Assam,2008,415.0,t163_rrb_branches,Table 163: State-wise Number of Branches of RRBs,https://www.rbi.org.in/Scripts/PublicationsView.aspx?id=23612
Assam,2009,414.0,t163_rrb_branches,Table 163: State-wise Number of Branches of RRBs,https://www.rbi.org.in/Scripts/PublicationsView.aspx?id=23612
Assam,2010,401.0,t163_rrb_branches,Table 163: State-wise Number of Branches of RRBs,https://www.rbi.org.in/Scripts/PublicationsView.aspx?id=23612
Assam,2011,409.0,t163_rrb_branches,Table 163: State-wise Number of Branches of RRBs,https://www.rbi.org.in/Scripts/PublicationsView.aspx?id=23612
Assam,2012,409.0,t163_rrb_branches,Table 163: State-wise Number of Branches of RRBs,https://www.rbi.org.in/Scripts/PublicationsView.aspx?id=23612
Assam,2013,409.0,t163_rrb_branches,Table 163: State-wise Number of Branches of RRBs,https://www.rbi.org.in/Scripts/PublicationsView.aspx?id=23612
Assam,2014,409.0,t163_rrb_branches,Table 163: State-wise Number of Branches of RRBs,https://www.rbi.org.in/Scripts/PublicationsView.aspx?id=23612
Manipur,2004,30.0,t163_rrb_branches,Table 163: State-wise Number of Branches of RRBs,https://www.rbi.org.in/Scripts/PublicationsView.aspx?id=23612
Manipur,2005,30.0,t163_rrb_branches,Table 163: State-wise Number of Branches of RRBs,https://www.rbi.org.in/Scripts/PublicationsView.aspx?id=23612
Manipur,2006,30.0,t163_rrb_branches,Table 163: State-wise Number of Branches of RRBs,https://www.rbi.org.in/Scripts/PublicationsView.aspx?id=23612
Manipur,2007,28.0,t163_rrb_branches,Table 163: State-wise Number of Branches of RRBs,https://www.rbi.org.in/Scripts/PublicationsView.aspx?id=23612
Manipur,2008,28.0,t163_rrb_branches,Table 163: State-wise Number of Branches of RRBs,https://www.rbi.org.in/Scripts/PublicationsView.aspx?id=23612
Manipur,2009,28.0,t163_rrb_branches,Table 163: State-wise Number of Branches of RRBs,https://www.rbi.org.in/Scripts/PublicationsView.aspx?id=23612
Manipur,2010,28.0,t163_rrb_branches,Table 163: State-wise Number of Branches of RRBs,https://www.rbi.org.in/Scripts/PublicationsView.aspx?id=23612
Manipur,2011,27.0,t163_rrb_branches,Table 163: State-wise Number of Branches of RRBs,https://www.rbi.org.in/Scripts/PublicationsView.aspx?id=23612
Manipur,2012,28.0,t163_rrb_branches,Table 163: State-wise Number of Branches of RRBs,https://www.rbi.org.in/Scripts/PublicationsView.aspx?id=23612
Manipur,2013,28.0,t163_rrb_branches,Table 163: State-wise Number of Branches of RRBs,https://www.rbi.org.in/Scripts/PublicationsView.aspx?id=23612
Manipur,2014,22.0,t163_rrb_branches,Table 163: State-wise Number of Branches of RRBs,https://www.rbi.org.in/Scripts/PublicationsView.aspx?id=23612
Meghalaya,2004,51.0,t163_rrb_branches,Table 163: State-wise Number of Branches of RRBs,https://www.rbi.org.in/Scripts/PublicationsView.aspx?id=23612
Meghalaya,2005,51.0,t163_rrb_branches,Table 163: State-wise Number of Branches of RRBs,https://www.rbi.org.in/Scripts/PublicationsView.aspx?id=23612
Meghalaya,2006,51.0,t163_rrb_branches,Table 163: State-wise Number of Branches of RRBs,https://www.rbi.org.in/Scripts/PublicationsView.aspx?id=23612
Meghalaya,2007,51.0,t163_rrb_branches,Table 163: State-wise Number of Branches of RRBs,https://www.rbi.org.in/Scripts/PublicationsView.aspx?id=23612
Meghalaya,2008,52.0,t163_rrb_branches,Table 163: State-wise Number of Branches of RRBs,https://www.rbi.org.in/Scripts/PublicationsView.aspx?id=23612
Meghalaya,2009,54.0,t163_rrb_branches,Table 163: State-wise Number of Branches of RRBs,https://www.rbi.org.in/Scripts/PublicationsView.aspx?id=23612
Meghalaya,2010,55.0,t163_rrb_branches,Table 163: State-wise Number of Branches of RRBs,https://www.rbi.org.in/Scripts/PublicationsView.aspx?id=23612
Meghalaya,2011,55.0,t163_rrb_branches,Table 163: State-wise Number of Branches of RRBs,https://www.rbi.org.in/Scripts/PublicationsView.aspx?id=23612
Meghalaya,2012,55.0,t163_rrb_branches,Table 163: State-wise Number of Branches of RRBs,https://www.rbi.org.in/Scripts/PublicationsView.aspx?id=23612
Meghalaya,2013,55.0,t163_rrb_branches,Table 163: State-wise Number of Branches of RRBs,https://www.rbi.org.in/Scripts/PublicationsView.aspx?id=23612
Meghalaya,2014,60.0,t163_rrb_branches,Table 163: State-wise Number of Branches of RRBs,https://www.rbi.org.in/Scripts/PublicationsView.aspx?id=23612
Mizoram,2004,52.0,t163_rrb_branches,Table 163: State-wise Number of Branches of RRBs,https://www.rbi.org.in/Scripts/PublicationsView.aspx?id=23612
Mizoram,2005,52.0,t163_rrb_branches,Table 163: State-wise Number of Branches of RRBs,https://www.rbi.org.in/Scripts/PublicationsView.aspx?id=23612
Mizoram,2006,52.0,t163_rrb_branches,Table 163: State-wise Number of Branches of RRBs,https://www.rbi.org.in/Scripts/PublicationsView.aspx?id=23612
Mizoram,2007,52.0,t163_rrb_branches,Table 163: State-wise Number of Branches of RRBs,https://www.rbi.org.in/Scripts/PublicationsView.aspx?id=23612
Mizoram,2008,59.0,t163_rrb_branches,Table 163: State-wise Number of Branches of RRBs,https://www.rbi.org.in/Scripts/PublicationsView.aspx?id=23612
Mizoram,2009,59.0,t163_rrb_branches,Table 163: State-wise Number of Branches of RRBs,https://www.rbi.org.in/Scripts/PublicationsView.aspx?id=23612
Mizoram,2010,59.0,t163_rrb_branches,Table 163: State-wise Number of Branches of RRBs,https://www.rbi.org.in/Scripts/PublicationsView.aspx?id=23612
Mizoram,2011,59.0,t163_rrb_branches,Table 163: State-wise Number of Branches of RRBs,https://www.rbi.org.in/Scripts/PublicationsView.aspx?id=23612
Mizoram,2012,60.0,t163_rrb_branches,Table 163: State-wise Number of Branches of RRBs,https://www.rbi.org.in/Scripts/PublicationsView.aspx?id=23612
Mizoram,2013,60.0,t163_rrb_branches,Table 163: State-wise Number of Branches of RRBs,https://www.rbi.org.in/Scripts/PublicationsView.aspx?id=23612
Mizoram,2014,66.0,t163_rrb_branches,Table 163: State-wise Number of Branches of RRBs,https://www.rbi.org.in/Scripts/PublicationsView.aspx?id=23612
Nagaland,2004,9.0,t163_rrb_branches,Table 163: State-wise Number of Branches of RRBs,https://www.rbi.org.in/Scripts/PublicationsView.aspx?id=23612
Nagaland,2005,9.0,t163_rrb_branches,Table 163: State-wise Number of Branches of RRBs,https://www.rbi.org.in/Scripts/PublicationsView.aspx?id=23612
Nagaland,2006,9.0,t163_rrb_branches,Table 163: State-wise Number of Branches of RRBs,https://www.rbi.org.in/Scripts/PublicationsView.aspx?id=23612
Nagaland,2007,9.0,t163_rrb_branches,Table 163: State-wise Number of Branches of RRBs,https://www.rbi.org.in/Scripts/PublicationsView.aspx?id=23612
Nagaland,2008,9.0,t163_rrb_branches,Table 163: State-wise Number of Branches of RRBs,https://www.rbi.org.in/Scripts/PublicationsView.aspx?id=23612
Nagaland,2009,10.0,t163_rrb_branches,Table 163: State-wise Number of Branches of RRBs,https://www.rbi.org.in/Scripts/PublicationsView.aspx?id=23612
Nagaland,2010,10.0,t163_rrb_branches,Table 163: State-wise Number of Branches of RRBs,https://www.rbi.org.in/Scripts/PublicationsView.aspx?id=23612
Nagaland,2011,9.0,t163_rrb_branches,Table 163: State-wise Number of Branches of RRBs,https://www.rbi.org.in/Scripts/PublicationsView.aspx?id=23612
Nagaland,2012,10.0,t163_rrb_branches,Table 163: State-wise Number of Branches of RRBs,https://www.rbi.org.in/Scripts/PublicationsView.aspx?id=23612
Nagaland,2013,10.0,t163_rrb_branches,Table 163: State-wise Number of Branches of RRBs,https://www.rbi.org.in/Scripts/PublicationsView.aspx?id=23612
Nagaland,2014,11.0,t163_rrb_branches,Table 163: State-wise Number of Branches of RRBs,https://www.rbi.org.in/Scripts/PublicationsView.aspx?id=23612
Tripura,2004,90.0,t163_rrb_branches,Table 163: State-wise Number of Branches of RRBs,https://www.rbi.org.in/Scripts/PublicationsView.aspx?id=23612
Tripura,2005,90.0,t163_rrb_branches,Table 163: State-wise Number of Branches of RRBs,https://www.rbi.org.in/Scripts/PublicationsView.aspx?id=23612
Tripura,2006,90.0,t163_rrb_branches,Table 163: State-wise Number of Branches of RRBs,https://www.rbi.org.in/Scripts/PublicationsView.aspx?id=23612
Tripura,2007,90.0,t163_rrb_branches,Table 163: State-wise Number of Branches of RRBs,https://www.rbi.org.in/Scripts/PublicationsView.aspx?id=23612
Tripura,2008,91.0,t163_rrb_branches,Table 163: State-wise Number of Branches of RRBs,https://www.rbi.org.in/Scripts/PublicationsView.aspx?id=23612
Tripura,2009,101.0,t163_rrb_branches,Table 163: State-wise Number of Branches of RRBs,https://www.rbi.org.in/Scripts/PublicationsView.aspx?id=23612
Tripura,2010,104.0,t163_rrb_branches,Table 163: State-wise Number of Branches of RRBs,https://www.rbi.org.in/Scripts/PublicationsView.aspx?id=23612
Tripura,2011,116.0,t163_rrb_branches,Table 163: State-wise Number of Branches of RRBs,https://www.rbi.org.in/Scripts/PublicationsView.aspx?id=23612
Tripura,2012,116.0,t163_rrb_branches,Table 163: State-wise Number of Branches of RRBs,https://www.rbi.org.in/Scripts/PublicationsView.aspx?id=23612
Tripura,2013,116.0,t163_rrb_branches,Table 163: State-wise Number of Branches of RRBs,https://www.rbi.org.in/Scripts/PublicationsView.aspx?id=23612
Tripura,2014,127.0,t163_rrb_branches,Table 163: State-wise Number of Branches of RRBs,https://www.rbi.org.in/Scripts/PublicationsView.aspx?id=23612
Andaman & Nicobar Islands,2004,,t163_rrb_branches,Table 163: State-wise Number of Branches of RRBs,https://www.rbi.org.in/Scripts/PublicationsView.aspx?id=23612
Andaman & Nicobar Islands,2005,,t163_rrb_branches,Table 163: State-wise Number of Branches of RRBs,https://www.rbi.org.in/Scripts/PublicationsView.aspx?id=23612
Andaman & Nicobar Islands,2006,,t163_rrb_branches,Table 163: State-wise Number of Branches of RRBs,https://www.rbi.org.in/Scripts/PublicationsView.aspx?id=23612
Andaman & Nicobar Islands,2007,,t163_rrb_branches,Table 163: State-wise Number of Branches of RRBs,https://www.rbi.org.in/Scripts/PublicationsView.aspx?id=23612
Andaman & Nicobar Islands,2008,,t163_rrb_branches,Table 163: State-wise Number of Branches of RRBs,https://www.rbi.org.in/Scripts/PublicationsView.aspx?id=23612
Andaman & Nicobar Islands,2009,,t163_rrb_branches,Table 163: State-wise Number of Branches of RRBs,https://www.rbi.org.in/Scripts/PublicationsView.aspx?id=23612
Andaman & Nicobar Islands,2010,,t163_rrb_branches,Table 163: State-wise Number of Branches of RRBs,https://www.rbi.org.in/Scripts/PublicationsView.aspx?id=23612
Andaman & Nicobar Islands,2011,,t163_rrb_branches,Table 163: State-wise Number of Branches of RRBs,https://www.rbi.org.in/Scripts/PublicationsView.aspx?id=23612
Andaman & Nicobar Islands,2012,,t163_rrb_branches,Table 163: State-wise Number of Branches of RRBs,https://www.rbi.org.in/Scripts/PublicationsView.aspx?id=23612
Andaman & Nicobar Islands,2013,,t163_rrb_branches,Table 163: State-wise Number of Branches of RRBs,https://www.rbi.org.in/Scripts/PublicationsView.aspx?id=23612
Andaman & Nicobar Islands,2014,,t163_rrb_branches,Table 163: State-wise Number of Branches of RRBs,https://www.rbi.org.in/Scripts/PublicationsView.aspx?id=23612
Bihar,2004,1489.0,t163_rrb_branches,Table 163: State-wise Number of Branches of RRBs,https://www.rbi.org.in/Scripts/PublicationsView.aspx?id=23612
Bihar,2005,1487.0,t163_rrb_branches,Table 163: State-wise Number of Branches of RRBs,https://www.rbi.org.in/Scripts/PublicationsView.aspx?id=23612
Bihar,2006,1476.0,t163_rrb_branches,Table 163: State-wise Number of Branches of RRBs,https://www.rbi.org.in/Scripts/PublicationsView.aspx?id=23612
Bihar,2007,1465.0,t163_rrb_branches,Table 163: State-wise Number of Branches of RRBs,https://www.rbi.org.in/Scripts/PublicationsView.aspx?id=23612
Bihar,2008,1455.0,t163_rrb_branches,Table 163: State-wise Number of Branches of RRBs,https://www.rbi.org.in/Scripts/PublicationsView.aspx?id=23612
Bihar,2009,1487.0,t163_rrb_branches,Table 163: State-wise Number of Branches of RRBs,https://www.rbi.org.in/Scripts/PublicationsView.aspx?id=23612
Bihar,2010,1508.0,t163_rrb_branches,Table 163: State-wise Number of Branches of RRBs,https://www.rbi.org.in/Scripts/PublicationsView.aspx?id=23612
Bihar,2011,1530.0,t163_rrb_branches,Table 163: State-wise Number of Branches of RRBs,https://www.rbi.org.in/Scripts/PublicationsView.aspx?id=23612
Bihar,2012,1549.0,t163_rrb_branches,Table 163: State-wise Number of Branches of RRBs,https://www.rbi.org.in/Scripts/PublicationsView.aspx?id=23612
Bihar,2013,1569.0,t163_rrb_branches,Table 163: State-wise Number of Branches of RRBs,https://www.rbi.org.in/Scripts/PublicationsView.aspx?id=23612
Bihar,2014,1785.0,t163_rrb_branches,Table 163: State-wise Number of Branches of RRBs,https://www.rbi.org.in/Scripts/PublicationsView.aspx?id=23612
Jharkhand,2004,394.0,t163_rrb_branches,Table 163: State-wise Number of Branches of RRBs,https://www.rbi.org.in/Scripts/PublicationsView.aspx?id=23612
Jharkhand,2005,394.0,t163_rrb_branches,Table 163: State-wise Number of Branches of RRBs,https://www.rbi.org.in/Scripts/PublicationsView.aspx?id=23612
Jharkhand,2006,394.0,t163_rrb_branches,Table 163: State-wise Number of Branches of RRBs,https://www.rbi.org.in/Scripts/PublicationsView.aspx?id=23612
Jharkhand,2007,394.0,t163_rrb_branches,Table 163: State-wise Number of Branches of RRBs,https://www.rbi.org.in/Scripts/PublicationsView.aspx?id=23612
Jharkhand,2008,397.0,t163_rrb_branches,Table 163: State-wise Number of Branches of RRBs,https://www.rbi.org.in/Scripts/PublicationsView.aspx?id=23612
Jharkhand,2009,404.0,t163_rrb_branches,Table 163: State-wise Number of Branches of RRBs,https://www.rbi.org.in/Scripts/PublicationsView.aspx?id=23612
Jharkhand,2010,410.0,t163_rrb_branches,Table 163: State-wise Number of Branches of RRBs,https://www.rbi.org.in/Scripts/PublicationsView.aspx?id=23612
Jharkhand,2011,414.0,t163_rrb_branches,Table 163: State-wise Number of Branches of RRBs,https://www.rbi.org.in/Scripts/PublicationsView.aspx?id=23612
Jharkhand,2012,418.0,t163_rrb_branches,Table 163: State-wise Number of Branches of RRBs,https://www.rbi.org.in/Scripts/PublicationsView.aspx?id=23612
Jharkhand,2013,425.0,t163_rrb_branches,Table 163: State-wise Number of Branches of RRBs,https://www.rbi.org.in/Scripts/PublicationsView.aspx?id=23612
Jharkhand,2014,428.0,t163_rrb_branches,Table 163: State-wise Number of Branches of RRBs,https://www.rbi.org.in/Scripts/PublicationsView.aspx?id=23612
Odisha,2004,838.0,t163_rrb_branches,Table 163: State-wise Number of Branches of RRBs,https://www.rbi.org.in/Scripts/PublicationsView.aspx?id=23612
Odisha,2005,839.0,t163_rrb_branches,Table 163: State-wise Number of Branches of RRBs,https://www.rbi.org.in/Scripts/PublicationsView.aspx?id=23612
Odisha,2006,838.0,t163_rrb_branches,Table 163: State-wise Number of Branches of RRBs,https://www.rbi.org.in/Scripts/PublicationsView.aspx?id=23612
Odisha,2007,846.0,t163_rrb_branches,Table 163: State-wise Number of Branches of RRBs,https://www.rbi.org.in/Scripts/PublicationsView.aspx?id=23612
Odisha,2008,856.0,t163_rrb_branches,Table 163: State-wise Number of Branches of RRBs,https://www.rbi.org.in/Scripts/PublicationsView.aspx?id=23612
Odisha,2009,885.0,t163_rrb_branches,Table 163: State-wise Number of Branches of RRBs,https://www.rbi.org.in/Scripts/PublicationsView.aspx?id=23612
Odisha,2010,883.0,t163_rrb_branches,Table 163: State-wise Number of Branches of RRBs,https://www.rbi.org.in/Scripts/PublicationsView.aspx?id=23612
Odisha,2011,885.0,t163_rrb_branches,Table 163: State-wise Number of Branches of RRBs,https://www.rbi.org.in/Scripts/PublicationsView.aspx?id=23612
Odisha,2012,899.0,t163_rrb_branches,Table 163: State-wise Number of Branches of RRBs,https://www.rbi.org.in/Scripts/PublicationsView.aspx?id=23612
Odisha,2013,910.0,t163_rrb_branches,Table 163: State-wise Number of Branches of RRBs,https://www.rbi.org.in/Scripts/PublicationsView.aspx?id=23612
Odisha,2014,910.0,t163_rrb_branches,Table 163: State-wise Number of Branches of RRBs,https://www.rbi.org.in/Scripts/PublicationsView.aspx?id=23612
Sikkim,2004,,t163_rrb_branches,Table 163: State-wise Number of Branches of RRBs,https://www.rbi.org.in/Scripts/PublicationsView.aspx?id=23612
Sikkim,2005,,t163_rrb_branches,Table 163: State-wise Number of Branches of RRBs,https://www.rbi.org.in/Scripts/PublicationsView.aspx?id=23612
Sikkim,2006,,t163_rrb_branches,Table 163: State-wise Number of Branches of RRBs,https://www.rbi.org.in/Scripts/PublicationsView.aspx?id=23612
Sikkim,2007,,t163_rrb_branches,Table 163: State-wise Number of Branches of RRBs,https://www.rbi.org.in/Scripts/PublicationsView.aspx?id=23612
Sikkim,2008,,t163_rrb_branches,Table 163: State-wise Number of Branches of RRBs,https://www.rbi.org.in/Scripts/PublicationsView.aspx?id=23612
Sikkim,2009,,t163_rrb_branches,Table 163: State-wise Number of Branches of RRBs,https://www.rbi.org.in/Scripts/PublicationsView.aspx?id=23612
Sikkim,2010,,t163_rrb_branches,Table 163: State-wise Number of Branches of RRBs,https://www.rbi.org.in/Scripts/PublicationsView.aspx?id=23612
Sikkim,2011,,t163_rrb_branches,Table 163: State-wise Number of Branches of RRBs,https://www.rbi.org.in/Scripts/PublicationsView.aspx?id=23612
Sikkim,2012,,t163_rrb_branches,Table 163: State-wise Number of Branches of RRBs,https://www.rbi.org.in/Scripts/PublicationsView.aspx?id=23612
Sikkim,2013,,t163_rrb_branches,Table 163: State-wise Number of Branches of RRBs,https://www.rbi.org.in/Scripts/PublicationsView.aspx?id=23612
Sikkim,2014,,t163_rrb_branches,Table 163: State-wise Number of Branches of RRBs,https://www.rbi.org.in/Scripts/PublicationsView.aspx?id=23612
West Bengal,2004,894.0,t163_rrb_branches,Table 163: State-wise Number of Branches of RRBs,https://www.rbi.org.in/Scripts/PublicationsView.aspx?id=23612
West Bengal,2005,897.0,t163_rrb_branches,Table 163: State-wise Number of Branches of RRBs,https://www.rbi.org.in/Scripts/PublicationsView.aspx?id=23612
West Bengal,2006,898.0,t163_rrb_branches,Table 163: State-wise Number of Branches of RRBs,https://www.rbi.org.in/Scripts/PublicationsView.aspx?id=23612
West Bengal,2007,899.0,t163_rrb_branches,Table 163: State-wise Number of Branches of RRBs,https://www.rbi.org.in/Scripts/PublicationsView.aspx?id=23612
West Bengal,2008,898.0,t163_rrb_branches,Table 163: State-wise Number of Branches of RRBs,https://www.rbi.org.in/Scripts/PublicationsView.aspx?id=23612
West Bengal,2009,899.0,t163_rrb_branches,Table 163: State-wise Number of Branches of RRBs,https://www.rbi.org.in/Scripts/PublicationsView.aspx?id=23612
West Bengal,2010,907.0,t163_rrb_branches,Table 163: State-wise Number of Branches of RRBs,https://www.rbi.org.in/Scripts/PublicationsView.aspx?id=23612
West Bengal,2011,913.0,t163_rrb_branches,Table 163: State-wise Number of Branches of RRBs,https://www.rbi.org.in/Scripts/PublicationsView.aspx?id=23612
West Bengal,2012,930.0,t163_rrb_branches,Table 163: State-wise Number of Branches of RRBs,https://www.rbi.org.in/Scripts/PublicationsView.aspx?id=23612
West Bengal,2013,932.0,t163_rrb_branches,Table 163: State-wise Number of Branches of RRBs,https://www.rbi.org.in/Scripts/PublicationsView.aspx?id=23612
West Bengal,2014,934.0,t163_rrb_branches,Table 163: State-wise Number of Branches of RRBs,https://www.rbi.org.in/Scripts/PublicationsView.aspx?id=23612
Chhattisgarh,2004,443.0,t163_rrb_branches,Table 163: State-wise Number of Branches of RRBs,https://www.rbi.org.in/Scripts/PublicationsView.aspx?id=23612
Chhattisgarh,2005,442.0,t163_rrb_branches,Table 163: State-wise Number of Branches of RRBs,https://www.rbi.org.in/Scripts/PublicationsView.aspx?id=23612
Chhattisgarh,2006,435.0,t163_rrb_branches,Table 163: State-wise Number of Branches of RRBs,https://www.rbi.org.in/Scripts/PublicationsView.aspx?id=23612
Chhattisgarh,2007,436.0,t163_rrb_branches,Table 163: State-wise Number of Branches of RRBs,https://www.rbi.org.in/Scripts/PublicationsView.aspx?id=23612
Chhattisgarh,2008,433.0,t163_rrb_branches,Table 163: State-wise Number of Branches of RRBs,https://www.rbi.org.in/Scripts/PublicationsView.aspx?id=23612
Chhattisgarh,2009,443.0,t163_rrb_branches,Table 163: State-wise Number of Branches of RRBs,https://www.rbi.org.in/Scripts/PublicationsView.aspx?id=23612
Chhattisgarh,2010,452.0,t163_rrb_branches,Table 163: State-wise Number of Branches of RRBs,https://www.rbi.org.in/Scripts/PublicationsView.aspx?id=23612
Chhattisgarh,2011,466.0,t163_rrb_branches,Table 163: State-wise Number of Branches of RRBs,https://www.rbi.org.in/Scripts/PublicationsView.aspx?id=23612
Chhattisgarh,2012,478.0,t163_rrb_branches,Table 163: State-wise Number of Branches of RRBs,https://www.rbi.org.in/Scripts/PublicationsView.aspx?id=23612
Chhattisgarh,2013,533.0,t163_rrb_branches,Table 163: State-wise Number of Branches of RRBs,https://www.rbi.org.in/Scripts/PublicationsView.aspx?id=23612
Chhattisgarh,2014,575.0,t163_rrb_branches,Table 163: State-wise Number of Branches of RRBs,https://www.rbi.org.in/Scripts/PublicationsView.aspx?id=23612
Madhya Pradesh,2004,1069.0,t163_rrb_branches,Table 163: State-wise Number of Branches of RRBs,https://www.rbi.org.in/Scripts/PublicationsView.aspx?id=23612
Madhya Pradesh,2005,1064.0,t163_rrb_branches,Table 163: State-wise Number of Branches of RRBs,https://www.rbi.org.in/Scripts/PublicationsView.aspx?id=23612
Madhya Pradesh,2006,1050.0,t163_rrb_branches,Table 163: State-wise Number of Branches of RRBs,https://www.rbi.org.in/Scripts/PublicationsView.aspx?id=23612
Madhya Pradesh,2007,1050.0,t163_rrb_branches,Table 163: State-wise Number of Branches of RRBs,https://www.rbi.org.in/Scripts/PublicationsView.aspx?id=23612
Madhya Pradesh,2008,1060.0,t163_rrb_branches,Table 163: State-wise Number of Branches of RRBs,https://www.rbi.org.in/Scripts/PublicationsView.aspx?id=23612
Madhya Pradesh,2009,1089.0,t163_rrb_branches,Table 163: State-wise Number of Branches of RRBs,https://www.rbi.org.in/Scripts/PublicationsView.aspx?id=23612
Madhya Pradesh,2010,1103.0,t163_rrb_branches,Table 163: State-wise Number of Branches of RRBs,https://www.rbi.org.in/Scripts/PublicationsView.aspx?id=23612
Madhya Pradesh,2011,1111.0,t163_rrb_branches,Table 163: State-wise Number of Branches of RRBs,https://www.rbi.org.in/Scripts/PublicationsView.aspx?id=23612
Madhya Pradesh,2012,1140.0,t163_rrb_branches,Table 163: State-wise Number of Branches of RRBs,https://www.rbi.org.in/Scripts/PublicationsView.aspx?id=23612
Madhya Pradesh,2013,1150.0,t163_rrb_branches,Table 163: State-wise Number of Branches of RRBs,https://www.rbi.org.in/Scripts/PublicationsView.aspx?id=23612
Madhya Pradesh,2014,1221.0,t163_rrb_branches,Table 163: State-wise Number of Branches of RRBs,https://www.rbi.org.in/Scripts/PublicationsView.aspx?id=23612
Uttarakhand,2004,176.0,t163_rrb_branches,Table 163: State-wise Number of Branches of RRBs,https://www.rbi.org.in/Scripts/PublicationsView.aspx?id=23612
Uttarakhand,2005,170.0,t163_rrb_branches,Table 163: State-wise Number of Branches of RRBs,https://www.rbi.org.in/Scripts/PublicationsView.aspx?id=23612
Uttarakhand,2006,171.0,t163_rrb_branches,Table 163: State-wise Number of Branches of RRBs,https://www.rbi.org.in/Scripts/PublicationsView.aspx?id=23612
Uttarakhand,2007,168.0,t163_rrb_branches,Table 163: State-wise Number of Branches of RRBs,https://www.rbi.org.in/Scripts/PublicationsView.aspx?id=23612
Uttarakhand,2008,178.0,t163_rrb_branches,Table 163: State-wise Number of Branches of RRBs,https://www.rbi.org.in/Scripts/PublicationsView.aspx?id=23612
Uttarakhand,2009,183.0,t163_rrb_branches,Table 163: State-wise Number of Branches of RRBs,https://www.rbi.org.in/Scripts/PublicationsView.aspx?id=23612
Uttarakhand,2010,187.0,t163_rrb_branches,Table 163: State-wise Number of Branches of RRBs,https://www.rbi.org.in/Scripts/PublicationsView.aspx?id=23612
Uttarakhand,2011,194.0,t163_rrb_branches,Table 163: State-wise Number of Branches of RRBs,https://www.rbi.org.in/Scripts/PublicationsView.aspx?id=23612
Uttarakhand,2012,227.0,t163_rrb_branches,Table 163: State-wise Number of Branches of RRBs,https://www.rbi.org.in/Scripts/PublicationsView.aspx?id=23612
Uttarakhand,2013,236.0,t163_rrb_branches,Table 163: State-wise Number of Branches of RRBs,https://www.rbi.org.in/Scripts/PublicationsView.aspx?id=23612
Uttarakhand,2014,253.0,t163_rrb_branches,Table 163: State-wise Number of Branches of RRBs,https://www.rbi.org.in/Scripts/PublicationsView.aspx?id=23612
Uttar Pradesh,2004,2878.0,t163_rrb_branches,Table 163: State-wise Number of Branches of RRBs,https://www.rbi.org.in/Scripts/PublicationsView.aspx?id=23612
Uttar Pradesh,2005,2869.0,t163_rrb_branches,Table 163: State-wise Number of Branches of RRBs,https://www.rbi.org.in/Scripts/PublicationsView.aspx?id=23612
Uttar Pradesh,2006,2871.0,t163_rrb_branches,Table 163: State-wise Number of Branches of RRBs,https://www.rbi.org.in/Scripts/PublicationsView.aspx?id=23612
Uttar Pradesh,2007,2884.0,t163_rrb_branches,Table 163: State-wise Number of Branches of RRBs,https://www.rbi.org.in/Scripts/PublicationsView.aspx?id=23612
Uttar Pradesh,2008,2905.0,t163_rrb_branches,Table 163: State-wise Number of Branches of RRBs,https://www.rbi.org.in/Scripts/PublicationsView.aspx?id=23612
Uttar Pradesh,2009,2988.0,t163_rrb_branches,Table 163: State-wise Number of Branches of RRBs,https://www.rbi.org.in/Scripts/PublicationsView.aspx?id=23612
Uttar Pradesh,2010,3041.0,t163_rrb_branches,Table 163: State-wise Number of Branches of RRBs,https://www.rbi.org.in/Scripts/PublicationsView.aspx?id=23612
Uttar Pradesh,2011,3141.0,t163_rrb_branches,Table 163: State-wise Number of Branches of RRBs,https://www.rbi.org.in/Scripts/PublicationsView.aspx?id=23612
Uttar Pradesh,2012,3282.0,t163_rrb_branches,Table 163: State-wise Number of Branches of RRBs,https://www.rbi.org.in/Scripts/PublicationsView.aspx?id=23612
Uttar Pradesh,2013,3521.0,t163_rrb_branches,Table 163: State-wise Number of Branches of RRBs,https://www.rbi.org.in/Scripts/PublicationsView.aspx?id=23612
Uttar Pradesh,2014,3772.0,t163_rrb_branches,Table 163: State-wise Number of Branches of RRBs,https://www.rbi.org.in/Scripts/PublicationsView.aspx?id=23612
Dadra & Nagar Haveli,2004,,t163_rrb_branches,Table 163: State-wise Number of Branches of RRBs,https://www.rbi.org.in/Scripts/PublicationsView.aspx?id=23612
Dadra & Nagar Haveli,2005,,t163_rrb_branches,Table 163: State-wise Number of Branches of RRBs,https://www.rbi.org.in/Scripts/PublicationsView.aspx?id=23612
Dadra & Nagar Haveli,2006,,t163_rrb_branches,Table 163: State-wise Number of Branches of RRBs,https://www.rbi.org.in/Scripts/PublicationsView.aspx?id=23612
Dadra & Nagar Haveli,2007,,t163_rrb_branches,Table 163: State-wise Number of Branches of RRBs,https://www.rbi.org.in/Scripts/PublicationsView.aspx?id=23612
Dadra & Nagar Haveli,2008,,t163_rrb_branches,Table 163: State-wise Number of Branches of RRBs,https://www.rbi.org.in/Scripts/PublicationsView.aspx?id=23612
Dadra & Nagar Haveli,2009,,t163_rrb_branches,Table 163: State-wise Number of Branches of RRBs,https://www.rbi.org.in/Scripts/PublicationsView.aspx?id=23612
Dadra & Nagar Haveli,2010,,t163_rrb_branches,Table 163: State-wise Number of Branches of RRBs,https://www.rbi.org.in/Scripts/PublicationsView.aspx?id=23612
Dadra & Nagar Haveli,2011,,t163_rrb_branches,Table 163: State-wise Number of Branches of RRBs,https://www.rbi.org.in/Scripts/PublicationsView.aspx?id=23612
Dadra & Nagar Haveli,2012,,t163_rrb_branches,Table 163: State-wise Number of Branches of RRBs,https://www.rbi.org.in/Scripts/PublicationsView.aspx?id=23612
Dadra & Nagar Haveli,2013,,t163_rrb_branches,Table 163: State-wise Number of Branches of RRBs,https://www.rbi.org.in/Scripts/PublicationsView.aspx?id=23612
Dadra & Nagar Haveli,2014,,t163_rrb_branches,Table 163: State-wise Number of Branches of RRBs,https://www.rbi.org.in/Scripts/PublicationsView.aspx?id=23612
Daman & Diu,2004,,t163_rrb_branches,Table 163: State-wise Number of Branches of RRBs,https://www.rbi.org.in/Scripts/PublicationsView.aspx?id=23612
Daman & Diu,2005,,t163_rrb_branches,Table 163: State-wise Number of Branches of RRBs,https://www.rbi.org.in/Scripts/PublicationsView.aspx?id=23612
Daman & Diu,2006,,t163_rrb_branches,Table 163: State-wise Number of Branches of RRBs,https://www.rbi.org.in/Scripts/PublicationsView.aspx?id=23612
Daman & Diu,2007,,t163_rrb_branches,Table 163: State-wise Number of Branches of RRBs,https://www.rbi.org.in/Scripts/PublicationsView.aspx?id=23612
Daman & Diu,2008,,t163_rrb_branches,Table 163: State-wise Number of Branches of RRBs,https://www.rbi.org.in/Scripts/PublicationsView.aspx?id=23612
Daman & Diu,2009,,t163_rrb_branches,Table 163: State-wise Number of Branches of RRBs,https://www.rbi.org.in/Scripts/PublicationsView.aspx?id=23612
Daman & Diu,2010,,t163_rrb_branches,Table 163: State-wise Number of Branches of RRBs,https://www.rbi.org.in/Scripts/PublicationsView.aspx?id=23612
Daman & Diu,2011,,t163_rrb_branches,Table 163: State-wise Number of Branches of RRBs,https://www.rbi.org.in/Scripts/PublicationsView.aspx?id=23612
Daman & Diu,2012,,t163_rrb_branches,Table 163: State-wise Number of Branches of RRBs,https://www.rbi.org.in/Scripts/PublicationsView.aspx?id=23612
Daman & Diu,2013,,t163_rrb_branches,Table 163: State-wise Number of Branches of RRBs,https://www.rbi.org.in/Scripts/PublicationsView.aspx?id=23612
Daman & Diu,2014,,t163_rrb_branches,Table 163: State-wise Number of Branches of RRBs,https://www.rbi.org.in/Scripts/PublicationsView.aspx?id=23612
Goa,2004,,t163_rrb_branches,Table 163: State-wise Number of Branches of RRBs,https://www.rbi.org.in/Scripts/PublicationsView.aspx?id=23612
Goa,2005,,t163_rrb_branches,Table 163: State-wise Number of Branches of RRBs,https://www.rbi.org.in/Scripts/PublicationsView.aspx?id=23612
Goa,2006,,t163_rrb_branches,Table 163: State-wise Number of Branches of RRBs,https://www.rbi.org.in/Scripts/PublicationsView.aspx?id=23612
Goa,2007,,t163_rrb_branches,Table 163: State-wise Number of Branches of RRBs,https://www.rbi.org.in/Scripts/PublicationsView.aspx?id=23612
Goa,2008,,t163_rrb_branches,Table 163: State-wise Number of Branches of RRBs,https://www.rbi.org.in/Scripts/PublicationsView.aspx?id=23612
Goa,2009,,t163_rrb_branches,Table 163: State-wise Number of Branches of RRBs,https://www.rbi.org.in/Scripts/PublicationsView.aspx?id=23612
Goa,2010,,t163_rrb_branches,Table 163: State-wise Number of Branches of RRBs,https://www.rbi.org.in/Scripts/PublicationsView.aspx?id=23612
Goa,2011,,t163_rrb_branches,Table 163: State-wise Number of Branches of RRBs,https://www.rbi.org.in/Scripts/PublicationsView.aspx?id=23612
Goa,2012,,t163_rrb_branches,Table 163: State-wise Number of Branches of RRBs,https://www.rbi.org.in/Scripts/PublicationsView.aspx?id=23612
Goa,2013,,t163_rrb_branches,Table 163: State-wise Number of Branches of RRBs,https://www.rbi.org.in/Scripts/PublicationsView.aspx?id=23612
Goa,2014,,t163_rrb_branches,Table 163: State-wise Number of Branches of RRBs,https://www.rbi.org.in/Scripts/PublicationsView.aspx?id=23612
Gujarat,2004,394.0,t163_rrb_branches,Table 163: State-wise Number of Branches of RRBs,https://www.rbi.org.in/Scripts/PublicationsView.aspx?id=23612
Gujarat,2005,394.0,t163_rrb_branches,Table 163: State-wise Number of Branches of RRBs,https://www.rbi.org.in/Scripts/PublicationsView.aspx?id=23612
Gujarat,2006,393.0,t163_rrb_branches,Table 163: State-wise Number of Branches of RRBs,https://www.rbi.org.in/Scripts/PublicationsView.aspx?id=23612
Gujarat,2007,396.0,t163_rrb_branches,Table 163: State-wise Number of Branches of RRBs,https://www.rbi.org.in/Scripts/PublicationsView.aspx?id=23612
Gujarat,2008,413.0,t163_rrb_branches,Table 163: State-wise Number of Branches of RRBs,https://www.rbi.org.in/Scripts/PublicationsView.aspx?id=23612
Gujarat,2009,423.0,t163_rrb_branches,Table 163: State-wise Number of Branches of RRBs,https://www.rbi.org.in/Scripts/PublicationsView.aspx?id=23612
Gujarat,2010,424.0,t163_rrb_branches,Table 163: State-wise Number of Branches of RRBs,https://www.rbi.org.in/Scripts/PublicationsView.aspx?id=23612
Gujarat,2011,455.0,t163_rrb_branches,Table 163: State-wise Number of Branches of RRBs,https://www.rbi.org.in/Scripts/PublicationsView.aspx?id=23612
Gujarat,2012,497.0,t163_rrb_branches,Table 163: State-wise Number of Branches of RRBs,https://www.rbi.org.in/Scripts/PublicationsView.aspx?id=23612
Gujarat,2013,533.0,t163_rrb_branches,Table 163: State-wise Number of Branches of RRBs,https://www.rbi.org.in/Scripts/PublicationsView.aspx?id=23612
Gujarat,2014,602.0,t163_rrb_branches,Table 163: State-wise Number of Branches of RRBs,https://www.rbi.org.in/Scripts/PublicationsView.aspx?id=23612
Maharashtra,2004,593.0,t163_rrb_branches,Table 163: State-wise Number of Branches of RRBs,https://www.rbi.org.in/Scripts/PublicationsView.aspx?id=23612
Maharashtra,2005,588.0,t163_rrb_branches,Table 163: State-wise Number of Branches of RRBs,https://www.rbi.org.in/Scripts/PublicationsView.aspx?id=23612
Maharashtra,2006,580.0,t163_rrb_branches,Table 163: State-wise Number of Branches of RRBs,https://www.rbi.org.in/Scripts/PublicationsView.aspx?id=23612
Maharashtra,2007,580.0,t163_rrb_branches,Table 163: State-wise Number of Branches of RRBs,https://www.rbi.org.in/Scripts/PublicationsView.aspx?id=23612
Maharashtra,2008,581.0,t163_rrb_branches,Table 163: State-wise Number of Branches of RRBs,https://www.rbi.org.in/Scripts/PublicationsView.aspx?id=23612
Maharashtra,2009,579.0,t163_rrb_branches,Table 163: State-wise Number of Branches of RRBs,https://www.rbi.org.in/Scripts/PublicationsView.aspx?id=23612
Maharashtra,2010,597.0,t163_rrb_branches,Table 163: State-wise Number of Branches of RRBs,https://www.rbi.org.in/Scripts/PublicationsView.aspx?id=23612
Maharashtra,2011,597.0,t163_rrb_branches,Table 163: State-wise Number of Branches of RRBs,https://www.rbi.org.in/Scripts/PublicationsView.aspx?id=23612
Maharashtra,2012,645.0,t163_rrb_branches,Table 163: State-wise Number of Branches of RRBs,https://www.rbi.org.in/Scripts/PublicationsView.aspx?id=23612
Maharashtra,2013,659.0,t163_rrb_branches,Table 163: State-wise Number of Branches of RRBs,https://www.rbi.org.in/Scripts/PublicationsView.aspx?id=23612
Maharashtra,2014,692.0,t163_rrb_branches,Table 163: State-wise Number of Branches of RRBs,https://www.rbi.org.in/Scripts/PublicationsView.aspx?id=23612
Andhra Pradesh,2004,1169.0,t163_rrb_branches,Table 163: State-wise Number of Branches of RRBs,https://www.rbi.org.in/Scripts/PublicationsView.aspx?id=23612
Andhra Pradesh,2005,1164.0,t163_rrb_branches,Table 163: State-wise Number of Branches of RRBs,https://www.rbi.org.in/Scripts/PublicationsView.aspx?id=23612
Andhra Pradesh,2006,1163.0,t163_rrb_branches,Table 163: State-wise Number of Branches of RRBs,https://www.rbi.org.in/Scripts/PublicationsView.aspx?id=23612
Andhra Pradesh,2007,1167.0,t163_rrb_branches,Table 163: State-wise Number of Branches of RRBs,https://www.rbi.org.in/Scripts/PublicationsView.aspx?id=23612
Andhra Pradesh,2008,1180.0,t163_rrb_branches,Table 163: State-wise Number of Branches of RRBs,https://www.rbi.org.in/Scripts/PublicationsView.aspx?id=23612
Andhra Pradesh,2009,1275.0,t163_rrb_branches,Table 163: State-wise Number of Branches of RRBs,https://www.rbi.org.in/Scripts/PublicationsView.aspx?id=23612
Andhra Pradesh,2010,1322.0,t163_rrb_branches,Table 163: State-wise Number of Branches of RRBs,https://www.rbi.org.in/Scripts/PublicationsView.aspx?id=23612
Andhra Pradesh,2011,1346.0,t163_rrb_branches,Table 163: State-wise Number of Branches of RRBs,https://www.rbi.org.in/Scripts/PublicationsView.aspx?id=23612
Andhra Pradesh,2012,1451.0,t163_rrb_branches,Table 163: State-wise Number of Branches of RRBs,https://www.rbi.org.in/Scripts/PublicationsView.aspx?id=23612
Andhra Pradesh,2013,1528.0,t163_rrb_branches,Table 163: State-wise Number of Branches of RRBs,https://www.rbi.org.in/Scripts/PublicationsView.aspx?id=23612
Andhra Pradesh,2014,1562.0,t163_rrb_branches,Table 163: State-wise Number of Branches of RRBs,https://www.rbi.org.in/Scripts/PublicationsView.aspx?id=23612
Karnataka,2004,1153.0,t163_rrb_branches,Table 163: State-wise Number of Branches of RRBs,https://www.rbi.org.in/Scripts/PublicationsView.aspx?id=23612
Karnataka,2005,1148.0,t163_rrb_branches,Table 163: State-wise Number of Branches of RRBs,https://www.rbi.org.in/Scripts/PublicationsView.aspx?id=23612
Karnataka,2006,1147.0,t163_rrb_branches,Table 163: State-wise Number of Branches of RRBs,https://www.rbi.org.in/Scripts/PublicationsView.aspx?id=23612
Karnataka,2007,1152.0,t163_rrb_branches,Table 163: State-wise Number of Branches of RRBs,https://www.rbi.org.in/Scripts/PublicationsView.aspx?id=23612
Karnataka,2008,1166.0,t163_rrb_branches,Table 163: State-wise Number of Branches of RRBs,https://www.rbi.org.in/Scripts/PublicationsView.aspx?id=23612
Karnataka,2009,1193.0,t163_rrb_branches,Table 163: State-wise Number of Branches of RRBs,https://www.rbi.org.in/Scripts/PublicationsView.aspx?id=23612
Karnataka,2010,1212.0,t163_rrb_branches,Table 163: State-wise Number of Branches of RRBs,https://www.rbi.org.in/Scripts/PublicationsView.aspx?id=23612
Karnataka,2011,1229.0,t163_rrb_branches,Table 163: State-wise Number of Branches of RRBs,https://www.rbi.org.in/Scripts/PublicationsView.aspx?id=23612
Karnataka,2012,1302.0,t163_rrb_branches,Table 163: State-wise Number of Branches of RRBs,https://www.rbi.org.in/Scripts/PublicationsView.aspx?id=23612
Karnataka,2013,1418.0,t163_rrb_branches,Table 163: State-wise Number of Branches of RRBs,https://www.rbi.org.in/Scripts/PublicationsView.aspx?id=23612
Karnataka,2014,1510.0,t163_rrb_branches,Table 163: State-wise Number of Branches of RRBs,https://www.rbi.org.in/Scripts/PublicationsView.aspx?id=23612
Kerala,2004,366.0,t163_rrb_branches,Table 163: State-wise Number of Branches of RRBs,https://www.rbi.org.in/Scripts/PublicationsView.aspx?id=23612
Kerala,2005,375.0,t163_rrb_branches,Table 163: State-wise Number of Branches of RRBs,https://www.rbi.org.in/Scripts/PublicationsView.aspx?id=23612
Kerala,2006,382.0,t163_rrb_branches,Table 163: State-wise Number of Branches of RRBs,https://www.rbi.org.in/Scripts/PublicationsView.aspx?id=23612
Kerala,2007,387.0,t163_rrb_branches,Table 163: State-wise Number of Branches of RRBs,https://www.rbi.org.in/Scripts/PublicationsView.aspx?id=23612
Kerala,2008,388.0,t163_rrb_branches,Table 163: State-wise Number of Branches of RRBs,https://www.rbi.org.in/Scripts/PublicationsView.aspx?id=23612
Kerala,2009,399.0,t163_rrb_branches,Table 163: State-wise Number of Branches of RRBs,https://www.rbi.org.in/Scripts/PublicationsView.aspx?id=23612
Kerala,2010,423.0,t163_rrb_branches,Table 163: State-wise Number of Branches of RRBs,https://www.rbi.org.in/Scripts/PublicationsView.aspx?id=23612
Kerala,2011,423.0,t163_rrb_branches,Table 163: State-wise Number of Branches of RRBs,https://www.rbi.org.in/Scripts/PublicationsView.aspx?id=23612
Kerala,2012,431.0,t163_rrb_branches,Table 163: State-wise Number of Branches of RRBs,https://www.rbi.org.in/Scripts/PublicationsView.aspx?id=23612
Kerala,2013,524.0,t163_rrb_branches,Table 163: State-wise Number of Branches of RRBs,https://www.rbi.org.in/Scripts/PublicationsView.aspx?id=23612
Kerala,2014,536.0,t163_rrb_branches,Table 163: State-wise Number of Branches of RRBs,https://www.rbi.org.in/Scripts/PublicationsView.aspx?id=23612
Lakshadweep,2004,,t163_rrb_branches,Table 163: State-wise Number of Branches of RRBs,https://www.rbi.org.in/Scripts/PublicationsView.aspx?id=23612
Lakshadweep,2005,,t163_rrb_branches,Table 163: State-wise Number of Branches of RRBs,https://www.rbi.org.in/Scripts/PublicationsView.aspx?id=23612
Lakshadweep,2006,,t163_rrb_branches,Table 163: State-wise Number of Branches of RRBs,https://www.rbi.org.in/Scripts/PublicationsView.aspx?id=23612
Lakshadweep,2007,,t163_rrb_branches,Table 163: State-wise Number of Branches of RRBs,https://www.rbi.org.in/Scripts/PublicationsView.aspx?id=23612
Lakshadweep,2008,,t163_rrb_branches,Table 163: State-wise Number of Branches of RRBs,https://www.rbi.org.in/Scripts/PublicationsView.aspx?id=23612
Lakshadweep,2009,,t163_rrb_branches,Table 163: State-wise Number of Branches of RRBs,https://www.rbi.org.in/Scripts/PublicationsView.aspx?id=23612
Lakshadweep,2010,,t163_rrb_branches,Table 163: State-wise Number of Branches of RRBs,https://www.rbi.org.in/Scripts/PublicationsView.aspx?id=23612
Lakshadweep,2011,,t163_rrb_branches,Table 163: State-wise Number of Branches of RRBs,https://www.rbi.org.in/Scripts/PublicationsView.aspx?id=23612
Lakshadweep,2012,,t163_rrb_branches,Table 163: State-wise Number of Branches of RRBs,https://www.rbi.org.in/Scripts/PublicationsView.aspx?id=23612
Lakshadweep,2013,,t163_rrb_branches,Table 163: State-wise Number of Branches of RRBs,https://www.rbi.org.in/Scripts/PublicationsView.aspx?id=23612
Lakshadweep,2014,,t163_rrb_branches,Table 163: State-wise Number of Branches of RRBs,https://www.rbi.org.in/Scripts/PublicationsView.aspx?id=23612
Puducherry,2004,,t163_rrb_branches,Table 163: State-wise Number of Branches of RRBs,https://www.rbi.org.in/Scripts/PublicationsView.aspx?id=23612
Puducherry,2005,,t163_rrb_branches,Table 163: State-wise Number of Branches of RRBs,https://www.rbi.org.in/Scripts/PublicationsView.aspx?id=23612
Puducherry,2006,,t163_rrb_branches,Table 163: State-wise Number of Branches of RRBs,https://www.rbi.org.in/Scripts/PublicationsView.aspx?id=23612
Puducherry,2007,,t163_rrb_branches,Table 163: State-wise Number of Branches of RRBs,https://www.rbi.org.in/Scripts/PublicationsView.aspx?id=23612
Puducherry,2008,,t163_rrb_branches,Table 163: State-wise Number of Branches of RRBs,https://www.rbi.org.in/Scripts/PublicationsView.aspx?id=23612
Puducherry,2009,11.0,t163_rrb_branches,Table 163: State-wise Number of Branches of RRBs,https://www.rbi.org.in/Scripts/PublicationsView.aspx?id=23612
Puducherry,2010,20.0,t163_rrb_branches,Table 163: State-wise Number of Branches of RRBs,https://www.rbi.org.in/Scripts/PublicationsView.aspx?id=23612
Puducherry,2011,26.0,t163_rrb_branches,Table 163: State-wise Number of Branches of RRBs,https://www.rbi.org.in/Scripts/PublicationsView.aspx?id=23612
Puducherry,2012,28.0,t163_rrb_branches,Table 163: State-wise Number of Branches of RRBs,https://www.rbi.org.in/Scripts/PublicationsView.aspx?id=23612
Puducherry,2013,28.0,t163_rrb_branches,Table 163: State-wise Number of Branches of RRBs,https://www.rbi.org.in/Scripts/PublicationsView.aspx?id=23612
Puducherry,2014,31.0,t163_rrb_branches,Table 163: State-wise Number of Branches of RRBs,https://www.rbi.org.in/Scripts/PublicationsView.aspx?id=23612
Tamil Nadu,2004,215.0,t163_rrb_branches,Table 163: State-wise Number of Branches of RRBs,https://www.rbi.org.in/Scripts/PublicationsView.aspx?id=23612
Tamil Nadu,2005,218.0,t163_rrb_branches,Table 163: State-wise Number of Branches of RRBs,https://www.rbi.org.in/Scripts/PublicationsView.aspx?id=23612
Tamil Nadu,2006,223.0,t163_rrb_branches,Table 163: State-wise Number of Branches of RRBs,https://www.rbi.org.in/Scripts/PublicationsView.aspx?id=23612
Tamil Nadu,2007,223.0,t163_rrb_branches,Table 163: State-wise Number of Branches of RRBs,https://www.rbi.org.in/Scripts/PublicationsView.aspx?id=23612
Tamil Nadu,2008,255.0,t163_rrb_branches,Table 163: State-wise Number of Branches of RRBs,https://www.rbi.org.in/Scripts/PublicationsView.aspx?id=23612
Tamil Nadu,2009,275.0,t163_rrb_branches,Table 163: State-wise Number of Branches of RRBs,https://www.rbi.org.in/Scripts/PublicationsView.aspx?id=23612
Tamil Nadu,2010,291.0,t163_rrb_branches,Table 163: State-wise Number of Branches of RRBs,https://www.rbi.org.in/Scripts/PublicationsView.aspx?id=23612
Tamil Nadu,2011,304.0,t163_rrb_branches,Table 163: State-wise Number of Branches of RRBs,https://www.rbi.org.in/Scripts/PublicationsView.aspx?id=23612
Tamil Nadu,2012,344.0,t163_rrb_branches,Table 163: State-wise Number of Branches of RRBs,https://www.rbi.org.in/Scripts/PublicationsView.aspx?id=23612
Tamil Nadu,2013,351.0,t163_rrb_branches,Table 163: State-wise Number of Branches of RRBs,https://www.rbi.org.in/Scripts/PublicationsView.aspx?id=23612
Tamil Nadu,2014,389.0,t163_rrb_branches,Table 163: State-wise Number of Branches of RRBs,https://www.rbi.org.in/Scripts/PublicationsView.aspx?id=23612
Telangana,2004,,t163_rrb_branches,Table 163: State-wise Number of Branches of RRBs,https://www.rbi.org.in/Scripts/PublicationsView.aspx?id=23612
Telangana,2005,,t163_rrb_branches,Table 163: State-wise Number of Branches of RRBs,https://www.rbi.org.in/Scripts/PublicationsView.aspx?id=23612
Telangana,2006,,t163_rrb_branches,Table 163: State-wise Number of Branches of RRBs,https://www.rbi.org.in/Scripts/PublicationsView.aspx?id=23612
Telangana,2007,,t163_rrb_branches,Table 163: State-wise Number of Branches of RRBs,https://www.rbi.org.in/Scripts/PublicationsView.aspx?id=23612
Telangana,2008,,t163_rrb_branches,Table 163: State-wise Number of Branches of RRBs,https://www.rbi.org.in/Scripts/PublicationsView.aspx?id=23612
Telangana,2009,,t163_rrb_branches,Table 163: State-wise Number of Branches of RRBs,https://www.rbi.org.in/Scripts/PublicationsView.aspx?id=23612
Telangana,2010,,t163_rrb_branches,Table 163: State-wise Number of Branches of RRBs,https://www.rbi.org.in/Scripts/PublicationsView.aspx?id=23612
Telangana,2011,,t163_rrb_branches,Table 163: State-wise Number of Branches of RRBs,https://www.rbi.org.in/Scripts/PublicationsView.aspx?id=23612
Telangana,2012,,t163_rrb_branches,Table 163: State-wise Number of Branches of RRBs,https://www.rbi.org.in/Scripts/PublicationsView.aspx?id=23612
Telangana,2013,,t163_rrb_branches,Table 163: State-wise Number of Branches of RRBs,https://www.rbi.org.in/Scripts/PublicationsView.aspx?id=23612
Telangana,2014,,t163_rrb_branches,Table 163: State-wise Number of Branches of RRBs,https://www.rbi.org.in/Scripts/PublicationsView.aspx?id=23612
Chandigarh,2015,,t163_rrb_branches,Table 163: State-wise Number of Branches of RRBs,https://www.rbi.org.in/Scripts/PublicationsView.aspx?id=23612
Chandigarh,2016,,t163_rrb_branches,Table 163: State-wise Number of Branches of RRBs,https://www.rbi.org.in/Scripts/PublicationsView.aspx?id=23612
Chandigarh,2017,,t163_rrb_branches,Table 163: State-wise Number of Branches of RRBs,https://www.rbi.org.in/Scripts/PublicationsView.aspx?id=23612
Chandigarh,2018,,t163_rrb_branches,Table 163: State-wise Number of Branches of RRBs,https://www.rbi.org.in/Scripts/PublicationsView.aspx?id=23612
Chandigarh,2019,,t163_rrb_branches,Table 163: State-wise Number of Branches of RRBs,https://www.rbi.org.in/Scripts/PublicationsView.aspx?id=23612
Chandigarh,2020,,t163_rrb_branches,Table 163: State-wise Number of Branches of RRBs,https://www.rbi.org.in/Scripts/PublicationsView.aspx?id=23612
Chandigarh,2021,,t163_rrb_branches,Table 163: State-wise Number of Branches of RRBs,https://www.rbi.org.in/Scripts/PublicationsView.aspx?id=23612
Chandigarh,2022,,t163_rrb_branches,Table 163: State-wise Number of Branches of RRBs,https://www.rbi.org.in/Scripts/PublicationsView.aspx?id=23612
Chandigarh,2023,,t163_rrb_branches,Table 163: State-wise Number of Branches of RRBs,https://www.rbi.org.in/Scripts/PublicationsView.aspx?id=23612
Chandigarh,2024,,t163_rrb_branches,Table 163: State-wise Number of Branches of RRBs,https://www.rbi.org.in/Scripts/PublicationsView.aspx?id=23612
Chandigarh,2025,,t163_rrb_branches,Table 163: State-wise Number of Branches of RRBs,https://www.rbi.org.in/Scripts/PublicationsView.aspx?id=23612
Delhi,2015,,t163_rrb_branches,Table 163: State-wise Number of Branches of RRBs,https://www.rbi.org.in/Scripts/PublicationsView.aspx?id=23612
Delhi,2016,,t163_rrb_branches,Table 163: State-wise Number of Branches of RRBs,https://www.rbi.org.in/Scripts/PublicationsView.aspx?id=23612
Delhi,2017,,t163_rrb_branches,Table 163: State-wise Number of Branches of RRBs,https://www.rbi.org.in/Scripts/PublicationsView.aspx?id=23612
Delhi,2018,,t163_rrb_branches,Table 163: State-wise Number of Branches of RRBs,https://www.rbi.org.in/Scripts/PublicationsView.aspx?id=23612
Delhi,2019,,t163_rrb_branches,Table 163: State-wise Number of Branches of RRBs,https://www.rbi.org.in/Scripts/PublicationsView.aspx?id=23612
Delhi,2020,,t163_rrb_branches,Table 163: State-wise Number of Branches of RRBs,https://www.rbi.org.in/Scripts/PublicationsView.aspx?id=23612
Delhi,2021,,t163_rrb_branches,Table 163: State-wise Number of Branches of RRBs,https://www.rbi.org.in/Scripts/PublicationsView.aspx?id=23612
Delhi,2022,,t163_rrb_branches,Table 163: State-wise Number of Branches of RRBs,https://www.rbi.org.in/Scripts/PublicationsView.aspx?id=23612
Delhi,2023,,t163_rrb_branches,Table 163: State-wise Number of Branches of RRBs,https://www.rbi.org.in/Scripts/PublicationsView.aspx?id=23612
Delhi,2024,,t163_rrb_branches,Table 163: State-wise Number of Branches of RRBs,https://www.rbi.org.in/Scripts/PublicationsView.aspx?id=23612
Delhi,2025,,t163_rrb_branches,Table 163: State-wise Number of Branches of RRBs,https://www.rbi.org.in/Scripts/PublicationsView.aspx?id=23612
Haryana,2015,609.0,t163_rrb_branches,Table 163: State-wise Number of Branches of RRBs,https://www.rbi.org.in/Scripts/PublicationsView.aspx?id=23612
Haryana,2016,622.0,t163_rrb_branches,Table 163: State-wise Number of Branches of RRBs,https://www.rbi.org.in/Scripts/PublicationsView.aspx?id=23612
Haryana,2017,642.0,t163_rrb_branches,Table 163: State-wise Number of Branches of RRBs,https://www.rbi.org.in/Scripts/PublicationsView.aspx?id=23612
Haryana,2018,664.0,t163_rrb_branches,Table 163: State-wise Number of Branches of RRBs,https://www.rbi.org.in/Scripts/PublicationsView.aspx?id=23612
Haryana,2019,666.0,t163_rrb_branches,Table 163: State-wise Number of Branches of RRBs,https://www.rbi.org.in/Scripts/PublicationsView.aspx?id=23612
Haryana,2020,666.0,t163_rrb_branches,Table 163: State-wise Number of Branches of RRBs,https://www.rbi.org.in/Scripts/PublicationsView.aspx?id=23612
Haryana,2021,666.0,t163_rrb_branches,Table 163: State-wise Number of Branches of RRBs,https://www.rbi.org.in/Scripts/PublicationsView.aspx?id=23612
Haryana,2022,681.0,t163_rrb_branches,Table 163: State-wise Number of Branches of RRBs,https://www.rbi.org.in/Scripts/PublicationsView.aspx?id=23612
Haryana,2023,693.0,t163_rrb_branches,Table 163: State-wise Number of Branches of RRBs,https://www.rbi.org.in/Scripts/PublicationsView.aspx?id=23612
Haryana,2024,697.0,t163_rrb_branches,Table 163: State-wise Number of Branches of RRBs,https://www.rbi.org.in/Scripts/PublicationsView.aspx?id=23612
Haryana,2025,704.0,t163_rrb_branches,Table 163: State-wise Number of Branches of RRBs,https://www.rbi.org.in/Scripts/PublicationsView.aspx?id=23612
Himachal Pradesh,2015,189.0,t163_rrb_branches,Table 163: State-wise Number of Branches of RRBs,https://www.rbi.org.in/Scripts/PublicationsView.aspx?id=23612
Himachal Pradesh,2016,187.0,t163_rrb_branches,Table 163: State-wise Number of Branches of RRBs,https://www.rbi.org.in/Scripts/PublicationsView.aspx?id=23612
Himachal Pradesh,2017,188.0,t163_rrb_branches,Table 163: State-wise Number of Branches of RRBs,https://www.rbi.org.in/Scripts/PublicationsView.aspx?id=23612
Himachal Pradesh,2018,187.0,t163_rrb_branches,Table 163: State-wise Number of Branches of RRBs,https://www.rbi.org.in/Scripts/PublicationsView.aspx?id=23612
Himachal Pradesh,2019,269.0,t163_rrb_branches,Table 163: State-wise Number of Branches of RRBs,https://www.rbi.org.in/Scripts/PublicationsView.aspx?id=23612
Himachal Pradesh,2020,270.0,t163_rrb_branches,Table 163: State-wise Number of Branches of RRBs,https://www.rbi.org.in/Scripts/PublicationsView.aspx?id=23612
Himachal Pradesh,2021,270.0,t163_rrb_branches,Table 163: State-wise Number of Branches of RRBs,https://www.rbi.org.in/Scripts/PublicationsView.aspx?id=23612
Himachal Pradesh,2022,271.0,t163_rrb_branches,Table 163: State-wise Number of Branches of RRBs,https://www.rbi.org.in/Scripts/PublicationsView.aspx?id=23612
Himachal Pradesh,2023,276.0,t163_rrb_branches,Table 163: State-wise Number of Branches of RRBs,https://www.rbi.org.in/Scripts/PublicationsView.aspx?id=23612
Himachal Pradesh,2024,279.0,t163_rrb_branches,Table 163: State-wise Number of Branches of RRBs,https://www.rbi.org.in/Scripts/PublicationsView.aspx?id=23612
Himachal Pradesh,2025,279.0,t163_rrb_branches,Table 163: State-wise Number of Branches of RRBs,https://www.rbi.org.in/Scripts/PublicationsView.aspx?id=23612
Jammu & Kashmir,2015,288.0,t163_rrb_branches,Table 163: State-wise Number of Branches of RRBs,https://www.rbi.org.in/Scripts/PublicationsView.aspx?id=23612
Jammu & Kashmir,2016,329.0,t163_rrb_branches,Table 163: State-wise Number of Branches of RRBs,https://www.rbi.org.in/Scripts/PublicationsView.aspx?id=23612
Jammu & Kashmir,2017,336.0,t163_rrb_branches,Table 163: State-wise Number of Branches of RRBs,https://www.rbi.org.in/Scripts/PublicationsView.aspx?id=23612
Jammu & Kashmir,2018,360.0,t163_rrb_branches,Table 163: State-wise Number of Branches of RRBs,https://www.rbi.org.in/Scripts/PublicationsView.aspx?id=23612
Jammu & Kashmir,2019,343.0,t163_rrb_branches,Table 163: State-wise Number of Branches of RRBs,https://www.rbi.org.in/Scripts/PublicationsView.aspx?id=23612
Jammu & Kashmir,2020,337.0,t163_rrb_branches,Table 163: State-wise Number of Branches of RRBs,https://www.rbi.org.in/Scripts/PublicationsView.aspx?id=23612
Jammu & Kashmir,2021,345.0,t163_rrb_branches,Table 163: State-wise Number of Branches of RRBs,https://www.rbi.org.in/Scripts/PublicationsView.aspx?id=23612
Jammu & Kashmir,2022,332.0,t163_rrb_branches,Table 163: State-wise Number of Branches of RRBs,https://www.rbi.org.in/Scripts/PublicationsView.aspx?id=23612
Jammu & Kashmir,2023,336.0,t163_rrb_branches,Table 163: State-wise Number of Branches of RRBs,https://www.rbi.org.in/Scripts/PublicationsView.aspx?id=23612
Jammu & Kashmir,2024,337.0,t163_rrb_branches,Table 163: State-wise Number of Branches of RRBs,https://www.rbi.org.in/Scripts/PublicationsView.aspx?id=23612
Jammu & Kashmir,2025,336.0,t163_rrb_branches,Table 163: State-wise Number of Branches of RRBs,https://www.rbi.org.in/Scripts/PublicationsView.aspx?id=23612
Ladakh,2015,,t163_rrb_branches,Table 163: State-wise Number of Branches of RRBs,https://www.rbi.org.in/Scripts/PublicationsView.aspx?id=23612
Ladakh,2016,,t163_rrb_branches,Table 163: State-wise Number of Branches of RRBs,https://www.rbi.org.in/Scripts/PublicationsView.aspx?id=23612
Ladakh,2017,,t163_rrb_branches,Table 163: State-wise Number of Branches of RRBs,https://www.rbi.org.in/Scripts/PublicationsView.aspx?id=23612
Ladakh,2018,,t163_rrb_branches,Table 163: State-wise Number of Branches of RRBs,https://www.rbi.org.in/Scripts/PublicationsView.aspx?id=23612
Ladakh,2019,,t163_rrb_branches,Table 163: State-wise Number of Branches of RRBs,https://www.rbi.org.in/Scripts/PublicationsView.aspx?id=23612
Ladakh,2020,2.0,t163_rrb_branches,Table 163: State-wise Number of Branches of RRBs,https://www.rbi.org.in/Scripts/PublicationsView.aspx?id=23612
Ladakh,2021,2.0,t163_rrb_branches,Table 163: State-wise Number of Branches of RRBs,https://www.rbi.org.in/Scripts/PublicationsView.aspx?id=23612
Ladakh,2022,2.0,t163_rrb_branches,Table 163: State-wise Number of Branches of RRBs,https://www.rbi.org.in/Scripts/PublicationsView.aspx?id=23612
Ladakh,2023,2.0,t163_rrb_branches,Table 163: State-wise Number of Branches of RRBs,https://www.rbi.org.in/Scripts/PublicationsView.aspx?id=23612
Ladakh,2024,4.0,t163_rrb_branches,Table 163: State-wise Number of Branches of RRBs,https://www.rbi.org.in/Scripts/PublicationsView.aspx?id=23612
Ladakh,2025,4.0,t163_rrb_branches,Table 163: State-wise Number of Branches of RRBs,https://www.rbi.org.in/Scripts/PublicationsView.aspx?id=23612
Punjab,2015,374.0,t163_rrb_branches,Table 163: State-wise Number of Branches of RRBs,https://www.rbi.org.in/Scripts/PublicationsView.aspx?id=23612
Punjab,2016,393.0,t163_rrb_branches,Table 163: State-wise Number of Branches of RRBs,https://www.rbi.org.in/Scripts/PublicationsView.aspx?id=23612
Punjab,2017,410.0,t163_rrb_branches,Table 163: State-wise Number of Branches of RRBs,https://www.rbi.org.in/Scripts/PublicationsView.aspx?id=23612
Punjab,2018,422.0,t163_rrb_branches,Table 163: State-wise Number of Branches of RRBs,https://www.rbi.org.in/Scripts/PublicationsView.aspx?id=23612
Punjab,2019,421.0,t163_rrb_branches,Table 163: State-wise Number of Branches of RRBs,https://www.rbi.org.in/Scripts/PublicationsView.aspx?id=23612
Punjab,2020,426.0,t163_rrb_branches,Table 163: State-wise Number of Branches of RRBs,https://www.rbi.org.in/Scripts/PublicationsView.aspx?id=23612
Punjab,2021,429.0,t163_rrb_branches,Table 163: State-wise Number of Branches of RRBs,https://www.rbi.org.in/Scripts/PublicationsView.aspx?id=23612
Punjab,2022,435.0,t163_rrb_branches,Table 163: State-wise Number of Branches of RRBs,https://www.rbi.org.in/Scripts/PublicationsView.aspx?id=23612
Punjab,2023,443.0,t163_rrb_branches,Table 163: State-wise Number of Branches of RRBs,https://www.rbi.org.in/Scripts/PublicationsView.aspx?id=23612
Punjab,2024,454.0,t163_rrb_branches,Table 163: State-wise Number of Branches of RRBs,https://www.rbi.org.in/Scripts/PublicationsView.aspx?id=23612
Punjab,2025,465.0,t163_rrb_branches,Table 163: State-wise Number of Branches of RRBs,https://www.rbi.org.in/Scripts/PublicationsView.aspx?id=23612
Rajasthan,2015,1336.0,t163_rrb_branches,Table 163: State-wise Number of Branches of RRBs,https://www.rbi.org.in/Scripts/PublicationsView.aspx?id=23612
Rajasthan,2016,1436.0,t163_rrb_branches,Table 163: State-wise Number of Branches of RRBs,https://www.rbi.org.in/Scripts/PublicationsView.aspx?id=23612
Rajasthan,2017,1490.0,t163_rrb_branches,Table 163: State-wise Number of Branches of RRBs,https://www.rbi.org.in/Scripts/PublicationsView.aspx?id=23612
Rajasthan,2018,1551.0,t163_rrb_branches,Table 163: State-wise Number of Branches of RRBs,https://www.rbi.org.in/Scripts/PublicationsView.aspx?id=23612
Rajasthan,2019,1575.0,t163_rrb_branches,Table 163: State-wise Number of Branches of RRBs,https://www.rbi.org.in/Scripts/PublicationsView.aspx?id=23612
Rajasthan,2020,1579.0,t163_rrb_branches,Table 163: State-wise Number of Branches of RRBs,https://www.rbi.org.in/Scripts/PublicationsView.aspx?id=23612
Rajasthan,2021,1588.0,t163_rrb_branches,Table 163: State-wise Number of Branches of RRBs,https://www.rbi.org.in/Scripts/PublicationsView.aspx?id=23612
Rajasthan,2022,1596.0,t163_rrb_branches,Table 163: State-wise Number of Branches of RRBs,https://www.rbi.org.in/Scripts/PublicationsView.aspx?id=23612
Rajasthan,2023,1618.0,t163_rrb_branches,Table 163: State-wise Number of Branches of RRBs,https://www.rbi.org.in/Scripts/PublicationsView.aspx?id=23612
Rajasthan,2024,1612.0,t163_rrb_branches,Table 163: State-wise Number of Branches of RRBs,https://www.rbi.org.in/Scripts/PublicationsView.aspx?id=23612
Rajasthan,2025,1615.0,t163_rrb_branches,Table 163: State-wise Number of Branches of RRBs,https://www.rbi.org.in/Scripts/PublicationsView.aspx?id=23612
Arunachal Pradesh,2015,28.0,t163_rrb_branches,Table 163: State-wise Number of Branches of RRBs,https://www.rbi.org.in/Scripts/PublicationsView.aspx?id=23612
Arunachal Pradesh,2016,29.0,t163_rrb_branches,Table 163: State-wise Number of Branches of RRBs,https://www.rbi.org.in/Scripts/PublicationsView.aspx?id=23612
Arunachal Pradesh,2017,29.0,t163_rrb_branches,Table 163: State-wise Number of Branches of RRBs,https://www.rbi.org.in/Scripts/PublicationsView.aspx?id=23612
Arunachal Pradesh,2018,30.0,t163_rrb_branches,Table 163: State-wise Number of Branches of RRBs,https://www.rbi.org.in/Scripts/PublicationsView.aspx?id=23612
Arunachal Pradesh,2019,30.0,t163_rrb_branches,Table 163: State-wise Number of Branches of RRBs,https://www.rbi.org.in/Scripts/PublicationsView.aspx?id=23612
Arunachal Pradesh,2020,31.0,t163_rrb_branches,Table 163: State-wise Number of Branches of RRBs,https://www.rbi.org.in/Scripts/PublicationsView.aspx?id=23612
Arunachal Pradesh,2021,32.0,t163_rrb_branches,Table 163: State-wise Number of Branches of RRBs,https://www.rbi.org.in/Scripts/PublicationsView.aspx?id=23612
Arunachal Pradesh,2022,32.0,t163_rrb_branches,Table 163: State-wise Number of Branches of RRBs,https://www.rbi.org.in/Scripts/PublicationsView.aspx?id=23612
Arunachal Pradesh,2023,33.0,t163_rrb_branches,Table 163: State-wise Number of Branches of RRBs,https://www.rbi.org.in/Scripts/PublicationsView.aspx?id=23612
Arunachal Pradesh,2024,35.0,t163_rrb_branches,Table 163: State-wise Number of Branches of RRBs,https://www.rbi.org.in/Scripts/PublicationsView.aspx?id=23612
Arunachal Pradesh,2025,34.0,t163_rrb_branches,Table 163: State-wise Number of Branches of RRBs,https://www.rbi.org.in/Scripts/PublicationsView.aspx?id=23612
Assam,2015,465.0,t163_rrb_branches,Table 163: State-wise Number of Branches of RRBs,https://www.rbi.org.in/Scripts/PublicationsView.aspx?id=23612
Assam,2016,469.0,t163_rrb_branches,Table 163: State-wise Number of Branches of RRBs,https://www.rbi.org.in/Scripts/PublicationsView.aspx?id=23612
Assam,2017,479.0,t163_rrb_branches,Table 163: State-wise Number of Branches of RRBs,https://www.rbi.org.in/Scripts/PublicationsView.aspx?id=23612
Assam,2018,481.0,t163_rrb_branches,Table 163: State-wise Number of Branches of RRBs,https://www.rbi.org.in/Scripts/PublicationsView.aspx?id=23612
Assam,2019,481.0,t163_rrb_branches,Table 163: State-wise Number of Branches of RRBs,https://www.rbi.org.in/Scripts/PublicationsView.aspx?id=23612
Assam,2020,482.0,t163_rrb_branches,Table 163: State-wise Number of Branches of RRBs,https://www.rbi.org.in/Scripts/PublicationsView.aspx?id=23612
Assam,2021,482.0,t163_rrb_branches,Table 163: State-wise Number of Branches of RRBs,https://www.rbi.org.in/Scripts/PublicationsView.aspx?id=23612
Assam,2022,482.0,t163_rrb_branches,Table 163: State-wise Number of Branches of RRBs,https://www.rbi.org.in/Scripts/PublicationsView.aspx?id=23612
Assam,2023,478.0,t163_rrb_branches,Table 163: State-wise Number of Branches of RRBs,https://www.rbi.org.in/Scripts/PublicationsView.aspx?id=23612
Assam,2024,475.0,t163_rrb_branches,Table 163: State-wise Number of Branches of RRBs,https://www.rbi.org.in/Scripts/PublicationsView.aspx?id=23612
Assam,2025,475.0,t163_rrb_branches,Table 163: State-wise Number of Branches of RRBs,https://www.rbi.org.in/Scripts/PublicationsView.aspx?id=23612
Manipur,2015,21.0,t163_rrb_branches,Table 163: State-wise Number of Branches of RRBs,https://www.rbi.org.in/Scripts/PublicationsView.aspx?id=23612
Manipur,2016,21.0,t163_rrb_branches,Table 163: State-wise Number of Branches of RRBs,https://www.rbi.org.in/Scripts/PublicationsView.aspx?id=23612
Manipur,2017,21.0,t163_rrb_branches,Table 163: State-wise Number of Branches of RRBs,https://www.rbi.org.in/Scripts/PublicationsView.aspx?id=23612
Manipur,2018,23.0,t163_rrb_branches,Table 163: State-wise Number of Branches of RRBs,https://www.rbi.org.in/Scripts/PublicationsView.aspx?id=23612
Manipur,2019,28.0,t163_rrb_branches,Table 163: State-wise Number of Branches of RRBs,https://www.rbi.org.in/Scripts/PublicationsView.aspx?id=23612
Manipur,2020,27.0,t163_rrb_branches,Table 163: State-wise Number of Branches of RRBs,https://www.rbi.org.in/Scripts/PublicationsView.aspx?id=23612
Manipur,2021,27.0,t163_rrb_branches,Table 163: State-wise Number of Branches of RRBs,https://www.rbi.org.in/Scripts/PublicationsView.aspx?id=23612
Manipur,2022,27.0,t163_rrb_branches,Table 163: State-wise Number of Branches of RRBs,https://www.rbi.org.in/Scripts/PublicationsView.aspx?id=23612
Manipur,2023,27.0,t163_rrb_branches,Table 163: State-wise Number of Branches of RRBs,https://www.rbi.org.in/Scripts/PublicationsView.aspx?id=23612
Manipur,2024,28.0,t163_rrb_branches,Table 163: State-wise Number of Branches of RRBs,https://www.rbi.org.in/Scripts/PublicationsView.aspx?id=23612
Manipur,2025,28.0,t163_rrb_branches,Table 163: State-wise Number of Branches of RRBs,https://www.rbi.org.in/Scripts/PublicationsView.aspx?id=23612
Meghalaya,2015,62.0,t163_rrb_branches,Table 163: State-wise Number of Branches of RRBs,https://www.rbi.org.in/Scripts/PublicationsView.aspx?id=23612
Meghalaya,2016,79.0,t163_rrb_branches,Table 163: State-wise Number of Branches of RRBs,https://www.rbi.org.in/Scripts/PublicationsView.aspx?id=23612
Meghalaya,2017,93.0,t163_rrb_branches,Table 163: State-wise Number of Branches of RRBs,https://www.rbi.org.in/Scripts/PublicationsView.aspx?id=23612
Meghalaya,2018,93.0,t163_rrb_branches,Table 163: State-wise Number of Branches of RRBs,https://www.rbi.org.in/Scripts/PublicationsView.aspx?id=23612
Meghalaya,2019,94.0,t163_rrb_branches,Table 163: State-wise Number of Branches of RRBs,https://www.rbi.org.in/Scripts/PublicationsView.aspx?id=23612
Meghalaya,2020,93.0,t163_rrb_branches,Table 163: State-wise Number of Branches of RRBs,https://www.rbi.org.in/Scripts/PublicationsView.aspx?id=23612
Meghalaya,2021,93.0,t163_rrb_branches,Table 163: State-wise Number of Branches of RRBs,https://www.rbi.org.in/Scripts/PublicationsView.aspx?id=23612
Meghalaya,2022,93.0,t163_rrb_branches,Table 163: State-wise Number of Branches of RRBs,https://www.rbi.org.in/Scripts/PublicationsView.aspx?id=23612
Meghalaya,2023,94.0,t163_rrb_branches,Table 163: State-wise Number of Branches of RRBs,https://www.rbi.org.in/Scripts/PublicationsView.aspx?id=23612
Meghalaya,2024,95.0,t163_rrb_branches,Table 163: State-wise Number of Branches of RRBs,https://www.rbi.org.in/Scripts/PublicationsView.aspx?id=23612
Meghalaya,2025,93.0,t163_rrb_branches,Table 163: State-wise Number of Branches of RRBs,https://www.rbi.org.in/Scripts/PublicationsView.aspx?id=23612
Mizoram,2015,66.0,t163_rrb_branches,Table 163: State-wise Number of Branches of RRBs,https://www.rbi.org.in/Scripts/PublicationsView.aspx?id=23612
Mizoram,2016,79.0,t163_rrb_branches,Table 163: State-wise Number of Branches of RRBs,https://www.rbi.org.in/Scripts/PublicationsView.aspx?id=23612
Mizoram,2017,85.0,t163_rrb_branches,Table 163: State-wise Number of Branches of RRBs,https://www.rbi.org.in/Scripts/PublicationsView.aspx?id=23612
Mizoram,2018,86.0,t163_rrb_branches,Table 163: State-wise Number of Branches of RRBs,https://www.rbi.org.in/Scripts/PublicationsView.aspx?id=23612
Mizoram,2019,86.0,t163_rrb_branches,Table 163: State-wise Number of Branches of RRBs,https://www.rbi.org.in/Scripts/PublicationsView.aspx?id=23612
Mizoram,2020,88.0,t163_rrb_branches,Table 163: State-wise Number of Branches of RRBs,https://www.rbi.org.in/Scripts/PublicationsView.aspx?id=23612
Mizoram,2021,92.0,t163_rrb_branches,Table 163: State-wise Number of Branches of RRBs,https://www.rbi.org.in/Scripts/PublicationsView.aspx?id=23612
Mizoram,2022,102.0,t163_rrb_branches,Table 163: State-wise Number of Branches of RRBs,https://www.rbi.org.in/Scripts/PublicationsView.aspx?id=23612
Mizoram,2023,104.0,t163_rrb_branches,Table 163: State-wise Number of Branches of RRBs,https://www.rbi.org.in/Scripts/PublicationsView.aspx?id=23612
Mizoram,2024,107.0,t163_rrb_branches,Table 163: State-wise Number of Branches of RRBs,https://www.rbi.org.in/Scripts/PublicationsView.aspx?id=23612
Mizoram,2025,108.0,t163_rrb_branches,Table 163: State-wise Number of Branches of RRBs,https://www.rbi.org.in/Scripts/PublicationsView.aspx?id=23612
Nagaland,2015,11.0,t163_rrb_branches,Table 163: State-wise Number of Branches of RRBs,https://www.rbi.org.in/Scripts/PublicationsView.aspx?id=23612
Nagaland,2016,10.0,t163_rrb_branches,Table 163: State-wise Number of Branches of RRBs,https://www.rbi.org.in/Scripts/PublicationsView.aspx?id=23612
Nagaland,2017,10.0,t163_rrb_branches,Table 163: State-wise Number of Branches of RRBs,https://www.rbi.org.in/Scripts/PublicationsView.aspx?id=23612
Nagaland,2018,10.0,t163_rrb_branches,Table 163: State-wise Number of Branches of RRBs,https://www.rbi.org.in/Scripts/PublicationsView.aspx?id=23612
Nagaland,2019,11.0,t163_rrb_branches,Table 163: State-wise Number of Branches of RRBs,https://www.rbi.org.in/Scripts/PublicationsView.aspx?id=23612
Nagaland,2020,11.0,t163_rrb_branches,Table 163: State-wise Number of Branches of RRBs,https://www.rbi.org.in/Scripts/PublicationsView.aspx?id=23612
Nagaland,2021,11.0,t163_rrb_branches,Table 163: State-wise Number of Branches of RRBs,https://www.rbi.org.in/Scripts/PublicationsView.aspx?id=23612
Nagaland,2022,11.0,t163_rrb_branches,Table 163: State-wise Number of Branches of RRBs,https://www.rbi.org.in/Scripts/PublicationsView.aspx?id=23612
Nagaland,2023,12.0,t163_rrb_branches,Table 163: State-wise Number of Branches of RRBs,https://www.rbi.org.in/Scripts/PublicationsView.aspx?id=23612
Nagaland,2024,13.0,t163_rrb_branches,Table 163: State-wise Number of Branches of RRBs,https://www.rbi.org.in/Scripts/PublicationsView.aspx?id=23612
Nagaland,2025,14.0,t163_rrb_branches,Table 163: State-wise Number of Branches of RRBs,https://www.rbi.org.in/Scripts/PublicationsView.aspx?id=23612
Tripura,2015,130.0,t163_rrb_branches,Table 163: State-wise Number of Branches of RRBs,https://www.rbi.org.in/Scripts/PublicationsView.aspx?id=23612
Tripura,2016,139.0,t163_rrb_branches,Table 163: State-wise Number of Branches of RRBs,https://www.rbi.org.in/Scripts/PublicationsView.aspx?id=23612
Tripura,2017,144.0,t163_rrb_branches,Table 163: State-wise Number of Branches of RRBs,https://www.rbi.org.in/Scripts/PublicationsView.aspx?id=23612
Tripura,2018,144.0,t163_rrb_branches,Table 163: State-wise Number of Branches of RRBs,https://www.rbi.org.in/Scripts/PublicationsView.aspx?id=23612
Tripura,2019,149.0,t163_rrb_branches,Table 163: State-wise Number of Branches of RRBs,https://www.rbi.org.in/Scripts/PublicationsView.aspx?id=23612
Tripura,2020,149.0,t163_rrb_branches,Table 163: State-wise Number of Branches of RRBs,https://www.rbi.org.in/Scripts/PublicationsView.aspx?id=23612
Tripura,2021,149.0,t163_rrb_branches,Table 163: State-wise Number of Branches of RRBs,https://www.rbi.org.in/Scripts/PublicationsView.aspx?id=23612
Tripura,2022,149.0,t163_rrb_branches,Table 163: State-wise Number of Branches of RRBs,https://www.rbi.org.in/Scripts/PublicationsView.aspx?id=23612
Tripura,2023,152.0,t163_rrb_branches,Table 163: State-wise Number of Branches of RRBs,https://www.rbi.org.in/Scripts/PublicationsView.aspx?id=23612
Tripura,2024,151.0,t163_rrb_branches,Table 163: State-wise Number of Branches of RRBs,https://www.rbi.org.in/Scripts/PublicationsView.aspx?id=23612
Tripura,2025,154.0,t163_rrb_branches,Table 163: State-wise Number of Branches of RRBs,https://www.rbi.org.in/Scripts/PublicationsView.aspx?id=23612
Andaman & Nicobar Islands,2015,,t163_rrb_branches,Table 163: State-wise Number of Branches of RRBs,https://www.rbi.org.in/Scripts/PublicationsView.aspx?id=23612
Andaman & Nicobar Islands,2016,,t163_rrb_branches,Table 163: State-wise Number of Branches of RRBs,https://www.rbi.org.in/Scripts/PublicationsView.aspx?id=23612
Andaman & Nicobar Islands,2017,,t163_rrb_branches,Table 163: State-wise Number of Branches of RRBs,https://www.rbi.org.in/Scripts/PublicationsView.aspx?id=23612
Andaman & Nicobar Islands,2018,,t163_rrb_branches,Table 163: State-wise Number of Branches of RRBs,https://www.rbi.org.in/Scripts/PublicationsView.aspx?id=23612
Andaman & Nicobar Islands,2019,,t163_rrb_branches,Table 163: State-wise Number of Branches of RRBs,https://www.rbi.org.in/Scripts/PublicationsView.aspx?id=23612
Andaman & Nicobar Islands,2020,,t163_rrb_branches,Table 163: State-wise Number of Branches of RRBs,https://www.rbi.org.in/Scripts/PublicationsView.aspx?id=23612
Andaman & Nicobar Islands,2021,,t163_rrb_branches,Table 163: State-wise Number of Branches of RRBs,https://www.rbi.org.in/Scripts/PublicationsView.aspx?id=23612
Andaman & Nicobar Islands,2022,,t163_rrb_branches,Table 163: State-wise Number of Branches of RRBs,https://www.rbi.org.in/Scripts/PublicationsView.aspx?id=23612
Andaman & Nicobar Islands,2023,,t163_rrb_branches,Table 163: State-wise Number of Branches of RRBs,https://www.rbi.org.in/Scripts/PublicationsView.aspx?id=23612
Andaman & Nicobar Islands,2024,,t163_rrb_branches,Table 163: State-wise Number of Branches of RRBs,https://www.rbi.org.in/Scripts/PublicationsView.aspx?id=23612
Andaman & Nicobar Islands,2025,,t163_rrb_branches,Table 163: State-wise Number of Branches of RRBs,https://www.rbi.org.in/Scripts/PublicationsView.aspx?id=23612
Bihar,2015,2012.0,t163_rrb_branches,Table 163: State-wise Number of Branches of RRBs,https://www.rbi.org.in/Scripts/PublicationsView.aspx?id=23612
Bihar,2016,2066.0,t163_rrb_branches,Table 163: State-wise Number of Branches of RRBs,https://www.rbi.org.in/Scripts/PublicationsView.aspx?id=23612
Bihar,2017,2142.0,t163_rrb_branches,Table 163: State-wise Number of Branches of RRBs,https://www.rbi.org.in/Scripts/PublicationsView.aspx?id=23612
Bihar,2018,2117.0,t163_rrb_branches,Table 163: State-wise Number of Branches of RRBs,https://www.rbi.org.in/Scripts/PublicationsView.aspx?id=23612
Bihar,2019,2104.0,t163_rrb_branches,Table 163: State-wise Number of Branches of RRBs,https://www.rbi.org.in/Scripts/PublicationsView.aspx?id=23612
Bihar,2020,2124.0,t163_rrb_branches,Table 163: State-wise Number of Branches of RRBs,https://www.rbi.org.in/Scripts/PublicationsView.aspx?id=23612
Bihar,2021,2124.0,t163_rrb_branches,Table 163: State-wise Number of Branches of RRBs,https://www.rbi.org.in/Scripts/PublicationsView.aspx?id=23612
Bihar,2022,2124.0,t163_rrb_branches,Table 163: State-wise Number of Branches of RRBs,https://www.rbi.org.in/Scripts/PublicationsView.aspx?id=23612
Bihar,2023,2123.0,t163_rrb_branches,Table 163: State-wise Number of Branches of RRBs,https://www.rbi.org.in/Scripts/PublicationsView.aspx?id=23612
Bihar,2024,2119.0,t163_rrb_branches,Table 163: State-wise Number of Branches of RRBs,https://www.rbi.org.in/Scripts/PublicationsView.aspx?id=23612
Bihar,2025,2118.0,t163_rrb_branches,Table 163: State-wise Number of Branches of RRBs,https://www.rbi.org.in/Scripts/PublicationsView.aspx?id=23612
Jharkhand,2015,434.0,t163_rrb_branches,Table 163: State-wise Number of Branches of RRBs,https://www.rbi.org.in/Scripts/PublicationsView.aspx?id=23612
Jharkhand,2016,442.0,t163_rrb_branches,Table 163: State-wise Number of Branches of RRBs,https://www.rbi.org.in/Scripts/PublicationsView.aspx?id=23612
Jharkhand,2017,442.0,t163_rrb_branches,Table 163: State-wise Number of Branches of RRBs,https://www.rbi.org.in/Scripts/PublicationsView.aspx?id=23612
Jharkhand,2018,442.0,t163_rrb_branches,Table 163: State-wise Number of Branches of RRBs,https://www.rbi.org.in/Scripts/PublicationsView.aspx?id=23612
Jharkhand,2019,453.0,t163_rrb_branches,Table 163: State-wise Number of Branches of RRBs,https://www.rbi.org.in/Scripts/PublicationsView.aspx?id=23612
Jharkhand,2020,452.0,t163_rrb_branches,Table 163: State-wise Number of Branches of RRBs,https://www.rbi.org.in/Scripts/PublicationsView.aspx?id=23612
Jharkhand,2021,452.0,t163_rrb_branches,Table 163: State-wise Number of Branches of RRBs,https://www.rbi.org.in/Scripts/PublicationsView.aspx?id=23612
Jharkhand,2022,452.0,t163_rrb_branches,Table 163: State-wise Number of Branches of RRBs,https://www.rbi.org.in/Scripts/PublicationsView.aspx?id=23612
Jharkhand,2023,455.0,t163_rrb_branches,Table 163: State-wise Number of Branches of RRBs,https://www.rbi.org.in/Scripts/PublicationsView.aspx?id=23612
Jharkhand,2024,455.0,t163_rrb_branches,Table 163: State-wise Number of Branches of RRBs,https://www.rbi.org.in/Scripts/PublicationsView.aspx?id=23612
Jharkhand,2025,459.0,t163_rrb_branches,Table 163: State-wise Number of Branches of RRBs,https://www.rbi.org.in/Scripts/PublicationsView.aspx?id=23612
Odisha,2015,971.0,t163_rrb_branches,Table 163: State-wise Number of Branches of RRBs,https://www.rbi.org.in/Scripts/PublicationsView.aspx?id=23612
Odisha,2016,961.0,t163_rrb_branches,Table 163: State-wise Number of Branches of RRBs,https://www.rbi.org.in/Scripts/PublicationsView.aspx?id=23612
Odisha,2017,990.0,t163_rrb_branches,Table 163: State-wise Number of Branches of RRBs,https://www.rbi.org.in/Scripts/PublicationsView.aspx?id=23612
Odisha,2018,999.0,t163_rrb_branches,Table 163: State-wise Number of Branches of RRBs,https://www.rbi.org.in/Scripts/PublicationsView.aspx?id=23612
Odisha,2019,994.0,t163_rrb_branches,Table 163: State-wise Number of Branches of RRBs,https://www.rbi.org.in/Scripts/PublicationsView.aspx?id=23612
Odisha,2020,994.0,t163_rrb_branches,Table 163: State-wise Number of Branches of RRBs,https://www.rbi.org.in/Scripts/PublicationsView.aspx?id=23612
Odisha,2021,994.0,t163_rrb_branches,Table 163: State-wise Number of Branches of RRBs,https://www.rbi.org.in/Scripts/PublicationsView.aspx?id=23612
Odisha,2022,992.0,t163_rrb_branches,Table 163: State-wise Number of Branches of RRBs,https://www.rbi.org.in/Scripts/PublicationsView.aspx?id=23612
Odisha,2023,1002.0,t163_rrb_branches,Table 163: State-wise Number of Branches of RRBs,https://www.rbi.org.in/Scripts/PublicationsView.aspx?id=23612
Odisha,2024,1002.0,t163_rrb_branches,Table 163: State-wise Number of Branches of RRBs,https://www.rbi.org.in/Scripts/PublicationsView.aspx?id=23612
Odisha,2025,999.0,t163_rrb_branches,Table 163: State-wise Number of Branches of RRBs,https://www.rbi.org.in/Scripts/PublicationsView.aspx?id=23612
Sikkim,2015,,t163_rrb_branches,Table 163: State-wise Number of Branches of RRBs,https://www.rbi.org.in/Scripts/PublicationsView.aspx?id=23612
Sikkim,2016,,t163_rrb_branches,Table 163: State-wise Number of Branches of RRBs,https://www.rbi.org.in/Scripts/PublicationsView.aspx?id=23612
Sikkim,2017,,t163_rrb_branches,Table 163: State-wise Number of Branches of RRBs,https://www.rbi.org.in/Scripts/PublicationsView.aspx?id=23612
Sikkim,2018,,t163_rrb_branches,Table 163: State-wise Number of Branches of RRBs,https://www.rbi.org.in/Scripts/PublicationsView.aspx?id=23612
Sikkim,2019,,t163_rrb_branches,Table 163: State-wise Number of Branches of RRBs,https://www.rbi.org.in/Scripts/PublicationsView.aspx?id=23612
Sikkim,2020,,t163_rrb_branches,Table 163: State-wise Number of Branches of RRBs,https://www.rbi.org.in/Scripts/PublicationsView.aspx?id=23612
Sikkim,2021,,t163_rrb_branches,Table 163: State-wise Number of Branches of RRBs,https://www.rbi.org.in/Scripts/PublicationsView.aspx?id=23612
Sikkim,2022,,t163_rrb_branches,Table 163: State-wise Number of Branches of RRBs,https://www.rbi.org.in/Scripts/PublicationsView.aspx?id=23612
Sikkim,2023,,t163_rrb_branches,Table 163: State-wise Number of Branches of RRBs,https://www.rbi.org.in/Scripts/PublicationsView.aspx?id=23612
Sikkim,2024,,t163_rrb_branches,Table 163: State-wise Number of Branches of RRBs,https://www.rbi.org.in/Scripts/PublicationsView.aspx?id=23612
Sikkim,2025,,t163_rrb_branches,Table 163: State-wise Number of Branches of RRBs,https://www.rbi.org.in/Scripts/PublicationsView.aspx?id=23612
West Bengal,2015,972.0,t163_rrb_branches,Table 163: State-wise Number of Branches of RRBs,https://www.rbi.org.in/Scripts/PublicationsView.aspx?id=23612
West Bengal,2016,960.0,t163_rrb_branches,Table 163: State-wise Number of Branches of RRBs,https://www.rbi.org.in/Scripts/PublicationsView.aspx?id=23612
West Bengal,2017,961.0,t163_rrb_branches,Table 163: State-wise Number of Branches of RRBs,https://www.rbi.org.in/Scripts/PublicationsView.aspx?id=23612
West Bengal,2018,961.0,t163_rrb_branches,Table 163: State-wise Number of Branches of RRBs,https://www.rbi.org.in/Scripts/PublicationsView.aspx?id=23612
West Bengal,2019,972.0,t163_rrb_branches,Table 163: State-wise Number of Branches of RRBs,https://www.rbi.org.in/Scripts/PublicationsView.aspx?id=23612
West Bengal,2020,980.0,t163_rrb_branches,Table 163: State-wise Number of Branches of RRBs,https://www.rbi.org.in/Scripts/PublicationsView.aspx?id=23612
West Bengal,2021,980.0,t163_rrb_branches,Table 163: State-wise Number of Branches of RRBs,https://www.rbi.org.in/Scripts/PublicationsView.aspx?id=23612
West Bengal,2022,968.0,t163_rrb_branches,Table 163: State-wise Number of Branches of RRBs,https://www.rbi.org.in/Scripts/PublicationsView.aspx?id=23612
West Bengal,2023,976.0,t163_rrb_branches,Table 163: State-wise Number of Branches of RRBs,https://www.rbi.org.in/Scripts/PublicationsView.aspx?id=23612
West Bengal,2024,981.0,t163_rrb_branches,Table 163: State-wise Number of Branches of RRBs,https://www.rbi.org.in/Scripts/PublicationsView.aspx?id=23612
West Bengal,2025,981.0,t163_rrb_branches,Table 163: State-wise Number of Branches of RRBs,https://www.rbi.org.in/Scripts/PublicationsView.aspx?id=23612
Chhattisgarh,2015,595.0,t163_rrb_branches,Table 163: State-wise Number of Branches of RRBs,https://www.rbi.org.in/Scripts/PublicationsView.aspx?id=23612
Chhattisgarh,2016,597.0,t163_rrb_branches,Table 163: State-wise Number of Branches of RRBs,https://www.rbi.org.in/Scripts/PublicationsView.aspx?id=23612
Chhattisgarh,2017,597.0,t163_rrb_branches,Table 163: State-wise Number of Branches of RRBs,https://www.rbi.org.in/Scripts/PublicationsView.aspx?id=23612
Chhattisgarh,2018,618.0,t163_rrb_branches,Table 163: State-wise Number of Branches of RRBs,https://www.rbi.org.in/Scripts/PublicationsView.aspx?id=23612
Chhattisgarh,2019,624.0,t163_rrb_branches,Table 163: State-wise Number of Branches of RRBs,https://www.rbi.org.in/Scripts/PublicationsView.aspx?id=23612
Chhattisgarh,2020,624.0,t163_rrb_branches,Table 163: State-wise Number of Branches of RRBs,https://www.rbi.org.in/Scripts/PublicationsView.aspx?id=23612
Chhattisgarh,2021,624.0,t163_rrb_branches,Table 163: State-wise Number of Branches of RRBs,https://www.rbi.org.in/Scripts/PublicationsView.aspx?id=23612
Chhattisgarh,2022,626.0,t163_rrb_branches,Table 163: State-wise Number of Branches of RRBs,https://www.rbi.org.in/Scripts/PublicationsView.aspx?id=23612
Chhattisgarh,2023,613.0,t163_rrb_branches,Table 163: State-wise Number of Branches of RRBs,https://www.rbi.org.in/Scripts/PublicationsView.aspx?id=23612
Chhattisgarh,2024,625.0,t163_rrb_branches,Table 163: State-wise Number of Branches of RRBs,https://www.rbi.org.in/Scripts/PublicationsView.aspx?id=23612
Chhattisgarh,2025,629.0,t163_rrb_branches,Table 163: State-wise Number of Branches of RRBs,https://www.rbi.org.in/Scripts/PublicationsView.aspx?id=23612
Madhya Pradesh,2015,1256.0,t163_rrb_branches,Table 163: State-wise Number of Branches of RRBs,https://www.rbi.org.in/Scripts/PublicationsView.aspx?id=23612
Madhya Pradesh,2016,1300.0,t163_rrb_branches,Table 163: State-wise Number of Branches of RRBs,https://www.rbi.org.in/Scripts/PublicationsView.aspx?id=23612
Madhya Pradesh,2017,1328.0,t163_rrb_branches,Table 163: State-wise Number of Branches of RRBs,https://www.rbi.org.in/Scripts/PublicationsView.aspx?id=23612
Madhya Pradesh,2018,1339.0,t163_rrb_branches,Table 163: State-wise Number of Branches of RRBs,https://www.rbi.org.in/Scripts/PublicationsView.aspx?id=23612
Madhya Pradesh,2019,1335.0,t163_rrb_branches,Table 163: State-wise Number of Branches of RRBs,https://www.rbi.org.in/Scripts/PublicationsView.aspx?id=23612
Madhya Pradesh,2020,1343.0,t163_rrb_branches,Table 163: State-wise Number of Branches of RRBs,https://www.rbi.org.in/Scripts/PublicationsView.aspx?id=23612
Madhya Pradesh,2021,1343.0,t163_rrb_branches,Table 163: State-wise Number of Branches of RRBs,https://www.rbi.org.in/Scripts/PublicationsView.aspx?id=23612
Madhya Pradesh,2022,1343.0,t163_rrb_branches,Table 163: State-wise Number of Branches of RRBs,https://www.rbi.org.in/Scripts/PublicationsView.aspx?id=23612
Madhya Pradesh,2023,1343.0,t163_rrb_branches,Table 163: State-wise Number of Branches of RRBs,https://www.rbi.org.in/Scripts/PublicationsView.aspx?id=23612
Madhya Pradesh,2024,1343.0,t163_rrb_branches,Table 163: State-wise Number of Branches of RRBs,https://www.rbi.org.in/Scripts/PublicationsView.aspx?id=23612
Madhya Pradesh,2025,1343.0,t163_rrb_branches,Table 163: State-wise Number of Branches of RRBs,https://www.rbi.org.in/Scripts/PublicationsView.aspx?id=23612
Uttarakhand,2015,273.0,t163_rrb_branches,Table 163: State-wise Number of Branches of RRBs,https://www.rbi.org.in/Scripts/PublicationsView.aspx?id=23612
Uttarakhand,2016,292.0,t163_rrb_branches,Table 163: State-wise Number of Branches of RRBs,https://www.rbi.org.in/Scripts/PublicationsView.aspx?id=23612
Uttarakhand,2017,292.0,t163_rrb_branches,Table 163: State-wise Number of Branches of RRBs,https://www.rbi.org.in/Scripts/PublicationsView.aspx?id=23612
Uttarakhand,2018,292.0,t163_rrb_branches,Table 163: State-wise Number of Branches of RRBs,https://www.rbi.org.in/Scripts/PublicationsView.aspx?id=23612
Uttarakhand,2019,287.0,t163_rrb_branches,Table 163: State-wise Number of Branches of RRBs,https://www.rbi.org.in/Scripts/PublicationsView.aspx?id=23612
Uttarakhand,2020,287.0,t163_rrb_branches,Table 163: State-wise Number of Branches of RRBs,https://www.rbi.org.in/Scripts/PublicationsView.aspx?id=23612
Uttarakhand,2021,287.0,t163_rrb_branches,Table 163: State-wise Number of Branches of RRBs,https://www.rbi.org.in/Scripts/PublicationsView.aspx?id=23612
Uttarakhand,2022,287.0,t163_rrb_branches,Table 163: State-wise Number of Branches of RRBs,https://www.rbi.org.in/Scripts/PublicationsView.aspx?id=23612
Uttarakhand,2023,289.0,t163_rrb_branches,Table 163: State-wise Number of Branches of RRBs,https://www.rbi.org.in/Scripts/PublicationsView.aspx?id=23612
Uttarakhand,2024,291.0,t163_rrb_branches,Table 163: State-wise Number of Branches of RRBs,https://www.rbi.org.in/Scripts/PublicationsView.aspx?id=23612
Uttarakhand,2025,293.0,t163_rrb_branches,Table 163: State-wise Number of Branches of RRBs,https://www.rbi.org.in/Scripts/PublicationsView.aspx?id=23612
Uttar Pradesh,2015,3942.0,t163_rrb_branches,Table 163: State-wise Number of Branches of RRBs,https://www.rbi.org.in/Scripts/PublicationsView.aspx?id=23612
Uttar Pradesh,2016,4083.0,t163_rrb_branches,Table 163: State-wise Number of Branches of RRBs,https://www.rbi.org.in/Scripts/PublicationsView.aspx?id=23612
Uttar Pradesh,2017,4214.0,t163_rrb_branches,Table 163: State-wise Number of Branches of RRBs,https://www.rbi.org.in/Scripts/PublicationsView.aspx?id=23612
Uttar Pradesh,2018,4304.0,t163_rrb_branches,Table 163: State-wise Number of Branches of RRBs,https://www.rbi.org.in/Scripts/PublicationsView.aspx?id=23612
Uttar Pradesh,2019,4323.0,t163_rrb_branches,Table 163: State-wise Number of Branches of RRBs,https://www.rbi.org.in/Scripts/PublicationsView.aspx?id=23612
Uttar Pradesh,2020,4330.0,t163_rrb_branches,Table 163: State-wise Number of Branches of RRBs,https://www.rbi.org.in/Scripts/PublicationsView.aspx?id=23612
Uttar Pradesh,2021,4360.0,t163_rrb_branches,Table 163: State-wise Number of Branches of RRBs,https://www.rbi.org.in/Scripts/PublicationsView.aspx?id=23612
Uttar Pradesh,2022,4344.0,t163_rrb_branches,Table 163: State-wise Number of Branches of RRBs,https://www.rbi.org.in/Scripts/PublicationsView.aspx?id=23612
Uttar Pradesh,2023,4351.0,t163_rrb_branches,Table 163: State-wise Number of Branches of RRBs,https://www.rbi.org.in/Scripts/PublicationsView.aspx?id=23612
Uttar Pradesh,2024,4380.0,t163_rrb_branches,Table 163: State-wise Number of Branches of RRBs,https://www.rbi.org.in/Scripts/PublicationsView.aspx?id=23612
Uttar Pradesh,2025,4373.0,t163_rrb_branches,Table 163: State-wise Number of Branches of RRBs,https://www.rbi.org.in/Scripts/PublicationsView.aspx?id=23612
Dadra & Nagar Haveli,2015,,t163_rrb_branches,Table 163: State-wise Number of Branches of RRBs,https://www.rbi.org.in/Scripts/PublicationsView.aspx?id=23612
Dadra & Nagar Haveli,2016,,t163_rrb_branches,Table 163: State-wise Number of Branches of RRBs,https://www.rbi.org.in/Scripts/PublicationsView.aspx?id=23612
Dadra & Nagar Haveli,2017,,t163_rrb_branches,Table 163: State-wise Number of Branches of RRBs,https://www.rbi.org.in/Scripts/PublicationsView.aspx?id=23612
Dadra & Nagar Haveli,2018,,t163_rrb_branches,Table 163: State-wise Number of Branches of RRBs,https://www.rbi.org.in/Scripts/PublicationsView.aspx?id=23612
Dadra & Nagar Haveli,2019,,t163_rrb_branches,Table 163: State-wise Number of Branches of RRBs,https://www.rbi.org.in/Scripts/PublicationsView.aspx?id=23612
Dadra & Nagar Haveli,2020,,t163_rrb_branches,Table 163: State-wise Number of Branches of RRBs,https://www.rbi.org.in/Scripts/PublicationsView.aspx?id=23612
Dadra & Nagar Haveli,2021,,t163_rrb_branches,Table 163: State-wise Number of Branches of RRBs,https://www.rbi.org.in/Scripts/PublicationsView.aspx?id=23612
Dadra & Nagar Haveli,2022,,t163_rrb_branches,Table 163: State-wise Number of Branches of RRBs,https://www.rbi.org.in/Scripts/PublicationsView.aspx?id=23612
Dadra & Nagar Haveli,2023,,t163_rrb_branches,Table 163: State-wise Number of Branches of RRBs,https://www.rbi.org.in/Scripts/PublicationsView.aspx?id=23612
Dadra & Nagar Haveli,2024,,t163_rrb_branches,Table 163: State-wise Number of Branches of RRBs,https://www.rbi.org.in/Scripts/PublicationsView.aspx?id=23612
Dadra & Nagar Haveli,2025,,t163_rrb_branches,Table 163: State-wise Number of Branches of RRBs,https://www.rbi.org.in/Scripts/PublicationsView.aspx?id=23612
Daman & Diu,2015,,t163_rrb_branches,Table 163: State-wise Number of Branches of RRBs,https://www.rbi.org.in/Scripts/PublicationsView.aspx?id=23612
Daman & Diu,2016,,t163_rrb_branches,Table 163: State-wise Number of Branches of RRBs,https://www.rbi.org.in/Scripts/PublicationsView.aspx?id=23612
Daman & Diu,2017,,t163_rrb_branches,Table 163: State-wise Number of Branches of RRBs,https://www.rbi.org.in/Scripts/PublicationsView.aspx?id=23612
Daman & Diu,2018,,t163_rrb_branches,Table 163: State-wise Number of Branches of RRBs,https://www.rbi.org.in/Scripts/PublicationsView.aspx?id=23612
Daman & Diu,2019,,t163_rrb_branches,Table 163: State-wise Number of Branches of RRBs,https://www.rbi.org.in/Scripts/PublicationsView.aspx?id=23612
Daman & Diu,2020,,t163_rrb_branches,Table 163: State-wise Number of Branches of RRBs,https://www.rbi.org.in/Scripts/PublicationsView.aspx?id=23612
Daman & Diu,2021,,t163_rrb_branches,Table 163: State-wise Number of Branches of RRBs,https://www.rbi.org.in/Scripts/PublicationsView.aspx?id=23612
Daman & Diu,2022,,t163_rrb_branches,Table 163: State-wise Number of Branches of RRBs,https://www.rbi.org.in/Scripts/PublicationsView.aspx?id=23612
Daman & Diu,2023,,t163_rrb_branches,Table 163: State-wise Number of Branches of RRBs,https://www.rbi.org.in/Scripts/PublicationsView.aspx?id=23612
Daman & Diu,2024,,t163_rrb_branches,Table 163: State-wise Number of Branches of RRBs,https://www.rbi.org.in/Scripts/PublicationsView.aspx?id=23612
Daman & Diu,2025,,t163_rrb_branches,Table 163: State-wise Number of Branches of RRBs,https://www.rbi.org.in/Scripts/PublicationsView.aspx?id=23612
Goa,2015,,t163_rrb_branches,Table 163: State-wise Number of Branches of RRBs,https://www.rbi.org.in/Scripts/PublicationsView.aspx?id=23612
Goa,2016,,t163_rrb_branches,Table 163: State-wise Number of Branches of RRBs,https://www.rbi.org.in/Scripts/PublicationsView.aspx?id=23612
Goa,2017,,t163_rrb_branches,Table 163: State-wise Number of Branches of RRBs,https://www.rbi.org.in/Scripts/PublicationsView.aspx?id=23612
Goa,2018,,t163_rrb_branches,Table 163: State-wise Number of Branches of RRBs,https://www.rbi.org.in/Scripts/PublicationsView.aspx?id=23612
Goa,2019,,t163_rrb_branches,Table 163: State-wise Number of Branches of RRBs,https://www.rbi.org.in/Scripts/PublicationsView.aspx?id=23612
Goa,2020,,t163_rrb_branches,Table 163: State-wise Number of Branches of RRBs,https://www.rbi.org.in/Scripts/PublicationsView.aspx?id=23612
Goa,2021,,t163_rrb_branches,Table 163: State-wise Number of Branches of RRBs,https://www.rbi.org.in/Scripts/PublicationsView.aspx?id=23612
Goa,2022,,t163_rrb_branches,Table 163: State-wise Number of Branches of RRBs,https://www.rbi.org.in/Scripts/PublicationsView.aspx?id=23612
Goa,2023,,t163_rrb_branches,Table 163: State-wise Number of Branches of RRBs,https://www.rbi.org.in/Scripts/PublicationsView.aspx?id=23612
Goa,2024,,t163_rrb_branches,Table 163: State-wise Number of Branches of RRBs,https://www.rbi.org.in/Scripts/PublicationsView.aspx?id=23612
Goa,2025,,t163_rrb_branches,Table 163: State-wise Number of Branches of RRBs,https://www.rbi.org.in/Scripts/PublicationsView.aspx?id=23612
Gujarat,2015,663.0,t163_rrb_branches,Table 163: State-wise Number of Branches of RRBs,https://www.rbi.org.in/Scripts/PublicationsView.aspx?id=23612
Gujarat,2016,727.0,t163_rrb_branches,Table 163: State-wise Number of Branches of RRBs,https://www.rbi.org.in/Scripts/PublicationsView.aspx?id=23612
Gujarat,2017,736.0,t163_rrb_branches,Table 163: State-wise Number of Branches of RRBs,https://www.rbi.org.in/Scripts/PublicationsView.aspx?id=23612
Gujarat,2018,752.0,t163_rrb_branches,Table 163: State-wise Number of Branches of RRBs,https://www.rbi.org.in/Scripts/PublicationsView.aspx?id=23612
Gujarat,2019,761.0,t163_rrb_branches,Table 163: State-wise Number of Branches of RRBs,https://www.rbi.org.in/Scripts/PublicationsView.aspx?id=23612
Gujarat,2020,756.0,t163_rrb_branches,Table 163: State-wise Number of Branches of RRBs,https://www.rbi.org.in/Scripts/PublicationsView.aspx?id=23612
Gujarat,2021,762.0,t163_rrb_branches,Table 163: State-wise Number of Branches of RRBs,https://www.rbi.org.in/Scripts/PublicationsView.aspx?id=23612
Gujarat,2022,759.0,t163_rrb_branches,Table 163: State-wise Number of Branches of RRBs,https://www.rbi.org.in/Scripts/PublicationsView.aspx?id=23612
Gujarat,2023,760.0,t163_rrb_branches,Table 163: State-wise Number of Branches of RRBs,https://www.rbi.org.in/Scripts/PublicationsView.aspx?id=23612
Gujarat,2024,761.0,t163_rrb_branches,Table 163: State-wise Number of Branches of RRBs,https://www.rbi.org.in/Scripts/PublicationsView.aspx?id=23612
Gujarat,2025,760.0,t163_rrb_branches,Table 163: State-wise Number of Branches of RRBs,https://www.rbi.org.in/Scripts/PublicationsView.aspx?id=23612
Maharashtra,2015,716.0,t163_rrb_branches,Table 163: State-wise Number of Branches of RRBs,https://www.rbi.org.in/Scripts/PublicationsView.aspx?id=23612
Maharashtra,2016,724.0,t163_rrb_branches,Table 163: State-wise Number of Branches of RRBs,https://www.rbi.org.in/Scripts/PublicationsView.aspx?id=23612
Maharashtra,2017,727.0,t163_rrb_branches,Table 163: State-wise Number of Branches of RRBs,https://www.rbi.org.in/Scripts/PublicationsView.aspx?id=23612
Maharashtra,2018,741.0,t163_rrb_branches,Table 163: State-wise Number of Branches of RRBs,https://www.rbi.org.in/Scripts/PublicationsView.aspx?id=23612
Maharashtra,2019,747.0,t163_rrb_branches,Table 163: State-wise Number of Branches of RRBs,https://www.rbi.org.in/Scripts/PublicationsView.aspx?id=23612
Maharashtra,2020,750.0,t163_rrb_branches,Table 163: State-wise Number of Branches of RRBs,https://www.rbi.org.in/Scripts/PublicationsView.aspx?id=23612
Maharashtra,2021,748.0,t163_rrb_branches,Table 163: State-wise Number of Branches of RRBs,https://www.rbi.org.in/Scripts/PublicationsView.aspx?id=23612
Maharashtra,2022,746.0,t163_rrb_branches,Table 163: State-wise Number of Branches of RRBs,https://www.rbi.org.in/Scripts/PublicationsView.aspx?id=23612
Maharashtra,2023,757.0,t163_rrb_branches,Table 163: State-wise Number of Branches of RRBs,https://www.rbi.org.in/Scripts/PublicationsView.aspx?id=23612
Maharashtra,2024,760.0,t163_rrb_branches,Table 163: State-wise Number of Branches of RRBs,https://www.rbi.org.in/Scripts/PublicationsView.aspx?id=23612
Maharashtra,2025,771.0,t163_rrb_branches,Table 163: State-wise Number of Branches of RRBs,https://www.rbi.org.in/Scripts/PublicationsView.aspx?id=23612
Andhra Pradesh,2015,1055.0,t163_rrb_branches,Table 163: State-wise Number of Branches of RRBs,https://www.rbi.org.in/Scripts/PublicationsView.aspx?id=23612
Andhra Pradesh,2016,1117.0,t163_rrb_branches,Table 163: State-wise Number of Branches of RRBs,https://www.rbi.org.in/Scripts/PublicationsView.aspx?id=23612
Andhra Pradesh,2017,1171.0,t163_rrb_branches,Table 163: State-wise Number of Branches of RRBs,https://www.rbi.org.in/Scripts/PublicationsView.aspx?id=23612
Andhra Pradesh,2018,1231.0,t163_rrb_branches,Table 163: State-wise Number of Branches of RRBs,https://www.rbi.org.in/Scripts/PublicationsView.aspx?id=23612
Andhra Pradesh,2019,1263.0,t163_rrb_branches,Table 163: State-wise Number of Branches of RRBs,https://www.rbi.org.in/Scripts/PublicationsView.aspx?id=23612
Andhra Pradesh,2020,1291.0,t163_rrb_branches,Table 163: State-wise Number of Branches of RRBs,https://www.rbi.org.in/Scripts/PublicationsView.aspx?id=23612
Andhra Pradesh,2021,1297.0,t163_rrb_branches,Table 163: State-wise Number of Branches of RRBs,https://www.rbi.org.in/Scripts/PublicationsView.aspx?id=23612
Andhra Pradesh,2022,1309.0,t163_rrb_branches,Table 163: State-wise Number of Branches of RRBs,https://www.rbi.org.in/Scripts/PublicationsView.aspx?id=23612
Andhra Pradesh,2023,1334.0,t163_rrb_branches,Table 163: State-wise Number of Branches of RRBs,https://www.rbi.org.in/Scripts/PublicationsView.aspx?id=23612
Andhra Pradesh,2024,1357.0,t163_rrb_branches,Table 163: State-wise Number of Branches of RRBs,https://www.rbi.org.in/Scripts/PublicationsView.aspx?id=23612
Andhra Pradesh,2025,1367.0,t163_rrb_branches,Table 163: State-wise Number of Branches of RRBs,https://www.rbi.org.in/Scripts/PublicationsView.aspx?id=23612
Karnataka,2015,1663.0,t163_rrb_branches,Table 163: State-wise Number of Branches of RRBs,https://www.rbi.org.in/Scripts/PublicationsView.aspx?id=23612
Karnataka,2016,1659.0,t163_rrb_branches,Table 163: State-wise Number of Branches of RRBs,https://www.rbi.org.in/Scripts/PublicationsView.aspx?id=23612
Karnataka,2017,1744.0,t163_rrb_branches,Table 163: State-wise Number of Branches of RRBs,https://www.rbi.org.in/Scripts/PublicationsView.aspx?id=23612
Karnataka,2018,1778.0,t163_rrb_branches,Table 163: State-wise Number of Branches of RRBs,https://www.rbi.org.in/Scripts/PublicationsView.aspx?id=23612
Karnataka,2019,1791.0,t163_rrb_branches,Table 163: State-wise Number of Branches of RRBs,https://www.rbi.org.in/Scripts/PublicationsView.aspx?id=23612
Karnataka,2020,1787.0,t163_rrb_branches,Table 163: State-wise Number of Branches of RRBs,https://www.rbi.org.in/Scripts/PublicationsView.aspx?id=23612
Karnataka,2021,1770.0,t163_rrb_branches,Table 163: State-wise Number of Branches of RRBs,https://www.rbi.org.in/Scripts/PublicationsView.aspx?id=23612
Karnataka,2022,1751.0,t163_rrb_branches,Table 163: State-wise Number of Branches of RRBs,https://www.rbi.org.in/Scripts/PublicationsView.aspx?id=23612
Karnataka,2023,1756.0,t163_rrb_branches,Table 163: State-wise Number of Branches of RRBs,https://www.rbi.org.in/Scripts/PublicationsView.aspx?id=23612
Karnataka,2024,1753.0,t163_rrb_branches,Table 163: State-wise Number of Branches of RRBs,https://www.rbi.org.in/Scripts/PublicationsView.aspx?id=23612
Karnataka,2025,1755.0,t163_rrb_branches,Table 163: State-wise Number of Branches of RRBs,https://www.rbi.org.in/Scripts/PublicationsView.aspx?id=23612
Kerala,2015,579.0,t163_rrb_branches,Table 163: State-wise Number of Branches of RRBs,https://www.rbi.org.in/Scripts/PublicationsView.aspx?id=23612
Kerala,2016,605.0,t163_rrb_branches,Table 163: State-wise Number of Branches of RRBs,https://www.rbi.org.in/Scripts/PublicationsView.aspx?id=23612
Kerala,2017,614.0,t163_rrb_branches,Table 163: State-wise Number of Branches of RRBs,https://www.rbi.org.in/Scripts/PublicationsView.aspx?id=23612
Kerala,2018,626.0,t163_rrb_branches,Table 163: State-wise Number of Branches of RRBs,https://www.rbi.org.in/Scripts/PublicationsView.aspx?id=23612
Kerala,2019,645.0,t163_rrb_branches,Table 163: State-wise Number of Branches of RRBs,https://www.rbi.org.in/Scripts/PublicationsView.aspx?id=23612
Kerala,2020,645.0,t163_rrb_branches,Table 163: State-wise Number of Branches of RRBs,https://www.rbi.org.in/Scripts/PublicationsView.aspx?id=23612
Kerala,2021,645.0,t163_rrb_branches,Table 163: State-wise Number of Branches of RRBs,https://www.rbi.org.in/Scripts/PublicationsView.aspx?id=23612
Kerala,2022,645.0,t163_rrb_branches,Table 163: State-wise Number of Branches of RRBs,https://www.rbi.org.in/Scripts/PublicationsView.aspx?id=23612
Kerala,2023,645.0,t163_rrb_branches,Table 163: State-wise Number of Branches of RRBs,https://www.rbi.org.in/Scripts/PublicationsView.aspx?id=23612
Kerala,2024,647.0,t163_rrb_branches,Table 163: State-wise Number of Branches of RRBs,https://www.rbi.org.in/Scripts/PublicationsView.aspx?id=23612
Kerala,2025,648.0,t163_rrb_branches,Table 163: State-wise Number of Branches of RRBs,https://www.rbi.org.in/Scripts/PublicationsView.aspx?id=23612
Lakshadweep,2015,,t163_rrb_branches,Table 163: State-wise Number of Branches of RRBs,https://www.rbi.org.in/Scripts/PublicationsView.aspx?id=23612
Lakshadweep,2016,,t163_rrb_branches,Table 163: State-wise Number of Branches of RRBs,https://www.rbi.org.in/Scripts/PublicationsView.aspx?id=23612
Lakshadweep,2017,,t163_rrb_branches,Table 163: State-wise Number of Branches of RRBs,https://www.rbi.org.in/Scripts/PublicationsView.aspx?id=23612
Lakshadweep,2018,,t163_rrb_branches,Table 163: State-wise Number of Branches of RRBs,https://www.rbi.org.in/Scripts/PublicationsView.aspx?id=23612
Lakshadweep,2019,,t163_rrb_branches,Table 163: State-wise Number of Branches of RRBs,https://www.rbi.org.in/Scripts/PublicationsView.aspx?id=23612
Lakshadweep,2020,,t163_rrb_branches,Table 163: State-wise Number of Branches of RRBs,https://www.rbi.org.in/Scripts/PublicationsView.aspx?id=23612
Lakshadweep,2021,,t163_rrb_branches,Table 163: State-wise Number of Branches of RRBs,https://www.rbi.org.in/Scripts/PublicationsView.aspx?id=23612
Lakshadweep,2022,,t163_rrb_branches,Table 163: State-wise Number of Branches of RRBs,https://www.rbi.org.in/Scripts/PublicationsView.aspx?id=23612
Lakshadweep,2023,,t163_rrb_branches,Table 163: State-wise Number of Branches of RRBs,https://www.rbi.org.in/Scripts/PublicationsView.aspx?id=23612
Lakshadweep,2024,,t163_rrb_branches,Table 163: State-wise Number of Branches of RRBs,https://www.rbi.org.in/Scripts/PublicationsView.aspx?id=23612
Lakshadweep,2025,,t163_rrb_branches,Table 163: State-wise Number of Branches of RRBs,https://www.rbi.org.in/Scripts/PublicationsView.aspx?id=23612
Puducherry,2015,33.0,t163_rrb_branches,Table 163: State-wise Number of Branches of RRBs,https://www.rbi.org.in/Scripts/PublicationsView.aspx?id=23612
Puducherry,2016,37.0,t163_rrb_branches,Table 163: State-wise Number of Branches of RRBs,https://www.rbi.org.in/Scripts/PublicationsView.aspx?id=23612
Puducherry,2017,37.0,t163_rrb_branches,Table 163: State-wise Number of Branches of RRBs,https://www.rbi.org.in/Scripts/PublicationsView.aspx?id=23612
Puducherry,2018,37.0,t163_rrb_branches,Table 163: State-wise Number of Branches of RRBs,https://www.rbi.org.in/Scripts/PublicationsView.aspx?id=23612
Puducherry,2019,43.0,t163_rrb_branches,Table 163: State-wise Number of Branches of RRBs,https://www.rbi.org.in/Scripts/PublicationsView.aspx?id=23612
Puducherry,2020,43.0,t163_rrb_branches,Table 163: State-wise Number of Branches of RRBs,https://www.rbi.org.in/Scripts/PublicationsView.aspx?id=23612
Puducherry,2021,44.0,t163_rrb_branches,Table 163: State-wise Number of Branches of RRBs,https://www.rbi.org.in/Scripts/PublicationsView.aspx?id=23612
Puducherry,2022,44.0,t163_rrb_branches,Table 163: State-wise Number of Branches of RRBs,https://www.rbi.org.in/Scripts/PublicationsView.aspx?id=23612
Puducherry,2023,46.0,t163_rrb_branches,Table 163: State-wise Number of Branches of RRBs,https://www.rbi.org.in/Scripts/PublicationsView.aspx?id=23612
Puducherry,2024,47.0,t163_rrb_branches,Table 163: State-wise Number of Branches of RRBs,https://www.rbi.org.in/Scripts/PublicationsView.aspx?id=23612
Puducherry,2025,47.0,t163_rrb_branches,Table 163: State-wise Number of Branches of RRBs,https://www.rbi.org.in/Scripts/PublicationsView.aspx?id=23612
Tamil Nadu,2015,468.0,t163_rrb_branches,Table 163: State-wise Number of Branches of RRBs,https://www.rbi.org.in/Scripts/PublicationsView.aspx?id=23612
Tamil Nadu,2016,518.0,t163_rrb_branches,Table 163: State-wise Number of Branches of RRBs,https://www.rbi.org.in/Scripts/PublicationsView.aspx?id=23612
Tamil Nadu,2017,570.0,t163_rrb_branches,Table 163: State-wise Number of Branches of RRBs,https://www.rbi.org.in/Scripts/PublicationsView.aspx?id=23612
Tamil Nadu,2018,617.0,t163_rrb_branches,Table 163: State-wise Number of Branches of RRBs,https://www.rbi.org.in/Scripts/PublicationsView.aspx?id=23612
Tamil Nadu,2019,636.0,t163_rrb_branches,Table 163: State-wise Number of Branches of RRBs,https://www.rbi.org.in/Scripts/PublicationsView.aspx?id=23612
Tamil Nadu,2020,646.0,t163_rrb_branches,Table 163: State-wise Number of Branches of RRBs,https://www.rbi.org.in/Scripts/PublicationsView.aspx?id=23612
Tamil Nadu,2021,652.0,t163_rrb_branches,Table 163: State-wise Number of Branches of RRBs,https://www.rbi.org.in/Scripts/PublicationsView.aspx?id=23612
Tamil Nadu,2022,657.0,t163_rrb_branches,Table 163: State-wise Number of Branches of RRBs,https://www.rbi.org.in/Scripts/PublicationsView.aspx?id=23612
Tamil Nadu,2023,666.0,t163_rrb_branches,Table 163: State-wise Number of Branches of RRBs,https://www.rbi.org.in/Scripts/PublicationsView.aspx?id=23612
Tamil Nadu,2024,677.0,t163_rrb_branches,Table 163: State-wise Number of Branches of RRBs,https://www.rbi.org.in/Scripts/PublicationsView.aspx?id=23612
Tamil Nadu,2025,689.0,t163_rrb_branches,Table 163: State-wise Number of Branches of RRBs,https://www.rbi.org.in/Scripts/PublicationsView.aspx?id=23612
Telangana,2015,794.0,t163_rrb_branches,Table 163: State-wise Number of Branches of RRBs,https://www.rbi.org.in/Scripts/PublicationsView.aspx?id=23612
Telangana,2016,836.0,t163_rrb_branches,Table 163: State-wise Number of Branches of RRBs,https://www.rbi.org.in/Scripts/PublicationsView.aspx?id=23612
Telangana,2017,866.0,t163_rrb_branches,Table 163: State-wise Number of Branches of RRBs,https://www.rbi.org.in/Scripts/PublicationsView.aspx?id=23612
Telangana,2018,900.0,t163_rrb_branches,Table 163: State-wise Number of Branches of RRBs,https://www.rbi.org.in/Scripts/PublicationsView.aspx?id=23612
Telangana,2019,911.0,t163_rrb_branches,Table 163: State-wise Number of Branches of RRBs,https://www.rbi.org.in/Scripts/PublicationsView.aspx?id=23612
Telangana,2020,917.0,t163_rrb_branches,Table 163: State-wise Number of Branches of RRBs,https://www.rbi.org.in/Scripts/PublicationsView.aspx?id=23612
Telangana,2021,934.0,t163_rrb_branches,Table 163: State-wise Number of Branches of RRBs,https://www.rbi.org.in/Scripts/PublicationsView.aspx?id=23612
Telangana,2022,927.0,t163_rrb_branches,Table 163: State-wise Number of Branches of RRBs,https://www.rbi.org.in/Scripts/PublicationsView.aspx?id=23612
Telangana,2023,937.0,t163_rrb_branches,Table 163: State-wise Number of Branches of RRBs,https://www.rbi.org.in/Scripts/PublicationsView.aspx?id=23612
Telangana,2024,940.0,t163_rrb_branches,Table 163: State-wise Number of Branches of RRBs,https://www.rbi.org.in/Scripts/PublicationsView.aspx?id=23612
Telangana,2025,940.0,t163_rrb_branches,Table 163: State-wise Number of Branches of RRBs,https://www.rbi.org.in/Scripts/PublicationsView.aspx?id=23612
